domain,metric_id,metric_name,county_fips,county_name,period,period_end,frequency,value,unit,source_ids,source_releases,retrieved_at,raw_sha256s,calculation,notes,comparability_status
accessory_dwelling_units,adu_building_permit_units,ADU building-permit units,06001,Alameda,2018,2018-12-31,annual,469.0,housing units,CA_HCD_APR_TABLE_A2,HCD-APR-TABLE-A2-2018-portal-current,2026-08-10T17:11:13Z,2eda34f589a502ed96d65bbdc8ce37cfa225aedf755805a5453eb8c40e926d43,county sum of HCD APR Table A2 reported units,"Entitlements, building permits, and completions are distinct production stages.",comparable_within_series
accessory_dwelling_units,adu_building_permit_units,ADU building-permit units,06001,Alameda,2019,2019-12-31,annual,640.0,housing units,CA_HCD_APR_TABLE_A2,HCD-APR-TABLE-A2-2019-portal-current,2026-08-10T17:11:13Z,2909761266532f15be992976ff4f8ac5e86198994135f5fd6e17f4930c1de8f6,county sum of HCD APR Table A2 reported units,"Entitlements, building permits, and completions are distinct production stages.",comparable_within_series
accessory_dwelling_units,adu_building_permit_units,ADU building-permit units,06001,Alameda,2020,2020-12-31,annual,592.0,housing units,CA_HCD_APR_TABLE_A2,HCD-APR-TABLE-A2-2020-portal-current,2026-08-10T17:11:13Z,dd5239737a286de14f0cb94cb934e788a2734baa54fafb493cc326ab118f98e2,county sum of HCD APR Table A2 reported units,"Entitlements, building permits, and completions are distinct production stages.",comparable_within_series
accessory_dwelling_units,adu_building_permit_units,ADU building-permit units,06001,Alameda,2021,2021-12-31,annual,886.0,housing units,CA_HCD_APR_TABLE_A2,HCD-APR-TABLE-A2-2021-portal-current,2026-08-10T17:11:13Z,5a78db14b37ff087cca9b8e7ae1d939130ba7789dbd8be26558670e88d809950,county sum of HCD APR Table A2 reported units,"Entitlements, building permits, and completions are distinct production stages.",comparable_within_series
accessory_dwelling_units,adu_building_permit_units,ADU building-permit units,06001,Alameda,2022,2022-12-31,annual,1104.0,housing units,CA_HCD_APR_TABLE_A2,HCD-APR-TABLE-A2-2022-portal-current,2026-08-10T17:11:13Z,60556989c07686cc4af51409c4e0761edc273bafa18a65e6a0c4fdc3ac96c4cc,county sum of HCD APR Table A2 reported units,"Entitlements, building permits, and completions are distinct production stages.",comparable_within_series
accessory_dwelling_units,adu_building_permit_units,ADU building-permit units,06001,Alameda,2023,2023-12-31,annual,1086.0,housing units,CA_HCD_APR_TABLE_A2,HCD-APR-TABLE-A2-2023-portal-current,2026-08-10T17:11:13Z,d5a42e856f7a486094b1a52da7413fa582d45472ab18a6ae572bba1930a8069c,county sum of HCD APR Table A2 reported units,"Entitlements, building permits, and completions are distinct production stages.",comparable_within_series
accessory_dwelling_units,adu_building_permit_units,ADU building-permit units,06001,Alameda,2024,2024-12-31,annual,1160.0,housing units,CA_HCD_APR_TABLE_A2,HCD-APR-TABLE-A2-2024-portal-current,2026-08-10T17:11:13Z,efedc570ed4198bb4143b012c1926c817a047bd23278b2b2b19270889b52d13b,county sum of HCD APR Table A2 reported units,"Entitlements, building permits, and completions are distinct production stages.",comparable_within_series
accessory_dwelling_units,adu_building_permit_units,ADU building-permit units,06001,Alameda,2025,2025-12-31,annual,1393.0,housing units,CA_HCD_APR_TABLE_A2,HCD-APR-TABLE-A2-2025-portal-current,2026-08-10T17:11:13Z,e5e85e9677a374bd30beeeb7848a802f790f9425b78fe84c0ef8096e2394b297,county sum of HCD APR Table A2 reported units,"Entitlements, building permits, and completions are distinct production stages.",comparable_within_series
accessory_dwelling_units,adu_building_permit_units,ADU building-permit units,06013,Contra Costa,2018,2018-12-31,annual,210.0,housing units,CA_HCD_APR_TABLE_A2,HCD-APR-TABLE-A2-2018-portal-current,2026-08-10T17:11:13Z,2eda34f589a502ed96d65bbdc8ce37cfa225aedf755805a5453eb8c40e926d43,county sum of HCD APR Table A2 reported units,"Entitlements, building permits, and completions are distinct production stages.",comparable_within_series
accessory_dwelling_units,adu_building_permit_units,ADU building-permit units,06013,Contra Costa,2019,2019-12-31,annual,269.0,housing units,CA_HCD_APR_TABLE_A2,HCD-APR-TABLE-A2-2019-portal-current,2026-08-10T17:11:13Z,2909761266532f15be992976ff4f8ac5e86198994135f5fd6e17f4930c1de8f6,county sum of HCD APR Table A2 reported units,"Entitlements, building permits, and completions are distinct production stages.",comparable_within_series
accessory_dwelling_units,adu_building_permit_units,ADU building-permit units,06013,Contra Costa,2020,2020-12-31,annual,300.0,housing units,CA_HCD_APR_TABLE_A2,HCD-APR-TABLE-A2-2020-portal-current,2026-08-10T17:11:13Z,dd5239737a286de14f0cb94cb934e788a2734baa54fafb493cc326ab118f98e2,county sum of HCD APR Table A2 reported units,"Entitlements, building permits, and completions are distinct production stages.",comparable_within_series
accessory_dwelling_units,adu_building_permit_units,ADU building-permit units,06013,Contra Costa,2021,2021-12-31,annual,476.0,housing units,CA_HCD_APR_TABLE_A2,HCD-APR-TABLE-A2-2021-portal-current,2026-08-10T17:11:13Z,5a78db14b37ff087cca9b8e7ae1d939130ba7789dbd8be26558670e88d809950,county sum of HCD APR Table A2 reported units,"Entitlements, building permits, and completions are distinct production stages.",comparable_within_series
accessory_dwelling_units,adu_building_permit_units,ADU building-permit units,06013,Contra Costa,2022,2022-12-31,annual,570.0,housing units,CA_HCD_APR_TABLE_A2,HCD-APR-TABLE-A2-2022-portal-current,2026-08-10T17:11:13Z,60556989c07686cc4af51409c4e0761edc273bafa18a65e6a0c4fdc3ac96c4cc,county sum of HCD APR Table A2 reported units,"Entitlements, building permits, and completions are distinct production stages.",comparable_within_series
accessory_dwelling_units,adu_building_permit_units,ADU building-permit units,06013,Contra Costa,2023,2023-12-31,annual,754.0,housing units,CA_HCD_APR_TABLE_A2,HCD-APR-TABLE-A2-2023-portal-current,2026-08-10T17:11:13Z,d5a42e856f7a486094b1a52da7413fa582d45472ab18a6ae572bba1930a8069c,county sum of HCD APR Table A2 reported units,"Entitlements, building permits, and completions are distinct production stages.",comparable_within_series
accessory_dwelling_units,adu_building_permit_units,ADU building-permit units,06013,Contra Costa,2024,2024-12-31,annual,758.0,housing units,CA_HCD_APR_TABLE_A2,HCD-APR-TABLE-A2-2024-portal-current,2026-08-10T17:11:13Z,efedc570ed4198bb4143b012c1926c817a047bd23278b2b2b19270889b52d13b,county sum of HCD APR Table A2 reported units,"Entitlements, building permits, and completions are distinct production stages.",comparable_within_series
accessory_dwelling_units,adu_building_permit_units,ADU building-permit units,06013,Contra Costa,2025,2025-12-31,annual,747.0,housing units,CA_HCD_APR_TABLE_A2,HCD-APR-TABLE-A2-2025-portal-current,2026-08-10T17:11:13Z,e5e85e9677a374bd30beeeb7848a802f790f9425b78fe84c0ef8096e2394b297,county sum of HCD APR Table A2 reported units,"Entitlements, building permits, and completions are distinct production stages.",comparable_within_series
accessory_dwelling_units,adu_building_permit_units,ADU building-permit units,06041,Marin,2018,2018-12-31,annual,92.0,housing units,CA_HCD_APR_TABLE_A2,HCD-APR-TABLE-A2-2018-portal-current,2026-08-10T17:11:13Z,2eda34f589a502ed96d65bbdc8ce37cfa225aedf755805a5453eb8c40e926d43,county sum of HCD APR Table A2 reported units,"Entitlements, building permits, and completions are distinct production stages.",comparable_within_series
accessory_dwelling_units,adu_building_permit_units,ADU building-permit units,06041,Marin,2019,2019-12-31,annual,117.0,housing units,CA_HCD_APR_TABLE_A2,HCD-APR-TABLE-A2-2019-portal-current,2026-08-10T17:11:13Z,2909761266532f15be992976ff4f8ac5e86198994135f5fd6e17f4930c1de8f6,county sum of HCD APR Table A2 reported units,"Entitlements, building permits, and completions are distinct production stages.",comparable_within_series
accessory_dwelling_units,adu_building_permit_units,ADU building-permit units,06041,Marin,2020,2020-12-31,annual,153.0,housing units,CA_HCD_APR_TABLE_A2,HCD-APR-TABLE-A2-2020-portal-current,2026-08-10T17:11:13Z,dd5239737a286de14f0cb94cb934e788a2734baa54fafb493cc326ab118f98e2,county sum of HCD APR Table A2 reported units,"Entitlements, building permits, and completions are distinct production stages.",comparable_within_series
accessory_dwelling_units,adu_building_permit_units,ADU building-permit units,06041,Marin,2021,2021-12-31,annual,207.0,housing units,CA_HCD_APR_TABLE_A2,HCD-APR-TABLE-A2-2021-portal-current,2026-08-10T17:11:13Z,5a78db14b37ff087cca9b8e7ae1d939130ba7789dbd8be26558670e88d809950,county sum of HCD APR Table A2 reported units,"Entitlements, building permits, and completions are distinct production stages.",comparable_within_series
accessory_dwelling_units,adu_building_permit_units,ADU building-permit units,06041,Marin,2022,2022-12-31,annual,206.0,housing units,CA_HCD_APR_TABLE_A2,HCD-APR-TABLE-A2-2022-portal-current,2026-08-10T17:11:13Z,60556989c07686cc4af51409c4e0761edc273bafa18a65e6a0c4fdc3ac96c4cc,county sum of HCD APR Table A2 reported units,"Entitlements, building permits, and completions are distinct production stages.",comparable_within_series
accessory_dwelling_units,adu_building_permit_units,ADU building-permit units,06041,Marin,2023,2023-12-31,annual,253.0,housing units,CA_HCD_APR_TABLE_A2,HCD-APR-TABLE-A2-2023-portal-current,2026-08-10T17:11:13Z,d5a42e856f7a486094b1a52da7413fa582d45472ab18a6ae572bba1930a8069c,county sum of HCD APR Table A2 reported units,"Entitlements, building permits, and completions are distinct production stages.",comparable_within_series
accessory_dwelling_units,adu_building_permit_units,ADU building-permit units,06041,Marin,2024,2024-12-31,annual,312.0,housing units,CA_HCD_APR_TABLE_A2,HCD-APR-TABLE-A2-2024-portal-current,2026-08-10T17:11:13Z,efedc570ed4198bb4143b012c1926c817a047bd23278b2b2b19270889b52d13b,county sum of HCD APR Table A2 reported units,"Entitlements, building permits, and completions are distinct production stages.",comparable_within_series
accessory_dwelling_units,adu_building_permit_units,ADU building-permit units,06041,Marin,2025,2025-12-31,annual,349.0,housing units,CA_HCD_APR_TABLE_A2,HCD-APR-TABLE-A2-2025-portal-current,2026-08-10T17:11:13Z,e5e85e9677a374bd30beeeb7848a802f790f9425b78fe84c0ef8096e2394b297,county sum of HCD APR Table A2 reported units,"Entitlements, building permits, and completions are distinct production stages.",comparable_within_series
accessory_dwelling_units,adu_building_permit_units,ADU building-permit units,06055,Napa,2018,2018-12-31,annual,53.0,housing units,CA_HCD_APR_TABLE_A2,HCD-APR-TABLE-A2-2018-portal-current,2026-08-10T17:11:13Z,2eda34f589a502ed96d65bbdc8ce37cfa225aedf755805a5453eb8c40e926d43,county sum of HCD APR Table A2 reported units,"Entitlements, building permits, and completions are distinct production stages.",comparable_within_series
accessory_dwelling_units,adu_building_permit_units,ADU building-permit units,06055,Napa,2019,2019-12-31,annual,51.0,housing units,CA_HCD_APR_TABLE_A2,HCD-APR-TABLE-A2-2019-portal-current,2026-08-10T17:11:13Z,2909761266532f15be992976ff4f8ac5e86198994135f5fd6e17f4930c1de8f6,county sum of HCD APR Table A2 reported units,"Entitlements, building permits, and completions are distinct production stages.",comparable_within_series
accessory_dwelling_units,adu_building_permit_units,ADU building-permit units,06055,Napa,2020,2020-12-31,annual,77.0,housing units,CA_HCD_APR_TABLE_A2,HCD-APR-TABLE-A2-2020-portal-current,2026-08-10T17:11:13Z,dd5239737a286de14f0cb94cb934e788a2734baa54fafb493cc326ab118f98e2,county sum of HCD APR Table A2 reported units,"Entitlements, building permits, and completions are distinct production stages.",comparable_within_series
accessory_dwelling_units,adu_building_permit_units,ADU building-permit units,06055,Napa,2021,2021-12-31,annual,101.0,housing units,CA_HCD_APR_TABLE_A2,HCD-APR-TABLE-A2-2021-portal-current,2026-08-10T17:11:13Z,5a78db14b37ff087cca9b8e7ae1d939130ba7789dbd8be26558670e88d809950,county sum of HCD APR Table A2 reported units,"Entitlements, building permits, and completions are distinct production stages.",comparable_within_series
accessory_dwelling_units,adu_building_permit_units,ADU building-permit units,06055,Napa,2022,2022-12-31,annual,91.0,housing units,CA_HCD_APR_TABLE_A2,HCD-APR-TABLE-A2-2022-portal-current,2026-08-10T17:11:13Z,60556989c07686cc4af51409c4e0761edc273bafa18a65e6a0c4fdc3ac96c4cc,county sum of HCD APR Table A2 reported units,"Entitlements, building permits, and completions are distinct production stages.",comparable_within_series
accessory_dwelling_units,adu_building_permit_units,ADU building-permit units,06055,Napa,2023,2023-12-31,annual,104.0,housing units,CA_HCD_APR_TABLE_A2,HCD-APR-TABLE-A2-2023-portal-current,2026-08-10T17:11:13Z,d5a42e856f7a486094b1a52da7413fa582d45472ab18a6ae572bba1930a8069c,county sum of HCD APR Table A2 reported units,"Entitlements, building permits, and completions are distinct production stages.",comparable_within_series
accessory_dwelling_units,adu_building_permit_units,ADU building-permit units,06055,Napa,2024,2024-12-31,annual,110.0,housing units,CA_HCD_APR_TABLE_A2,HCD-APR-TABLE-A2-2024-portal-current,2026-08-10T17:11:13Z,efedc570ed4198bb4143b012c1926c817a047bd23278b2b2b19270889b52d13b,county sum of HCD APR Table A2 reported units,"Entitlements, building permits, and completions are distinct production stages.",comparable_within_series
accessory_dwelling_units,adu_building_permit_units,ADU building-permit units,06055,Napa,2025,2025-12-31,annual,131.0,housing units,CA_HCD_APR_TABLE_A2,HCD-APR-TABLE-A2-2025-portal-current,2026-08-10T17:11:13Z,e5e85e9677a374bd30beeeb7848a802f790f9425b78fe84c0ef8096e2394b297,county sum of HCD APR Table A2 reported units,"Entitlements, building permits, and completions are distinct production stages.",comparable_within_series
accessory_dwelling_units,adu_building_permit_units,ADU building-permit units,06075,San Francisco,2018,2018-12-31,annual,272.0,housing units,CA_HCD_APR_TABLE_A2,HCD-APR-TABLE-A2-2018-portal-current,2026-08-10T17:11:13Z,2eda34f589a502ed96d65bbdc8ce37cfa225aedf755805a5453eb8c40e926d43,county sum of HCD APR Table A2 reported units,"Entitlements, building permits, and completions are distinct production stages.",comparable_within_series
accessory_dwelling_units,adu_building_permit_units,ADU building-permit units,06075,San Francisco,2019,2019-12-31,annual,483.0,housing units,CA_HCD_APR_TABLE_A2,HCD-APR-TABLE-A2-2019-portal-current,2026-08-10T17:11:13Z,2909761266532f15be992976ff4f8ac5e86198994135f5fd6e17f4930c1de8f6,county sum of HCD APR Table A2 reported units,"Entitlements, building permits, and completions are distinct production stages.",comparable_within_series
accessory_dwelling_units,adu_building_permit_units,ADU building-permit units,06075,San Francisco,2020,2020-12-31,annual,247.0,housing units,CA_HCD_APR_TABLE_A2,HCD-APR-TABLE-A2-2020-portal-current,2026-08-10T17:11:13Z,dd5239737a286de14f0cb94cb934e788a2734baa54fafb493cc326ab118f98e2,county sum of HCD APR Table A2 reported units,"Entitlements, building permits, and completions are distinct production stages.",comparable_within_series
accessory_dwelling_units,adu_building_permit_units,ADU building-permit units,06075,San Francisco,2021,2021-12-31,annual,320.0,housing units,CA_HCD_APR_TABLE_A2,HCD-APR-TABLE-A2-2021-portal-current,2026-08-10T17:11:13Z,5a78db14b37ff087cca9b8e7ae1d939130ba7789dbd8be26558670e88d809950,county sum of HCD APR Table A2 reported units,"Entitlements, building permits, and completions are distinct production stages.",comparable_within_series
accessory_dwelling_units,adu_building_permit_units,ADU building-permit units,06075,San Francisco,2022,2022-12-31,annual,342.0,housing units,CA_HCD_APR_TABLE_A2,HCD-APR-TABLE-A2-2022-portal-current,2026-08-10T17:11:13Z,60556989c07686cc4af51409c4e0761edc273bafa18a65e6a0c4fdc3ac96c4cc,county sum of HCD APR Table A2 reported units,"Entitlements, building permits, and completions are distinct production stages.",comparable_within_series
accessory_dwelling_units,adu_building_permit_units,ADU building-permit units,06075,San Francisco,2023,2023-12-31,annual,290.0,housing units,CA_HCD_APR_TABLE_A2,HCD-APR-TABLE-A2-2023-portal-current,2026-08-10T17:11:13Z,d5a42e856f7a486094b1a52da7413fa582d45472ab18a6ae572bba1930a8069c,county sum of HCD APR Table A2 reported units,"Entitlements, building permits, and completions are distinct production stages.",comparable_within_series
accessory_dwelling_units,adu_building_permit_units,ADU building-permit units,06075,San Francisco,2024,2024-12-31,annual,230.0,housing units,CA_HCD_APR_TABLE_A2,HCD-APR-TABLE-A2-2024-portal-current,2026-08-10T17:11:13Z,efedc570ed4198bb4143b012c1926c817a047bd23278b2b2b19270889b52d13b,county sum of HCD APR Table A2 reported units,"Entitlements, building permits, and completions are distinct production stages.",comparable_within_series
accessory_dwelling_units,adu_building_permit_units,ADU building-permit units,06075,San Francisco,2025,2025-12-31,annual,171.0,housing units,CA_HCD_APR_TABLE_A2,HCD-APR-TABLE-A2-2025-portal-current,2026-08-10T17:11:13Z,e5e85e9677a374bd30beeeb7848a802f790f9425b78fe84c0ef8096e2394b297,county sum of HCD APR Table A2 reported units,"Entitlements, building permits, and completions are distinct production stages.",comparable_within_series
accessory_dwelling_units,adu_building_permit_units,ADU building-permit units,06081,San Mateo,2018,2018-12-31,annual,253.0,housing units,CA_HCD_APR_TABLE_A2,HCD-APR-TABLE-A2-2018-portal-current,2026-08-10T17:11:13Z,2eda34f589a502ed96d65bbdc8ce37cfa225aedf755805a5453eb8c40e926d43,county sum of HCD APR Table A2 reported units,"Entitlements, building permits, and completions are distinct production stages.",comparable_within_series
accessory_dwelling_units,adu_building_permit_units,ADU building-permit units,06081,San Mateo,2019,2019-12-31,annual,365.0,housing units,CA_HCD_APR_TABLE_A2,HCD-APR-TABLE-A2-2019-portal-current,2026-08-10T17:11:13Z,2909761266532f15be992976ff4f8ac5e86198994135f5fd6e17f4930c1de8f6,county sum of HCD APR Table A2 reported units,"Entitlements, building permits, and completions are distinct production stages.",comparable_within_series
accessory_dwelling_units,adu_building_permit_units,ADU building-permit units,06081,San Mateo,2020,2020-12-31,annual,483.0,housing units,CA_HCD_APR_TABLE_A2,HCD-APR-TABLE-A2-2020-portal-current,2026-08-10T17:11:13Z,dd5239737a286de14f0cb94cb934e788a2734baa54fafb493cc326ab118f98e2,county sum of HCD APR Table A2 reported units,"Entitlements, building permits, and completions are distinct production stages.",comparable_within_series
accessory_dwelling_units,adu_building_permit_units,ADU building-permit units,06081,San Mateo,2021,2021-12-31,annual,766.0,housing units,CA_HCD_APR_TABLE_A2,HCD-APR-TABLE-A2-2021-portal-current,2026-08-10T17:11:13Z,5a78db14b37ff087cca9b8e7ae1d939130ba7789dbd8be26558670e88d809950,county sum of HCD APR Table A2 reported units,"Entitlements, building permits, and completions are distinct production stages.",comparable_within_series
accessory_dwelling_units,adu_building_permit_units,ADU building-permit units,06081,San Mateo,2022,2022-12-31,annual,907.0,housing units,CA_HCD_APR_TABLE_A2,HCD-APR-TABLE-A2-2022-portal-current,2026-08-10T17:11:13Z,60556989c07686cc4af51409c4e0761edc273bafa18a65e6a0c4fdc3ac96c4cc,county sum of HCD APR Table A2 reported units,"Entitlements, building permits, and completions are distinct production stages.",comparable_within_series
accessory_dwelling_units,adu_building_permit_units,ADU building-permit units,06081,San Mateo,2023,2023-12-31,annual,830.0,housing units,CA_HCD_APR_TABLE_A2,HCD-APR-TABLE-A2-2023-portal-current,2026-08-10T17:11:13Z,d5a42e856f7a486094b1a52da7413fa582d45472ab18a6ae572bba1930a8069c,county sum of HCD APR Table A2 reported units,"Entitlements, building permits, and completions are distinct production stages.",comparable_within_series
accessory_dwelling_units,adu_building_permit_units,ADU building-permit units,06081,San Mateo,2024,2024-12-31,annual,768.0,housing units,CA_HCD_APR_TABLE_A2,HCD-APR-TABLE-A2-2024-portal-current,2026-08-10T17:11:13Z,efedc570ed4198bb4143b012c1926c817a047bd23278b2b2b19270889b52d13b,county sum of HCD APR Table A2 reported units,"Entitlements, building permits, and completions are distinct production stages.",comparable_within_series
accessory_dwelling_units,adu_building_permit_units,ADU building-permit units,06081,San Mateo,2025,2025-12-31,annual,858.0,housing units,CA_HCD_APR_TABLE_A2,HCD-APR-TABLE-A2-2025-portal-current,2026-08-10T17:11:13Z,e5e85e9677a374bd30beeeb7848a802f790f9425b78fe84c0ef8096e2394b297,county sum of HCD APR Table A2 reported units,"Entitlements, building permits, and completions are distinct production stages.",comparable_within_series
accessory_dwelling_units,adu_building_permit_units,ADU building-permit units,06085,Santa Clara,2018,2018-12-31,annual,411.0,housing units,CA_HCD_APR_TABLE_A2,HCD-APR-TABLE-A2-2018-portal-current,2026-08-10T17:11:13Z,2eda34f589a502ed96d65bbdc8ce37cfa225aedf755805a5453eb8c40e926d43,county sum of HCD APR Table A2 reported units,"Entitlements, building permits, and completions are distinct production stages.",comparable_within_series
accessory_dwelling_units,adu_building_permit_units,ADU building-permit units,06085,Santa Clara,2019,2019-12-31,annual,815.0,housing units,CA_HCD_APR_TABLE_A2,HCD-APR-TABLE-A2-2019-portal-current,2026-08-10T17:11:13Z,2909761266532f15be992976ff4f8ac5e86198994135f5fd6e17f4930c1de8f6,county sum of HCD APR Table A2 reported units,"Entitlements, building permits, and completions are distinct production stages.",comparable_within_series
accessory_dwelling_units,adu_building_permit_units,ADU building-permit units,06085,Santa Clara,2020,2020-12-31,annual,872.0,housing units,CA_HCD_APR_TABLE_A2,HCD-APR-TABLE-A2-2020-portal-current,2026-08-10T17:11:13Z,dd5239737a286de14f0cb94cb934e788a2734baa54fafb493cc326ab118f98e2,county sum of HCD APR Table A2 reported units,"Entitlements, building permits, and completions are distinct production stages.",comparable_within_series
accessory_dwelling_units,adu_building_permit_units,ADU building-permit units,06085,Santa Clara,2021,2021-12-31,annual,1235.0,housing units,CA_HCD_APR_TABLE_A2,HCD-APR-TABLE-A2-2021-portal-current,2026-08-10T17:11:13Z,5a78db14b37ff087cca9b8e7ae1d939130ba7789dbd8be26558670e88d809950,county sum of HCD APR Table A2 reported units,"Entitlements, building permits, and completions are distinct production stages.",comparable_within_series
accessory_dwelling_units,adu_building_permit_units,ADU building-permit units,06085,Santa Clara,2022,2022-12-31,annual,1427.0,housing units,CA_HCD_APR_TABLE_A2,HCD-APR-TABLE-A2-2022-portal-current,2026-08-10T17:11:13Z,60556989c07686cc4af51409c4e0761edc273bafa18a65e6a0c4fdc3ac96c4cc,county sum of HCD APR Table A2 reported units,"Entitlements, building permits, and completions are distinct production stages.",comparable_within_series
accessory_dwelling_units,adu_building_permit_units,ADU building-permit units,06085,Santa Clara,2023,2023-12-31,annual,1669.0,housing units,CA_HCD_APR_TABLE_A2,HCD-APR-TABLE-A2-2023-portal-current,2026-08-10T17:11:13Z,d5a42e856f7a486094b1a52da7413fa582d45472ab18a6ae572bba1930a8069c,county sum of HCD APR Table A2 reported units,"Entitlements, building permits, and completions are distinct production stages.",comparable_within_series
accessory_dwelling_units,adu_building_permit_units,ADU building-permit units,06085,Santa Clara,2024,2024-12-31,annual,1642.0,housing units,CA_HCD_APR_TABLE_A2,HCD-APR-TABLE-A2-2024-portal-current,2026-08-10T17:11:13Z,efedc570ed4198bb4143b012c1926c817a047bd23278b2b2b19270889b52d13b,county sum of HCD APR Table A2 reported units,"Entitlements, building permits, and completions are distinct production stages.",comparable_within_series
accessory_dwelling_units,adu_building_permit_units,ADU building-permit units,06085,Santa Clara,2025,2025-12-31,annual,1937.0,housing units,CA_HCD_APR_TABLE_A2,HCD-APR-TABLE-A2-2025-portal-current,2026-08-10T17:11:13Z,e5e85e9677a374bd30beeeb7848a802f790f9425b78fe84c0ef8096e2394b297,county sum of HCD APR Table A2 reported units,"Entitlements, building permits, and completions are distinct production stages.",comparable_within_series
accessory_dwelling_units,adu_building_permit_units,ADU building-permit units,06095,Solano,2018,2018-12-31,annual,51.0,housing units,CA_HCD_APR_TABLE_A2,HCD-APR-TABLE-A2-2018-portal-current,2026-08-10T17:11:13Z,2eda34f589a502ed96d65bbdc8ce37cfa225aedf755805a5453eb8c40e926d43,county sum of HCD APR Table A2 reported units,"Entitlements, building permits, and completions are distinct production stages.",comparable_within_series
accessory_dwelling_units,adu_building_permit_units,ADU building-permit units,06095,Solano,2019,2019-12-31,annual,51.0,housing units,CA_HCD_APR_TABLE_A2,HCD-APR-TABLE-A2-2019-portal-current,2026-08-10T17:11:13Z,2909761266532f15be992976ff4f8ac5e86198994135f5fd6e17f4930c1de8f6,county sum of HCD APR Table A2 reported units,"Entitlements, building permits, and completions are distinct production stages.",comparable_within_series
accessory_dwelling_units,adu_building_permit_units,ADU building-permit units,06095,Solano,2020,2020-12-31,annual,51.0,housing units,CA_HCD_APR_TABLE_A2,HCD-APR-TABLE-A2-2020-portal-current,2026-08-10T17:11:13Z,dd5239737a286de14f0cb94cb934e788a2734baa54fafb493cc326ab118f98e2,county sum of HCD APR Table A2 reported units,"Entitlements, building permits, and completions are distinct production stages.",comparable_within_series
accessory_dwelling_units,adu_building_permit_units,ADU building-permit units,06095,Solano,2021,2021-12-31,annual,105.0,housing units,CA_HCD_APR_TABLE_A2,HCD-APR-TABLE-A2-2021-portal-current,2026-08-10T17:11:13Z,5a78db14b37ff087cca9b8e7ae1d939130ba7789dbd8be26558670e88d809950,county sum of HCD APR Table A2 reported units,"Entitlements, building permits, and completions are distinct production stages.",comparable_within_series
accessory_dwelling_units,adu_building_permit_units,ADU building-permit units,06095,Solano,2022,2022-12-31,annual,108.0,housing units,CA_HCD_APR_TABLE_A2,HCD-APR-TABLE-A2-2022-portal-current,2026-08-10T17:11:13Z,60556989c07686cc4af51409c4e0761edc273bafa18a65e6a0c4fdc3ac96c4cc,county sum of HCD APR Table A2 reported units,"Entitlements, building permits, and completions are distinct production stages.",comparable_within_series
accessory_dwelling_units,adu_building_permit_units,ADU building-permit units,06095,Solano,2023,2023-12-31,annual,109.0,housing units,CA_HCD_APR_TABLE_A2,HCD-APR-TABLE-A2-2023-portal-current,2026-08-10T17:11:13Z,d5a42e856f7a486094b1a52da7413fa582d45472ab18a6ae572bba1930a8069c,county sum of HCD APR Table A2 reported units,"Entitlements, building permits, and completions are distinct production stages.",comparable_within_series
accessory_dwelling_units,adu_building_permit_units,ADU building-permit units,06095,Solano,2024,2024-12-31,annual,192.0,housing units,CA_HCD_APR_TABLE_A2,HCD-APR-TABLE-A2-2024-portal-current,2026-08-10T17:11:13Z,efedc570ed4198bb4143b012c1926c817a047bd23278b2b2b19270889b52d13b,county sum of HCD APR Table A2 reported units,"Entitlements, building permits, and completions are distinct production stages.",comparable_within_series
accessory_dwelling_units,adu_building_permit_units,ADU building-permit units,06095,Solano,2025,2025-12-31,annual,127.0,housing units,CA_HCD_APR_TABLE_A2,HCD-APR-TABLE-A2-2025-portal-current,2026-08-10T17:11:13Z,e5e85e9677a374bd30beeeb7848a802f790f9425b78fe84c0ef8096e2394b297,county sum of HCD APR Table A2 reported units,"Entitlements, building permits, and completions are distinct production stages.",comparable_within_series
accessory_dwelling_units,adu_building_permit_units,ADU building-permit units,06097,Sonoma,2018,2018-12-31,annual,260.0,housing units,CA_HCD_APR_TABLE_A2,HCD-APR-TABLE-A2-2018-portal-current,2026-08-10T17:11:13Z,2eda34f589a502ed96d65bbdc8ce37cfa225aedf755805a5453eb8c40e926d43,county sum of HCD APR Table A2 reported units,"Entitlements, building permits, and completions are distinct production stages.",comparable_within_series
accessory_dwelling_units,adu_building_permit_units,ADU building-permit units,06097,Sonoma,2019,2019-12-31,annual,261.0,housing units,CA_HCD_APR_TABLE_A2,HCD-APR-TABLE-A2-2019-portal-current,2026-08-10T17:11:13Z,2909761266532f15be992976ff4f8ac5e86198994135f5fd6e17f4930c1de8f6,county sum of HCD APR Table A2 reported units,"Entitlements, building permits, and completions are distinct production stages.",comparable_within_series
accessory_dwelling_units,adu_building_permit_units,ADU building-permit units,06097,Sonoma,2020,2020-12-31,annual,207.0,housing units,CA_HCD_APR_TABLE_A2,HCD-APR-TABLE-A2-2020-portal-current,2026-08-10T17:11:13Z,dd5239737a286de14f0cb94cb934e788a2734baa54fafb493cc326ab118f98e2,county sum of HCD APR Table A2 reported units,"Entitlements, building permits, and completions are distinct production stages.",comparable_within_series
accessory_dwelling_units,adu_building_permit_units,ADU building-permit units,06097,Sonoma,2021,2021-12-31,annual,264.0,housing units,CA_HCD_APR_TABLE_A2,HCD-APR-TABLE-A2-2021-portal-current,2026-08-10T17:11:13Z,5a78db14b37ff087cca9b8e7ae1d939130ba7789dbd8be26558670e88d809950,county sum of HCD APR Table A2 reported units,"Entitlements, building permits, and completions are distinct production stages.",comparable_within_series
accessory_dwelling_units,adu_building_permit_units,ADU building-permit units,06097,Sonoma,2022,2022-12-31,annual,423.0,housing units,CA_HCD_APR_TABLE_A2,HCD-APR-TABLE-A2-2022-portal-current,2026-08-10T17:11:13Z,60556989c07686cc4af51409c4e0761edc273bafa18a65e6a0c4fdc3ac96c4cc,county sum of HCD APR Table A2 reported units,"Entitlements, building permits, and completions are distinct production stages.",comparable_within_series
accessory_dwelling_units,adu_building_permit_units,ADU building-permit units,06097,Sonoma,2023,2023-12-31,annual,433.0,housing units,CA_HCD_APR_TABLE_A2,HCD-APR-TABLE-A2-2023-portal-current,2026-08-10T17:11:13Z,d5a42e856f7a486094b1a52da7413fa582d45472ab18a6ae572bba1930a8069c,county sum of HCD APR Table A2 reported units,"Entitlements, building permits, and completions are distinct production stages.",comparable_within_series
accessory_dwelling_units,adu_building_permit_units,ADU building-permit units,06097,Sonoma,2024,2024-12-31,annual,406.0,housing units,CA_HCD_APR_TABLE_A2,HCD-APR-TABLE-A2-2024-portal-current,2026-08-10T17:11:13Z,efedc570ed4198bb4143b012c1926c817a047bd23278b2b2b19270889b52d13b,county sum of HCD APR Table A2 reported units,"Entitlements, building permits, and completions are distinct production stages.",comparable_within_series
accessory_dwelling_units,adu_building_permit_units,ADU building-permit units,06097,Sonoma,2025,2025-12-31,annual,259.0,housing units,CA_HCD_APR_TABLE_A2,HCD-APR-TABLE-A2-2025-portal-current,2026-08-10T17:11:13Z,e5e85e9677a374bd30beeeb7848a802f790f9425b78fe84c0ef8096e2394b297,county sum of HCD APR Table A2 reported units,"Entitlements, building permits, and completions are distinct production stages.",comparable_within_series
accessory_dwelling_units,adu_completed_units,ADU completed units,06001,Alameda,2018,2018-12-31,annual,121.0,housing units,CA_HCD_APR_TABLE_A2,HCD-APR-TABLE-A2-2018-portal-current,2026-08-10T17:11:13Z,2eda34f589a502ed96d65bbdc8ce37cfa225aedf755805a5453eb8c40e926d43,county sum of HCD APR Table A2 reported units,"Entitlements, building permits, and completions are distinct production stages.",comparable_within_series
accessory_dwelling_units,adu_completed_units,ADU completed units,06001,Alameda,2019,2019-12-31,annual,324.0,housing units,CA_HCD_APR_TABLE_A2,HCD-APR-TABLE-A2-2019-portal-current,2026-08-10T17:11:13Z,2909761266532f15be992976ff4f8ac5e86198994135f5fd6e17f4930c1de8f6,county sum of HCD APR Table A2 reported units,"Entitlements, building permits, and completions are distinct production stages.",comparable_within_series
accessory_dwelling_units,adu_completed_units,ADU completed units,06001,Alameda,2020,2020-12-31,annual,449.0,housing units,CA_HCD_APR_TABLE_A2,HCD-APR-TABLE-A2-2020-portal-current,2026-08-10T17:11:13Z,dd5239737a286de14f0cb94cb934e788a2734baa54fafb493cc326ab118f98e2,county sum of HCD APR Table A2 reported units,"Entitlements, building permits, and completions are distinct production stages.",comparable_within_series
accessory_dwelling_units,adu_completed_units,ADU completed units,06001,Alameda,2021,2021-12-31,annual,410.0,housing units,CA_HCD_APR_TABLE_A2,HCD-APR-TABLE-A2-2021-portal-current,2026-08-10T17:11:13Z,5a78db14b37ff087cca9b8e7ae1d939130ba7789dbd8be26558670e88d809950,county sum of HCD APR Table A2 reported units,"Entitlements, building permits, and completions are distinct production stages.",comparable_within_series
accessory_dwelling_units,adu_completed_units,ADU completed units,06001,Alameda,2022,2022-12-31,annual,462.0,housing units,CA_HCD_APR_TABLE_A2,HCD-APR-TABLE-A2-2022-portal-current,2026-08-10T17:11:13Z,60556989c07686cc4af51409c4e0761edc273bafa18a65e6a0c4fdc3ac96c4cc,county sum of HCD APR Table A2 reported units,"Entitlements, building permits, and completions are distinct production stages.",comparable_within_series
accessory_dwelling_units,adu_completed_units,ADU completed units,06001,Alameda,2023,2023-12-31,annual,652.0,housing units,CA_HCD_APR_TABLE_A2,HCD-APR-TABLE-A2-2023-portal-current,2026-08-10T17:11:13Z,d5a42e856f7a486094b1a52da7413fa582d45472ab18a6ae572bba1930a8069c,county sum of HCD APR Table A2 reported units,"Entitlements, building permits, and completions are distinct production stages.",comparable_within_series
accessory_dwelling_units,adu_completed_units,ADU completed units,06001,Alameda,2024,2024-12-31,annual,770.0,housing units,CA_HCD_APR_TABLE_A2,HCD-APR-TABLE-A2-2024-portal-current,2026-08-10T17:11:13Z,efedc570ed4198bb4143b012c1926c817a047bd23278b2b2b19270889b52d13b,county sum of HCD APR Table A2 reported units,"Entitlements, building permits, and completions are distinct production stages.",comparable_within_series
accessory_dwelling_units,adu_completed_units,ADU completed units,06001,Alameda,2025,2025-12-31,annual,876.0,housing units,CA_HCD_APR_TABLE_A2,HCD-APR-TABLE-A2-2025-portal-current,2026-08-10T17:11:13Z,e5e85e9677a374bd30beeeb7848a802f790f9425b78fe84c0ef8096e2394b297,county sum of HCD APR Table A2 reported units,"Entitlements, building permits, and completions are distinct production stages.",comparable_within_series
accessory_dwelling_units,adu_completed_units,ADU completed units,06013,Contra Costa,2018,2018-12-31,annual,87.0,housing units,CA_HCD_APR_TABLE_A2,HCD-APR-TABLE-A2-2018-portal-current,2026-08-10T17:11:13Z,2eda34f589a502ed96d65bbdc8ce37cfa225aedf755805a5453eb8c40e926d43,county sum of HCD APR Table A2 reported units,"Entitlements, building permits, and completions are distinct production stages.",comparable_within_series
accessory_dwelling_units,adu_completed_units,ADU completed units,06013,Contra Costa,2019,2019-12-31,annual,164.0,housing units,CA_HCD_APR_TABLE_A2,HCD-APR-TABLE-A2-2019-portal-current,2026-08-10T17:11:13Z,2909761266532f15be992976ff4f8ac5e86198994135f5fd6e17f4930c1de8f6,county sum of HCD APR Table A2 reported units,"Entitlements, building permits, and completions are distinct production stages.",comparable_within_series
accessory_dwelling_units,adu_completed_units,ADU completed units,06013,Contra Costa,2020,2020-12-31,annual,174.0,housing units,CA_HCD_APR_TABLE_A2,HCD-APR-TABLE-A2-2020-portal-current,2026-08-10T17:11:13Z,dd5239737a286de14f0cb94cb934e788a2734baa54fafb493cc326ab118f98e2,county sum of HCD APR Table A2 reported units,"Entitlements, building permits, and completions are distinct production stages.",comparable_within_series
accessory_dwelling_units,adu_completed_units,ADU completed units,06013,Contra Costa,2021,2021-12-31,annual,211.0,housing units,CA_HCD_APR_TABLE_A2,HCD-APR-TABLE-A2-2021-portal-current,2026-08-10T17:11:13Z,5a78db14b37ff087cca9b8e7ae1d939130ba7789dbd8be26558670e88d809950,county sum of HCD APR Table A2 reported units,"Entitlements, building permits, and completions are distinct production stages.",comparable_within_series
accessory_dwelling_units,adu_completed_units,ADU completed units,06013,Contra Costa,2022,2022-12-31,annual,269.0,housing units,CA_HCD_APR_TABLE_A2,HCD-APR-TABLE-A2-2022-portal-current,2026-08-10T17:11:13Z,60556989c07686cc4af51409c4e0761edc273bafa18a65e6a0c4fdc3ac96c4cc,county sum of HCD APR Table A2 reported units,"Entitlements, building permits, and completions are distinct production stages.",comparable_within_series
accessory_dwelling_units,adu_completed_units,ADU completed units,06013,Contra Costa,2023,2023-12-31,annual,424.0,housing units,CA_HCD_APR_TABLE_A2,HCD-APR-TABLE-A2-2023-portal-current,2026-08-10T17:11:13Z,d5a42e856f7a486094b1a52da7413fa582d45472ab18a6ae572bba1930a8069c,county sum of HCD APR Table A2 reported units,"Entitlements, building permits, and completions are distinct production stages.",comparable_within_series
accessory_dwelling_units,adu_completed_units,ADU completed units,06013,Contra Costa,2024,2024-12-31,annual,429.0,housing units,CA_HCD_APR_TABLE_A2,HCD-APR-TABLE-A2-2024-portal-current,2026-08-10T17:11:13Z,efedc570ed4198bb4143b012c1926c817a047bd23278b2b2b19270889b52d13b,county sum of HCD APR Table A2 reported units,"Entitlements, building permits, and completions are distinct production stages.",comparable_within_series
accessory_dwelling_units,adu_completed_units,ADU completed units,06013,Contra Costa,2025,2025-12-31,annual,463.0,housing units,CA_HCD_APR_TABLE_A2,HCD-APR-TABLE-A2-2025-portal-current,2026-08-10T17:11:13Z,e5e85e9677a374bd30beeeb7848a802f790f9425b78fe84c0ef8096e2394b297,county sum of HCD APR Table A2 reported units,"Entitlements, building permits, and completions are distinct production stages.",comparable_within_series
accessory_dwelling_units,adu_completed_units,ADU completed units,06041,Marin,2018,2018-12-31,annual,52.0,housing units,CA_HCD_APR_TABLE_A2,HCD-APR-TABLE-A2-2018-portal-current,2026-08-10T17:11:13Z,2eda34f589a502ed96d65bbdc8ce37cfa225aedf755805a5453eb8c40e926d43,county sum of HCD APR Table A2 reported units,"Entitlements, building permits, and completions are distinct production stages.",comparable_within_series
accessory_dwelling_units,adu_completed_units,ADU completed units,06041,Marin,2019,2019-12-31,annual,64.0,housing units,CA_HCD_APR_TABLE_A2,HCD-APR-TABLE-A2-2019-portal-current,2026-08-10T17:11:13Z,2909761266532f15be992976ff4f8ac5e86198994135f5fd6e17f4930c1de8f6,county sum of HCD APR Table A2 reported units,"Entitlements, building permits, and completions are distinct production stages.",comparable_within_series
accessory_dwelling_units,adu_completed_units,ADU completed units,06041,Marin,2020,2020-12-31,annual,59.0,housing units,CA_HCD_APR_TABLE_A2,HCD-APR-TABLE-A2-2020-portal-current,2026-08-10T17:11:13Z,dd5239737a286de14f0cb94cb934e788a2734baa54fafb493cc326ab118f98e2,county sum of HCD APR Table A2 reported units,"Entitlements, building permits, and completions are distinct production stages.",comparable_within_series
accessory_dwelling_units,adu_completed_units,ADU completed units,06041,Marin,2021,2021-12-31,annual,121.0,housing units,CA_HCD_APR_TABLE_A2,HCD-APR-TABLE-A2-2021-portal-current,2026-08-10T17:11:13Z,5a78db14b37ff087cca9b8e7ae1d939130ba7789dbd8be26558670e88d809950,county sum of HCD APR Table A2 reported units,"Entitlements, building permits, and completions are distinct production stages.",comparable_within_series
accessory_dwelling_units,adu_completed_units,ADU completed units,06041,Marin,2022,2022-12-31,annual,109.0,housing units,CA_HCD_APR_TABLE_A2,HCD-APR-TABLE-A2-2022-portal-current,2026-08-10T17:11:13Z,60556989c07686cc4af51409c4e0761edc273bafa18a65e6a0c4fdc3ac96c4cc,county sum of HCD APR Table A2 reported units,"Entitlements, building permits, and completions are distinct production stages.",comparable_within_series
accessory_dwelling_units,adu_completed_units,ADU completed units,06041,Marin,2023,2023-12-31,annual,129.0,housing units,CA_HCD_APR_TABLE_A2,HCD-APR-TABLE-A2-2023-portal-current,2026-08-10T17:11:13Z,d5a42e856f7a486094b1a52da7413fa582d45472ab18a6ae572bba1930a8069c,county sum of HCD APR Table A2 reported units,"Entitlements, building permits, and completions are distinct production stages.",comparable_within_series
accessory_dwelling_units,adu_completed_units,ADU completed units,06041,Marin,2024,2024-12-31,annual,171.0,housing units,CA_HCD_APR_TABLE_A2,HCD-APR-TABLE-A2-2024-portal-current,2026-08-10T17:11:13Z,efedc570ed4198bb4143b012c1926c817a047bd23278b2b2b19270889b52d13b,county sum of HCD APR Table A2 reported units,"Entitlements, building permits, and completions are distinct production stages.",comparable_within_series
accessory_dwelling_units,adu_completed_units,ADU completed units,06041,Marin,2025,2025-12-31,annual,205.0,housing units,CA_HCD_APR_TABLE_A2,HCD-APR-TABLE-A2-2025-portal-current,2026-08-10T17:11:13Z,e5e85e9677a374bd30beeeb7848a802f790f9425b78fe84c0ef8096e2394b297,county sum of HCD APR Table A2 reported units,"Entitlements, building permits, and completions are distinct production stages.",comparable_within_series
accessory_dwelling_units,adu_completed_units,ADU completed units,06055,Napa,2018,2018-12-31,annual,23.0,housing units,CA_HCD_APR_TABLE_A2,HCD-APR-TABLE-A2-2018-portal-current,2026-08-10T17:11:13Z,2eda34f589a502ed96d65bbdc8ce37cfa225aedf755805a5453eb8c40e926d43,county sum of HCD APR Table A2 reported units,"Entitlements, building permits, and completions are distinct production stages.",comparable_within_series
accessory_dwelling_units,adu_completed_units,ADU completed units,06055,Napa,2019,2019-12-31,annual,33.0,housing units,CA_HCD_APR_TABLE_A2,HCD-APR-TABLE-A2-2019-portal-current,2026-08-10T17:11:13Z,2909761266532f15be992976ff4f8ac5e86198994135f5fd6e17f4930c1de8f6,county sum of HCD APR Table A2 reported units,"Entitlements, building permits, and completions are distinct production stages.",comparable_within_series
accessory_dwelling_units,adu_completed_units,ADU completed units,06055,Napa,2020,2020-12-31,annual,22.0,housing units,CA_HCD_APR_TABLE_A2,HCD-APR-TABLE-A2-2020-portal-current,2026-08-10T17:11:13Z,dd5239737a286de14f0cb94cb934e788a2734baa54fafb493cc326ab118f98e2,county sum of HCD APR Table A2 reported units,"Entitlements, building permits, and completions are distinct production stages.",comparable_within_series
accessory_dwelling_units,adu_completed_units,ADU completed units,06055,Napa,2021,2021-12-31,annual,17.0,housing units,CA_HCD_APR_TABLE_A2,HCD-APR-TABLE-A2-2021-portal-current,2026-08-10T17:11:13Z,5a78db14b37ff087cca9b8e7ae1d939130ba7789dbd8be26558670e88d809950,county sum of HCD APR Table A2 reported units,"Entitlements, building permits, and completions are distinct production stages.",comparable_within_series
accessory_dwelling_units,adu_completed_units,ADU completed units,06055,Napa,2022,2022-12-31,annual,15.0,housing units,CA_HCD_APR_TABLE_A2,HCD-APR-TABLE-A2-2022-portal-current,2026-08-10T17:11:13Z,60556989c07686cc4af51409c4e0761edc273bafa18a65e6a0c4fdc3ac96c4cc,county sum of HCD APR Table A2 reported units,"Entitlements, building permits, and completions are distinct production stages.",comparable_within_series
accessory_dwelling_units,adu_completed_units,ADU completed units,06055,Napa,2023,2023-12-31,annual,65.0,housing units,CA_HCD_APR_TABLE_A2,HCD-APR-TABLE-A2-2023-portal-current,2026-08-10T17:11:13Z,d5a42e856f7a486094b1a52da7413fa582d45472ab18a6ae572bba1930a8069c,county sum of HCD APR Table A2 reported units,"Entitlements, building permits, and completions are distinct production stages.",comparable_within_series
accessory_dwelling_units,adu_completed_units,ADU completed units,06055,Napa,2024,2024-12-31,annual,41.0,housing units,CA_HCD_APR_TABLE_A2,HCD-APR-TABLE-A2-2024-portal-current,2026-08-10T17:11:13Z,efedc570ed4198bb4143b012c1926c817a047bd23278b2b2b19270889b52d13b,county sum of HCD APR Table A2 reported units,"Entitlements, building permits, and completions are distinct production stages.",comparable_within_series
accessory_dwelling_units,adu_completed_units,ADU completed units,06055,Napa,2025,2025-12-31,annual,107.0,housing units,CA_HCD_APR_TABLE_A2,HCD-APR-TABLE-A2-2025-portal-current,2026-08-10T17:11:13Z,e5e85e9677a374bd30beeeb7848a802f790f9425b78fe84c0ef8096e2394b297,county sum of HCD APR Table A2 reported units,"Entitlements, building permits, and completions are distinct production stages.",comparable_within_series
accessory_dwelling_units,adu_completed_units,ADU completed units,06075,San Francisco,2018,2018-12-31,annual,99.0,housing units,CA_HCD_APR_TABLE_A2,HCD-APR-TABLE-A2-2018-portal-current,2026-08-10T17:11:13Z,2eda34f589a502ed96d65bbdc8ce37cfa225aedf755805a5453eb8c40e926d43,county sum of HCD APR Table A2 reported units,"Entitlements, building permits, and completions are distinct production stages.",comparable_within_series
accessory_dwelling_units,adu_completed_units,ADU completed units,06075,San Francisco,2019,2019-12-31,annual,176.0,housing units,CA_HCD_APR_TABLE_A2,HCD-APR-TABLE-A2-2019-portal-current,2026-08-10T17:11:13Z,2909761266532f15be992976ff4f8ac5e86198994135f5fd6e17f4930c1de8f6,county sum of HCD APR Table A2 reported units,"Entitlements, building permits, and completions are distinct production stages.",comparable_within_series
accessory_dwelling_units,adu_completed_units,ADU completed units,06075,San Francisco,2020,2020-12-31,annual,159.0,housing units,CA_HCD_APR_TABLE_A2,HCD-APR-TABLE-A2-2020-portal-current,2026-08-10T17:11:13Z,dd5239737a286de14f0cb94cb934e788a2734baa54fafb493cc326ab118f98e2,county sum of HCD APR Table A2 reported units,"Entitlements, building permits, and completions are distinct production stages.",comparable_within_series
accessory_dwelling_units,adu_completed_units,ADU completed units,06075,San Francisco,2021,2021-12-31,annual,251.0,housing units,CA_HCD_APR_TABLE_A2,HCD-APR-TABLE-A2-2021-portal-current,2026-08-10T17:11:13Z,5a78db14b37ff087cca9b8e7ae1d939130ba7789dbd8be26558670e88d809950,county sum of HCD APR Table A2 reported units,"Entitlements, building permits, and completions are distinct production stages.",comparable_within_series
accessory_dwelling_units,adu_completed_units,ADU completed units,06075,San Francisco,2022,2022-12-31,annual,254.0,housing units,CA_HCD_APR_TABLE_A2,HCD-APR-TABLE-A2-2022-portal-current,2026-08-10T17:11:13Z,60556989c07686cc4af51409c4e0761edc273bafa18a65e6a0c4fdc3ac96c4cc,county sum of HCD APR Table A2 reported units,"Entitlements, building permits, and completions are distinct production stages.",comparable_within_series
accessory_dwelling_units,adu_completed_units,ADU completed units,06075,San Francisco,2023,2023-12-31,annual,268.0,housing units,CA_HCD_APR_TABLE_A2,HCD-APR-TABLE-A2-2023-portal-current,2026-08-10T17:11:13Z,d5a42e856f7a486094b1a52da7413fa582d45472ab18a6ae572bba1930a8069c,county sum of HCD APR Table A2 reported units,"Entitlements, building permits, and completions are distinct production stages.",comparable_within_series
accessory_dwelling_units,adu_completed_units,ADU completed units,06075,San Francisco,2024,2024-12-31,annual,249.0,housing units,CA_HCD_APR_TABLE_A2,HCD-APR-TABLE-A2-2024-portal-current,2026-08-10T17:11:13Z,efedc570ed4198bb4143b012c1926c817a047bd23278b2b2b19270889b52d13b,county sum of HCD APR Table A2 reported units,"Entitlements, building permits, and completions are distinct production stages.",comparable_within_series
accessory_dwelling_units,adu_completed_units,ADU completed units,06075,San Francisco,2025,2025-12-31,annual,218.0,housing units,CA_HCD_APR_TABLE_A2,HCD-APR-TABLE-A2-2025-portal-current,2026-08-10T17:11:13Z,e5e85e9677a374bd30beeeb7848a802f790f9425b78fe84c0ef8096e2394b297,county sum of HCD APR Table A2 reported units,"Entitlements, building permits, and completions are distinct production stages.",comparable_within_series
accessory_dwelling_units,adu_completed_units,ADU completed units,06081,San Mateo,2018,2018-12-31,annual,153.0,housing units,CA_HCD_APR_TABLE_A2,HCD-APR-TABLE-A2-2018-portal-current,2026-08-10T17:11:13Z,2eda34f589a502ed96d65bbdc8ce37cfa225aedf755805a5453eb8c40e926d43,county sum of HCD APR Table A2 reported units,"Entitlements, building permits, and completions are distinct production stages.",comparable_within_series
accessory_dwelling_units,adu_completed_units,ADU completed units,06081,San Mateo,2019,2019-12-31,annual,214.0,housing units,CA_HCD_APR_TABLE_A2,HCD-APR-TABLE-A2-2019-portal-current,2026-08-10T17:11:13Z,2909761266532f15be992976ff4f8ac5e86198994135f5fd6e17f4930c1de8f6,county sum of HCD APR Table A2 reported units,"Entitlements, building permits, and completions are distinct production stages.",comparable_within_series
accessory_dwelling_units,adu_completed_units,ADU completed units,06081,San Mateo,2020,2020-12-31,annual,294.0,housing units,CA_HCD_APR_TABLE_A2,HCD-APR-TABLE-A2-2020-portal-current,2026-08-10T17:11:13Z,dd5239737a286de14f0cb94cb934e788a2734baa54fafb493cc326ab118f98e2,county sum of HCD APR Table A2 reported units,"Entitlements, building permits, and completions are distinct production stages.",comparable_within_series
accessory_dwelling_units,adu_completed_units,ADU completed units,06081,San Mateo,2021,2021-12-31,annual,325.0,housing units,CA_HCD_APR_TABLE_A2,HCD-APR-TABLE-A2-2021-portal-current,2026-08-10T17:11:13Z,5a78db14b37ff087cca9b8e7ae1d939130ba7789dbd8be26558670e88d809950,county sum of HCD APR Table A2 reported units,"Entitlements, building permits, and completions are distinct production stages.",comparable_within_series
accessory_dwelling_units,adu_completed_units,ADU completed units,06081,San Mateo,2022,2022-12-31,annual,381.0,housing units,CA_HCD_APR_TABLE_A2,HCD-APR-TABLE-A2-2022-portal-current,2026-08-10T17:11:13Z,60556989c07686cc4af51409c4e0761edc273bafa18a65e6a0c4fdc3ac96c4cc,county sum of HCD APR Table A2 reported units,"Entitlements, building permits, and completions are distinct production stages.",comparable_within_series
accessory_dwelling_units,adu_completed_units,ADU completed units,06081,San Mateo,2023,2023-12-31,annual,419.0,housing units,CA_HCD_APR_TABLE_A2,HCD-APR-TABLE-A2-2023-portal-current,2026-08-10T17:11:13Z,d5a42e856f7a486094b1a52da7413fa582d45472ab18a6ae572bba1930a8069c,county sum of HCD APR Table A2 reported units,"Entitlements, building permits, and completions are distinct production stages.",comparable_within_series
accessory_dwelling_units,adu_completed_units,ADU completed units,06081,San Mateo,2024,2024-12-31,annual,527.0,housing units,CA_HCD_APR_TABLE_A2,HCD-APR-TABLE-A2-2024-portal-current,2026-08-10T17:11:13Z,efedc570ed4198bb4143b012c1926c817a047bd23278b2b2b19270889b52d13b,county sum of HCD APR Table A2 reported units,"Entitlements, building permits, and completions are distinct production stages.",comparable_within_series
accessory_dwelling_units,adu_completed_units,ADU completed units,06081,San Mateo,2025,2025-12-31,annual,483.0,housing units,CA_HCD_APR_TABLE_A2,HCD-APR-TABLE-A2-2025-portal-current,2026-08-10T17:11:13Z,e5e85e9677a374bd30beeeb7848a802f790f9425b78fe84c0ef8096e2394b297,county sum of HCD APR Table A2 reported units,"Entitlements, building permits, and completions are distinct production stages.",comparable_within_series
accessory_dwelling_units,adu_completed_units,ADU completed units,06085,Santa Clara,2018,2018-12-31,annual,134.0,housing units,CA_HCD_APR_TABLE_A2,HCD-APR-TABLE-A2-2018-portal-current,2026-08-10T17:11:13Z,2eda34f589a502ed96d65bbdc8ce37cfa225aedf755805a5453eb8c40e926d43,county sum of HCD APR Table A2 reported units,"Entitlements, building permits, and completions are distinct production stages.",comparable_within_series
accessory_dwelling_units,adu_completed_units,ADU completed units,06085,Santa Clara,2019,2019-12-31,annual,299.0,housing units,CA_HCD_APR_TABLE_A2,HCD-APR-TABLE-A2-2019-portal-current,2026-08-10T17:11:13Z,2909761266532f15be992976ff4f8ac5e86198994135f5fd6e17f4930c1de8f6,county sum of HCD APR Table A2 reported units,"Entitlements, building permits, and completions are distinct production stages.",comparable_within_series
accessory_dwelling_units,adu_completed_units,ADU completed units,06085,Santa Clara,2020,2020-12-31,annual,461.0,housing units,CA_HCD_APR_TABLE_A2,HCD-APR-TABLE-A2-2020-portal-current,2026-08-10T17:11:13Z,dd5239737a286de14f0cb94cb934e788a2734baa54fafb493cc326ab118f98e2,county sum of HCD APR Table A2 reported units,"Entitlements, building permits, and completions are distinct production stages.",comparable_within_series
accessory_dwelling_units,adu_completed_units,ADU completed units,06085,Santa Clara,2021,2021-12-31,annual,628.0,housing units,CA_HCD_APR_TABLE_A2,HCD-APR-TABLE-A2-2021-portal-current,2026-08-10T17:11:13Z,5a78db14b37ff087cca9b8e7ae1d939130ba7789dbd8be26558670e88d809950,county sum of HCD APR Table A2 reported units,"Entitlements, building permits, and completions are distinct production stages.",comparable_within_series
accessory_dwelling_units,adu_completed_units,ADU completed units,06085,Santa Clara,2022,2022-12-31,annual,675.0,housing units,CA_HCD_APR_TABLE_A2,HCD-APR-TABLE-A2-2022-portal-current,2026-08-10T17:11:13Z,60556989c07686cc4af51409c4e0761edc273bafa18a65e6a0c4fdc3ac96c4cc,county sum of HCD APR Table A2 reported units,"Entitlements, building permits, and completions are distinct production stages.",comparable_within_series
accessory_dwelling_units,adu_completed_units,ADU completed units,06085,Santa Clara,2023,2023-12-31,annual,943.0,housing units,CA_HCD_APR_TABLE_A2,HCD-APR-TABLE-A2-2023-portal-current,2026-08-10T17:11:13Z,d5a42e856f7a486094b1a52da7413fa582d45472ab18a6ae572bba1930a8069c,county sum of HCD APR Table A2 reported units,"Entitlements, building permits, and completions are distinct production stages.",comparable_within_series
accessory_dwelling_units,adu_completed_units,ADU completed units,06085,Santa Clara,2024,2024-12-31,annual,1109.0,housing units,CA_HCD_APR_TABLE_A2,HCD-APR-TABLE-A2-2024-portal-current,2026-08-10T17:11:13Z,efedc570ed4198bb4143b012c1926c817a047bd23278b2b2b19270889b52d13b,county sum of HCD APR Table A2 reported units,"Entitlements, building permits, and completions are distinct production stages.",comparable_within_series
accessory_dwelling_units,adu_completed_units,ADU completed units,06085,Santa Clara,2025,2025-12-31,annual,1232.0,housing units,CA_HCD_APR_TABLE_A2,HCD-APR-TABLE-A2-2025-portal-current,2026-08-10T17:11:13Z,e5e85e9677a374bd30beeeb7848a802f790f9425b78fe84c0ef8096e2394b297,county sum of HCD APR Table A2 reported units,"Entitlements, building permits, and completions are distinct production stages.",comparable_within_series
accessory_dwelling_units,adu_completed_units,ADU completed units,06095,Solano,2018,2018-12-31,annual,14.0,housing units,CA_HCD_APR_TABLE_A2,HCD-APR-TABLE-A2-2018-portal-current,2026-08-10T17:11:13Z,2eda34f589a502ed96d65bbdc8ce37cfa225aedf755805a5453eb8c40e926d43,county sum of HCD APR Table A2 reported units,"Entitlements, building permits, and completions are distinct production stages.",comparable_within_series
accessory_dwelling_units,adu_completed_units,ADU completed units,06095,Solano,2019,2019-12-31,annual,23.0,housing units,CA_HCD_APR_TABLE_A2,HCD-APR-TABLE-A2-2019-portal-current,2026-08-10T17:11:13Z,2909761266532f15be992976ff4f8ac5e86198994135f5fd6e17f4930c1de8f6,county sum of HCD APR Table A2 reported units,"Entitlements, building permits, and completions are distinct production stages.",comparable_within_series
accessory_dwelling_units,adu_completed_units,ADU completed units,06095,Solano,2020,2020-12-31,annual,24.0,housing units,CA_HCD_APR_TABLE_A2,HCD-APR-TABLE-A2-2020-portal-current,2026-08-10T17:11:13Z,dd5239737a286de14f0cb94cb934e788a2734baa54fafb493cc326ab118f98e2,county sum of HCD APR Table A2 reported units,"Entitlements, building permits, and completions are distinct production stages.",comparable_within_series
accessory_dwelling_units,adu_completed_units,ADU completed units,06095,Solano,2021,2021-12-31,annual,31.0,housing units,CA_HCD_APR_TABLE_A2,HCD-APR-TABLE-A2-2021-portal-current,2026-08-10T17:11:13Z,5a78db14b37ff087cca9b8e7ae1d939130ba7789dbd8be26558670e88d809950,county sum of HCD APR Table A2 reported units,"Entitlements, building permits, and completions are distinct production stages.",comparable_within_series
accessory_dwelling_units,adu_completed_units,ADU completed units,06095,Solano,2022,2022-12-31,annual,24.0,housing units,CA_HCD_APR_TABLE_A2,HCD-APR-TABLE-A2-2022-portal-current,2026-08-10T17:11:13Z,60556989c07686cc4af51409c4e0761edc273bafa18a65e6a0c4fdc3ac96c4cc,county sum of HCD APR Table A2 reported units,"Entitlements, building permits, and completions are distinct production stages.",comparable_within_series
accessory_dwelling_units,adu_completed_units,ADU completed units,06095,Solano,2023,2023-12-31,annual,47.0,housing units,CA_HCD_APR_TABLE_A2,HCD-APR-TABLE-A2-2023-portal-current,2026-08-10T17:11:13Z,d5a42e856f7a486094b1a52da7413fa582d45472ab18a6ae572bba1930a8069c,county sum of HCD APR Table A2 reported units,"Entitlements, building permits, and completions are distinct production stages.",comparable_within_series
accessory_dwelling_units,adu_completed_units,ADU completed units,06095,Solano,2024,2024-12-31,annual,68.0,housing units,CA_HCD_APR_TABLE_A2,HCD-APR-TABLE-A2-2024-portal-current,2026-08-10T17:11:13Z,efedc570ed4198bb4143b012c1926c817a047bd23278b2b2b19270889b52d13b,county sum of HCD APR Table A2 reported units,"Entitlements, building permits, and completions are distinct production stages.",comparable_within_series
accessory_dwelling_units,adu_completed_units,ADU completed units,06095,Solano,2025,2025-12-31,annual,170.0,housing units,CA_HCD_APR_TABLE_A2,HCD-APR-TABLE-A2-2025-portal-current,2026-08-10T17:11:13Z,e5e85e9677a374bd30beeeb7848a802f790f9425b78fe84c0ef8096e2394b297,county sum of HCD APR Table A2 reported units,"Entitlements, building permits, and completions are distinct production stages.",comparable_within_series
accessory_dwelling_units,adu_completed_units,ADU completed units,06097,Sonoma,2018,2018-12-31,annual,92.0,housing units,CA_HCD_APR_TABLE_A2,HCD-APR-TABLE-A2-2018-portal-current,2026-08-10T17:11:13Z,2eda34f589a502ed96d65bbdc8ce37cfa225aedf755805a5453eb8c40e926d43,county sum of HCD APR Table A2 reported units,"Entitlements, building permits, and completions are distinct production stages.",comparable_within_series
accessory_dwelling_units,adu_completed_units,ADU completed units,06097,Sonoma,2019,2019-12-31,annual,121.0,housing units,CA_HCD_APR_TABLE_A2,HCD-APR-TABLE-A2-2019-portal-current,2026-08-10T17:11:13Z,2909761266532f15be992976ff4f8ac5e86198994135f5fd6e17f4930c1de8f6,county sum of HCD APR Table A2 reported units,"Entitlements, building permits, and completions are distinct production stages.",comparable_within_series
accessory_dwelling_units,adu_completed_units,ADU completed units,06097,Sonoma,2020,2020-12-31,annual,142.0,housing units,CA_HCD_APR_TABLE_A2,HCD-APR-TABLE-A2-2020-portal-current,2026-08-10T17:11:13Z,dd5239737a286de14f0cb94cb934e788a2734baa54fafb493cc326ab118f98e2,county sum of HCD APR Table A2 reported units,"Entitlements, building permits, and completions are distinct production stages.",comparable_within_series
accessory_dwelling_units,adu_completed_units,ADU completed units,06097,Sonoma,2021,2021-12-31,annual,132.0,housing units,CA_HCD_APR_TABLE_A2,HCD-APR-TABLE-A2-2021-portal-current,2026-08-10T17:11:13Z,5a78db14b37ff087cca9b8e7ae1d939130ba7789dbd8be26558670e88d809950,county sum of HCD APR Table A2 reported units,"Entitlements, building permits, and completions are distinct production stages.",comparable_within_series
accessory_dwelling_units,adu_completed_units,ADU completed units,06097,Sonoma,2022,2022-12-31,annual,228.0,housing units,CA_HCD_APR_TABLE_A2,HCD-APR-TABLE-A2-2022-portal-current,2026-08-10T17:11:13Z,60556989c07686cc4af51409c4e0761edc273bafa18a65e6a0c4fdc3ac96c4cc,county sum of HCD APR Table A2 reported units,"Entitlements, building permits, and completions are distinct production stages.",comparable_within_series
accessory_dwelling_units,adu_completed_units,ADU completed units,06097,Sonoma,2023,2023-12-31,annual,174.0,housing units,CA_HCD_APR_TABLE_A2,HCD-APR-TABLE-A2-2023-portal-current,2026-08-10T17:11:13Z,d5a42e856f7a486094b1a52da7413fa582d45472ab18a6ae572bba1930a8069c,county sum of HCD APR Table A2 reported units,"Entitlements, building permits, and completions are distinct production stages.",comparable_within_series
accessory_dwelling_units,adu_completed_units,ADU completed units,06097,Sonoma,2024,2024-12-31,annual,164.0,housing units,CA_HCD_APR_TABLE_A2,HCD-APR-TABLE-A2-2024-portal-current,2026-08-10T17:11:13Z,efedc570ed4198bb4143b012c1926c817a047bd23278b2b2b19270889b52d13b,county sum of HCD APR Table A2 reported units,"Entitlements, building permits, and completions are distinct production stages.",comparable_within_series
accessory_dwelling_units,adu_completed_units,ADU completed units,06097,Sonoma,2025,2025-12-31,annual,318.0,housing units,CA_HCD_APR_TABLE_A2,HCD-APR-TABLE-A2-2025-portal-current,2026-08-10T17:11:13Z,e5e85e9677a374bd30beeeb7848a802f790f9425b78fe84c0ef8096e2394b297,county sum of HCD APR Table A2 reported units,"Entitlements, building permits, and completions are distinct production stages.",comparable_within_series
accessory_dwelling_units,adu_entitled_units,ADU entitled units,06001,Alameda,2018,2018-12-31,annual,436.0,housing units,CA_HCD_APR_TABLE_A2,HCD-APR-TABLE-A2-2018-portal-current,2026-08-10T17:11:13Z,2eda34f589a502ed96d65bbdc8ce37cfa225aedf755805a5453eb8c40e926d43,county sum of HCD APR Table A2 reported units,"Entitlements, building permits, and completions are distinct production stages.",comparable_within_series
accessory_dwelling_units,adu_entitled_units,ADU entitled units,06001,Alameda,2019,2019-12-31,annual,499.0,housing units,CA_HCD_APR_TABLE_A2,HCD-APR-TABLE-A2-2019-portal-current,2026-08-10T17:11:13Z,2909761266532f15be992976ff4f8ac5e86198994135f5fd6e17f4930c1de8f6,county sum of HCD APR Table A2 reported units,"Entitlements, building permits, and completions are distinct production stages.",comparable_within_series
accessory_dwelling_units,adu_entitled_units,ADU entitled units,06001,Alameda,2020,2020-12-31,annual,676.0,housing units,CA_HCD_APR_TABLE_A2,HCD-APR-TABLE-A2-2020-portal-current,2026-08-10T17:11:13Z,dd5239737a286de14f0cb94cb934e788a2734baa54fafb493cc326ab118f98e2,county sum of HCD APR Table A2 reported units,"Entitlements, building permits, and completions are distinct production stages.",comparable_within_series
accessory_dwelling_units,adu_entitled_units,ADU entitled units,06001,Alameda,2021,2021-12-31,annual,714.0,housing units,CA_HCD_APR_TABLE_A2,HCD-APR-TABLE-A2-2021-portal-current,2026-08-10T17:11:13Z,5a78db14b37ff087cca9b8e7ae1d939130ba7789dbd8be26558670e88d809950,county sum of HCD APR Table A2 reported units,"Entitlements, building permits, and completions are distinct production stages.",comparable_within_series
accessory_dwelling_units,adu_entitled_units,ADU entitled units,06001,Alameda,2022,2022-12-31,annual,797.0,housing units,CA_HCD_APR_TABLE_A2,HCD-APR-TABLE-A2-2022-portal-current,2026-08-10T17:11:13Z,60556989c07686cc4af51409c4e0761edc273bafa18a65e6a0c4fdc3ac96c4cc,county sum of HCD APR Table A2 reported units,"Entitlements, building permits, and completions are distinct production stages.",comparable_within_series
accessory_dwelling_units,adu_entitled_units,ADU entitled units,06001,Alameda,2023,2023-12-31,annual,814.0,housing units,CA_HCD_APR_TABLE_A2,HCD-APR-TABLE-A2-2023-portal-current,2026-08-10T17:11:13Z,d5a42e856f7a486094b1a52da7413fa582d45472ab18a6ae572bba1930a8069c,county sum of HCD APR Table A2 reported units,"Entitlements, building permits, and completions are distinct production stages.",comparable_within_series
accessory_dwelling_units,adu_entitled_units,ADU entitled units,06001,Alameda,2024,2024-12-31,annual,890.0,housing units,CA_HCD_APR_TABLE_A2,HCD-APR-TABLE-A2-2024-portal-current,2026-08-10T17:11:13Z,efedc570ed4198bb4143b012c1926c817a047bd23278b2b2b19270889b52d13b,county sum of HCD APR Table A2 reported units,"Entitlements, building permits, and completions are distinct production stages.",comparable_within_series
accessory_dwelling_units,adu_entitled_units,ADU entitled units,06001,Alameda,2025,2025-12-31,annual,833.0,housing units,CA_HCD_APR_TABLE_A2,HCD-APR-TABLE-A2-2025-portal-current,2026-08-10T17:11:13Z,e5e85e9677a374bd30beeeb7848a802f790f9425b78fe84c0ef8096e2394b297,county sum of HCD APR Table A2 reported units,"Entitlements, building permits, and completions are distinct production stages.",comparable_within_series
accessory_dwelling_units,adu_entitled_units,ADU entitled units,06013,Contra Costa,2018,2018-12-31,annual,164.0,housing units,CA_HCD_APR_TABLE_A2,HCD-APR-TABLE-A2-2018-portal-current,2026-08-10T17:11:13Z,2eda34f589a502ed96d65bbdc8ce37cfa225aedf755805a5453eb8c40e926d43,county sum of HCD APR Table A2 reported units,"Entitlements, building permits, and completions are distinct production stages.",comparable_within_series
accessory_dwelling_units,adu_entitled_units,ADU entitled units,06013,Contra Costa,2019,2019-12-31,annual,256.0,housing units,CA_HCD_APR_TABLE_A2,HCD-APR-TABLE-A2-2019-portal-current,2026-08-10T17:11:13Z,2909761266532f15be992976ff4f8ac5e86198994135f5fd6e17f4930c1de8f6,county sum of HCD APR Table A2 reported units,"Entitlements, building permits, and completions are distinct production stages.",comparable_within_series
accessory_dwelling_units,adu_entitled_units,ADU entitled units,06013,Contra Costa,2020,2020-12-31,annual,260.0,housing units,CA_HCD_APR_TABLE_A2,HCD-APR-TABLE-A2-2020-portal-current,2026-08-10T17:11:13Z,dd5239737a286de14f0cb94cb934e788a2734baa54fafb493cc326ab118f98e2,county sum of HCD APR Table A2 reported units,"Entitlements, building permits, and completions are distinct production stages.",comparable_within_series
accessory_dwelling_units,adu_entitled_units,ADU entitled units,06013,Contra Costa,2021,2021-12-31,annual,418.0,housing units,CA_HCD_APR_TABLE_A2,HCD-APR-TABLE-A2-2021-portal-current,2026-08-10T17:11:13Z,5a78db14b37ff087cca9b8e7ae1d939130ba7789dbd8be26558670e88d809950,county sum of HCD APR Table A2 reported units,"Entitlements, building permits, and completions are distinct production stages.",comparable_within_series
accessory_dwelling_units,adu_entitled_units,ADU entitled units,06013,Contra Costa,2022,2022-12-31,annual,530.0,housing units,CA_HCD_APR_TABLE_A2,HCD-APR-TABLE-A2-2022-portal-current,2026-08-10T17:11:13Z,60556989c07686cc4af51409c4e0761edc273bafa18a65e6a0c4fdc3ac96c4cc,county sum of HCD APR Table A2 reported units,"Entitlements, building permits, and completions are distinct production stages.",comparable_within_series
accessory_dwelling_units,adu_entitled_units,ADU entitled units,06013,Contra Costa,2023,2023-12-31,annual,684.0,housing units,CA_HCD_APR_TABLE_A2,HCD-APR-TABLE-A2-2023-portal-current,2026-08-10T17:11:13Z,d5a42e856f7a486094b1a52da7413fa582d45472ab18a6ae572bba1930a8069c,county sum of HCD APR Table A2 reported units,"Entitlements, building permits, and completions are distinct production stages.",comparable_within_series
accessory_dwelling_units,adu_entitled_units,ADU entitled units,06013,Contra Costa,2024,2024-12-31,annual,870.0,housing units,CA_HCD_APR_TABLE_A2,HCD-APR-TABLE-A2-2024-portal-current,2026-08-10T17:11:13Z,efedc570ed4198bb4143b012c1926c817a047bd23278b2b2b19270889b52d13b,county sum of HCD APR Table A2 reported units,"Entitlements, building permits, and completions are distinct production stages.",comparable_within_series
accessory_dwelling_units,adu_entitled_units,ADU entitled units,06013,Contra Costa,2025,2025-12-31,annual,659.0,housing units,CA_HCD_APR_TABLE_A2,HCD-APR-TABLE-A2-2025-portal-current,2026-08-10T17:11:13Z,e5e85e9677a374bd30beeeb7848a802f790f9425b78fe84c0ef8096e2394b297,county sum of HCD APR Table A2 reported units,"Entitlements, building permits, and completions are distinct production stages.",comparable_within_series
accessory_dwelling_units,adu_entitled_units,ADU entitled units,06041,Marin,2018,2018-12-31,annual,83.0,housing units,CA_HCD_APR_TABLE_A2,HCD-APR-TABLE-A2-2018-portal-current,2026-08-10T17:11:13Z,2eda34f589a502ed96d65bbdc8ce37cfa225aedf755805a5453eb8c40e926d43,county sum of HCD APR Table A2 reported units,"Entitlements, building permits, and completions are distinct production stages.",comparable_within_series
accessory_dwelling_units,adu_entitled_units,ADU entitled units,06041,Marin,2019,2019-12-31,annual,74.0,housing units,CA_HCD_APR_TABLE_A2,HCD-APR-TABLE-A2-2019-portal-current,2026-08-10T17:11:13Z,2909761266532f15be992976ff4f8ac5e86198994135f5fd6e17f4930c1de8f6,county sum of HCD APR Table A2 reported units,"Entitlements, building permits, and completions are distinct production stages.",comparable_within_series
accessory_dwelling_units,adu_entitled_units,ADU entitled units,06041,Marin,2020,2020-12-31,annual,124.0,housing units,CA_HCD_APR_TABLE_A2,HCD-APR-TABLE-A2-2020-portal-current,2026-08-10T17:11:13Z,dd5239737a286de14f0cb94cb934e788a2734baa54fafb493cc326ab118f98e2,county sum of HCD APR Table A2 reported units,"Entitlements, building permits, and completions are distinct production stages.",comparable_within_series
accessory_dwelling_units,adu_entitled_units,ADU entitled units,06041,Marin,2021,2021-12-31,annual,142.0,housing units,CA_HCD_APR_TABLE_A2,HCD-APR-TABLE-A2-2021-portal-current,2026-08-10T17:11:13Z,5a78db14b37ff087cca9b8e7ae1d939130ba7789dbd8be26558670e88d809950,county sum of HCD APR Table A2 reported units,"Entitlements, building permits, and completions are distinct production stages.",comparable_within_series
accessory_dwelling_units,adu_entitled_units,ADU entitled units,06041,Marin,2022,2022-12-31,annual,135.0,housing units,CA_HCD_APR_TABLE_A2,HCD-APR-TABLE-A2-2022-portal-current,2026-08-10T17:11:13Z,60556989c07686cc4af51409c4e0761edc273bafa18a65e6a0c4fdc3ac96c4cc,county sum of HCD APR Table A2 reported units,"Entitlements, building permits, and completions are distinct production stages.",comparable_within_series
accessory_dwelling_units,adu_entitled_units,ADU entitled units,06041,Marin,2023,2023-12-31,annual,169.0,housing units,CA_HCD_APR_TABLE_A2,HCD-APR-TABLE-A2-2023-portal-current,2026-08-10T17:11:13Z,d5a42e856f7a486094b1a52da7413fa582d45472ab18a6ae572bba1930a8069c,county sum of HCD APR Table A2 reported units,"Entitlements, building permits, and completions are distinct production stages.",comparable_within_series
accessory_dwelling_units,adu_entitled_units,ADU entitled units,06041,Marin,2024,2024-12-31,annual,167.0,housing units,CA_HCD_APR_TABLE_A2,HCD-APR-TABLE-A2-2024-portal-current,2026-08-10T17:11:13Z,efedc570ed4198bb4143b012c1926c817a047bd23278b2b2b19270889b52d13b,county sum of HCD APR Table A2 reported units,"Entitlements, building permits, and completions are distinct production stages.",comparable_within_series
accessory_dwelling_units,adu_entitled_units,ADU entitled units,06041,Marin,2025,2025-12-31,annual,186.0,housing units,CA_HCD_APR_TABLE_A2,HCD-APR-TABLE-A2-2025-portal-current,2026-08-10T17:11:13Z,e5e85e9677a374bd30beeeb7848a802f790f9425b78fe84c0ef8096e2394b297,county sum of HCD APR Table A2 reported units,"Entitlements, building permits, and completions are distinct production stages.",comparable_within_series
accessory_dwelling_units,adu_entitled_units,ADU entitled units,06055,Napa,2018,2018-12-31,annual,41.0,housing units,CA_HCD_APR_TABLE_A2,HCD-APR-TABLE-A2-2018-portal-current,2026-08-10T17:11:13Z,2eda34f589a502ed96d65bbdc8ce37cfa225aedf755805a5453eb8c40e926d43,county sum of HCD APR Table A2 reported units,"Entitlements, building permits, and completions are distinct production stages.",comparable_within_series
accessory_dwelling_units,adu_entitled_units,ADU entitled units,06055,Napa,2019,2019-12-31,annual,22.0,housing units,CA_HCD_APR_TABLE_A2,HCD-APR-TABLE-A2-2019-portal-current,2026-08-10T17:11:13Z,2909761266532f15be992976ff4f8ac5e86198994135f5fd6e17f4930c1de8f6,county sum of HCD APR Table A2 reported units,"Entitlements, building permits, and completions are distinct production stages.",comparable_within_series
accessory_dwelling_units,adu_entitled_units,ADU entitled units,06055,Napa,2020,2020-12-31,annual,32.0,housing units,CA_HCD_APR_TABLE_A2,HCD-APR-TABLE-A2-2020-portal-current,2026-08-10T17:11:13Z,dd5239737a286de14f0cb94cb934e788a2734baa54fafb493cc326ab118f98e2,county sum of HCD APR Table A2 reported units,"Entitlements, building permits, and completions are distinct production stages.",comparable_within_series
accessory_dwelling_units,adu_entitled_units,ADU entitled units,06055,Napa,2021,2021-12-31,annual,8.0,housing units,CA_HCD_APR_TABLE_A2,HCD-APR-TABLE-A2-2021-portal-current,2026-08-10T17:11:13Z,5a78db14b37ff087cca9b8e7ae1d939130ba7789dbd8be26558670e88d809950,county sum of HCD APR Table A2 reported units,"Entitlements, building permits, and completions are distinct production stages.",comparable_within_series
accessory_dwelling_units,adu_entitled_units,ADU entitled units,06055,Napa,2022,2022-12-31,annual,16.0,housing units,CA_HCD_APR_TABLE_A2,HCD-APR-TABLE-A2-2022-portal-current,2026-08-10T17:11:13Z,60556989c07686cc4af51409c4e0761edc273bafa18a65e6a0c4fdc3ac96c4cc,county sum of HCD APR Table A2 reported units,"Entitlements, building permits, and completions are distinct production stages.",comparable_within_series
accessory_dwelling_units,adu_entitled_units,ADU entitled units,06055,Napa,2023,2023-12-31,annual,70.0,housing units,CA_HCD_APR_TABLE_A2,HCD-APR-TABLE-A2-2023-portal-current,2026-08-10T17:11:13Z,d5a42e856f7a486094b1a52da7413fa582d45472ab18a6ae572bba1930a8069c,county sum of HCD APR Table A2 reported units,"Entitlements, building permits, and completions are distinct production stages.",comparable_within_series
accessory_dwelling_units,adu_entitled_units,ADU entitled units,06055,Napa,2024,2024-12-31,annual,14.0,housing units,CA_HCD_APR_TABLE_A2,HCD-APR-TABLE-A2-2024-portal-current,2026-08-10T17:11:13Z,efedc570ed4198bb4143b012c1926c817a047bd23278b2b2b19270889b52d13b,county sum of HCD APR Table A2 reported units,"Entitlements, building permits, and completions are distinct production stages.",comparable_within_series
accessory_dwelling_units,adu_entitled_units,ADU entitled units,06055,Napa,2025,2025-12-31,annual,26.0,housing units,CA_HCD_APR_TABLE_A2,HCD-APR-TABLE-A2-2025-portal-current,2026-08-10T17:11:13Z,e5e85e9677a374bd30beeeb7848a802f790f9425b78fe84c0ef8096e2394b297,county sum of HCD APR Table A2 reported units,"Entitlements, building permits, and completions are distinct production stages.",comparable_within_series
accessory_dwelling_units,adu_entitled_units,ADU entitled units,06075,San Francisco,2018,2018-12-31,annual,3.0,housing units,CA_HCD_APR_TABLE_A2,HCD-APR-TABLE-A2-2018-portal-current,2026-08-10T17:11:13Z,2eda34f589a502ed96d65bbdc8ce37cfa225aedf755805a5453eb8c40e926d43,county sum of HCD APR Table A2 reported units,"Entitlements, building permits, and completions are distinct production stages.",comparable_within_series
accessory_dwelling_units,adu_entitled_units,ADU entitled units,06075,San Francisco,2019,2019-12-31,annual,16.0,housing units,CA_HCD_APR_TABLE_A2,HCD-APR-TABLE-A2-2019-portal-current,2026-08-10T17:11:13Z,2909761266532f15be992976ff4f8ac5e86198994135f5fd6e17f4930c1de8f6,county sum of HCD APR Table A2 reported units,"Entitlements, building permits, and completions are distinct production stages.",comparable_within_series
accessory_dwelling_units,adu_entitled_units,ADU entitled units,06075,San Francisco,2020,2020-12-31,annual,23.0,housing units,CA_HCD_APR_TABLE_A2,HCD-APR-TABLE-A2-2020-portal-current,2026-08-10T17:11:13Z,dd5239737a286de14f0cb94cb934e788a2734baa54fafb493cc326ab118f98e2,county sum of HCD APR Table A2 reported units,"Entitlements, building permits, and completions are distinct production stages.",comparable_within_series
accessory_dwelling_units,adu_entitled_units,ADU entitled units,06075,San Francisco,2021,2021-12-31,annual,33.0,housing units,CA_HCD_APR_TABLE_A2,HCD-APR-TABLE-A2-2021-portal-current,2026-08-10T17:11:13Z,5a78db14b37ff087cca9b8e7ae1d939130ba7789dbd8be26558670e88d809950,county sum of HCD APR Table A2 reported units,"Entitlements, building permits, and completions are distinct production stages.",comparable_within_series
accessory_dwelling_units,adu_entitled_units,ADU entitled units,06075,San Francisco,2022,2022-12-31,annual,11.0,housing units,CA_HCD_APR_TABLE_A2,HCD-APR-TABLE-A2-2022-portal-current,2026-08-10T17:11:13Z,60556989c07686cc4af51409c4e0761edc273bafa18a65e6a0c4fdc3ac96c4cc,county sum of HCD APR Table A2 reported units,"Entitlements, building permits, and completions are distinct production stages.",comparable_within_series
accessory_dwelling_units,adu_entitled_units,ADU entitled units,06075,San Francisco,2023,2023-12-31,annual,2.0,housing units,CA_HCD_APR_TABLE_A2,HCD-APR-TABLE-A2-2023-portal-current,2026-08-10T17:11:13Z,d5a42e856f7a486094b1a52da7413fa582d45472ab18a6ae572bba1930a8069c,county sum of HCD APR Table A2 reported units,"Entitlements, building permits, and completions are distinct production stages.",comparable_within_series
accessory_dwelling_units,adu_entitled_units,ADU entitled units,06075,San Francisco,2024,2024-12-31,annual,269.0,housing units,CA_HCD_APR_TABLE_A2,HCD-APR-TABLE-A2-2024-portal-current,2026-08-10T17:11:13Z,efedc570ed4198bb4143b012c1926c817a047bd23278b2b2b19270889b52d13b,county sum of HCD APR Table A2 reported units,"Entitlements, building permits, and completions are distinct production stages.",comparable_within_series
accessory_dwelling_units,adu_entitled_units,ADU entitled units,06075,San Francisco,2025,2025-12-31,annual,116.0,housing units,CA_HCD_APR_TABLE_A2,HCD-APR-TABLE-A2-2025-portal-current,2026-08-10T17:11:13Z,e5e85e9677a374bd30beeeb7848a802f790f9425b78fe84c0ef8096e2394b297,county sum of HCD APR Table A2 reported units,"Entitlements, building permits, and completions are distinct production stages.",comparable_within_series
accessory_dwelling_units,adu_entitled_units,ADU entitled units,06081,San Mateo,2018,2018-12-31,annual,114.0,housing units,CA_HCD_APR_TABLE_A2,HCD-APR-TABLE-A2-2018-portal-current,2026-08-10T17:11:13Z,2eda34f589a502ed96d65bbdc8ce37cfa225aedf755805a5453eb8c40e926d43,county sum of HCD APR Table A2 reported units,"Entitlements, building permits, and completions are distinct production stages.",comparable_within_series
accessory_dwelling_units,adu_entitled_units,ADU entitled units,06081,San Mateo,2019,2019-12-31,annual,142.0,housing units,CA_HCD_APR_TABLE_A2,HCD-APR-TABLE-A2-2019-portal-current,2026-08-10T17:11:13Z,2909761266532f15be992976ff4f8ac5e86198994135f5fd6e17f4930c1de8f6,county sum of HCD APR Table A2 reported units,"Entitlements, building permits, and completions are distinct production stages.",comparable_within_series
accessory_dwelling_units,adu_entitled_units,ADU entitled units,06081,San Mateo,2020,2020-12-31,annual,234.0,housing units,CA_HCD_APR_TABLE_A2,HCD-APR-TABLE-A2-2020-portal-current,2026-08-10T17:11:13Z,dd5239737a286de14f0cb94cb934e788a2734baa54fafb493cc326ab118f98e2,county sum of HCD APR Table A2 reported units,"Entitlements, building permits, and completions are distinct production stages.",comparable_within_series
accessory_dwelling_units,adu_entitled_units,ADU entitled units,06081,San Mateo,2021,2021-12-31,annual,283.0,housing units,CA_HCD_APR_TABLE_A2,HCD-APR-TABLE-A2-2021-portal-current,2026-08-10T17:11:13Z,5a78db14b37ff087cca9b8e7ae1d939130ba7789dbd8be26558670e88d809950,county sum of HCD APR Table A2 reported units,"Entitlements, building permits, and completions are distinct production stages.",comparable_within_series
accessory_dwelling_units,adu_entitled_units,ADU entitled units,06081,San Mateo,2022,2022-12-31,annual,286.0,housing units,CA_HCD_APR_TABLE_A2,HCD-APR-TABLE-A2-2022-portal-current,2026-08-10T17:11:13Z,60556989c07686cc4af51409c4e0761edc273bafa18a65e6a0c4fdc3ac96c4cc,county sum of HCD APR Table A2 reported units,"Entitlements, building permits, and completions are distinct production stages.",comparable_within_series
accessory_dwelling_units,adu_entitled_units,ADU entitled units,06081,San Mateo,2023,2023-12-31,annual,407.0,housing units,CA_HCD_APR_TABLE_A2,HCD-APR-TABLE-A2-2023-portal-current,2026-08-10T17:11:13Z,d5a42e856f7a486094b1a52da7413fa582d45472ab18a6ae572bba1930a8069c,county sum of HCD APR Table A2 reported units,"Entitlements, building permits, and completions are distinct production stages.",comparable_within_series
accessory_dwelling_units,adu_entitled_units,ADU entitled units,06081,San Mateo,2024,2024-12-31,annual,352.0,housing units,CA_HCD_APR_TABLE_A2,HCD-APR-TABLE-A2-2024-portal-current,2026-08-10T17:11:13Z,efedc570ed4198bb4143b012c1926c817a047bd23278b2b2b19270889b52d13b,county sum of HCD APR Table A2 reported units,"Entitlements, building permits, and completions are distinct production stages.",comparable_within_series
accessory_dwelling_units,adu_entitled_units,ADU entitled units,06081,San Mateo,2025,2025-12-31,annual,269.0,housing units,CA_HCD_APR_TABLE_A2,HCD-APR-TABLE-A2-2025-portal-current,2026-08-10T17:11:13Z,e5e85e9677a374bd30beeeb7848a802f790f9425b78fe84c0ef8096e2394b297,county sum of HCD APR Table A2 reported units,"Entitlements, building permits, and completions are distinct production stages.",comparable_within_series
accessory_dwelling_units,adu_entitled_units,ADU entitled units,06085,Santa Clara,2018,2018-12-31,annual,242.0,housing units,CA_HCD_APR_TABLE_A2,HCD-APR-TABLE-A2-2018-portal-current,2026-08-10T17:11:13Z,2eda34f589a502ed96d65bbdc8ce37cfa225aedf755805a5453eb8c40e926d43,county sum of HCD APR Table A2 reported units,"Entitlements, building permits, and completions are distinct production stages.",comparable_within_series
accessory_dwelling_units,adu_entitled_units,ADU entitled units,06085,Santa Clara,2019,2019-12-31,annual,274.0,housing units,CA_HCD_APR_TABLE_A2,HCD-APR-TABLE-A2-2019-portal-current,2026-08-10T17:11:13Z,2909761266532f15be992976ff4f8ac5e86198994135f5fd6e17f4930c1de8f6,county sum of HCD APR Table A2 reported units,"Entitlements, building permits, and completions are distinct production stages.",comparable_within_series
accessory_dwelling_units,adu_entitled_units,ADU entitled units,06085,Santa Clara,2020,2020-12-31,annual,462.0,housing units,CA_HCD_APR_TABLE_A2,HCD-APR-TABLE-A2-2020-portal-current,2026-08-10T17:11:13Z,dd5239737a286de14f0cb94cb934e788a2734baa54fafb493cc326ab118f98e2,county sum of HCD APR Table A2 reported units,"Entitlements, building permits, and completions are distinct production stages.",comparable_within_series
accessory_dwelling_units,adu_entitled_units,ADU entitled units,06085,Santa Clara,2021,2021-12-31,annual,449.0,housing units,CA_HCD_APR_TABLE_A2,HCD-APR-TABLE-A2-2021-portal-current,2026-08-10T17:11:13Z,5a78db14b37ff087cca9b8e7ae1d939130ba7789dbd8be26558670e88d809950,county sum of HCD APR Table A2 reported units,"Entitlements, building permits, and completions are distinct production stages.",comparable_within_series
accessory_dwelling_units,adu_entitled_units,ADU entitled units,06085,Santa Clara,2022,2022-12-31,annual,769.0,housing units,CA_HCD_APR_TABLE_A2,HCD-APR-TABLE-A2-2022-portal-current,2026-08-10T17:11:13Z,60556989c07686cc4af51409c4e0761edc273bafa18a65e6a0c4fdc3ac96c4cc,county sum of HCD APR Table A2 reported units,"Entitlements, building permits, and completions are distinct production stages.",comparable_within_series
accessory_dwelling_units,adu_entitled_units,ADU entitled units,06085,Santa Clara,2023,2023-12-31,annual,796.0,housing units,CA_HCD_APR_TABLE_A2,HCD-APR-TABLE-A2-2023-portal-current,2026-08-10T17:11:13Z,d5a42e856f7a486094b1a52da7413fa582d45472ab18a6ae572bba1930a8069c,county sum of HCD APR Table A2 reported units,"Entitlements, building permits, and completions are distinct production stages.",comparable_within_series
accessory_dwelling_units,adu_entitled_units,ADU entitled units,06085,Santa Clara,2024,2024-12-31,annual,361.0,housing units,CA_HCD_APR_TABLE_A2,HCD-APR-TABLE-A2-2024-portal-current,2026-08-10T17:11:13Z,efedc570ed4198bb4143b012c1926c817a047bd23278b2b2b19270889b52d13b,county sum of HCD APR Table A2 reported units,"Entitlements, building permits, and completions are distinct production stages.",comparable_within_series
accessory_dwelling_units,adu_entitled_units,ADU entitled units,06085,Santa Clara,2025,2025-12-31,annual,519.0,housing units,CA_HCD_APR_TABLE_A2,HCD-APR-TABLE-A2-2025-portal-current,2026-08-10T17:11:13Z,e5e85e9677a374bd30beeeb7848a802f790f9425b78fe84c0ef8096e2394b297,county sum of HCD APR Table A2 reported units,"Entitlements, building permits, and completions are distinct production stages.",comparable_within_series
accessory_dwelling_units,adu_entitled_units,ADU entitled units,06095,Solano,2018,2018-12-31,annual,26.0,housing units,CA_HCD_APR_TABLE_A2,HCD-APR-TABLE-A2-2018-portal-current,2026-08-10T17:11:13Z,2eda34f589a502ed96d65bbdc8ce37cfa225aedf755805a5453eb8c40e926d43,county sum of HCD APR Table A2 reported units,"Entitlements, building permits, and completions are distinct production stages.",comparable_within_series
accessory_dwelling_units,adu_entitled_units,ADU entitled units,06095,Solano,2019,2019-12-31,annual,13.0,housing units,CA_HCD_APR_TABLE_A2,HCD-APR-TABLE-A2-2019-portal-current,2026-08-10T17:11:13Z,2909761266532f15be992976ff4f8ac5e86198994135f5fd6e17f4930c1de8f6,county sum of HCD APR Table A2 reported units,"Entitlements, building permits, and completions are distinct production stages.",comparable_within_series
accessory_dwelling_units,adu_entitled_units,ADU entitled units,06095,Solano,2020,2020-12-31,annual,59.0,housing units,CA_HCD_APR_TABLE_A2,HCD-APR-TABLE-A2-2020-portal-current,2026-08-10T17:11:13Z,dd5239737a286de14f0cb94cb934e788a2734baa54fafb493cc326ab118f98e2,county sum of HCD APR Table A2 reported units,"Entitlements, building permits, and completions are distinct production stages.",comparable_within_series
accessory_dwelling_units,adu_entitled_units,ADU entitled units,06095,Solano,2021,2021-12-31,annual,92.0,housing units,CA_HCD_APR_TABLE_A2,HCD-APR-TABLE-A2-2021-portal-current,2026-08-10T17:11:13Z,5a78db14b37ff087cca9b8e7ae1d939130ba7789dbd8be26558670e88d809950,county sum of HCD APR Table A2 reported units,"Entitlements, building permits, and completions are distinct production stages.",comparable_within_series
accessory_dwelling_units,adu_entitled_units,ADU entitled units,06095,Solano,2022,2022-12-31,annual,114.0,housing units,CA_HCD_APR_TABLE_A2,HCD-APR-TABLE-A2-2022-portal-current,2026-08-10T17:11:13Z,60556989c07686cc4af51409c4e0761edc273bafa18a65e6a0c4fdc3ac96c4cc,county sum of HCD APR Table A2 reported units,"Entitlements, building permits, and completions are distinct production stages.",comparable_within_series
accessory_dwelling_units,adu_entitled_units,ADU entitled units,06095,Solano,2023,2023-12-31,annual,111.0,housing units,CA_HCD_APR_TABLE_A2,HCD-APR-TABLE-A2-2023-portal-current,2026-08-10T17:11:13Z,d5a42e856f7a486094b1a52da7413fa582d45472ab18a6ae572bba1930a8069c,county sum of HCD APR Table A2 reported units,"Entitlements, building permits, and completions are distinct production stages.",comparable_within_series
accessory_dwelling_units,adu_entitled_units,ADU entitled units,06095,Solano,2024,2024-12-31,annual,44.0,housing units,CA_HCD_APR_TABLE_A2,HCD-APR-TABLE-A2-2024-portal-current,2026-08-10T17:11:13Z,efedc570ed4198bb4143b012c1926c817a047bd23278b2b2b19270889b52d13b,county sum of HCD APR Table A2 reported units,"Entitlements, building permits, and completions are distinct production stages.",comparable_within_series
accessory_dwelling_units,adu_entitled_units,ADU entitled units,06095,Solano,2025,2025-12-31,annual,23.0,housing units,CA_HCD_APR_TABLE_A2,HCD-APR-TABLE-A2-2025-portal-current,2026-08-10T17:11:13Z,e5e85e9677a374bd30beeeb7848a802f790f9425b78fe84c0ef8096e2394b297,county sum of HCD APR Table A2 reported units,"Entitlements, building permits, and completions are distinct production stages.",comparable_within_series
accessory_dwelling_units,adu_entitled_units,ADU entitled units,06097,Sonoma,2018,2018-12-31,annual,58.0,housing units,CA_HCD_APR_TABLE_A2,HCD-APR-TABLE-A2-2018-portal-current,2026-08-10T17:11:13Z,2eda34f589a502ed96d65bbdc8ce37cfa225aedf755805a5453eb8c40e926d43,county sum of HCD APR Table A2 reported units,"Entitlements, building permits, and completions are distinct production stages.",comparable_within_series
accessory_dwelling_units,adu_entitled_units,ADU entitled units,06097,Sonoma,2019,2019-12-31,annual,55.0,housing units,CA_HCD_APR_TABLE_A2,HCD-APR-TABLE-A2-2019-portal-current,2026-08-10T17:11:13Z,2909761266532f15be992976ff4f8ac5e86198994135f5fd6e17f4930c1de8f6,county sum of HCD APR Table A2 reported units,"Entitlements, building permits, and completions are distinct production stages.",comparable_within_series
accessory_dwelling_units,adu_entitled_units,ADU entitled units,06097,Sonoma,2020,2020-12-31,annual,15.0,housing units,CA_HCD_APR_TABLE_A2,HCD-APR-TABLE-A2-2020-portal-current,2026-08-10T17:11:13Z,dd5239737a286de14f0cb94cb934e788a2734baa54fafb493cc326ab118f98e2,county sum of HCD APR Table A2 reported units,"Entitlements, building permits, and completions are distinct production stages.",comparable_within_series
accessory_dwelling_units,adu_entitled_units,ADU entitled units,06097,Sonoma,2021,2021-12-31,annual,38.0,housing units,CA_HCD_APR_TABLE_A2,HCD-APR-TABLE-A2-2021-portal-current,2026-08-10T17:11:13Z,5a78db14b37ff087cca9b8e7ae1d939130ba7789dbd8be26558670e88d809950,county sum of HCD APR Table A2 reported units,"Entitlements, building permits, and completions are distinct production stages.",comparable_within_series
accessory_dwelling_units,adu_entitled_units,ADU entitled units,06097,Sonoma,2022,2022-12-31,annual,212.0,housing units,CA_HCD_APR_TABLE_A2,HCD-APR-TABLE-A2-2022-portal-current,2026-08-10T17:11:13Z,60556989c07686cc4af51409c4e0761edc273bafa18a65e6a0c4fdc3ac96c4cc,county sum of HCD APR Table A2 reported units,"Entitlements, building permits, and completions are distinct production stages.",comparable_within_series
accessory_dwelling_units,adu_entitled_units,ADU entitled units,06097,Sonoma,2023,2023-12-31,annual,20.0,housing units,CA_HCD_APR_TABLE_A2,HCD-APR-TABLE-A2-2023-portal-current,2026-08-10T17:11:13Z,d5a42e856f7a486094b1a52da7413fa582d45472ab18a6ae572bba1930a8069c,county sum of HCD APR Table A2 reported units,"Entitlements, building permits, and completions are distinct production stages.",comparable_within_series
accessory_dwelling_units,adu_entitled_units,ADU entitled units,06097,Sonoma,2024,2024-12-31,annual,28.0,housing units,CA_HCD_APR_TABLE_A2,HCD-APR-TABLE-A2-2024-portal-current,2026-08-10T17:11:13Z,efedc570ed4198bb4143b012c1926c817a047bd23278b2b2b19270889b52d13b,county sum of HCD APR Table A2 reported units,"Entitlements, building permits, and completions are distinct production stages.",comparable_within_series
accessory_dwelling_units,adu_entitled_units,ADU entitled units,06097,Sonoma,2025,2025-12-31,annual,32.0,housing units,CA_HCD_APR_TABLE_A2,HCD-APR-TABLE-A2-2025-portal-current,2026-08-10T17:11:13Z,e5e85e9677a374bd30beeeb7848a802f790f9425b78fe84c0ef8096e2394b297,county sum of HCD APR Table A2 reported units,"Entitlements, building permits, and completions are distinct production stages.",comparable_within_series
housing_applications,application_approved_projects,Application records reported approved,06001,Alameda,2018,2018-12-31,annual,0.0,records,CA_HCD_APR_TABLE_A,HCD-APR-TABLE-A-2018-portal-current,2026-08-10T17:11:13Z,c5cee4fbdeba70dfa06045e45ea217a2aca9e0594fe6a2da9144529a1cc1bc25,county sum or count of HCD APR Table A records,Application status is sparsely populated before 2021; a record is not necessarily a unique project.,status_field_incomplete_before_2021
housing_applications,application_approved_projects,Application records reported approved,06001,Alameda,2019,2019-12-31,annual,14.0,records,CA_HCD_APR_TABLE_A,HCD-APR-TABLE-A-2019-portal-current,2026-08-10T17:11:13Z,6f24c832cc9b927766fa5257f444024ffabc785e83ee1d5d9932243d95b14371,county sum or count of HCD APR Table A records,Application status is sparsely populated before 2021; a record is not necessarily a unique project.,status_field_incomplete_before_2021
housing_applications,application_approved_projects,Application records reported approved,06001,Alameda,2020,2020-12-31,annual,3.0,records,CA_HCD_APR_TABLE_A,HCD-APR-TABLE-A-2020-portal-current,2026-08-10T17:11:13Z,11aa51318922cdb7f838c55d1b07009fc196e7fe46ea39c1222e20a86c988429,county sum or count of HCD APR Table A records,Application status is sparsely populated before 2021; a record is not necessarily a unique project.,status_field_incomplete_before_2021
housing_applications,application_approved_projects,Application records reported approved,06001,Alameda,2021,2021-12-31,annual,565.0,records,CA_HCD_APR_TABLE_A,HCD-APR-TABLE-A-2021-portal-current,2026-08-10T17:11:13Z,97ab0c3387bdf49a07720594cb3ea612a85aca39503f8ca9f0c9c0af8e800bda,county sum or count of HCD APR Table A records,Application status is sparsely populated before 2021; a record is not necessarily a unique project.,comparable_within_series
housing_applications,application_approved_projects,Application records reported approved,06001,Alameda,2022,2022-12-31,annual,841.0,records,CA_HCD_APR_TABLE_A,HCD-APR-TABLE-A-2022-portal-current,2026-08-10T17:11:13Z,1bca81f3a972f3d1eced27a3e2fdf4268fc4f1031af1dd0698cbf39fa018fb04,county sum or count of HCD APR Table A records,Application status is sparsely populated before 2021; a record is not necessarily a unique project.,comparable_within_series
housing_applications,application_approved_projects,Application records reported approved,06001,Alameda,2023,2023-12-31,annual,650.0,records,CA_HCD_APR_TABLE_A,HCD-APR-TABLE-A-2023-portal-current,2026-08-10T17:11:13Z,1b140c61910e1eb3a1b01eb1837038d4a59ca05ac73198496fd1b3d77823f8c8,county sum or count of HCD APR Table A records,Application status is sparsely populated before 2021; a record is not necessarily a unique project.,comparable_within_series
housing_applications,application_approved_projects,Application records reported approved,06001,Alameda,2024,2024-12-31,annual,663.0,records,CA_HCD_APR_TABLE_A,HCD-APR-TABLE-A-2024-portal-current,2026-08-10T17:11:13Z,0d33c498629bfd21f3b9707fd1c4810fcb4fd6d8542c25aec64360305c105d2f,county sum or count of HCD APR Table A records,Application status is sparsely populated before 2021; a record is not necessarily a unique project.,comparable_within_series
housing_applications,application_approved_projects,Application records reported approved,06001,Alameda,2025,2025-12-31,annual,489.0,records,CA_HCD_APR_TABLE_A,HCD-APR-TABLE-A-2025-portal-current,2026-08-10T17:11:13Z,bec330a57d4f495f88b52cfed29d66223ec2d61b4ca4ae2e3feeef22faf62af2,county sum or count of HCD APR Table A records,Application status is sparsely populated before 2021; a record is not necessarily a unique project.,comparable_within_series
housing_applications,application_approved_projects,Application records reported approved,06013,Contra Costa,2018,2018-12-31,annual,0.0,records,CA_HCD_APR_TABLE_A,HCD-APR-TABLE-A-2018-portal-current,2026-08-10T17:11:13Z,c5cee4fbdeba70dfa06045e45ea217a2aca9e0594fe6a2da9144529a1cc1bc25,county sum or count of HCD APR Table A records,Application status is sparsely populated before 2021; a record is not necessarily a unique project.,status_field_incomplete_before_2021
housing_applications,application_approved_projects,Application records reported approved,06013,Contra Costa,2019,2019-12-31,annual,0.0,records,CA_HCD_APR_TABLE_A,HCD-APR-TABLE-A-2019-portal-current,2026-08-10T17:11:13Z,6f24c832cc9b927766fa5257f444024ffabc785e83ee1d5d9932243d95b14371,county sum or count of HCD APR Table A records,Application status is sparsely populated before 2021; a record is not necessarily a unique project.,status_field_incomplete_before_2021
housing_applications,application_approved_projects,Application records reported approved,06013,Contra Costa,2020,2020-12-31,annual,0.0,records,CA_HCD_APR_TABLE_A,HCD-APR-TABLE-A-2020-portal-current,2026-08-10T17:11:13Z,11aa51318922cdb7f838c55d1b07009fc196e7fe46ea39c1222e20a86c988429,county sum or count of HCD APR Table A records,Application status is sparsely populated before 2021; a record is not necessarily a unique project.,status_field_incomplete_before_2021
housing_applications,application_approved_projects,Application records reported approved,06013,Contra Costa,2021,2021-12-31,annual,469.0,records,CA_HCD_APR_TABLE_A,HCD-APR-TABLE-A-2021-portal-current,2026-08-10T17:11:13Z,97ab0c3387bdf49a07720594cb3ea612a85aca39503f8ca9f0c9c0af8e800bda,county sum or count of HCD APR Table A records,Application status is sparsely populated before 2021; a record is not necessarily a unique project.,comparable_within_series
housing_applications,application_approved_projects,Application records reported approved,06013,Contra Costa,2022,2022-12-31,annual,475.0,records,CA_HCD_APR_TABLE_A,HCD-APR-TABLE-A-2022-portal-current,2026-08-10T17:11:13Z,1bca81f3a972f3d1eced27a3e2fdf4268fc4f1031af1dd0698cbf39fa018fb04,county sum or count of HCD APR Table A records,Application status is sparsely populated before 2021; a record is not necessarily a unique project.,comparable_within_series
housing_applications,application_approved_projects,Application records reported approved,06013,Contra Costa,2023,2023-12-31,annual,495.0,records,CA_HCD_APR_TABLE_A,HCD-APR-TABLE-A-2023-portal-current,2026-08-10T17:11:13Z,1b140c61910e1eb3a1b01eb1837038d4a59ca05ac73198496fd1b3d77823f8c8,county sum or count of HCD APR Table A records,Application status is sparsely populated before 2021; a record is not necessarily a unique project.,comparable_within_series
housing_applications,application_approved_projects,Application records reported approved,06013,Contra Costa,2024,2024-12-31,annual,461.0,records,CA_HCD_APR_TABLE_A,HCD-APR-TABLE-A-2024-portal-current,2026-08-10T17:11:13Z,0d33c498629bfd21f3b9707fd1c4810fcb4fd6d8542c25aec64360305c105d2f,county sum or count of HCD APR Table A records,Application status is sparsely populated before 2021; a record is not necessarily a unique project.,comparable_within_series
housing_applications,application_approved_projects,Application records reported approved,06013,Contra Costa,2025,2025-12-31,annual,487.0,records,CA_HCD_APR_TABLE_A,HCD-APR-TABLE-A-2025-portal-current,2026-08-10T17:11:13Z,bec330a57d4f495f88b52cfed29d66223ec2d61b4ca4ae2e3feeef22faf62af2,county sum or count of HCD APR Table A records,Application status is sparsely populated before 2021; a record is not necessarily a unique project.,comparable_within_series
housing_applications,application_approved_projects,Application records reported approved,06041,Marin,2018,2018-12-31,annual,0.0,records,CA_HCD_APR_TABLE_A,HCD-APR-TABLE-A-2018-portal-current,2026-08-10T17:11:13Z,c5cee4fbdeba70dfa06045e45ea217a2aca9e0594fe6a2da9144529a1cc1bc25,county sum or count of HCD APR Table A records,Application status is sparsely populated before 2021; a record is not necessarily a unique project.,status_field_incomplete_before_2021
housing_applications,application_approved_projects,Application records reported approved,06041,Marin,2019,2019-12-31,annual,0.0,records,CA_HCD_APR_TABLE_A,HCD-APR-TABLE-A-2019-portal-current,2026-08-10T17:11:13Z,6f24c832cc9b927766fa5257f444024ffabc785e83ee1d5d9932243d95b14371,county sum or count of HCD APR Table A records,Application status is sparsely populated before 2021; a record is not necessarily a unique project.,status_field_incomplete_before_2021
housing_applications,application_approved_projects,Application records reported approved,06041,Marin,2020,2020-12-31,annual,0.0,records,CA_HCD_APR_TABLE_A,HCD-APR-TABLE-A-2020-portal-current,2026-08-10T17:11:13Z,11aa51318922cdb7f838c55d1b07009fc196e7fe46ea39c1222e20a86c988429,county sum or count of HCD APR Table A records,Application status is sparsely populated before 2021; a record is not necessarily a unique project.,status_field_incomplete_before_2021
housing_applications,application_approved_projects,Application records reported approved,06041,Marin,2021,2021-12-31,annual,230.0,records,CA_HCD_APR_TABLE_A,HCD-APR-TABLE-A-2021-portal-current,2026-08-10T17:11:13Z,97ab0c3387bdf49a07720594cb3ea612a85aca39503f8ca9f0c9c0af8e800bda,county sum or count of HCD APR Table A records,Application status is sparsely populated before 2021; a record is not necessarily a unique project.,comparable_within_series
housing_applications,application_approved_projects,Application records reported approved,06041,Marin,2022,2022-12-31,annual,249.0,records,CA_HCD_APR_TABLE_A,HCD-APR-TABLE-A-2022-portal-current,2026-08-10T17:11:13Z,1bca81f3a972f3d1eced27a3e2fdf4268fc4f1031af1dd0698cbf39fa018fb04,county sum or count of HCD APR Table A records,Application status is sparsely populated before 2021; a record is not necessarily a unique project.,comparable_within_series
housing_applications,application_approved_projects,Application records reported approved,06041,Marin,2023,2023-12-31,annual,196.0,records,CA_HCD_APR_TABLE_A,HCD-APR-TABLE-A-2023-portal-current,2026-08-10T17:11:13Z,1b140c61910e1eb3a1b01eb1837038d4a59ca05ac73198496fd1b3d77823f8c8,county sum or count of HCD APR Table A records,Application status is sparsely populated before 2021; a record is not necessarily a unique project.,comparable_within_series
housing_applications,application_approved_projects,Application records reported approved,06041,Marin,2024,2024-12-31,annual,175.0,records,CA_HCD_APR_TABLE_A,HCD-APR-TABLE-A-2024-portal-current,2026-08-10T17:11:13Z,0d33c498629bfd21f3b9707fd1c4810fcb4fd6d8542c25aec64360305c105d2f,county sum or count of HCD APR Table A records,Application status is sparsely populated before 2021; a record is not necessarily a unique project.,comparable_within_series
housing_applications,application_approved_projects,Application records reported approved,06041,Marin,2025,2025-12-31,annual,147.0,records,CA_HCD_APR_TABLE_A,HCD-APR-TABLE-A-2025-portal-current,2026-08-10T17:11:13Z,bec330a57d4f495f88b52cfed29d66223ec2d61b4ca4ae2e3feeef22faf62af2,county sum or count of HCD APR Table A records,Application status is sparsely populated before 2021; a record is not necessarily a unique project.,comparable_within_series
housing_applications,application_approved_projects,Application records reported approved,06055,Napa,2018,2018-12-31,annual,0.0,records,CA_HCD_APR_TABLE_A,HCD-APR-TABLE-A-2018-portal-current,2026-08-10T17:11:13Z,c5cee4fbdeba70dfa06045e45ea217a2aca9e0594fe6a2da9144529a1cc1bc25,county sum or count of HCD APR Table A records,Application status is sparsely populated before 2021; a record is not necessarily a unique project.,status_field_incomplete_before_2021
housing_applications,application_approved_projects,Application records reported approved,06055,Napa,2019,2019-12-31,annual,0.0,records,CA_HCD_APR_TABLE_A,HCD-APR-TABLE-A-2019-portal-current,2026-08-10T17:11:13Z,6f24c832cc9b927766fa5257f444024ffabc785e83ee1d5d9932243d95b14371,county sum or count of HCD APR Table A records,Application status is sparsely populated before 2021; a record is not necessarily a unique project.,status_field_incomplete_before_2021
housing_applications,application_approved_projects,Application records reported approved,06055,Napa,2020,2020-12-31,annual,0.0,records,CA_HCD_APR_TABLE_A,HCD-APR-TABLE-A-2020-portal-current,2026-08-10T17:11:13Z,11aa51318922cdb7f838c55d1b07009fc196e7fe46ea39c1222e20a86c988429,county sum or count of HCD APR Table A records,Application status is sparsely populated before 2021; a record is not necessarily a unique project.,status_field_incomplete_before_2021
housing_applications,application_approved_projects,Application records reported approved,06055,Napa,2021,2021-12-31,annual,54.0,records,CA_HCD_APR_TABLE_A,HCD-APR-TABLE-A-2021-portal-current,2026-08-10T17:11:13Z,97ab0c3387bdf49a07720594cb3ea612a85aca39503f8ca9f0c9c0af8e800bda,county sum or count of HCD APR Table A records,Application status is sparsely populated before 2021; a record is not necessarily a unique project.,comparable_within_series
housing_applications,application_approved_projects,Application records reported approved,06055,Napa,2022,2022-12-31,annual,64.0,records,CA_HCD_APR_TABLE_A,HCD-APR-TABLE-A-2022-portal-current,2026-08-10T17:11:13Z,1bca81f3a972f3d1eced27a3e2fdf4268fc4f1031af1dd0698cbf39fa018fb04,county sum or count of HCD APR Table A records,Application status is sparsely populated before 2021; a record is not necessarily a unique project.,comparable_within_series
housing_applications,application_approved_projects,Application records reported approved,06055,Napa,2023,2023-12-31,annual,64.0,records,CA_HCD_APR_TABLE_A,HCD-APR-TABLE-A-2023-portal-current,2026-08-10T17:11:13Z,1b140c61910e1eb3a1b01eb1837038d4a59ca05ac73198496fd1b3d77823f8c8,county sum or count of HCD APR Table A records,Application status is sparsely populated before 2021; a record is not necessarily a unique project.,comparable_within_series
housing_applications,application_approved_projects,Application records reported approved,06055,Napa,2024,2024-12-31,annual,100.0,records,CA_HCD_APR_TABLE_A,HCD-APR-TABLE-A-2024-portal-current,2026-08-10T17:11:13Z,0d33c498629bfd21f3b9707fd1c4810fcb4fd6d8542c25aec64360305c105d2f,county sum or count of HCD APR Table A records,Application status is sparsely populated before 2021; a record is not necessarily a unique project.,comparable_within_series
housing_applications,application_approved_projects,Application records reported approved,06055,Napa,2025,2025-12-31,annual,38.0,records,CA_HCD_APR_TABLE_A,HCD-APR-TABLE-A-2025-portal-current,2026-08-10T17:11:13Z,bec330a57d4f495f88b52cfed29d66223ec2d61b4ca4ae2e3feeef22faf62af2,county sum or count of HCD APR Table A records,Application status is sparsely populated before 2021; a record is not necessarily a unique project.,comparable_within_series
housing_applications,application_approved_projects,Application records reported approved,06075,San Francisco,2018,2018-12-31,annual,0.0,records,CA_HCD_APR_TABLE_A,HCD-APR-TABLE-A-2018-portal-current,2026-08-10T17:11:13Z,c5cee4fbdeba70dfa06045e45ea217a2aca9e0594fe6a2da9144529a1cc1bc25,county sum or count of HCD APR Table A records,Application status is sparsely populated before 2021; a record is not necessarily a unique project.,status_field_incomplete_before_2021
housing_applications,application_approved_projects,Application records reported approved,06075,San Francisco,2019,2019-12-31,annual,0.0,records,CA_HCD_APR_TABLE_A,HCD-APR-TABLE-A-2019-portal-current,2026-08-10T17:11:13Z,6f24c832cc9b927766fa5257f444024ffabc785e83ee1d5d9932243d95b14371,county sum or count of HCD APR Table A records,Application status is sparsely populated before 2021; a record is not necessarily a unique project.,status_field_incomplete_before_2021
housing_applications,application_approved_projects,Application records reported approved,06075,San Francisco,2020,2020-12-31,annual,0.0,records,CA_HCD_APR_TABLE_A,HCD-APR-TABLE-A-2020-portal-current,2026-08-10T17:11:13Z,11aa51318922cdb7f838c55d1b07009fc196e7fe46ea39c1222e20a86c988429,county sum or count of HCD APR Table A records,Application status is sparsely populated before 2021; a record is not necessarily a unique project.,status_field_incomplete_before_2021
housing_applications,application_approved_projects,Application records reported approved,06075,San Francisco,2021,2021-12-31,annual,118.0,records,CA_HCD_APR_TABLE_A,HCD-APR-TABLE-A-2021-portal-current,2026-08-10T17:11:13Z,97ab0c3387bdf49a07720594cb3ea612a85aca39503f8ca9f0c9c0af8e800bda,county sum or count of HCD APR Table A records,Application status is sparsely populated before 2021; a record is not necessarily a unique project.,comparable_within_series
housing_applications,application_approved_projects,Application records reported approved,06075,San Francisco,2022,2022-12-31,annual,76.0,records,CA_HCD_APR_TABLE_A,HCD-APR-TABLE-A-2022-portal-current,2026-08-10T17:11:13Z,1bca81f3a972f3d1eced27a3e2fdf4268fc4f1031af1dd0698cbf39fa018fb04,county sum or count of HCD APR Table A records,Application status is sparsely populated before 2021; a record is not necessarily a unique project.,comparable_within_series
housing_applications,application_approved_projects,Application records reported approved,06075,San Francisco,2023,2023-12-31,annual,84.0,records,CA_HCD_APR_TABLE_A,HCD-APR-TABLE-A-2023-portal-current,2026-08-10T17:11:13Z,1b140c61910e1eb3a1b01eb1837038d4a59ca05ac73198496fd1b3d77823f8c8,county sum or count of HCD APR Table A records,Application status is sparsely populated before 2021; a record is not necessarily a unique project.,comparable_within_series
housing_applications,application_approved_projects,Application records reported approved,06075,San Francisco,2024,2024-12-31,annual,223.0,records,CA_HCD_APR_TABLE_A,HCD-APR-TABLE-A-2024-portal-current,2026-08-10T17:11:13Z,0d33c498629bfd21f3b9707fd1c4810fcb4fd6d8542c25aec64360305c105d2f,county sum or count of HCD APR Table A records,Application status is sparsely populated before 2021; a record is not necessarily a unique project.,comparable_within_series
housing_applications,application_approved_projects,Application records reported approved,06075,San Francisco,2025,2025-12-31,annual,340.0,records,CA_HCD_APR_TABLE_A,HCD-APR-TABLE-A-2025-portal-current,2026-08-10T17:11:13Z,bec330a57d4f495f88b52cfed29d66223ec2d61b4ca4ae2e3feeef22faf62af2,county sum or count of HCD APR Table A records,Application status is sparsely populated before 2021; a record is not necessarily a unique project.,comparable_within_series
housing_applications,application_approved_projects,Application records reported approved,06081,San Mateo,2018,2018-12-31,annual,0.0,records,CA_HCD_APR_TABLE_A,HCD-APR-TABLE-A-2018-portal-current,2026-08-10T17:11:13Z,c5cee4fbdeba70dfa06045e45ea217a2aca9e0594fe6a2da9144529a1cc1bc25,county sum or count of HCD APR Table A records,Application status is sparsely populated before 2021; a record is not necessarily a unique project.,status_field_incomplete_before_2021
housing_applications,application_approved_projects,Application records reported approved,06081,San Mateo,2019,2019-12-31,annual,0.0,records,CA_HCD_APR_TABLE_A,HCD-APR-TABLE-A-2019-portal-current,2026-08-10T17:11:13Z,6f24c832cc9b927766fa5257f444024ffabc785e83ee1d5d9932243d95b14371,county sum or count of HCD APR Table A records,Application status is sparsely populated before 2021; a record is not necessarily a unique project.,status_field_incomplete_before_2021
housing_applications,application_approved_projects,Application records reported approved,06081,San Mateo,2020,2020-12-31,annual,0.0,records,CA_HCD_APR_TABLE_A,HCD-APR-TABLE-A-2020-portal-current,2026-08-10T17:11:13Z,11aa51318922cdb7f838c55d1b07009fc196e7fe46ea39c1222e20a86c988429,county sum or count of HCD APR Table A records,Application status is sparsely populated before 2021; a record is not necessarily a unique project.,status_field_incomplete_before_2021
housing_applications,application_approved_projects,Application records reported approved,06081,San Mateo,2021,2021-12-31,annual,293.0,records,CA_HCD_APR_TABLE_A,HCD-APR-TABLE-A-2021-portal-current,2026-08-10T17:11:13Z,97ab0c3387bdf49a07720594cb3ea612a85aca39503f8ca9f0c9c0af8e800bda,county sum or count of HCD APR Table A records,Application status is sparsely populated before 2021; a record is not necessarily a unique project.,comparable_within_series
housing_applications,application_approved_projects,Application records reported approved,06081,San Mateo,2022,2022-12-31,annual,324.0,records,CA_HCD_APR_TABLE_A,HCD-APR-TABLE-A-2022-portal-current,2026-08-10T17:11:13Z,1bca81f3a972f3d1eced27a3e2fdf4268fc4f1031af1dd0698cbf39fa018fb04,county sum or count of HCD APR Table A records,Application status is sparsely populated before 2021; a record is not necessarily a unique project.,comparable_within_series
housing_applications,application_approved_projects,Application records reported approved,06081,San Mateo,2023,2023-12-31,annual,415.0,records,CA_HCD_APR_TABLE_A,HCD-APR-TABLE-A-2023-portal-current,2026-08-10T17:11:13Z,1b140c61910e1eb3a1b01eb1837038d4a59ca05ac73198496fd1b3d77823f8c8,county sum or count of HCD APR Table A records,Application status is sparsely populated before 2021; a record is not necessarily a unique project.,comparable_within_series
housing_applications,application_approved_projects,Application records reported approved,06081,San Mateo,2024,2024-12-31,annual,404.0,records,CA_HCD_APR_TABLE_A,HCD-APR-TABLE-A-2024-portal-current,2026-08-10T17:11:13Z,0d33c498629bfd21f3b9707fd1c4810fcb4fd6d8542c25aec64360305c105d2f,county sum or count of HCD APR Table A records,Application status is sparsely populated before 2021; a record is not necessarily a unique project.,comparable_within_series
housing_applications,application_approved_projects,Application records reported approved,06081,San Mateo,2025,2025-12-31,annual,580.0,records,CA_HCD_APR_TABLE_A,HCD-APR-TABLE-A-2025-portal-current,2026-08-10T17:11:13Z,bec330a57d4f495f88b52cfed29d66223ec2d61b4ca4ae2e3feeef22faf62af2,county sum or count of HCD APR Table A records,Application status is sparsely populated before 2021; a record is not necessarily a unique project.,comparable_within_series
housing_applications,application_approved_projects,Application records reported approved,06085,Santa Clara,2018,2018-12-31,annual,0.0,records,CA_HCD_APR_TABLE_A,HCD-APR-TABLE-A-2018-portal-current,2026-08-10T17:11:13Z,c5cee4fbdeba70dfa06045e45ea217a2aca9e0594fe6a2da9144529a1cc1bc25,county sum or count of HCD APR Table A records,Application status is sparsely populated before 2021; a record is not necessarily a unique project.,status_field_incomplete_before_2021
housing_applications,application_approved_projects,Application records reported approved,06085,Santa Clara,2019,2019-12-31,annual,0.0,records,CA_HCD_APR_TABLE_A,HCD-APR-TABLE-A-2019-portal-current,2026-08-10T17:11:13Z,6f24c832cc9b927766fa5257f444024ffabc785e83ee1d5d9932243d95b14371,county sum or count of HCD APR Table A records,Application status is sparsely populated before 2021; a record is not necessarily a unique project.,status_field_incomplete_before_2021
housing_applications,application_approved_projects,Application records reported approved,06085,Santa Clara,2020,2020-12-31,annual,0.0,records,CA_HCD_APR_TABLE_A,HCD-APR-TABLE-A-2020-portal-current,2026-08-10T17:11:13Z,11aa51318922cdb7f838c55d1b07009fc196e7fe46ea39c1222e20a86c988429,county sum or count of HCD APR Table A records,Application status is sparsely populated before 2021; a record is not necessarily a unique project.,status_field_incomplete_before_2021
housing_applications,application_approved_projects,Application records reported approved,06085,Santa Clara,2021,2021-12-31,annual,707.0,records,CA_HCD_APR_TABLE_A,HCD-APR-TABLE-A-2021-portal-current,2026-08-10T17:11:13Z,97ab0c3387bdf49a07720594cb3ea612a85aca39503f8ca9f0c9c0af8e800bda,county sum or count of HCD APR Table A records,Application status is sparsely populated before 2021; a record is not necessarily a unique project.,comparable_within_series
housing_applications,application_approved_projects,Application records reported approved,06085,Santa Clara,2022,2022-12-31,annual,1020.0,records,CA_HCD_APR_TABLE_A,HCD-APR-TABLE-A-2022-portal-current,2026-08-10T17:11:13Z,1bca81f3a972f3d1eced27a3e2fdf4268fc4f1031af1dd0698cbf39fa018fb04,county sum or count of HCD APR Table A records,Application status is sparsely populated before 2021; a record is not necessarily a unique project.,comparable_within_series
housing_applications,application_approved_projects,Application records reported approved,06085,Santa Clara,2023,2023-12-31,annual,637.0,records,CA_HCD_APR_TABLE_A,HCD-APR-TABLE-A-2023-portal-current,2026-08-10T17:11:13Z,1b140c61910e1eb3a1b01eb1837038d4a59ca05ac73198496fd1b3d77823f8c8,county sum or count of HCD APR Table A records,Application status is sparsely populated before 2021; a record is not necessarily a unique project.,comparable_within_series
housing_applications,application_approved_projects,Application records reported approved,06085,Santa Clara,2024,2024-12-31,annual,883.0,records,CA_HCD_APR_TABLE_A,HCD-APR-TABLE-A-2024-portal-current,2026-08-10T17:11:13Z,0d33c498629bfd21f3b9707fd1c4810fcb4fd6d8542c25aec64360305c105d2f,county sum or count of HCD APR Table A records,Application status is sparsely populated before 2021; a record is not necessarily a unique project.,comparable_within_series
housing_applications,application_approved_projects,Application records reported approved,06085,Santa Clara,2025,2025-12-31,annual,932.0,records,CA_HCD_APR_TABLE_A,HCD-APR-TABLE-A-2025-portal-current,2026-08-10T17:11:13Z,bec330a57d4f495f88b52cfed29d66223ec2d61b4ca4ae2e3feeef22faf62af2,county sum or count of HCD APR Table A records,Application status is sparsely populated before 2021; a record is not necessarily a unique project.,comparable_within_series
housing_applications,application_approved_projects,Application records reported approved,06095,Solano,2018,2018-12-31,annual,0.0,records,CA_HCD_APR_TABLE_A,HCD-APR-TABLE-A-2018-portal-current,2026-08-10T17:11:13Z,c5cee4fbdeba70dfa06045e45ea217a2aca9e0594fe6a2da9144529a1cc1bc25,county sum or count of HCD APR Table A records,Application status is sparsely populated before 2021; a record is not necessarily a unique project.,status_field_incomplete_before_2021
housing_applications,application_approved_projects,Application records reported approved,06095,Solano,2019,2019-12-31,annual,0.0,records,CA_HCD_APR_TABLE_A,HCD-APR-TABLE-A-2019-portal-current,2026-08-10T17:11:13Z,6f24c832cc9b927766fa5257f444024ffabc785e83ee1d5d9932243d95b14371,county sum or count of HCD APR Table A records,Application status is sparsely populated before 2021; a record is not necessarily a unique project.,status_field_incomplete_before_2021
housing_applications,application_approved_projects,Application records reported approved,06095,Solano,2020,2020-12-31,annual,0.0,records,CA_HCD_APR_TABLE_A,HCD-APR-TABLE-A-2020-portal-current,2026-08-10T17:11:13Z,11aa51318922cdb7f838c55d1b07009fc196e7fe46ea39c1222e20a86c988429,county sum or count of HCD APR Table A records,Application status is sparsely populated before 2021; a record is not necessarily a unique project.,status_field_incomplete_before_2021
housing_applications,application_approved_projects,Application records reported approved,06095,Solano,2021,2021-12-31,annual,372.0,records,CA_HCD_APR_TABLE_A,HCD-APR-TABLE-A-2021-portal-current,2026-08-10T17:11:13Z,97ab0c3387bdf49a07720594cb3ea612a85aca39503f8ca9f0c9c0af8e800bda,county sum or count of HCD APR Table A records,Application status is sparsely populated before 2021; a record is not necessarily a unique project.,comparable_within_series
housing_applications,application_approved_projects,Application records reported approved,06095,Solano,2022,2022-12-31,annual,818.0,records,CA_HCD_APR_TABLE_A,HCD-APR-TABLE-A-2022-portal-current,2026-08-10T17:11:13Z,1bca81f3a972f3d1eced27a3e2fdf4268fc4f1031af1dd0698cbf39fa018fb04,county sum or count of HCD APR Table A records,Application status is sparsely populated before 2021; a record is not necessarily a unique project.,comparable_within_series
housing_applications,application_approved_projects,Application records reported approved,06095,Solano,2023,2023-12-31,annual,111.0,records,CA_HCD_APR_TABLE_A,HCD-APR-TABLE-A-2023-portal-current,2026-08-10T17:11:13Z,1b140c61910e1eb3a1b01eb1837038d4a59ca05ac73198496fd1b3d77823f8c8,county sum or count of HCD APR Table A records,Application status is sparsely populated before 2021; a record is not necessarily a unique project.,comparable_within_series
housing_applications,application_approved_projects,Application records reported approved,06095,Solano,2024,2024-12-31,annual,188.0,records,CA_HCD_APR_TABLE_A,HCD-APR-TABLE-A-2024-portal-current,2026-08-10T17:11:13Z,0d33c498629bfd21f3b9707fd1c4810fcb4fd6d8542c25aec64360305c105d2f,county sum or count of HCD APR Table A records,Application status is sparsely populated before 2021; a record is not necessarily a unique project.,comparable_within_series
housing_applications,application_approved_projects,Application records reported approved,06095,Solano,2025,2025-12-31,annual,82.0,records,CA_HCD_APR_TABLE_A,HCD-APR-TABLE-A-2025-portal-current,2026-08-10T17:11:13Z,bec330a57d4f495f88b52cfed29d66223ec2d61b4ca4ae2e3feeef22faf62af2,county sum or count of HCD APR Table A records,Application status is sparsely populated before 2021; a record is not necessarily a unique project.,comparable_within_series
housing_applications,application_approved_projects,Application records reported approved,06097,Sonoma,2018,2018-12-31,annual,0.0,records,CA_HCD_APR_TABLE_A,HCD-APR-TABLE-A-2018-portal-current,2026-08-10T17:11:13Z,c5cee4fbdeba70dfa06045e45ea217a2aca9e0594fe6a2da9144529a1cc1bc25,county sum or count of HCD APR Table A records,Application status is sparsely populated before 2021; a record is not necessarily a unique project.,status_field_incomplete_before_2021
housing_applications,application_approved_projects,Application records reported approved,06097,Sonoma,2019,2019-12-31,annual,0.0,records,CA_HCD_APR_TABLE_A,HCD-APR-TABLE-A-2019-portal-current,2026-08-10T17:11:13Z,6f24c832cc9b927766fa5257f444024ffabc785e83ee1d5d9932243d95b14371,county sum or count of HCD APR Table A records,Application status is sparsely populated before 2021; a record is not necessarily a unique project.,status_field_incomplete_before_2021
housing_applications,application_approved_projects,Application records reported approved,06097,Sonoma,2020,2020-12-31,annual,0.0,records,CA_HCD_APR_TABLE_A,HCD-APR-TABLE-A-2020-portal-current,2026-08-10T17:11:13Z,11aa51318922cdb7f838c55d1b07009fc196e7fe46ea39c1222e20a86c988429,county sum or count of HCD APR Table A records,Application status is sparsely populated before 2021; a record is not necessarily a unique project.,status_field_incomplete_before_2021
housing_applications,application_approved_projects,Application records reported approved,06097,Sonoma,2021,2021-12-31,annual,312.0,records,CA_HCD_APR_TABLE_A,HCD-APR-TABLE-A-2021-portal-current,2026-08-10T17:11:13Z,97ab0c3387bdf49a07720594cb3ea612a85aca39503f8ca9f0c9c0af8e800bda,county sum or count of HCD APR Table A records,Application status is sparsely populated before 2021; a record is not necessarily a unique project.,comparable_within_series
housing_applications,application_approved_projects,Application records reported approved,06097,Sonoma,2022,2022-12-31,annual,327.0,records,CA_HCD_APR_TABLE_A,HCD-APR-TABLE-A-2022-portal-current,2026-08-10T17:11:13Z,1bca81f3a972f3d1eced27a3e2fdf4268fc4f1031af1dd0698cbf39fa018fb04,county sum or count of HCD APR Table A records,Application status is sparsely populated before 2021; a record is not necessarily a unique project.,comparable_within_series
housing_applications,application_approved_projects,Application records reported approved,06097,Sonoma,2023,2023-12-31,annual,362.0,records,CA_HCD_APR_TABLE_A,HCD-APR-TABLE-A-2023-portal-current,2026-08-10T17:11:13Z,1b140c61910e1eb3a1b01eb1837038d4a59ca05ac73198496fd1b3d77823f8c8,county sum or count of HCD APR Table A records,Application status is sparsely populated before 2021; a record is not necessarily a unique project.,comparable_within_series
housing_applications,application_approved_projects,Application records reported approved,06097,Sonoma,2024,2024-12-31,annual,259.0,records,CA_HCD_APR_TABLE_A,HCD-APR-TABLE-A-2024-portal-current,2026-08-10T17:11:13Z,0d33c498629bfd21f3b9707fd1c4810fcb4fd6d8542c25aec64360305c105d2f,county sum or count of HCD APR Table A records,Application status is sparsely populated before 2021; a record is not necessarily a unique project.,comparable_within_series
housing_applications,application_approved_projects,Application records reported approved,06097,Sonoma,2025,2025-12-31,annual,188.0,records,CA_HCD_APR_TABLE_A,HCD-APR-TABLE-A-2025-portal-current,2026-08-10T17:11:13Z,bec330a57d4f495f88b52cfed29d66223ec2d61b4ca4ae2e3feeef22faf62af2,county sum or count of HCD APR Table A records,Application status is sparsely populated before 2021; a record is not necessarily a unique project.,comparable_within_series
housing_applications,application_approved_units,Units approved in residential applications,06001,Alameda,2018,2018-12-31,annual,3142.0,housing units,CA_HCD_APR_TABLE_A,HCD-APR-TABLE-A-2018-portal-current,2026-08-10T17:11:13Z,c5cee4fbdeba70dfa06045e45ea217a2aca9e0594fe6a2da9144529a1cc1bc25,county sum or count of HCD APR Table A records,HCD APR application-stage administrative data aggregated to county.,comparable_within_series
housing_applications,application_approved_units,Units approved in residential applications,06001,Alameda,2019,2019-12-31,annual,5255.0,housing units,CA_HCD_APR_TABLE_A,HCD-APR-TABLE-A-2019-portal-current,2026-08-10T17:11:13Z,6f24c832cc9b927766fa5257f444024ffabc785e83ee1d5d9932243d95b14371,county sum or count of HCD APR Table A records,HCD APR application-stage administrative data aggregated to county.,comparable_within_series
housing_applications,application_approved_units,Units approved in residential applications,06001,Alameda,2020,2020-12-31,annual,2796.0,housing units,CA_HCD_APR_TABLE_A,HCD-APR-TABLE-A-2020-portal-current,2026-08-10T17:11:13Z,11aa51318922cdb7f838c55d1b07009fc196e7fe46ea39c1222e20a86c988429,county sum or count of HCD APR Table A records,HCD APR application-stage administrative data aggregated to county.,comparable_within_series
housing_applications,application_approved_units,Units approved in residential applications,06001,Alameda,2021,2021-12-31,annual,4750.0,housing units,CA_HCD_APR_TABLE_A,HCD-APR-TABLE-A-2021-portal-current,2026-08-10T17:11:13Z,97ab0c3387bdf49a07720594cb3ea612a85aca39503f8ca9f0c9c0af8e800bda,county sum or count of HCD APR Table A records,HCD APR application-stage administrative data aggregated to county.,comparable_within_series
housing_applications,application_approved_units,Units approved in residential applications,06001,Alameda,2022,2022-12-31,annual,6035.0,housing units,CA_HCD_APR_TABLE_A,HCD-APR-TABLE-A-2022-portal-current,2026-08-10T17:11:13Z,1bca81f3a972f3d1eced27a3e2fdf4268fc4f1031af1dd0698cbf39fa018fb04,county sum or count of HCD APR Table A records,HCD APR application-stage administrative data aggregated to county.,comparable_within_series
housing_applications,application_approved_units,Units approved in residential applications,06001,Alameda,2023,2023-12-31,annual,5129.0,housing units,CA_HCD_APR_TABLE_A,HCD-APR-TABLE-A-2023-portal-current,2026-08-10T17:11:13Z,1b140c61910e1eb3a1b01eb1837038d4a59ca05ac73198496fd1b3d77823f8c8,county sum or count of HCD APR Table A records,HCD APR application-stage administrative data aggregated to county.,comparable_within_series
housing_applications,application_approved_units,Units approved in residential applications,06001,Alameda,2024,2024-12-31,annual,3642.0,housing units,CA_HCD_APR_TABLE_A,HCD-APR-TABLE-A-2024-portal-current,2026-08-10T17:11:13Z,0d33c498629bfd21f3b9707fd1c4810fcb4fd6d8542c25aec64360305c105d2f,county sum or count of HCD APR Table A records,HCD APR application-stage administrative data aggregated to county.,comparable_within_series
housing_applications,application_approved_units,Units approved in residential applications,06001,Alameda,2025,2025-12-31,annual,2210.0,housing units,CA_HCD_APR_TABLE_A,HCD-APR-TABLE-A-2025-portal-current,2026-08-10T17:11:13Z,bec330a57d4f495f88b52cfed29d66223ec2d61b4ca4ae2e3feeef22faf62af2,county sum or count of HCD APR Table A records,HCD APR application-stage administrative data aggregated to county.,comparable_within_series
housing_applications,application_approved_units,Units approved in residential applications,06013,Contra Costa,2018,2018-12-31,annual,1564.0,housing units,CA_HCD_APR_TABLE_A,HCD-APR-TABLE-A-2018-portal-current,2026-08-10T17:11:13Z,c5cee4fbdeba70dfa06045e45ea217a2aca9e0594fe6a2da9144529a1cc1bc25,county sum or count of HCD APR Table A records,HCD APR application-stage administrative data aggregated to county.,comparable_within_series
housing_applications,application_approved_units,Units approved in residential applications,06013,Contra Costa,2019,2019-12-31,annual,1753.0,housing units,CA_HCD_APR_TABLE_A,HCD-APR-TABLE-A-2019-portal-current,2026-08-10T17:11:13Z,6f24c832cc9b927766fa5257f444024ffabc785e83ee1d5d9932243d95b14371,county sum or count of HCD APR Table A records,HCD APR application-stage administrative data aggregated to county.,comparable_within_series
housing_applications,application_approved_units,Units approved in residential applications,06013,Contra Costa,2020,2020-12-31,annual,8278.0,housing units,CA_HCD_APR_TABLE_A,HCD-APR-TABLE-A-2020-portal-current,2026-08-10T17:11:13Z,11aa51318922cdb7f838c55d1b07009fc196e7fe46ea39c1222e20a86c988429,county sum or count of HCD APR Table A records,HCD APR application-stage administrative data aggregated to county.,comparable_within_series
housing_applications,application_approved_units,Units approved in residential applications,06013,Contra Costa,2021,2021-12-31,annual,2169.0,housing units,CA_HCD_APR_TABLE_A,HCD-APR-TABLE-A-2021-portal-current,2026-08-10T17:11:13Z,97ab0c3387bdf49a07720594cb3ea612a85aca39503f8ca9f0c9c0af8e800bda,county sum or count of HCD APR Table A records,HCD APR application-stage administrative data aggregated to county.,comparable_within_series
housing_applications,application_approved_units,Units approved in residential applications,06013,Contra Costa,2022,2022-12-31,annual,1464.0,housing units,CA_HCD_APR_TABLE_A,HCD-APR-TABLE-A-2022-portal-current,2026-08-10T17:11:13Z,1bca81f3a972f3d1eced27a3e2fdf4268fc4f1031af1dd0698cbf39fa018fb04,county sum or count of HCD APR Table A records,HCD APR application-stage administrative data aggregated to county.,comparable_within_series
housing_applications,application_approved_units,Units approved in residential applications,06013,Contra Costa,2023,2023-12-31,annual,917.0,housing units,CA_HCD_APR_TABLE_A,HCD-APR-TABLE-A-2023-portal-current,2026-08-10T17:11:13Z,1b140c61910e1eb3a1b01eb1837038d4a59ca05ac73198496fd1b3d77823f8c8,county sum or count of HCD APR Table A records,HCD APR application-stage administrative data aggregated to county.,comparable_within_series
housing_applications,application_approved_units,Units approved in residential applications,06013,Contra Costa,2024,2024-12-31,annual,1662.0,housing units,CA_HCD_APR_TABLE_A,HCD-APR-TABLE-A-2024-portal-current,2026-08-10T17:11:13Z,0d33c498629bfd21f3b9707fd1c4810fcb4fd6d8542c25aec64360305c105d2f,county sum or count of HCD APR Table A records,HCD APR application-stage administrative data aggregated to county.,comparable_within_series
housing_applications,application_approved_units,Units approved in residential applications,06013,Contra Costa,2025,2025-12-31,annual,3527.0,housing units,CA_HCD_APR_TABLE_A,HCD-APR-TABLE-A-2025-portal-current,2026-08-10T17:11:13Z,bec330a57d4f495f88b52cfed29d66223ec2d61b4ca4ae2e3feeef22faf62af2,county sum or count of HCD APR Table A records,HCD APR application-stage administrative data aggregated to county.,comparable_within_series
housing_applications,application_approved_units,Units approved in residential applications,06041,Marin,2018,2018-12-31,annual,364.0,housing units,CA_HCD_APR_TABLE_A,HCD-APR-TABLE-A-2018-portal-current,2026-08-10T17:11:13Z,c5cee4fbdeba70dfa06045e45ea217a2aca9e0594fe6a2da9144529a1cc1bc25,county sum or count of HCD APR Table A records,HCD APR application-stage administrative data aggregated to county.,comparable_within_series
housing_applications,application_approved_units,Units approved in residential applications,06041,Marin,2019,2019-12-31,annual,288.0,housing units,CA_HCD_APR_TABLE_A,HCD-APR-TABLE-A-2019-portal-current,2026-08-10T17:11:13Z,6f24c832cc9b927766fa5257f444024ffabc785e83ee1d5d9932243d95b14371,county sum or count of HCD APR Table A records,HCD APR application-stage administrative data aggregated to county.,comparable_within_series
housing_applications,application_approved_units,Units approved in residential applications,06041,Marin,2020,2020-12-31,annual,346.0,housing units,CA_HCD_APR_TABLE_A,HCD-APR-TABLE-A-2020-portal-current,2026-08-10T17:11:13Z,11aa51318922cdb7f838c55d1b07009fc196e7fe46ea39c1222e20a86c988429,county sum or count of HCD APR Table A records,HCD APR application-stage administrative data aggregated to county.,comparable_within_series
housing_applications,application_approved_units,Units approved in residential applications,06041,Marin,2021,2021-12-31,annual,256.0,housing units,CA_HCD_APR_TABLE_A,HCD-APR-TABLE-A-2021-portal-current,2026-08-10T17:11:13Z,97ab0c3387bdf49a07720594cb3ea612a85aca39503f8ca9f0c9c0af8e800bda,county sum or count of HCD APR Table A records,HCD APR application-stage administrative data aggregated to county.,comparable_within_series
housing_applications,application_approved_units,Units approved in residential applications,06041,Marin,2022,2022-12-31,annual,334.0,housing units,CA_HCD_APR_TABLE_A,HCD-APR-TABLE-A-2022-portal-current,2026-08-10T17:11:13Z,1bca81f3a972f3d1eced27a3e2fdf4268fc4f1031af1dd0698cbf39fa018fb04,county sum or count of HCD APR Table A records,HCD APR application-stage administrative data aggregated to county.,comparable_within_series
housing_applications,application_approved_units,Units approved in residential applications,06041,Marin,2023,2023-12-31,annual,333.0,housing units,CA_HCD_APR_TABLE_A,HCD-APR-TABLE-A-2023-portal-current,2026-08-10T17:11:13Z,1b140c61910e1eb3a1b01eb1837038d4a59ca05ac73198496fd1b3d77823f8c8,county sum or count of HCD APR Table A records,HCD APR application-stage administrative data aggregated to county.,comparable_within_series
housing_applications,application_approved_units,Units approved in residential applications,06041,Marin,2024,2024-12-31,annual,615.0,housing units,CA_HCD_APR_TABLE_A,HCD-APR-TABLE-A-2024-portal-current,2026-08-10T17:11:13Z,0d33c498629bfd21f3b9707fd1c4810fcb4fd6d8542c25aec64360305c105d2f,county sum or count of HCD APR Table A records,HCD APR application-stage administrative data aggregated to county.,comparable_within_series
housing_applications,application_approved_units,Units approved in residential applications,06041,Marin,2025,2025-12-31,annual,818.0,housing units,CA_HCD_APR_TABLE_A,HCD-APR-TABLE-A-2025-portal-current,2026-08-10T17:11:13Z,bec330a57d4f495f88b52cfed29d66223ec2d61b4ca4ae2e3feeef22faf62af2,county sum or count of HCD APR Table A records,HCD APR application-stage administrative data aggregated to county.,comparable_within_series
housing_applications,application_approved_units,Units approved in residential applications,06055,Napa,2018,2018-12-31,annual,1444.0,housing units,CA_HCD_APR_TABLE_A,HCD-APR-TABLE-A-2018-portal-current,2026-08-10T17:11:13Z,c5cee4fbdeba70dfa06045e45ea217a2aca9e0594fe6a2da9144529a1cc1bc25,county sum or count of HCD APR Table A records,HCD APR application-stage administrative data aggregated to county.,comparable_within_series
housing_applications,application_approved_units,Units approved in residential applications,06055,Napa,2019,2019-12-31,annual,47.0,housing units,CA_HCD_APR_TABLE_A,HCD-APR-TABLE-A-2019-portal-current,2026-08-10T17:11:13Z,6f24c832cc9b927766fa5257f444024ffabc785e83ee1d5d9932243d95b14371,county sum or count of HCD APR Table A records,HCD APR application-stage administrative data aggregated to county.,comparable_within_series
housing_applications,application_approved_units,Units approved in residential applications,06055,Napa,2020,2020-12-31,annual,480.0,housing units,CA_HCD_APR_TABLE_A,HCD-APR-TABLE-A-2020-portal-current,2026-08-10T17:11:13Z,11aa51318922cdb7f838c55d1b07009fc196e7fe46ea39c1222e20a86c988429,county sum or count of HCD APR Table A records,HCD APR application-stage administrative data aggregated to county.,comparable_within_series
housing_applications,application_approved_units,Units approved in residential applications,06055,Napa,2021,2021-12-31,annual,508.0,housing units,CA_HCD_APR_TABLE_A,HCD-APR-TABLE-A-2021-portal-current,2026-08-10T17:11:13Z,97ab0c3387bdf49a07720594cb3ea612a85aca39503f8ca9f0c9c0af8e800bda,county sum or count of HCD APR Table A records,HCD APR application-stage administrative data aggregated to county.,comparable_within_series
housing_applications,application_approved_units,Units approved in residential applications,06055,Napa,2022,2022-12-31,annual,76.0,housing units,CA_HCD_APR_TABLE_A,HCD-APR-TABLE-A-2022-portal-current,2026-08-10T17:11:13Z,1bca81f3a972f3d1eced27a3e2fdf4268fc4f1031af1dd0698cbf39fa018fb04,county sum or count of HCD APR Table A records,HCD APR application-stage administrative data aggregated to county.,comparable_within_series
housing_applications,application_approved_units,Units approved in residential applications,06055,Napa,2023,2023-12-31,annual,192.0,housing units,CA_HCD_APR_TABLE_A,HCD-APR-TABLE-A-2023-portal-current,2026-08-10T17:11:13Z,1b140c61910e1eb3a1b01eb1837038d4a59ca05ac73198496fd1b3d77823f8c8,county sum or count of HCD APR Table A records,HCD APR application-stage administrative data aggregated to county.,comparable_within_series
housing_applications,application_approved_units,Units approved in residential applications,06055,Napa,2024,2024-12-31,annual,319.0,housing units,CA_HCD_APR_TABLE_A,HCD-APR-TABLE-A-2024-portal-current,2026-08-10T17:11:13Z,0d33c498629bfd21f3b9707fd1c4810fcb4fd6d8542c25aec64360305c105d2f,county sum or count of HCD APR Table A records,HCD APR application-stage administrative data aggregated to county.,comparable_within_series
housing_applications,application_approved_units,Units approved in residential applications,06055,Napa,2025,2025-12-31,annual,237.0,housing units,CA_HCD_APR_TABLE_A,HCD-APR-TABLE-A-2025-portal-current,2026-08-10T17:11:13Z,bec330a57d4f495f88b52cfed29d66223ec2d61b4ca4ae2e3feeef22faf62af2,county sum or count of HCD APR Table A records,HCD APR application-stage administrative data aggregated to county.,comparable_within_series
housing_applications,application_approved_units,Units approved in residential applications,06075,San Francisco,2018,2018-12-31,annual,5751.0,housing units,CA_HCD_APR_TABLE_A,HCD-APR-TABLE-A-2018-portal-current,2026-08-10T17:11:13Z,c5cee4fbdeba70dfa06045e45ea217a2aca9e0594fe6a2da9144529a1cc1bc25,county sum or count of HCD APR Table A records,HCD APR application-stage administrative data aggregated to county.,comparable_within_series
housing_applications,application_approved_units,Units approved in residential applications,06075,San Francisco,2019,2019-12-31,annual,3349.0,housing units,CA_HCD_APR_TABLE_A,HCD-APR-TABLE-A-2019-portal-current,2026-08-10T17:11:13Z,6f24c832cc9b927766fa5257f444024ffabc785e83ee1d5d9932243d95b14371,county sum or count of HCD APR Table A records,HCD APR application-stage administrative data aggregated to county.,comparable_within_series
housing_applications,application_approved_units,Units approved in residential applications,06075,San Francisco,2020,2020-12-31,annual,2734.0,housing units,CA_HCD_APR_TABLE_A,HCD-APR-TABLE-A-2020-portal-current,2026-08-10T17:11:13Z,11aa51318922cdb7f838c55d1b07009fc196e7fe46ea39c1222e20a86c988429,county sum or count of HCD APR Table A records,HCD APR application-stage administrative data aggregated to county.,comparable_within_series
housing_applications,application_approved_units,Units approved in residential applications,06075,San Francisco,2021,2021-12-31,annual,7817.0,housing units,CA_HCD_APR_TABLE_A,HCD-APR-TABLE-A-2021-portal-current,2026-08-10T17:11:13Z,97ab0c3387bdf49a07720594cb3ea612a85aca39503f8ca9f0c9c0af8e800bda,county sum or count of HCD APR Table A records,HCD APR application-stage administrative data aggregated to county.,comparable_within_series
housing_applications,application_approved_units,Units approved in residential applications,06075,San Francisco,2022,2022-12-31,annual,3468.0,housing units,CA_HCD_APR_TABLE_A,HCD-APR-TABLE-A-2022-portal-current,2026-08-10T17:11:13Z,1bca81f3a972f3d1eced27a3e2fdf4268fc4f1031af1dd0698cbf39fa018fb04,county sum or count of HCD APR Table A records,HCD APR application-stage administrative data aggregated to county.,comparable_within_series
housing_applications,application_approved_units,Units approved in residential applications,06075,San Francisco,2023,2023-12-31,annual,379.0,housing units,CA_HCD_APR_TABLE_A,HCD-APR-TABLE-A-2023-portal-current,2026-08-10T17:11:13Z,1b140c61910e1eb3a1b01eb1837038d4a59ca05ac73198496fd1b3d77823f8c8,county sum or count of HCD APR Table A records,HCD APR application-stage administrative data aggregated to county.,comparable_within_series
housing_applications,application_approved_units,Units approved in residential applications,06075,San Francisco,2024,2024-12-31,annual,4199.0,housing units,CA_HCD_APR_TABLE_A,HCD-APR-TABLE-A-2024-portal-current,2026-08-10T17:11:13Z,0d33c498629bfd21f3b9707fd1c4810fcb4fd6d8542c25aec64360305c105d2f,county sum or count of HCD APR Table A records,HCD APR application-stage administrative data aggregated to county.,comparable_within_series
housing_applications,application_approved_units,Units approved in residential applications,06075,San Francisco,2025,2025-12-31,annual,9881.0,housing units,CA_HCD_APR_TABLE_A,HCD-APR-TABLE-A-2025-portal-current,2026-08-10T17:11:13Z,bec330a57d4f495f88b52cfed29d66223ec2d61b4ca4ae2e3feeef22faf62af2,county sum or count of HCD APR Table A records,HCD APR application-stage administrative data aggregated to county.,comparable_within_series
housing_applications,application_approved_units,Units approved in residential applications,06081,San Mateo,2018,2018-12-31,annual,1386.0,housing units,CA_HCD_APR_TABLE_A,HCD-APR-TABLE-A-2018-portal-current,2026-08-10T17:11:13Z,c5cee4fbdeba70dfa06045e45ea217a2aca9e0594fe6a2da9144529a1cc1bc25,county sum or count of HCD APR Table A records,HCD APR application-stage administrative data aggregated to county.,comparable_within_series
housing_applications,application_approved_units,Units approved in residential applications,06081,San Mateo,2019,2019-12-31,annual,1180.0,housing units,CA_HCD_APR_TABLE_A,HCD-APR-TABLE-A-2019-portal-current,2026-08-10T17:11:13Z,6f24c832cc9b927766fa5257f444024ffabc785e83ee1d5d9932243d95b14371,county sum or count of HCD APR Table A records,HCD APR application-stage administrative data aggregated to county.,comparable_within_series
housing_applications,application_approved_units,Units approved in residential applications,06081,San Mateo,2020,2020-12-31,annual,2209.0,housing units,CA_HCD_APR_TABLE_A,HCD-APR-TABLE-A-2020-portal-current,2026-08-10T17:11:13Z,11aa51318922cdb7f838c55d1b07009fc196e7fe46ea39c1222e20a86c988429,county sum or count of HCD APR Table A records,HCD APR application-stage administrative data aggregated to county.,comparable_within_series
housing_applications,application_approved_units,Units approved in residential applications,06081,San Mateo,2021,2021-12-31,annual,674.0,housing units,CA_HCD_APR_TABLE_A,HCD-APR-TABLE-A-2021-portal-current,2026-08-10T17:11:13Z,97ab0c3387bdf49a07720594cb3ea612a85aca39503f8ca9f0c9c0af8e800bda,county sum or count of HCD APR Table A records,HCD APR application-stage administrative data aggregated to county.,comparable_within_series
housing_applications,application_approved_units,Units approved in residential applications,06081,San Mateo,2022,2022-12-31,annual,2414.0,housing units,CA_HCD_APR_TABLE_A,HCD-APR-TABLE-A-2022-portal-current,2026-08-10T17:11:13Z,1bca81f3a972f3d1eced27a3e2fdf4268fc4f1031af1dd0698cbf39fa018fb04,county sum or count of HCD APR Table A records,HCD APR application-stage administrative data aggregated to county.,comparable_within_series
housing_applications,application_approved_units,Units approved in residential applications,06081,San Mateo,2023,2023-12-31,annual,649.0,housing units,CA_HCD_APR_TABLE_A,HCD-APR-TABLE-A-2023-portal-current,2026-08-10T17:11:13Z,1b140c61910e1eb3a1b01eb1837038d4a59ca05ac73198496fd1b3d77823f8c8,county sum or count of HCD APR Table A records,HCD APR application-stage administrative data aggregated to county.,comparable_within_series
housing_applications,application_approved_units,Units approved in residential applications,06081,San Mateo,2024,2024-12-31,annual,2688.0,housing units,CA_HCD_APR_TABLE_A,HCD-APR-TABLE-A-2024-portal-current,2026-08-10T17:11:13Z,0d33c498629bfd21f3b9707fd1c4810fcb4fd6d8542c25aec64360305c105d2f,county sum or count of HCD APR Table A records,HCD APR application-stage administrative data aggregated to county.,comparable_within_series
housing_applications,application_approved_units,Units approved in residential applications,06081,San Mateo,2025,2025-12-31,annual,2067.0,housing units,CA_HCD_APR_TABLE_A,HCD-APR-TABLE-A-2025-portal-current,2026-08-10T17:11:13Z,bec330a57d4f495f88b52cfed29d66223ec2d61b4ca4ae2e3feeef22faf62af2,county sum or count of HCD APR Table A records,HCD APR application-stage administrative data aggregated to county.,comparable_within_series
housing_applications,application_approved_units,Units approved in residential applications,06085,Santa Clara,2018,2018-12-31,annual,3965.0,housing units,CA_HCD_APR_TABLE_A,HCD-APR-TABLE-A-2018-portal-current,2026-08-10T17:11:13Z,c5cee4fbdeba70dfa06045e45ea217a2aca9e0594fe6a2da9144529a1cc1bc25,county sum or count of HCD APR Table A records,HCD APR application-stage administrative data aggregated to county.,comparable_within_series
housing_applications,application_approved_units,Units approved in residential applications,06085,Santa Clara,2019,2019-12-31,annual,4680.0,housing units,CA_HCD_APR_TABLE_A,HCD-APR-TABLE-A-2019-portal-current,2026-08-10T17:11:13Z,6f24c832cc9b927766fa5257f444024ffabc785e83ee1d5d9932243d95b14371,county sum or count of HCD APR Table A records,HCD APR application-stage administrative data aggregated to county.,comparable_within_series
housing_applications,application_approved_units,Units approved in residential applications,06085,Santa Clara,2020,2020-12-31,annual,3252.0,housing units,CA_HCD_APR_TABLE_A,HCD-APR-TABLE-A-2020-portal-current,2026-08-10T17:11:13Z,11aa51318922cdb7f838c55d1b07009fc196e7fe46ea39c1222e20a86c988429,county sum or count of HCD APR Table A records,HCD APR application-stage administrative data aggregated to county.,comparable_within_series
housing_applications,application_approved_units,Units approved in residential applications,06085,Santa Clara,2021,2021-12-31,annual,2286.0,housing units,CA_HCD_APR_TABLE_A,HCD-APR-TABLE-A-2021-portal-current,2026-08-10T17:11:13Z,97ab0c3387bdf49a07720594cb3ea612a85aca39503f8ca9f0c9c0af8e800bda,county sum or count of HCD APR Table A records,HCD APR application-stage administrative data aggregated to county.,comparable_within_series
housing_applications,application_approved_units,Units approved in residential applications,06085,Santa Clara,2022,2022-12-31,annual,2522.0,housing units,CA_HCD_APR_TABLE_A,HCD-APR-TABLE-A-2022-portal-current,2026-08-10T17:11:13Z,1bca81f3a972f3d1eced27a3e2fdf4268fc4f1031af1dd0698cbf39fa018fb04,county sum or count of HCD APR Table A records,HCD APR application-stage administrative data aggregated to county.,comparable_within_series
housing_applications,application_approved_units,Units approved in residential applications,06085,Santa Clara,2023,2023-12-31,annual,1654.0,housing units,CA_HCD_APR_TABLE_A,HCD-APR-TABLE-A-2023-portal-current,2026-08-10T17:11:13Z,1b140c61910e1eb3a1b01eb1837038d4a59ca05ac73198496fd1b3d77823f8c8,county sum or count of HCD APR Table A records,HCD APR application-stage administrative data aggregated to county.,comparable_within_series
housing_applications,application_approved_units,Units approved in residential applications,06085,Santa Clara,2024,2024-12-31,annual,3002.0,housing units,CA_HCD_APR_TABLE_A,HCD-APR-TABLE-A-2024-portal-current,2026-08-10T17:11:13Z,0d33c498629bfd21f3b9707fd1c4810fcb4fd6d8542c25aec64360305c105d2f,county sum or count of HCD APR Table A records,HCD APR application-stage administrative data aggregated to county.,comparable_within_series
housing_applications,application_approved_units,Units approved in residential applications,06085,Santa Clara,2025,2025-12-31,annual,6166.0,housing units,CA_HCD_APR_TABLE_A,HCD-APR-TABLE-A-2025-portal-current,2026-08-10T17:11:13Z,bec330a57d4f495f88b52cfed29d66223ec2d61b4ca4ae2e3feeef22faf62af2,county sum or count of HCD APR Table A records,HCD APR application-stage administrative data aggregated to county.,comparable_within_series
housing_applications,application_approved_units,Units approved in residential applications,06095,Solano,2018,2018-12-31,annual,414.0,housing units,CA_HCD_APR_TABLE_A,HCD-APR-TABLE-A-2018-portal-current,2026-08-10T17:11:13Z,c5cee4fbdeba70dfa06045e45ea217a2aca9e0594fe6a2da9144529a1cc1bc25,county sum or count of HCD APR Table A records,HCD APR application-stage administrative data aggregated to county.,comparable_within_series
housing_applications,application_approved_units,Units approved in residential applications,06095,Solano,2019,2019-12-31,annual,631.0,housing units,CA_HCD_APR_TABLE_A,HCD-APR-TABLE-A-2019-portal-current,2026-08-10T17:11:13Z,6f24c832cc9b927766fa5257f444024ffabc785e83ee1d5d9932243d95b14371,county sum or count of HCD APR Table A records,HCD APR application-stage administrative data aggregated to county.,comparable_within_series
housing_applications,application_approved_units,Units approved in residential applications,06095,Solano,2020,2020-12-31,annual,1159.0,housing units,CA_HCD_APR_TABLE_A,HCD-APR-TABLE-A-2020-portal-current,2026-08-10T17:11:13Z,11aa51318922cdb7f838c55d1b07009fc196e7fe46ea39c1222e20a86c988429,county sum or count of HCD APR Table A records,HCD APR application-stage administrative data aggregated to county.,comparable_within_series
housing_applications,application_approved_units,Units approved in residential applications,06095,Solano,2021,2021-12-31,annual,2416.0,housing units,CA_HCD_APR_TABLE_A,HCD-APR-TABLE-A-2021-portal-current,2026-08-10T17:11:13Z,97ab0c3387bdf49a07720594cb3ea612a85aca39503f8ca9f0c9c0af8e800bda,county sum or count of HCD APR Table A records,HCD APR application-stage administrative data aggregated to county.,comparable_within_series
housing_applications,application_approved_units,Units approved in residential applications,06095,Solano,2022,2022-12-31,annual,1358.0,housing units,CA_HCD_APR_TABLE_A,HCD-APR-TABLE-A-2022-portal-current,2026-08-10T17:11:13Z,1bca81f3a972f3d1eced27a3e2fdf4268fc4f1031af1dd0698cbf39fa018fb04,county sum or count of HCD APR Table A records,HCD APR application-stage administrative data aggregated to county.,comparable_within_series
housing_applications,application_approved_units,Units approved in residential applications,06095,Solano,2023,2023-12-31,annual,877.0,housing units,CA_HCD_APR_TABLE_A,HCD-APR-TABLE-A-2023-portal-current,2026-08-10T17:11:13Z,1b140c61910e1eb3a1b01eb1837038d4a59ca05ac73198496fd1b3d77823f8c8,county sum or count of HCD APR Table A records,HCD APR application-stage administrative data aggregated to county.,comparable_within_series
housing_applications,application_approved_units,Units approved in residential applications,06095,Solano,2024,2024-12-31,annual,483.0,housing units,CA_HCD_APR_TABLE_A,HCD-APR-TABLE-A-2024-portal-current,2026-08-10T17:11:13Z,0d33c498629bfd21f3b9707fd1c4810fcb4fd6d8542c25aec64360305c105d2f,county sum or count of HCD APR Table A records,HCD APR application-stage administrative data aggregated to county.,comparable_within_series
housing_applications,application_approved_units,Units approved in residential applications,06095,Solano,2025,2025-12-31,annual,1213.0,housing units,CA_HCD_APR_TABLE_A,HCD-APR-TABLE-A-2025-portal-current,2026-08-10T17:11:13Z,bec330a57d4f495f88b52cfed29d66223ec2d61b4ca4ae2e3feeef22faf62af2,county sum or count of HCD APR Table A records,HCD APR application-stage administrative data aggregated to county.,comparable_within_series
housing_applications,application_approved_units,Units approved in residential applications,06097,Sonoma,2018,2018-12-31,annual,1244.0,housing units,CA_HCD_APR_TABLE_A,HCD-APR-TABLE-A-2018-portal-current,2026-08-10T17:11:13Z,c5cee4fbdeba70dfa06045e45ea217a2aca9e0594fe6a2da9144529a1cc1bc25,county sum or count of HCD APR Table A records,HCD APR application-stage administrative data aggregated to county.,comparable_within_series
housing_applications,application_approved_units,Units approved in residential applications,06097,Sonoma,2019,2019-12-31,annual,1487.0,housing units,CA_HCD_APR_TABLE_A,HCD-APR-TABLE-A-2019-portal-current,2026-08-10T17:11:13Z,6f24c832cc9b927766fa5257f444024ffabc785e83ee1d5d9932243d95b14371,county sum or count of HCD APR Table A records,HCD APR application-stage administrative data aggregated to county.,comparable_within_series
housing_applications,application_approved_units,Units approved in residential applications,06097,Sonoma,2020,2020-12-31,annual,1111.0,housing units,CA_HCD_APR_TABLE_A,HCD-APR-TABLE-A-2020-portal-current,2026-08-10T17:11:13Z,11aa51318922cdb7f838c55d1b07009fc196e7fe46ea39c1222e20a86c988429,county sum or count of HCD APR Table A records,HCD APR application-stage administrative data aggregated to county.,comparable_within_series
housing_applications,application_approved_units,Units approved in residential applications,06097,Sonoma,2021,2021-12-31,annual,1079.0,housing units,CA_HCD_APR_TABLE_A,HCD-APR-TABLE-A-2021-portal-current,2026-08-10T17:11:13Z,97ab0c3387bdf49a07720594cb3ea612a85aca39503f8ca9f0c9c0af8e800bda,county sum or count of HCD APR Table A records,HCD APR application-stage administrative data aggregated to county.,comparable_within_series
housing_applications,application_approved_units,Units approved in residential applications,06097,Sonoma,2022,2022-12-31,annual,1791.0,housing units,CA_HCD_APR_TABLE_A,HCD-APR-TABLE-A-2022-portal-current,2026-08-10T17:11:13Z,1bca81f3a972f3d1eced27a3e2fdf4268fc4f1031af1dd0698cbf39fa018fb04,county sum or count of HCD APR Table A records,HCD APR application-stage administrative data aggregated to county.,comparable_within_series
housing_applications,application_approved_units,Units approved in residential applications,06097,Sonoma,2023,2023-12-31,annual,795.0,housing units,CA_HCD_APR_TABLE_A,HCD-APR-TABLE-A-2023-portal-current,2026-08-10T17:11:13Z,1b140c61910e1eb3a1b01eb1837038d4a59ca05ac73198496fd1b3d77823f8c8,county sum or count of HCD APR Table A records,HCD APR application-stage administrative data aggregated to county.,comparable_within_series
housing_applications,application_approved_units,Units approved in residential applications,06097,Sonoma,2024,2024-12-31,annual,442.0,housing units,CA_HCD_APR_TABLE_A,HCD-APR-TABLE-A-2024-portal-current,2026-08-10T17:11:13Z,0d33c498629bfd21f3b9707fd1c4810fcb4fd6d8542c25aec64360305c105d2f,county sum or count of HCD APR Table A records,HCD APR application-stage administrative data aggregated to county.,comparable_within_series
housing_applications,application_approved_units,Units approved in residential applications,06097,Sonoma,2025,2025-12-31,annual,964.0,housing units,CA_HCD_APR_TABLE_A,HCD-APR-TABLE-A-2025-portal-current,2026-08-10T17:11:13Z,bec330a57d4f495f88b52cfed29d66223ec2d61b4ca4ae2e3feeef22faf62af2,county sum or count of HCD APR Table A records,HCD APR application-stage administrative data aggregated to county.,comparable_within_series
housing_applications,application_decision_approval_share_pct,Approved share of decided application records,06001,Alameda,2018,2018-12-31,annual,,percent,CA_HCD_APR_TABLE_A,HCD-APR-TABLE-A-2018-portal-current,2026-08-10T17:11:13Z,c5cee4fbdeba70dfa06045e45ea217a2aca9e0594fe6a2da9144529a1cc1bc25,approved application records / (approved + disapproved records) * 100; pending and withdrawn excluded,Application status is sparsely populated before 2021; a record is not necessarily a unique project.,status_field_incomplete_before_2021
housing_applications,application_decision_approval_share_pct,Approved share of decided application records,06001,Alameda,2019,2019-12-31,annual,100.0,percent,CA_HCD_APR_TABLE_A,HCD-APR-TABLE-A-2019-portal-current,2026-08-10T17:11:13Z,6f24c832cc9b927766fa5257f444024ffabc785e83ee1d5d9932243d95b14371,approved application records / (approved + disapproved records) * 100; pending and withdrawn excluded,Application status is sparsely populated before 2021; a record is not necessarily a unique project.,status_field_incomplete_before_2021
housing_applications,application_decision_approval_share_pct,Approved share of decided application records,06001,Alameda,2020,2020-12-31,annual,100.0,percent,CA_HCD_APR_TABLE_A,HCD-APR-TABLE-A-2020-portal-current,2026-08-10T17:11:13Z,11aa51318922cdb7f838c55d1b07009fc196e7fe46ea39c1222e20a86c988429,approved application records / (approved + disapproved records) * 100; pending and withdrawn excluded,Application status is sparsely populated before 2021; a record is not necessarily a unique project.,status_field_incomplete_before_2021
housing_applications,application_decision_approval_share_pct,Approved share of decided application records,06001,Alameda,2021,2021-12-31,annual,99.64726631393297,percent,CA_HCD_APR_TABLE_A,HCD-APR-TABLE-A-2021-portal-current,2026-08-10T17:11:13Z,97ab0c3387bdf49a07720594cb3ea612a85aca39503f8ca9f0c9c0af8e800bda,approved application records / (approved + disapproved records) * 100; pending and withdrawn excluded,Application status is sparsely populated before 2021; a record is not necessarily a unique project.,comparable_within_series
housing_applications,application_decision_approval_share_pct,Approved share of decided application records,06001,Alameda,2022,2022-12-31,annual,99.64454976303317,percent,CA_HCD_APR_TABLE_A,HCD-APR-TABLE-A-2022-portal-current,2026-08-10T17:11:13Z,1bca81f3a972f3d1eced27a3e2fdf4268fc4f1031af1dd0698cbf39fa018fb04,approved application records / (approved + disapproved records) * 100; pending and withdrawn excluded,Application status is sparsely populated before 2021; a record is not necessarily a unique project.,comparable_within_series
housing_applications,application_decision_approval_share_pct,Approved share of decided application records,06001,Alameda,2023,2023-12-31,annual,99.5405819295559,percent,CA_HCD_APR_TABLE_A,HCD-APR-TABLE-A-2023-portal-current,2026-08-10T17:11:13Z,1b140c61910e1eb3a1b01eb1837038d4a59ca05ac73198496fd1b3d77823f8c8,approved application records / (approved + disapproved records) * 100; pending and withdrawn excluded,Application status is sparsely populated before 2021; a record is not necessarily a unique project.,comparable_within_series
housing_applications,application_decision_approval_share_pct,Approved share of decided application records,06001,Alameda,2024,2024-12-31,annual,100.0,percent,CA_HCD_APR_TABLE_A,HCD-APR-TABLE-A-2024-portal-current,2026-08-10T17:11:13Z,0d33c498629bfd21f3b9707fd1c4810fcb4fd6d8542c25aec64360305c105d2f,approved application records / (approved + disapproved records) * 100; pending and withdrawn excluded,Application status is sparsely populated before 2021; a record is not necessarily a unique project.,comparable_within_series
housing_applications,application_decision_approval_share_pct,Approved share of decided application records,06001,Alameda,2025,2025-12-31,annual,99.59266802443992,percent,CA_HCD_APR_TABLE_A,HCD-APR-TABLE-A-2025-portal-current,2026-08-10T17:11:13Z,bec330a57d4f495f88b52cfed29d66223ec2d61b4ca4ae2e3feeef22faf62af2,approved application records / (approved + disapproved records) * 100; pending and withdrawn excluded,Application status is sparsely populated before 2021; a record is not necessarily a unique project.,comparable_within_series
housing_applications,application_decision_approval_share_pct,Approved share of decided application records,06013,Contra Costa,2018,2018-12-31,annual,,percent,CA_HCD_APR_TABLE_A,HCD-APR-TABLE-A-2018-portal-current,2026-08-10T17:11:13Z,c5cee4fbdeba70dfa06045e45ea217a2aca9e0594fe6a2da9144529a1cc1bc25,approved application records / (approved + disapproved records) * 100; pending and withdrawn excluded,Application status is sparsely populated before 2021; a record is not necessarily a unique project.,status_field_incomplete_before_2021
housing_applications,application_decision_approval_share_pct,Approved share of decided application records,06013,Contra Costa,2019,2019-12-31,annual,,percent,CA_HCD_APR_TABLE_A,HCD-APR-TABLE-A-2019-portal-current,2026-08-10T17:11:13Z,6f24c832cc9b927766fa5257f444024ffabc785e83ee1d5d9932243d95b14371,approved application records / (approved + disapproved records) * 100; pending and withdrawn excluded,Application status is sparsely populated before 2021; a record is not necessarily a unique project.,status_field_incomplete_before_2021
housing_applications,application_decision_approval_share_pct,Approved share of decided application records,06013,Contra Costa,2020,2020-12-31,annual,,percent,CA_HCD_APR_TABLE_A,HCD-APR-TABLE-A-2020-portal-current,2026-08-10T17:11:13Z,11aa51318922cdb7f838c55d1b07009fc196e7fe46ea39c1222e20a86c988429,approved application records / (approved + disapproved records) * 100; pending and withdrawn excluded,Application status is sparsely populated before 2021; a record is not necessarily a unique project.,status_field_incomplete_before_2021
housing_applications,application_decision_approval_share_pct,Approved share of decided application records,06013,Contra Costa,2021,2021-12-31,annual,99.57537154989384,percent,CA_HCD_APR_TABLE_A,HCD-APR-TABLE-A-2021-portal-current,2026-08-10T17:11:13Z,97ab0c3387bdf49a07720594cb3ea612a85aca39503f8ca9f0c9c0af8e800bda,approved application records / (approved + disapproved records) * 100; pending and withdrawn excluded,Application status is sparsely populated before 2021; a record is not necessarily a unique project.,comparable_within_series
housing_applications,application_decision_approval_share_pct,Approved share of decided application records,06013,Contra Costa,2022,2022-12-31,annual,100.0,percent,CA_HCD_APR_TABLE_A,HCD-APR-TABLE-A-2022-portal-current,2026-08-10T17:11:13Z,1bca81f3a972f3d1eced27a3e2fdf4268fc4f1031af1dd0698cbf39fa018fb04,approved application records / (approved + disapproved records) * 100; pending and withdrawn excluded,Application status is sparsely populated before 2021; a record is not necessarily a unique project.,comparable_within_series
housing_applications,application_decision_approval_share_pct,Approved share of decided application records,06013,Contra Costa,2023,2023-12-31,annual,99.3975903614458,percent,CA_HCD_APR_TABLE_A,HCD-APR-TABLE-A-2023-portal-current,2026-08-10T17:11:13Z,1b140c61910e1eb3a1b01eb1837038d4a59ca05ac73198496fd1b3d77823f8c8,approved application records / (approved + disapproved records) * 100; pending and withdrawn excluded,Application status is sparsely populated before 2021; a record is not necessarily a unique project.,comparable_within_series
housing_applications,application_decision_approval_share_pct,Approved share of decided application records,06013,Contra Costa,2024,2024-12-31,annual,99.35344827586206,percent,CA_HCD_APR_TABLE_A,HCD-APR-TABLE-A-2024-portal-current,2026-08-10T17:11:13Z,0d33c498629bfd21f3b9707fd1c4810fcb4fd6d8542c25aec64360305c105d2f,approved application records / (approved + disapproved records) * 100; pending and withdrawn excluded,Application status is sparsely populated before 2021; a record is not necessarily a unique project.,comparable_within_series
housing_applications,application_decision_approval_share_pct,Approved share of decided application records,06013,Contra Costa,2025,2025-12-31,annual,100.0,percent,CA_HCD_APR_TABLE_A,HCD-APR-TABLE-A-2025-portal-current,2026-08-10T17:11:13Z,bec330a57d4f495f88b52cfed29d66223ec2d61b4ca4ae2e3feeef22faf62af2,approved application records / (approved + disapproved records) * 100; pending and withdrawn excluded,Application status is sparsely populated before 2021; a record is not necessarily a unique project.,comparable_within_series
housing_applications,application_decision_approval_share_pct,Approved share of decided application records,06041,Marin,2018,2018-12-31,annual,,percent,CA_HCD_APR_TABLE_A,HCD-APR-TABLE-A-2018-portal-current,2026-08-10T17:11:13Z,c5cee4fbdeba70dfa06045e45ea217a2aca9e0594fe6a2da9144529a1cc1bc25,approved application records / (approved + disapproved records) * 100; pending and withdrawn excluded,Application status is sparsely populated before 2021; a record is not necessarily a unique project.,status_field_incomplete_before_2021
housing_applications,application_decision_approval_share_pct,Approved share of decided application records,06041,Marin,2019,2019-12-31,annual,,percent,CA_HCD_APR_TABLE_A,HCD-APR-TABLE-A-2019-portal-current,2026-08-10T17:11:13Z,6f24c832cc9b927766fa5257f444024ffabc785e83ee1d5d9932243d95b14371,approved application records / (approved + disapproved records) * 100; pending and withdrawn excluded,Application status is sparsely populated before 2021; a record is not necessarily a unique project.,status_field_incomplete_before_2021
housing_applications,application_decision_approval_share_pct,Approved share of decided application records,06041,Marin,2020,2020-12-31,annual,,percent,CA_HCD_APR_TABLE_A,HCD-APR-TABLE-A-2020-portal-current,2026-08-10T17:11:13Z,11aa51318922cdb7f838c55d1b07009fc196e7fe46ea39c1222e20a86c988429,approved application records / (approved + disapproved records) * 100; pending and withdrawn excluded,Application status is sparsely populated before 2021; a record is not necessarily a unique project.,status_field_incomplete_before_2021
housing_applications,application_decision_approval_share_pct,Approved share of decided application records,06041,Marin,2021,2021-12-31,annual,100.0,percent,CA_HCD_APR_TABLE_A,HCD-APR-TABLE-A-2021-portal-current,2026-08-10T17:11:13Z,97ab0c3387bdf49a07720594cb3ea612a85aca39503f8ca9f0c9c0af8e800bda,approved application records / (approved + disapproved records) * 100; pending and withdrawn excluded,Application status is sparsely populated before 2021; a record is not necessarily a unique project.,comparable_within_series
housing_applications,application_decision_approval_share_pct,Approved share of decided application records,06041,Marin,2022,2022-12-31,annual,100.0,percent,CA_HCD_APR_TABLE_A,HCD-APR-TABLE-A-2022-portal-current,2026-08-10T17:11:13Z,1bca81f3a972f3d1eced27a3e2fdf4268fc4f1031af1dd0698cbf39fa018fb04,approved application records / (approved + disapproved records) * 100; pending and withdrawn excluded,Application status is sparsely populated before 2021; a record is not necessarily a unique project.,comparable_within_series
housing_applications,application_decision_approval_share_pct,Approved share of decided application records,06041,Marin,2023,2023-12-31,annual,98.49246231155779,percent,CA_HCD_APR_TABLE_A,HCD-APR-TABLE-A-2023-portal-current,2026-08-10T17:11:13Z,1b140c61910e1eb3a1b01eb1837038d4a59ca05ac73198496fd1b3d77823f8c8,approved application records / (approved + disapproved records) * 100; pending and withdrawn excluded,Application status is sparsely populated before 2021; a record is not necessarily a unique project.,comparable_within_series
housing_applications,application_decision_approval_share_pct,Approved share of decided application records,06041,Marin,2024,2024-12-31,annual,98.31460674157303,percent,CA_HCD_APR_TABLE_A,HCD-APR-TABLE-A-2024-portal-current,2026-08-10T17:11:13Z,0d33c498629bfd21f3b9707fd1c4810fcb4fd6d8542c25aec64360305c105d2f,approved application records / (approved + disapproved records) * 100; pending and withdrawn excluded,Application status is sparsely populated before 2021; a record is not necessarily a unique project.,comparable_within_series
housing_applications,application_decision_approval_share_pct,Approved share of decided application records,06041,Marin,2025,2025-12-31,annual,99.32432432432432,percent,CA_HCD_APR_TABLE_A,HCD-APR-TABLE-A-2025-portal-current,2026-08-10T17:11:13Z,bec330a57d4f495f88b52cfed29d66223ec2d61b4ca4ae2e3feeef22faf62af2,approved application records / (approved + disapproved records) * 100; pending and withdrawn excluded,Application status is sparsely populated before 2021; a record is not necessarily a unique project.,comparable_within_series
housing_applications,application_decision_approval_share_pct,Approved share of decided application records,06055,Napa,2018,2018-12-31,annual,,percent,CA_HCD_APR_TABLE_A,HCD-APR-TABLE-A-2018-portal-current,2026-08-10T17:11:13Z,c5cee4fbdeba70dfa06045e45ea217a2aca9e0594fe6a2da9144529a1cc1bc25,approved application records / (approved + disapproved records) * 100; pending and withdrawn excluded,Application status is sparsely populated before 2021; a record is not necessarily a unique project.,status_field_incomplete_before_2021
housing_applications,application_decision_approval_share_pct,Approved share of decided application records,06055,Napa,2019,2019-12-31,annual,,percent,CA_HCD_APR_TABLE_A,HCD-APR-TABLE-A-2019-portal-current,2026-08-10T17:11:13Z,6f24c832cc9b927766fa5257f444024ffabc785e83ee1d5d9932243d95b14371,approved application records / (approved + disapproved records) * 100; pending and withdrawn excluded,Application status is sparsely populated before 2021; a record is not necessarily a unique project.,status_field_incomplete_before_2021
housing_applications,application_decision_approval_share_pct,Approved share of decided application records,06055,Napa,2020,2020-12-31,annual,,percent,CA_HCD_APR_TABLE_A,HCD-APR-TABLE-A-2020-portal-current,2026-08-10T17:11:13Z,11aa51318922cdb7f838c55d1b07009fc196e7fe46ea39c1222e20a86c988429,approved application records / (approved + disapproved records) * 100; pending and withdrawn excluded,Application status is sparsely populated before 2021; a record is not necessarily a unique project.,status_field_incomplete_before_2021
housing_applications,application_decision_approval_share_pct,Approved share of decided application records,06055,Napa,2021,2021-12-31,annual,100.0,percent,CA_HCD_APR_TABLE_A,HCD-APR-TABLE-A-2021-portal-current,2026-08-10T17:11:13Z,97ab0c3387bdf49a07720594cb3ea612a85aca39503f8ca9f0c9c0af8e800bda,approved application records / (approved + disapproved records) * 100; pending and withdrawn excluded,Application status is sparsely populated before 2021; a record is not necessarily a unique project.,comparable_within_series
housing_applications,application_decision_approval_share_pct,Approved share of decided application records,06055,Napa,2022,2022-12-31,annual,100.0,percent,CA_HCD_APR_TABLE_A,HCD-APR-TABLE-A-2022-portal-current,2026-08-10T17:11:13Z,1bca81f3a972f3d1eced27a3e2fdf4268fc4f1031af1dd0698cbf39fa018fb04,approved application records / (approved + disapproved records) * 100; pending and withdrawn excluded,Application status is sparsely populated before 2021; a record is not necessarily a unique project.,comparable_within_series
housing_applications,application_decision_approval_share_pct,Approved share of decided application records,06055,Napa,2023,2023-12-31,annual,100.0,percent,CA_HCD_APR_TABLE_A,HCD-APR-TABLE-A-2023-portal-current,2026-08-10T17:11:13Z,1b140c61910e1eb3a1b01eb1837038d4a59ca05ac73198496fd1b3d77823f8c8,approved application records / (approved + disapproved records) * 100; pending and withdrawn excluded,Application status is sparsely populated before 2021; a record is not necessarily a unique project.,comparable_within_series
housing_applications,application_decision_approval_share_pct,Approved share of decided application records,06055,Napa,2024,2024-12-31,annual,100.0,percent,CA_HCD_APR_TABLE_A,HCD-APR-TABLE-A-2024-portal-current,2026-08-10T17:11:13Z,0d33c498629bfd21f3b9707fd1c4810fcb4fd6d8542c25aec64360305c105d2f,approved application records / (approved + disapproved records) * 100; pending and withdrawn excluded,Application status is sparsely populated before 2021; a record is not necessarily a unique project.,comparable_within_series
housing_applications,application_decision_approval_share_pct,Approved share of decided application records,06055,Napa,2025,2025-12-31,annual,100.0,percent,CA_HCD_APR_TABLE_A,HCD-APR-TABLE-A-2025-portal-current,2026-08-10T17:11:13Z,bec330a57d4f495f88b52cfed29d66223ec2d61b4ca4ae2e3feeef22faf62af2,approved application records / (approved + disapproved records) * 100; pending and withdrawn excluded,Application status is sparsely populated before 2021; a record is not necessarily a unique project.,comparable_within_series
housing_applications,application_decision_approval_share_pct,Approved share of decided application records,06075,San Francisco,2018,2018-12-31,annual,,percent,CA_HCD_APR_TABLE_A,HCD-APR-TABLE-A-2018-portal-current,2026-08-10T17:11:13Z,c5cee4fbdeba70dfa06045e45ea217a2aca9e0594fe6a2da9144529a1cc1bc25,approved application records / (approved + disapproved records) * 100; pending and withdrawn excluded,Application status is sparsely populated before 2021; a record is not necessarily a unique project.,status_field_incomplete_before_2021
housing_applications,application_decision_approval_share_pct,Approved share of decided application records,06075,San Francisco,2019,2019-12-31,annual,,percent,CA_HCD_APR_TABLE_A,HCD-APR-TABLE-A-2019-portal-current,2026-08-10T17:11:13Z,6f24c832cc9b927766fa5257f444024ffabc785e83ee1d5d9932243d95b14371,approved application records / (approved + disapproved records) * 100; pending and withdrawn excluded,Application status is sparsely populated before 2021; a record is not necessarily a unique project.,status_field_incomplete_before_2021
housing_applications,application_decision_approval_share_pct,Approved share of decided application records,06075,San Francisco,2020,2020-12-31,annual,,percent,CA_HCD_APR_TABLE_A,HCD-APR-TABLE-A-2020-portal-current,2026-08-10T17:11:13Z,11aa51318922cdb7f838c55d1b07009fc196e7fe46ea39c1222e20a86c988429,approved application records / (approved + disapproved records) * 100; pending and withdrawn excluded,Application status is sparsely populated before 2021; a record is not necessarily a unique project.,status_field_incomplete_before_2021
housing_applications,application_decision_approval_share_pct,Approved share of decided application records,06075,San Francisco,2021,2021-12-31,annual,100.0,percent,CA_HCD_APR_TABLE_A,HCD-APR-TABLE-A-2021-portal-current,2026-08-10T17:11:13Z,97ab0c3387bdf49a07720594cb3ea612a85aca39503f8ca9f0c9c0af8e800bda,approved application records / (approved + disapproved records) * 100; pending and withdrawn excluded,Application status is sparsely populated before 2021; a record is not necessarily a unique project.,comparable_within_series
housing_applications,application_decision_approval_share_pct,Approved share of decided application records,06075,San Francisco,2022,2022-12-31,annual,100.0,percent,CA_HCD_APR_TABLE_A,HCD-APR-TABLE-A-2022-portal-current,2026-08-10T17:11:13Z,1bca81f3a972f3d1eced27a3e2fdf4268fc4f1031af1dd0698cbf39fa018fb04,approved application records / (approved + disapproved records) * 100; pending and withdrawn excluded,Application status is sparsely populated before 2021; a record is not necessarily a unique project.,comparable_within_series
housing_applications,application_decision_approval_share_pct,Approved share of decided application records,06075,San Francisco,2023,2023-12-31,annual,100.0,percent,CA_HCD_APR_TABLE_A,HCD-APR-TABLE-A-2023-portal-current,2026-08-10T17:11:13Z,1b140c61910e1eb3a1b01eb1837038d4a59ca05ac73198496fd1b3d77823f8c8,approved application records / (approved + disapproved records) * 100; pending and withdrawn excluded,Application status is sparsely populated before 2021; a record is not necessarily a unique project.,comparable_within_series
housing_applications,application_decision_approval_share_pct,Approved share of decided application records,06075,San Francisco,2024,2024-12-31,annual,100.0,percent,CA_HCD_APR_TABLE_A,HCD-APR-TABLE-A-2024-portal-current,2026-08-10T17:11:13Z,0d33c498629bfd21f3b9707fd1c4810fcb4fd6d8542c25aec64360305c105d2f,approved application records / (approved + disapproved records) * 100; pending and withdrawn excluded,Application status is sparsely populated before 2021; a record is not necessarily a unique project.,comparable_within_series
housing_applications,application_decision_approval_share_pct,Approved share of decided application records,06075,San Francisco,2025,2025-12-31,annual,100.0,percent,CA_HCD_APR_TABLE_A,HCD-APR-TABLE-A-2025-portal-current,2026-08-10T17:11:13Z,bec330a57d4f495f88b52cfed29d66223ec2d61b4ca4ae2e3feeef22faf62af2,approved application records / (approved + disapproved records) * 100; pending and withdrawn excluded,Application status is sparsely populated before 2021; a record is not necessarily a unique project.,comparable_within_series
housing_applications,application_decision_approval_share_pct,Approved share of decided application records,06081,San Mateo,2018,2018-12-31,annual,,percent,CA_HCD_APR_TABLE_A,HCD-APR-TABLE-A-2018-portal-current,2026-08-10T17:11:13Z,c5cee4fbdeba70dfa06045e45ea217a2aca9e0594fe6a2da9144529a1cc1bc25,approved application records / (approved + disapproved records) * 100; pending and withdrawn excluded,Application status is sparsely populated before 2021; a record is not necessarily a unique project.,status_field_incomplete_before_2021
housing_applications,application_decision_approval_share_pct,Approved share of decided application records,06081,San Mateo,2019,2019-12-31,annual,,percent,CA_HCD_APR_TABLE_A,HCD-APR-TABLE-A-2019-portal-current,2026-08-10T17:11:13Z,6f24c832cc9b927766fa5257f444024ffabc785e83ee1d5d9932243d95b14371,approved application records / (approved + disapproved records) * 100; pending and withdrawn excluded,Application status is sparsely populated before 2021; a record is not necessarily a unique project.,status_field_incomplete_before_2021
housing_applications,application_decision_approval_share_pct,Approved share of decided application records,06081,San Mateo,2020,2020-12-31,annual,,percent,CA_HCD_APR_TABLE_A,HCD-APR-TABLE-A-2020-portal-current,2026-08-10T17:11:13Z,11aa51318922cdb7f838c55d1b07009fc196e7fe46ea39c1222e20a86c988429,approved application records / (approved + disapproved records) * 100; pending and withdrawn excluded,Application status is sparsely populated before 2021; a record is not necessarily a unique project.,status_field_incomplete_before_2021
housing_applications,application_decision_approval_share_pct,Approved share of decided application records,06081,San Mateo,2021,2021-12-31,annual,99.65986394557824,percent,CA_HCD_APR_TABLE_A,HCD-APR-TABLE-A-2021-portal-current,2026-08-10T17:11:13Z,97ab0c3387bdf49a07720594cb3ea612a85aca39503f8ca9f0c9c0af8e800bda,approved application records / (approved + disapproved records) * 100; pending and withdrawn excluded,Application status is sparsely populated before 2021; a record is not necessarily a unique project.,comparable_within_series
housing_applications,application_decision_approval_share_pct,Approved share of decided application records,06081,San Mateo,2022,2022-12-31,annual,100.0,percent,CA_HCD_APR_TABLE_A,HCD-APR-TABLE-A-2022-portal-current,2026-08-10T17:11:13Z,1bca81f3a972f3d1eced27a3e2fdf4268fc4f1031af1dd0698cbf39fa018fb04,approved application records / (approved + disapproved records) * 100; pending and withdrawn excluded,Application status is sparsely populated before 2021; a record is not necessarily a unique project.,comparable_within_series
housing_applications,application_decision_approval_share_pct,Approved share of decided application records,06081,San Mateo,2023,2023-12-31,annual,100.0,percent,CA_HCD_APR_TABLE_A,HCD-APR-TABLE-A-2023-portal-current,2026-08-10T17:11:13Z,1b140c61910e1eb3a1b01eb1837038d4a59ca05ac73198496fd1b3d77823f8c8,approved application records / (approved + disapproved records) * 100; pending and withdrawn excluded,Application status is sparsely populated before 2021; a record is not necessarily a unique project.,comparable_within_series
housing_applications,application_decision_approval_share_pct,Approved share of decided application records,06081,San Mateo,2024,2024-12-31,annual,99.50738916256158,percent,CA_HCD_APR_TABLE_A,HCD-APR-TABLE-A-2024-portal-current,2026-08-10T17:11:13Z,0d33c498629bfd21f3b9707fd1c4810fcb4fd6d8542c25aec64360305c105d2f,approved application records / (approved + disapproved records) * 100; pending and withdrawn excluded,Application status is sparsely populated before 2021; a record is not necessarily a unique project.,comparable_within_series
housing_applications,application_decision_approval_share_pct,Approved share of decided application records,06081,San Mateo,2025,2025-12-31,annual,99.48542024013722,percent,CA_HCD_APR_TABLE_A,HCD-APR-TABLE-A-2025-portal-current,2026-08-10T17:11:13Z,bec330a57d4f495f88b52cfed29d66223ec2d61b4ca4ae2e3feeef22faf62af2,approved application records / (approved + disapproved records) * 100; pending and withdrawn excluded,Application status is sparsely populated before 2021; a record is not necessarily a unique project.,comparable_within_series
housing_applications,application_decision_approval_share_pct,Approved share of decided application records,06085,Santa Clara,2018,2018-12-31,annual,,percent,CA_HCD_APR_TABLE_A,HCD-APR-TABLE-A-2018-portal-current,2026-08-10T17:11:13Z,c5cee4fbdeba70dfa06045e45ea217a2aca9e0594fe6a2da9144529a1cc1bc25,approved application records / (approved + disapproved records) * 100; pending and withdrawn excluded,Application status is sparsely populated before 2021; a record is not necessarily a unique project.,status_field_incomplete_before_2021
housing_applications,application_decision_approval_share_pct,Approved share of decided application records,06085,Santa Clara,2019,2019-12-31,annual,,percent,CA_HCD_APR_TABLE_A,HCD-APR-TABLE-A-2019-portal-current,2026-08-10T17:11:13Z,6f24c832cc9b927766fa5257f444024ffabc785e83ee1d5d9932243d95b14371,approved application records / (approved + disapproved records) * 100; pending and withdrawn excluded,Application status is sparsely populated before 2021; a record is not necessarily a unique project.,status_field_incomplete_before_2021
housing_applications,application_decision_approval_share_pct,Approved share of decided application records,06085,Santa Clara,2020,2020-12-31,annual,,percent,CA_HCD_APR_TABLE_A,HCD-APR-TABLE-A-2020-portal-current,2026-08-10T17:11:13Z,11aa51318922cdb7f838c55d1b07009fc196e7fe46ea39c1222e20a86c988429,approved application records / (approved + disapproved records) * 100; pending and withdrawn excluded,Application status is sparsely populated before 2021; a record is not necessarily a unique project.,status_field_incomplete_before_2021
housing_applications,application_decision_approval_share_pct,Approved share of decided application records,06085,Santa Clara,2021,2021-12-31,annual,99.43741209563994,percent,CA_HCD_APR_TABLE_A,HCD-APR-TABLE-A-2021-portal-current,2026-08-10T17:11:13Z,97ab0c3387bdf49a07720594cb3ea612a85aca39503f8ca9f0c9c0af8e800bda,approved application records / (approved + disapproved records) * 100; pending and withdrawn excluded,Application status is sparsely populated before 2021; a record is not necessarily a unique project.,comparable_within_series
housing_applications,application_decision_approval_share_pct,Approved share of decided application records,06085,Santa Clara,2022,2022-12-31,annual,99.609375,percent,CA_HCD_APR_TABLE_A,HCD-APR-TABLE-A-2022-portal-current,2026-08-10T17:11:13Z,1bca81f3a972f3d1eced27a3e2fdf4268fc4f1031af1dd0698cbf39fa018fb04,approved application records / (approved + disapproved records) * 100; pending and withdrawn excluded,Application status is sparsely populated before 2021; a record is not necessarily a unique project.,comparable_within_series
housing_applications,application_decision_approval_share_pct,Approved share of decided application records,06085,Santa Clara,2023,2023-12-31,annual,100.0,percent,CA_HCD_APR_TABLE_A,HCD-APR-TABLE-A-2023-portal-current,2026-08-10T17:11:13Z,1b140c61910e1eb3a1b01eb1837038d4a59ca05ac73198496fd1b3d77823f8c8,approved application records / (approved + disapproved records) * 100; pending and withdrawn excluded,Application status is sparsely populated before 2021; a record is not necessarily a unique project.,comparable_within_series
housing_applications,application_decision_approval_share_pct,Approved share of decided application records,06085,Santa Clara,2024,2024-12-31,annual,100.0,percent,CA_HCD_APR_TABLE_A,HCD-APR-TABLE-A-2024-portal-current,2026-08-10T17:11:13Z,0d33c498629bfd21f3b9707fd1c4810fcb4fd6d8542c25aec64360305c105d2f,approved application records / (approved + disapproved records) * 100; pending and withdrawn excluded,Application status is sparsely populated before 2021; a record is not necessarily a unique project.,comparable_within_series
housing_applications,application_decision_approval_share_pct,Approved share of decided application records,06085,Santa Clara,2025,2025-12-31,annual,100.0,percent,CA_HCD_APR_TABLE_A,HCD-APR-TABLE-A-2025-portal-current,2026-08-10T17:11:13Z,bec330a57d4f495f88b52cfed29d66223ec2d61b4ca4ae2e3feeef22faf62af2,approved application records / (approved + disapproved records) * 100; pending and withdrawn excluded,Application status is sparsely populated before 2021; a record is not necessarily a unique project.,comparable_within_series
housing_applications,application_decision_approval_share_pct,Approved share of decided application records,06095,Solano,2018,2018-12-31,annual,,percent,CA_HCD_APR_TABLE_A,HCD-APR-TABLE-A-2018-portal-current,2026-08-10T17:11:13Z,c5cee4fbdeba70dfa06045e45ea217a2aca9e0594fe6a2da9144529a1cc1bc25,approved application records / (approved + disapproved records) * 100; pending and withdrawn excluded,Application status is sparsely populated before 2021; a record is not necessarily a unique project.,status_field_incomplete_before_2021
housing_applications,application_decision_approval_share_pct,Approved share of decided application records,06095,Solano,2019,2019-12-31,annual,,percent,CA_HCD_APR_TABLE_A,HCD-APR-TABLE-A-2019-portal-current,2026-08-10T17:11:13Z,6f24c832cc9b927766fa5257f444024ffabc785e83ee1d5d9932243d95b14371,approved application records / (approved + disapproved records) * 100; pending and withdrawn excluded,Application status is sparsely populated before 2021; a record is not necessarily a unique project.,status_field_incomplete_before_2021
housing_applications,application_decision_approval_share_pct,Approved share of decided application records,06095,Solano,2020,2020-12-31,annual,,percent,CA_HCD_APR_TABLE_A,HCD-APR-TABLE-A-2020-portal-current,2026-08-10T17:11:13Z,11aa51318922cdb7f838c55d1b07009fc196e7fe46ea39c1222e20a86c988429,approved application records / (approved + disapproved records) * 100; pending and withdrawn excluded,Application status is sparsely populated before 2021; a record is not necessarily a unique project.,status_field_incomplete_before_2021
housing_applications,application_decision_approval_share_pct,Approved share of decided application records,06095,Solano,2021,2021-12-31,annual,100.0,percent,CA_HCD_APR_TABLE_A,HCD-APR-TABLE-A-2021-portal-current,2026-08-10T17:11:13Z,97ab0c3387bdf49a07720594cb3ea612a85aca39503f8ca9f0c9c0af8e800bda,approved application records / (approved + disapproved records) * 100; pending and withdrawn excluded,Application status is sparsely populated before 2021; a record is not necessarily a unique project.,comparable_within_series
housing_applications,application_decision_approval_share_pct,Approved share of decided application records,06095,Solano,2022,2022-12-31,annual,100.0,percent,CA_HCD_APR_TABLE_A,HCD-APR-TABLE-A-2022-portal-current,2026-08-10T17:11:13Z,1bca81f3a972f3d1eced27a3e2fdf4268fc4f1031af1dd0698cbf39fa018fb04,approved application records / (approved + disapproved records) * 100; pending and withdrawn excluded,Application status is sparsely populated before 2021; a record is not necessarily a unique project.,comparable_within_series
housing_applications,application_decision_approval_share_pct,Approved share of decided application records,06095,Solano,2023,2023-12-31,annual,100.0,percent,CA_HCD_APR_TABLE_A,HCD-APR-TABLE-A-2023-portal-current,2026-08-10T17:11:13Z,1b140c61910e1eb3a1b01eb1837038d4a59ca05ac73198496fd1b3d77823f8c8,approved application records / (approved + disapproved records) * 100; pending and withdrawn excluded,Application status is sparsely populated before 2021; a record is not necessarily a unique project.,comparable_within_series
housing_applications,application_decision_approval_share_pct,Approved share of decided application records,06095,Solano,2024,2024-12-31,annual,100.0,percent,CA_HCD_APR_TABLE_A,HCD-APR-TABLE-A-2024-portal-current,2026-08-10T17:11:13Z,0d33c498629bfd21f3b9707fd1c4810fcb4fd6d8542c25aec64360305c105d2f,approved application records / (approved + disapproved records) * 100; pending and withdrawn excluded,Application status is sparsely populated before 2021; a record is not necessarily a unique project.,comparable_within_series
housing_applications,application_decision_approval_share_pct,Approved share of decided application records,06095,Solano,2025,2025-12-31,annual,100.0,percent,CA_HCD_APR_TABLE_A,HCD-APR-TABLE-A-2025-portal-current,2026-08-10T17:11:13Z,bec330a57d4f495f88b52cfed29d66223ec2d61b4ca4ae2e3feeef22faf62af2,approved application records / (approved + disapproved records) * 100; pending and withdrawn excluded,Application status is sparsely populated before 2021; a record is not necessarily a unique project.,comparable_within_series
housing_applications,application_decision_approval_share_pct,Approved share of decided application records,06097,Sonoma,2018,2018-12-31,annual,,percent,CA_HCD_APR_TABLE_A,HCD-APR-TABLE-A-2018-portal-current,2026-08-10T17:11:13Z,c5cee4fbdeba70dfa06045e45ea217a2aca9e0594fe6a2da9144529a1cc1bc25,approved application records / (approved + disapproved records) * 100; pending and withdrawn excluded,Application status is sparsely populated before 2021; a record is not necessarily a unique project.,status_field_incomplete_before_2021
housing_applications,application_decision_approval_share_pct,Approved share of decided application records,06097,Sonoma,2019,2019-12-31,annual,,percent,CA_HCD_APR_TABLE_A,HCD-APR-TABLE-A-2019-portal-current,2026-08-10T17:11:13Z,6f24c832cc9b927766fa5257f444024ffabc785e83ee1d5d9932243d95b14371,approved application records / (approved + disapproved records) * 100; pending and withdrawn excluded,Application status is sparsely populated before 2021; a record is not necessarily a unique project.,status_field_incomplete_before_2021
housing_applications,application_decision_approval_share_pct,Approved share of decided application records,06097,Sonoma,2020,2020-12-31,annual,,percent,CA_HCD_APR_TABLE_A,HCD-APR-TABLE-A-2020-portal-current,2026-08-10T17:11:13Z,11aa51318922cdb7f838c55d1b07009fc196e7fe46ea39c1222e20a86c988429,approved application records / (approved + disapproved records) * 100; pending and withdrawn excluded,Application status is sparsely populated before 2021; a record is not necessarily a unique project.,status_field_incomplete_before_2021
housing_applications,application_decision_approval_share_pct,Approved share of decided application records,06097,Sonoma,2021,2021-12-31,annual,100.0,percent,CA_HCD_APR_TABLE_A,HCD-APR-TABLE-A-2021-portal-current,2026-08-10T17:11:13Z,97ab0c3387bdf49a07720594cb3ea612a85aca39503f8ca9f0c9c0af8e800bda,approved application records / (approved + disapproved records) * 100; pending and withdrawn excluded,Application status is sparsely populated before 2021; a record is not necessarily a unique project.,comparable_within_series
housing_applications,application_decision_approval_share_pct,Approved share of decided application records,06097,Sonoma,2022,2022-12-31,annual,99.6951219512195,percent,CA_HCD_APR_TABLE_A,HCD-APR-TABLE-A-2022-portal-current,2026-08-10T17:11:13Z,1bca81f3a972f3d1eced27a3e2fdf4268fc4f1031af1dd0698cbf39fa018fb04,approved application records / (approved + disapproved records) * 100; pending and withdrawn excluded,Application status is sparsely populated before 2021; a record is not necessarily a unique project.,comparable_within_series
housing_applications,application_decision_approval_share_pct,Approved share of decided application records,06097,Sonoma,2023,2023-12-31,annual,100.0,percent,CA_HCD_APR_TABLE_A,HCD-APR-TABLE-A-2023-portal-current,2026-08-10T17:11:13Z,1b140c61910e1eb3a1b01eb1837038d4a59ca05ac73198496fd1b3d77823f8c8,approved application records / (approved + disapproved records) * 100; pending and withdrawn excluded,Application status is sparsely populated before 2021; a record is not necessarily a unique project.,comparable_within_series
housing_applications,application_decision_approval_share_pct,Approved share of decided application records,06097,Sonoma,2024,2024-12-31,annual,100.0,percent,CA_HCD_APR_TABLE_A,HCD-APR-TABLE-A-2024-portal-current,2026-08-10T17:11:13Z,0d33c498629bfd21f3b9707fd1c4810fcb4fd6d8542c25aec64360305c105d2f,approved application records / (approved + disapproved records) * 100; pending and withdrawn excluded,Application status is sparsely populated before 2021; a record is not necessarily a unique project.,comparable_within_series
housing_applications,application_decision_approval_share_pct,Approved share of decided application records,06097,Sonoma,2025,2025-12-31,annual,100.0,percent,CA_HCD_APR_TABLE_A,HCD-APR-TABLE-A-2025-portal-current,2026-08-10T17:11:13Z,bec330a57d4f495f88b52cfed29d66223ec2d61b4ca4ae2e3feeef22faf62af2,approved application records / (approved + disapproved records) * 100; pending and withdrawn excluded,Application status is sparsely populated before 2021; a record is not necessarily a unique project.,comparable_within_series
housing_applications,application_disapproved_units,Units disapproved in residential applications,06001,Alameda,2018,2018-12-31,annual,162.0,housing units,CA_HCD_APR_TABLE_A,HCD-APR-TABLE-A-2018-portal-current,2026-08-10T17:11:13Z,c5cee4fbdeba70dfa06045e45ea217a2aca9e0594fe6a2da9144529a1cc1bc25,county sum or count of HCD APR Table A records,HCD APR application-stage administrative data aggregated to county.,comparable_within_series
housing_applications,application_disapproved_units,Units disapproved in residential applications,06001,Alameda,2019,2019-12-31,annual,13.0,housing units,CA_HCD_APR_TABLE_A,HCD-APR-TABLE-A-2019-portal-current,2026-08-10T17:11:13Z,6f24c832cc9b927766fa5257f444024ffabc785e83ee1d5d9932243d95b14371,county sum or count of HCD APR Table A records,HCD APR application-stage administrative data aggregated to county.,comparable_within_series
housing_applications,application_disapproved_units,Units disapproved in residential applications,06001,Alameda,2020,2020-12-31,annual,569.0,housing units,CA_HCD_APR_TABLE_A,HCD-APR-TABLE-A-2020-portal-current,2026-08-10T17:11:13Z,11aa51318922cdb7f838c55d1b07009fc196e7fe46ea39c1222e20a86c988429,county sum or count of HCD APR Table A records,HCD APR application-stage administrative data aggregated to county.,comparable_within_series
housing_applications,application_disapproved_units,Units disapproved in residential applications,06001,Alameda,2021,2021-12-31,annual,10.0,housing units,CA_HCD_APR_TABLE_A,HCD-APR-TABLE-A-2021-portal-current,2026-08-10T17:11:13Z,97ab0c3387bdf49a07720594cb3ea612a85aca39503f8ca9f0c9c0af8e800bda,county sum or count of HCD APR Table A records,HCD APR application-stage administrative data aggregated to county.,comparable_within_series
housing_applications,application_disapproved_units,Units disapproved in residential applications,06001,Alameda,2022,2022-12-31,annual,3.0,housing units,CA_HCD_APR_TABLE_A,HCD-APR-TABLE-A-2022-portal-current,2026-08-10T17:11:13Z,1bca81f3a972f3d1eced27a3e2fdf4268fc4f1031af1dd0698cbf39fa018fb04,county sum or count of HCD APR Table A records,HCD APR application-stage administrative data aggregated to county.,comparable_within_series
housing_applications,application_disapproved_units,Units disapproved in residential applications,06001,Alameda,2023,2023-12-31,annual,0.0,housing units,CA_HCD_APR_TABLE_A,HCD-APR-TABLE-A-2023-portal-current,2026-08-10T17:11:13Z,1b140c61910e1eb3a1b01eb1837038d4a59ca05ac73198496fd1b3d77823f8c8,county sum or count of HCD APR Table A records,HCD APR application-stage administrative data aggregated to county.,comparable_within_series
housing_applications,application_disapproved_units,Units disapproved in residential applications,06001,Alameda,2024,2024-12-31,annual,0.0,housing units,CA_HCD_APR_TABLE_A,HCD-APR-TABLE-A-2024-portal-current,2026-08-10T17:11:13Z,0d33c498629bfd21f3b9707fd1c4810fcb4fd6d8542c25aec64360305c105d2f,county sum or count of HCD APR Table A records,HCD APR application-stage administrative data aggregated to county.,comparable_within_series
housing_applications,application_disapproved_units,Units disapproved in residential applications,06001,Alameda,2025,2025-12-31,annual,6.0,housing units,CA_HCD_APR_TABLE_A,HCD-APR-TABLE-A-2025-portal-current,2026-08-10T17:11:13Z,bec330a57d4f495f88b52cfed29d66223ec2d61b4ca4ae2e3feeef22faf62af2,county sum or count of HCD APR Table A records,HCD APR application-stage administrative data aggregated to county.,comparable_within_series
housing_applications,application_disapproved_units,Units disapproved in residential applications,06013,Contra Costa,2018,2018-12-31,annual,3.0,housing units,CA_HCD_APR_TABLE_A,HCD-APR-TABLE-A-2018-portal-current,2026-08-10T17:11:13Z,c5cee4fbdeba70dfa06045e45ea217a2aca9e0594fe6a2da9144529a1cc1bc25,county sum or count of HCD APR Table A records,HCD APR application-stage administrative data aggregated to county.,comparable_within_series
housing_applications,application_disapproved_units,Units disapproved in residential applications,06013,Contra Costa,2019,2019-12-31,annual,29.0,housing units,CA_HCD_APR_TABLE_A,HCD-APR-TABLE-A-2019-portal-current,2026-08-10T17:11:13Z,6f24c832cc9b927766fa5257f444024ffabc785e83ee1d5d9932243d95b14371,county sum or count of HCD APR Table A records,HCD APR application-stage administrative data aggregated to county.,comparable_within_series
housing_applications,application_disapproved_units,Units disapproved in residential applications,06013,Contra Costa,2020,2020-12-31,annual,9.0,housing units,CA_HCD_APR_TABLE_A,HCD-APR-TABLE-A-2020-portal-current,2026-08-10T17:11:13Z,11aa51318922cdb7f838c55d1b07009fc196e7fe46ea39c1222e20a86c988429,county sum or count of HCD APR Table A records,HCD APR application-stage administrative data aggregated to county.,comparable_within_series
housing_applications,application_disapproved_units,Units disapproved in residential applications,06013,Contra Costa,2021,2021-12-31,annual,0.0,housing units,CA_HCD_APR_TABLE_A,HCD-APR-TABLE-A-2021-portal-current,2026-08-10T17:11:13Z,97ab0c3387bdf49a07720594cb3ea612a85aca39503f8ca9f0c9c0af8e800bda,county sum or count of HCD APR Table A records,HCD APR application-stage administrative data aggregated to county.,comparable_within_series
housing_applications,application_disapproved_units,Units disapproved in residential applications,06013,Contra Costa,2022,2022-12-31,annual,0.0,housing units,CA_HCD_APR_TABLE_A,HCD-APR-TABLE-A-2022-portal-current,2026-08-10T17:11:13Z,1bca81f3a972f3d1eced27a3e2fdf4268fc4f1031af1dd0698cbf39fa018fb04,county sum or count of HCD APR Table A records,HCD APR application-stage administrative data aggregated to county.,comparable_within_series
housing_applications,application_disapproved_units,Units disapproved in residential applications,06013,Contra Costa,2023,2023-12-31,annual,5.0,housing units,CA_HCD_APR_TABLE_A,HCD-APR-TABLE-A-2023-portal-current,2026-08-10T17:11:13Z,1b140c61910e1eb3a1b01eb1837038d4a59ca05ac73198496fd1b3d77823f8c8,county sum or count of HCD APR Table A records,HCD APR application-stage administrative data aggregated to county.,comparable_within_series
housing_applications,application_disapproved_units,Units disapproved in residential applications,06013,Contra Costa,2024,2024-12-31,annual,3.0,housing units,CA_HCD_APR_TABLE_A,HCD-APR-TABLE-A-2024-portal-current,2026-08-10T17:11:13Z,0d33c498629bfd21f3b9707fd1c4810fcb4fd6d8542c25aec64360305c105d2f,county sum or count of HCD APR Table A records,HCD APR application-stage administrative data aggregated to county.,comparable_within_series
housing_applications,application_disapproved_units,Units disapproved in residential applications,06013,Contra Costa,2025,2025-12-31,annual,0.0,housing units,CA_HCD_APR_TABLE_A,HCD-APR-TABLE-A-2025-portal-current,2026-08-10T17:11:13Z,bec330a57d4f495f88b52cfed29d66223ec2d61b4ca4ae2e3feeef22faf62af2,county sum or count of HCD APR Table A records,HCD APR application-stage administrative data aggregated to county.,comparable_within_series
housing_applications,application_disapproved_units,Units disapproved in residential applications,06041,Marin,2018,2018-12-31,annual,0.0,housing units,CA_HCD_APR_TABLE_A,HCD-APR-TABLE-A-2018-portal-current,2026-08-10T17:11:13Z,c5cee4fbdeba70dfa06045e45ea217a2aca9e0594fe6a2da9144529a1cc1bc25,county sum or count of HCD APR Table A records,HCD APR application-stage administrative data aggregated to county.,comparable_within_series
housing_applications,application_disapproved_units,Units disapproved in residential applications,06041,Marin,2019,2019-12-31,annual,1.0,housing units,CA_HCD_APR_TABLE_A,HCD-APR-TABLE-A-2019-portal-current,2026-08-10T17:11:13Z,6f24c832cc9b927766fa5257f444024ffabc785e83ee1d5d9932243d95b14371,county sum or count of HCD APR Table A records,HCD APR application-stage administrative data aggregated to county.,comparable_within_series
housing_applications,application_disapproved_units,Units disapproved in residential applications,06041,Marin,2020,2020-12-31,annual,0.0,housing units,CA_HCD_APR_TABLE_A,HCD-APR-TABLE-A-2020-portal-current,2026-08-10T17:11:13Z,11aa51318922cdb7f838c55d1b07009fc196e7fe46ea39c1222e20a86c988429,county sum or count of HCD APR Table A records,HCD APR application-stage administrative data aggregated to county.,comparable_within_series
housing_applications,application_disapproved_units,Units disapproved in residential applications,06041,Marin,2021,2021-12-31,annual,0.0,housing units,CA_HCD_APR_TABLE_A,HCD-APR-TABLE-A-2021-portal-current,2026-08-10T17:11:13Z,97ab0c3387bdf49a07720594cb3ea612a85aca39503f8ca9f0c9c0af8e800bda,county sum or count of HCD APR Table A records,HCD APR application-stage administrative data aggregated to county.,comparable_within_series
housing_applications,application_disapproved_units,Units disapproved in residential applications,06041,Marin,2022,2022-12-31,annual,0.0,housing units,CA_HCD_APR_TABLE_A,HCD-APR-TABLE-A-2022-portal-current,2026-08-10T17:11:13Z,1bca81f3a972f3d1eced27a3e2fdf4268fc4f1031af1dd0698cbf39fa018fb04,county sum or count of HCD APR Table A records,HCD APR application-stage administrative data aggregated to county.,comparable_within_series
housing_applications,application_disapproved_units,Units disapproved in residential applications,06041,Marin,2023,2023-12-31,annual,3.0,housing units,CA_HCD_APR_TABLE_A,HCD-APR-TABLE-A-2023-portal-current,2026-08-10T17:11:13Z,1b140c61910e1eb3a1b01eb1837038d4a59ca05ac73198496fd1b3d77823f8c8,county sum or count of HCD APR Table A records,HCD APR application-stage administrative data aggregated to county.,comparable_within_series
housing_applications,application_disapproved_units,Units disapproved in residential applications,06041,Marin,2024,2024-12-31,annual,34.0,housing units,CA_HCD_APR_TABLE_A,HCD-APR-TABLE-A-2024-portal-current,2026-08-10T17:11:13Z,0d33c498629bfd21f3b9707fd1c4810fcb4fd6d8542c25aec64360305c105d2f,county sum or count of HCD APR Table A records,HCD APR application-stage administrative data aggregated to county.,comparable_within_series
housing_applications,application_disapproved_units,Units disapproved in residential applications,06041,Marin,2025,2025-12-31,annual,2.0,housing units,CA_HCD_APR_TABLE_A,HCD-APR-TABLE-A-2025-portal-current,2026-08-10T17:11:13Z,bec330a57d4f495f88b52cfed29d66223ec2d61b4ca4ae2e3feeef22faf62af2,county sum or count of HCD APR Table A records,HCD APR application-stage administrative data aggregated to county.,comparable_within_series
housing_applications,application_disapproved_units,Units disapproved in residential applications,06055,Napa,2018,2018-12-31,annual,4.0,housing units,CA_HCD_APR_TABLE_A,HCD-APR-TABLE-A-2018-portal-current,2026-08-10T17:11:13Z,c5cee4fbdeba70dfa06045e45ea217a2aca9e0594fe6a2da9144529a1cc1bc25,county sum or count of HCD APR Table A records,HCD APR application-stage administrative data aggregated to county.,comparable_within_series
housing_applications,application_disapproved_units,Units disapproved in residential applications,06055,Napa,2019,2019-12-31,annual,6.0,housing units,CA_HCD_APR_TABLE_A,HCD-APR-TABLE-A-2019-portal-current,2026-08-10T17:11:13Z,6f24c832cc9b927766fa5257f444024ffabc785e83ee1d5d9932243d95b14371,county sum or count of HCD APR Table A records,HCD APR application-stage administrative data aggregated to county.,comparable_within_series
housing_applications,application_disapproved_units,Units disapproved in residential applications,06055,Napa,2020,2020-12-31,annual,0.0,housing units,CA_HCD_APR_TABLE_A,HCD-APR-TABLE-A-2020-portal-current,2026-08-10T17:11:13Z,11aa51318922cdb7f838c55d1b07009fc196e7fe46ea39c1222e20a86c988429,county sum or count of HCD APR Table A records,HCD APR application-stage administrative data aggregated to county.,comparable_within_series
housing_applications,application_disapproved_units,Units disapproved in residential applications,06055,Napa,2021,2021-12-31,annual,0.0,housing units,CA_HCD_APR_TABLE_A,HCD-APR-TABLE-A-2021-portal-current,2026-08-10T17:11:13Z,97ab0c3387bdf49a07720594cb3ea612a85aca39503f8ca9f0c9c0af8e800bda,county sum or count of HCD APR Table A records,HCD APR application-stage administrative data aggregated to county.,comparable_within_series
housing_applications,application_disapproved_units,Units disapproved in residential applications,06055,Napa,2022,2022-12-31,annual,0.0,housing units,CA_HCD_APR_TABLE_A,HCD-APR-TABLE-A-2022-portal-current,2026-08-10T17:11:13Z,1bca81f3a972f3d1eced27a3e2fdf4268fc4f1031af1dd0698cbf39fa018fb04,county sum or count of HCD APR Table A records,HCD APR application-stage administrative data aggregated to county.,comparable_within_series
housing_applications,application_disapproved_units,Units disapproved in residential applications,06055,Napa,2023,2023-12-31,annual,0.0,housing units,CA_HCD_APR_TABLE_A,HCD-APR-TABLE-A-2023-portal-current,2026-08-10T17:11:13Z,1b140c61910e1eb3a1b01eb1837038d4a59ca05ac73198496fd1b3d77823f8c8,county sum or count of HCD APR Table A records,HCD APR application-stage administrative data aggregated to county.,comparable_within_series
housing_applications,application_disapproved_units,Units disapproved in residential applications,06055,Napa,2024,2024-12-31,annual,0.0,housing units,CA_HCD_APR_TABLE_A,HCD-APR-TABLE-A-2024-portal-current,2026-08-10T17:11:13Z,0d33c498629bfd21f3b9707fd1c4810fcb4fd6d8542c25aec64360305c105d2f,county sum or count of HCD APR Table A records,HCD APR application-stage administrative data aggregated to county.,comparable_within_series
housing_applications,application_disapproved_units,Units disapproved in residential applications,06055,Napa,2025,2025-12-31,annual,0.0,housing units,CA_HCD_APR_TABLE_A,HCD-APR-TABLE-A-2025-portal-current,2026-08-10T17:11:13Z,bec330a57d4f495f88b52cfed29d66223ec2d61b4ca4ae2e3feeef22faf62af2,county sum or count of HCD APR Table A records,HCD APR application-stage administrative data aggregated to county.,comparable_within_series
housing_applications,application_disapproved_units,Units disapproved in residential applications,06075,San Francisco,2018,2018-12-31,annual,0.0,housing units,CA_HCD_APR_TABLE_A,HCD-APR-TABLE-A-2018-portal-current,2026-08-10T17:11:13Z,c5cee4fbdeba70dfa06045e45ea217a2aca9e0594fe6a2da9144529a1cc1bc25,county sum or count of HCD APR Table A records,HCD APR application-stage administrative data aggregated to county.,comparable_within_series
housing_applications,application_disapproved_units,Units disapproved in residential applications,06075,San Francisco,2019,2019-12-31,annual,0.0,housing units,CA_HCD_APR_TABLE_A,HCD-APR-TABLE-A-2019-portal-current,2026-08-10T17:11:13Z,6f24c832cc9b927766fa5257f444024ffabc785e83ee1d5d9932243d95b14371,county sum or count of HCD APR Table A records,HCD APR application-stage administrative data aggregated to county.,comparable_within_series
housing_applications,application_disapproved_units,Units disapproved in residential applications,06075,San Francisco,2020,2020-12-31,annual,0.0,housing units,CA_HCD_APR_TABLE_A,HCD-APR-TABLE-A-2020-portal-current,2026-08-10T17:11:13Z,11aa51318922cdb7f838c55d1b07009fc196e7fe46ea39c1222e20a86c988429,county sum or count of HCD APR Table A records,HCD APR application-stage administrative data aggregated to county.,comparable_within_series
housing_applications,application_disapproved_units,Units disapproved in residential applications,06075,San Francisco,2021,2021-12-31,annual,0.0,housing units,CA_HCD_APR_TABLE_A,HCD-APR-TABLE-A-2021-portal-current,2026-08-10T17:11:13Z,97ab0c3387bdf49a07720594cb3ea612a85aca39503f8ca9f0c9c0af8e800bda,county sum or count of HCD APR Table A records,HCD APR application-stage administrative data aggregated to county.,comparable_within_series
housing_applications,application_disapproved_units,Units disapproved in residential applications,06075,San Francisco,2022,2022-12-31,annual,0.0,housing units,CA_HCD_APR_TABLE_A,HCD-APR-TABLE-A-2022-portal-current,2026-08-10T17:11:13Z,1bca81f3a972f3d1eced27a3e2fdf4268fc4f1031af1dd0698cbf39fa018fb04,county sum or count of HCD APR Table A records,HCD APR application-stage administrative data aggregated to county.,comparable_within_series
housing_applications,application_disapproved_units,Units disapproved in residential applications,06075,San Francisco,2023,2023-12-31,annual,0.0,housing units,CA_HCD_APR_TABLE_A,HCD-APR-TABLE-A-2023-portal-current,2026-08-10T17:11:13Z,1b140c61910e1eb3a1b01eb1837038d4a59ca05ac73198496fd1b3d77823f8c8,county sum or count of HCD APR Table A records,HCD APR application-stage administrative data aggregated to county.,comparable_within_series
housing_applications,application_disapproved_units,Units disapproved in residential applications,06075,San Francisco,2024,2024-12-31,annual,0.0,housing units,CA_HCD_APR_TABLE_A,HCD-APR-TABLE-A-2024-portal-current,2026-08-10T17:11:13Z,0d33c498629bfd21f3b9707fd1c4810fcb4fd6d8542c25aec64360305c105d2f,county sum or count of HCD APR Table A records,HCD APR application-stage administrative data aggregated to county.,comparable_within_series
housing_applications,application_disapproved_units,Units disapproved in residential applications,06075,San Francisco,2025,2025-12-31,annual,0.0,housing units,CA_HCD_APR_TABLE_A,HCD-APR-TABLE-A-2025-portal-current,2026-08-10T17:11:13Z,bec330a57d4f495f88b52cfed29d66223ec2d61b4ca4ae2e3feeef22faf62af2,county sum or count of HCD APR Table A records,HCD APR application-stage administrative data aggregated to county.,comparable_within_series
housing_applications,application_disapproved_units,Units disapproved in residential applications,06081,San Mateo,2018,2018-12-31,annual,403.0,housing units,CA_HCD_APR_TABLE_A,HCD-APR-TABLE-A-2018-portal-current,2026-08-10T17:11:13Z,c5cee4fbdeba70dfa06045e45ea217a2aca9e0594fe6a2da9144529a1cc1bc25,county sum or count of HCD APR Table A records,HCD APR application-stage administrative data aggregated to county.,comparable_within_series
housing_applications,application_disapproved_units,Units disapproved in residential applications,06081,San Mateo,2019,2019-12-31,annual,94.0,housing units,CA_HCD_APR_TABLE_A,HCD-APR-TABLE-A-2019-portal-current,2026-08-10T17:11:13Z,6f24c832cc9b927766fa5257f444024ffabc785e83ee1d5d9932243d95b14371,county sum or count of HCD APR Table A records,HCD APR application-stage administrative data aggregated to county.,comparable_within_series
housing_applications,application_disapproved_units,Units disapproved in residential applications,06081,San Mateo,2020,2020-12-31,annual,0.0,housing units,CA_HCD_APR_TABLE_A,HCD-APR-TABLE-A-2020-portal-current,2026-08-10T17:11:13Z,11aa51318922cdb7f838c55d1b07009fc196e7fe46ea39c1222e20a86c988429,county sum or count of HCD APR Table A records,HCD APR application-stage administrative data aggregated to county.,comparable_within_series
housing_applications,application_disapproved_units,Units disapproved in residential applications,06081,San Mateo,2021,2021-12-31,annual,134.0,housing units,CA_HCD_APR_TABLE_A,HCD-APR-TABLE-A-2021-portal-current,2026-08-10T17:11:13Z,97ab0c3387bdf49a07720594cb3ea612a85aca39503f8ca9f0c9c0af8e800bda,county sum or count of HCD APR Table A records,HCD APR application-stage administrative data aggregated to county.,comparable_within_series
housing_applications,application_disapproved_units,Units disapproved in residential applications,06081,San Mateo,2022,2022-12-31,annual,8.0,housing units,CA_HCD_APR_TABLE_A,HCD-APR-TABLE-A-2022-portal-current,2026-08-10T17:11:13Z,1bca81f3a972f3d1eced27a3e2fdf4268fc4f1031af1dd0698cbf39fa018fb04,county sum or count of HCD APR Table A records,HCD APR application-stage administrative data aggregated to county.,comparable_within_series
housing_applications,application_disapproved_units,Units disapproved in residential applications,06081,San Mateo,2023,2023-12-31,annual,0.0,housing units,CA_HCD_APR_TABLE_A,HCD-APR-TABLE-A-2023-portal-current,2026-08-10T17:11:13Z,1b140c61910e1eb3a1b01eb1837038d4a59ca05ac73198496fd1b3d77823f8c8,county sum or count of HCD APR Table A records,HCD APR application-stage administrative data aggregated to county.,comparable_within_series
housing_applications,application_disapproved_units,Units disapproved in residential applications,06081,San Mateo,2024,2024-12-31,annual,2.0,housing units,CA_HCD_APR_TABLE_A,HCD-APR-TABLE-A-2024-portal-current,2026-08-10T17:11:13Z,0d33c498629bfd21f3b9707fd1c4810fcb4fd6d8542c25aec64360305c105d2f,county sum or count of HCD APR Table A records,HCD APR application-stage administrative data aggregated to county.,comparable_within_series
housing_applications,application_disapproved_units,Units disapproved in residential applications,06081,San Mateo,2025,2025-12-31,annual,0.0,housing units,CA_HCD_APR_TABLE_A,HCD-APR-TABLE-A-2025-portal-current,2026-08-10T17:11:13Z,bec330a57d4f495f88b52cfed29d66223ec2d61b4ca4ae2e3feeef22faf62af2,county sum or count of HCD APR Table A records,HCD APR application-stage administrative data aggregated to county.,comparable_within_series
housing_applications,application_disapproved_units,Units disapproved in residential applications,06085,Santa Clara,2018,2018-12-31,annual,38.0,housing units,CA_HCD_APR_TABLE_A,HCD-APR-TABLE-A-2018-portal-current,2026-08-10T17:11:13Z,c5cee4fbdeba70dfa06045e45ea217a2aca9e0594fe6a2da9144529a1cc1bc25,county sum or count of HCD APR Table A records,HCD APR application-stage administrative data aggregated to county.,comparable_within_series
housing_applications,application_disapproved_units,Units disapproved in residential applications,06085,Santa Clara,2019,2019-12-31,annual,10337.0,housing units,CA_HCD_APR_TABLE_A,HCD-APR-TABLE-A-2019-portal-current,2026-08-10T17:11:13Z,6f24c832cc9b927766fa5257f444024ffabc785e83ee1d5d9932243d95b14371,county sum or count of HCD APR Table A records,HCD APR application-stage administrative data aggregated to county.,comparable_within_series
housing_applications,application_disapproved_units,Units disapproved in residential applications,06085,Santa Clara,2020,2020-12-31,annual,7.0,housing units,CA_HCD_APR_TABLE_A,HCD-APR-TABLE-A-2020-portal-current,2026-08-10T17:11:13Z,11aa51318922cdb7f838c55d1b07009fc196e7fe46ea39c1222e20a86c988429,county sum or count of HCD APR Table A records,HCD APR application-stage administrative data aggregated to county.,comparable_within_series
housing_applications,application_disapproved_units,Units disapproved in residential applications,06085,Santa Clara,2021,2021-12-31,annual,0.0,housing units,CA_HCD_APR_TABLE_A,HCD-APR-TABLE-A-2021-portal-current,2026-08-10T17:11:13Z,97ab0c3387bdf49a07720594cb3ea612a85aca39503f8ca9f0c9c0af8e800bda,county sum or count of HCD APR Table A records,HCD APR application-stage administrative data aggregated to county.,comparable_within_series
housing_applications,application_disapproved_units,Units disapproved in residential applications,06085,Santa Clara,2022,2022-12-31,annual,0.0,housing units,CA_HCD_APR_TABLE_A,HCD-APR-TABLE-A-2022-portal-current,2026-08-10T17:11:13Z,1bca81f3a972f3d1eced27a3e2fdf4268fc4f1031af1dd0698cbf39fa018fb04,county sum or count of HCD APR Table A records,HCD APR application-stage administrative data aggregated to county.,comparable_within_series
housing_applications,application_disapproved_units,Units disapproved in residential applications,06085,Santa Clara,2023,2023-12-31,annual,2.0,housing units,CA_HCD_APR_TABLE_A,HCD-APR-TABLE-A-2023-portal-current,2026-08-10T17:11:13Z,1b140c61910e1eb3a1b01eb1837038d4a59ca05ac73198496fd1b3d77823f8c8,county sum or count of HCD APR Table A records,HCD APR application-stage administrative data aggregated to county.,comparable_within_series
housing_applications,application_disapproved_units,Units disapproved in residential applications,06085,Santa Clara,2024,2024-12-31,annual,0.0,housing units,CA_HCD_APR_TABLE_A,HCD-APR-TABLE-A-2024-portal-current,2026-08-10T17:11:13Z,0d33c498629bfd21f3b9707fd1c4810fcb4fd6d8542c25aec64360305c105d2f,county sum or count of HCD APR Table A records,HCD APR application-stage administrative data aggregated to county.,comparable_within_series
housing_applications,application_disapproved_units,Units disapproved in residential applications,06085,Santa Clara,2025,2025-12-31,annual,0.0,housing units,CA_HCD_APR_TABLE_A,HCD-APR-TABLE-A-2025-portal-current,2026-08-10T17:11:13Z,bec330a57d4f495f88b52cfed29d66223ec2d61b4ca4ae2e3feeef22faf62af2,county sum or count of HCD APR Table A records,HCD APR application-stage administrative data aggregated to county.,comparable_within_series
housing_applications,application_disapproved_units,Units disapproved in residential applications,06095,Solano,2018,2018-12-31,annual,245.0,housing units,CA_HCD_APR_TABLE_A,HCD-APR-TABLE-A-2018-portal-current,2026-08-10T17:11:13Z,c5cee4fbdeba70dfa06045e45ea217a2aca9e0594fe6a2da9144529a1cc1bc25,county sum or count of HCD APR Table A records,HCD APR application-stage administrative data aggregated to county.,comparable_within_series
housing_applications,application_disapproved_units,Units disapproved in residential applications,06095,Solano,2019,2019-12-31,annual,216.0,housing units,CA_HCD_APR_TABLE_A,HCD-APR-TABLE-A-2019-portal-current,2026-08-10T17:11:13Z,6f24c832cc9b927766fa5257f444024ffabc785e83ee1d5d9932243d95b14371,county sum or count of HCD APR Table A records,HCD APR application-stage administrative data aggregated to county.,comparable_within_series
housing_applications,application_disapproved_units,Units disapproved in residential applications,06095,Solano,2020,2020-12-31,annual,0.0,housing units,CA_HCD_APR_TABLE_A,HCD-APR-TABLE-A-2020-portal-current,2026-08-10T17:11:13Z,11aa51318922cdb7f838c55d1b07009fc196e7fe46ea39c1222e20a86c988429,county sum or count of HCD APR Table A records,HCD APR application-stage administrative data aggregated to county.,comparable_within_series
housing_applications,application_disapproved_units,Units disapproved in residential applications,06095,Solano,2021,2021-12-31,annual,52.0,housing units,CA_HCD_APR_TABLE_A,HCD-APR-TABLE-A-2021-portal-current,2026-08-10T17:11:13Z,97ab0c3387bdf49a07720594cb3ea612a85aca39503f8ca9f0c9c0af8e800bda,county sum or count of HCD APR Table A records,HCD APR application-stage administrative data aggregated to county.,comparable_within_series
housing_applications,application_disapproved_units,Units disapproved in residential applications,06095,Solano,2022,2022-12-31,annual,0.0,housing units,CA_HCD_APR_TABLE_A,HCD-APR-TABLE-A-2022-portal-current,2026-08-10T17:11:13Z,1bca81f3a972f3d1eced27a3e2fdf4268fc4f1031af1dd0698cbf39fa018fb04,county sum or count of HCD APR Table A records,HCD APR application-stage administrative data aggregated to county.,comparable_within_series
housing_applications,application_disapproved_units,Units disapproved in residential applications,06095,Solano,2023,2023-12-31,annual,0.0,housing units,CA_HCD_APR_TABLE_A,HCD-APR-TABLE-A-2023-portal-current,2026-08-10T17:11:13Z,1b140c61910e1eb3a1b01eb1837038d4a59ca05ac73198496fd1b3d77823f8c8,county sum or count of HCD APR Table A records,HCD APR application-stage administrative data aggregated to county.,comparable_within_series
housing_applications,application_disapproved_units,Units disapproved in residential applications,06095,Solano,2024,2024-12-31,annual,0.0,housing units,CA_HCD_APR_TABLE_A,HCD-APR-TABLE-A-2024-portal-current,2026-08-10T17:11:13Z,0d33c498629bfd21f3b9707fd1c4810fcb4fd6d8542c25aec64360305c105d2f,county sum or count of HCD APR Table A records,HCD APR application-stage administrative data aggregated to county.,comparable_within_series
housing_applications,application_disapproved_units,Units disapproved in residential applications,06095,Solano,2025,2025-12-31,annual,0.0,housing units,CA_HCD_APR_TABLE_A,HCD-APR-TABLE-A-2025-portal-current,2026-08-10T17:11:13Z,bec330a57d4f495f88b52cfed29d66223ec2d61b4ca4ae2e3feeef22faf62af2,county sum or count of HCD APR Table A records,HCD APR application-stage administrative data aggregated to county.,comparable_within_series
housing_applications,application_disapproved_units,Units disapproved in residential applications,06097,Sonoma,2018,2018-12-31,annual,0.0,housing units,CA_HCD_APR_TABLE_A,HCD-APR-TABLE-A-2018-portal-current,2026-08-10T17:11:13Z,c5cee4fbdeba70dfa06045e45ea217a2aca9e0594fe6a2da9144529a1cc1bc25,county sum or count of HCD APR Table A records,HCD APR application-stage administrative data aggregated to county.,comparable_within_series
housing_applications,application_disapproved_units,Units disapproved in residential applications,06097,Sonoma,2019,2019-12-31,annual,483.0,housing units,CA_HCD_APR_TABLE_A,HCD-APR-TABLE-A-2019-portal-current,2026-08-10T17:11:13Z,6f24c832cc9b927766fa5257f444024ffabc785e83ee1d5d9932243d95b14371,county sum or count of HCD APR Table A records,HCD APR application-stage administrative data aggregated to county.,comparable_within_series
housing_applications,application_disapproved_units,Units disapproved in residential applications,06097,Sonoma,2020,2020-12-31,annual,0.0,housing units,CA_HCD_APR_TABLE_A,HCD-APR-TABLE-A-2020-portal-current,2026-08-10T17:11:13Z,11aa51318922cdb7f838c55d1b07009fc196e7fe46ea39c1222e20a86c988429,county sum or count of HCD APR Table A records,HCD APR application-stage administrative data aggregated to county.,comparable_within_series
housing_applications,application_disapproved_units,Units disapproved in residential applications,06097,Sonoma,2021,2021-12-31,annual,0.0,housing units,CA_HCD_APR_TABLE_A,HCD-APR-TABLE-A-2021-portal-current,2026-08-10T17:11:13Z,97ab0c3387bdf49a07720594cb3ea612a85aca39503f8ca9f0c9c0af8e800bda,county sum or count of HCD APR Table A records,HCD APR application-stage administrative data aggregated to county.,comparable_within_series
housing_applications,application_disapproved_units,Units disapproved in residential applications,06097,Sonoma,2022,2022-12-31,annual,0.0,housing units,CA_HCD_APR_TABLE_A,HCD-APR-TABLE-A-2022-portal-current,2026-08-10T17:11:13Z,1bca81f3a972f3d1eced27a3e2fdf4268fc4f1031af1dd0698cbf39fa018fb04,county sum or count of HCD APR Table A records,HCD APR application-stage administrative data aggregated to county.,comparable_within_series
housing_applications,application_disapproved_units,Units disapproved in residential applications,06097,Sonoma,2023,2023-12-31,annual,0.0,housing units,CA_HCD_APR_TABLE_A,HCD-APR-TABLE-A-2023-portal-current,2026-08-10T17:11:13Z,1b140c61910e1eb3a1b01eb1837038d4a59ca05ac73198496fd1b3d77823f8c8,county sum or count of HCD APR Table A records,HCD APR application-stage administrative data aggregated to county.,comparable_within_series
housing_applications,application_disapproved_units,Units disapproved in residential applications,06097,Sonoma,2024,2024-12-31,annual,0.0,housing units,CA_HCD_APR_TABLE_A,HCD-APR-TABLE-A-2024-portal-current,2026-08-10T17:11:13Z,0d33c498629bfd21f3b9707fd1c4810fcb4fd6d8542c25aec64360305c105d2f,county sum or count of HCD APR Table A records,HCD APR application-stage administrative data aggregated to county.,comparable_within_series
housing_applications,application_disapproved_units,Units disapproved in residential applications,06097,Sonoma,2025,2025-12-31,annual,0.0,housing units,CA_HCD_APR_TABLE_A,HCD-APR-TABLE-A-2025-portal-current,2026-08-10T17:11:13Z,bec330a57d4f495f88b52cfed29d66223ec2d61b4ca4ae2e3feeef22faf62af2,county sum or count of HCD APR Table A records,HCD APR application-stage administrative data aggregated to county.,comparable_within_series
housing_applications,application_pending_projects,Application records reported pending,06001,Alameda,2018,2018-12-31,annual,0.0,records,CA_HCD_APR_TABLE_A,HCD-APR-TABLE-A-2018-portal-current,2026-08-10T17:11:13Z,c5cee4fbdeba70dfa06045e45ea217a2aca9e0594fe6a2da9144529a1cc1bc25,county sum or count of HCD APR Table A records,Application status is sparsely populated before 2021; a record is not necessarily a unique project.,status_field_incomplete_before_2021
housing_applications,application_pending_projects,Application records reported pending,06001,Alameda,2019,2019-12-31,annual,14.0,records,CA_HCD_APR_TABLE_A,HCD-APR-TABLE-A-2019-portal-current,2026-08-10T17:11:13Z,6f24c832cc9b927766fa5257f444024ffabc785e83ee1d5d9932243d95b14371,county sum or count of HCD APR Table A records,Application status is sparsely populated before 2021; a record is not necessarily a unique project.,status_field_incomplete_before_2021
housing_applications,application_pending_projects,Application records reported pending,06001,Alameda,2020,2020-12-31,annual,0.0,records,CA_HCD_APR_TABLE_A,HCD-APR-TABLE-A-2020-portal-current,2026-08-10T17:11:13Z,11aa51318922cdb7f838c55d1b07009fc196e7fe46ea39c1222e20a86c988429,county sum or count of HCD APR Table A records,Application status is sparsely populated before 2021; a record is not necessarily a unique project.,status_field_incomplete_before_2021
housing_applications,application_pending_projects,Application records reported pending,06001,Alameda,2021,2021-12-31,annual,212.0,records,CA_HCD_APR_TABLE_A,HCD-APR-TABLE-A-2021-portal-current,2026-08-10T17:11:13Z,97ab0c3387bdf49a07720594cb3ea612a85aca39503f8ca9f0c9c0af8e800bda,county sum or count of HCD APR Table A records,Application status is sparsely populated before 2021; a record is not necessarily a unique project.,comparable_within_series
housing_applications,application_pending_projects,Application records reported pending,06001,Alameda,2022,2022-12-31,annual,274.0,records,CA_HCD_APR_TABLE_A,HCD-APR-TABLE-A-2022-portal-current,2026-08-10T17:11:13Z,1bca81f3a972f3d1eced27a3e2fdf4268fc4f1031af1dd0698cbf39fa018fb04,county sum or count of HCD APR Table A records,Application status is sparsely populated before 2021; a record is not necessarily a unique project.,comparable_within_series
housing_applications,application_pending_projects,Application records reported pending,06001,Alameda,2023,2023-12-31,annual,521.0,records,CA_HCD_APR_TABLE_A,HCD-APR-TABLE-A-2023-portal-current,2026-08-10T17:11:13Z,1b140c61910e1eb3a1b01eb1837038d4a59ca05ac73198496fd1b3d77823f8c8,county sum or count of HCD APR Table A records,Application status is sparsely populated before 2021; a record is not necessarily a unique project.,comparable_within_series
housing_applications,application_pending_projects,Application records reported pending,06001,Alameda,2024,2024-12-31,annual,473.0,records,CA_HCD_APR_TABLE_A,HCD-APR-TABLE-A-2024-portal-current,2026-08-10T17:11:13Z,0d33c498629bfd21f3b9707fd1c4810fcb4fd6d8542c25aec64360305c105d2f,county sum or count of HCD APR Table A records,Application status is sparsely populated before 2021; a record is not necessarily a unique project.,comparable_within_series
housing_applications,application_pending_projects,Application records reported pending,06001,Alameda,2025,2025-12-31,annual,329.0,records,CA_HCD_APR_TABLE_A,HCD-APR-TABLE-A-2025-portal-current,2026-08-10T17:11:13Z,bec330a57d4f495f88b52cfed29d66223ec2d61b4ca4ae2e3feeef22faf62af2,county sum or count of HCD APR Table A records,Application status is sparsely populated before 2021; a record is not necessarily a unique project.,comparable_within_series
housing_applications,application_pending_projects,Application records reported pending,06013,Contra Costa,2018,2018-12-31,annual,0.0,records,CA_HCD_APR_TABLE_A,HCD-APR-TABLE-A-2018-portal-current,2026-08-10T17:11:13Z,c5cee4fbdeba70dfa06045e45ea217a2aca9e0594fe6a2da9144529a1cc1bc25,county sum or count of HCD APR Table A records,Application status is sparsely populated before 2021; a record is not necessarily a unique project.,status_field_incomplete_before_2021
housing_applications,application_pending_projects,Application records reported pending,06013,Contra Costa,2019,2019-12-31,annual,0.0,records,CA_HCD_APR_TABLE_A,HCD-APR-TABLE-A-2019-portal-current,2026-08-10T17:11:13Z,6f24c832cc9b927766fa5257f444024ffabc785e83ee1d5d9932243d95b14371,county sum or count of HCD APR Table A records,Application status is sparsely populated before 2021; a record is not necessarily a unique project.,status_field_incomplete_before_2021
housing_applications,application_pending_projects,Application records reported pending,06013,Contra Costa,2020,2020-12-31,annual,0.0,records,CA_HCD_APR_TABLE_A,HCD-APR-TABLE-A-2020-portal-current,2026-08-10T17:11:13Z,11aa51318922cdb7f838c55d1b07009fc196e7fe46ea39c1222e20a86c988429,county sum or count of HCD APR Table A records,Application status is sparsely populated before 2021; a record is not necessarily a unique project.,status_field_incomplete_before_2021
housing_applications,application_pending_projects,Application records reported pending,06013,Contra Costa,2021,2021-12-31,annual,123.0,records,CA_HCD_APR_TABLE_A,HCD-APR-TABLE-A-2021-portal-current,2026-08-10T17:11:13Z,97ab0c3387bdf49a07720594cb3ea612a85aca39503f8ca9f0c9c0af8e800bda,county sum or count of HCD APR Table A records,Application status is sparsely populated before 2021; a record is not necessarily a unique project.,comparable_within_series
housing_applications,application_pending_projects,Application records reported pending,06013,Contra Costa,2022,2022-12-31,annual,151.0,records,CA_HCD_APR_TABLE_A,HCD-APR-TABLE-A-2022-portal-current,2026-08-10T17:11:13Z,1bca81f3a972f3d1eced27a3e2fdf4268fc4f1031af1dd0698cbf39fa018fb04,county sum or count of HCD APR Table A records,Application status is sparsely populated before 2021; a record is not necessarily a unique project.,comparable_within_series
housing_applications,application_pending_projects,Application records reported pending,06013,Contra Costa,2023,2023-12-31,annual,180.0,records,CA_HCD_APR_TABLE_A,HCD-APR-TABLE-A-2023-portal-current,2026-08-10T17:11:13Z,1b140c61910e1eb3a1b01eb1837038d4a59ca05ac73198496fd1b3d77823f8c8,county sum or count of HCD APR Table A records,Application status is sparsely populated before 2021; a record is not necessarily a unique project.,comparable_within_series
housing_applications,application_pending_projects,Application records reported pending,06013,Contra Costa,2024,2024-12-31,annual,204.0,records,CA_HCD_APR_TABLE_A,HCD-APR-TABLE-A-2024-portal-current,2026-08-10T17:11:13Z,0d33c498629bfd21f3b9707fd1c4810fcb4fd6d8542c25aec64360305c105d2f,county sum or count of HCD APR Table A records,Application status is sparsely populated before 2021; a record is not necessarily a unique project.,comparable_within_series
housing_applications,application_pending_projects,Application records reported pending,06013,Contra Costa,2025,2025-12-31,annual,233.0,records,CA_HCD_APR_TABLE_A,HCD-APR-TABLE-A-2025-portal-current,2026-08-10T17:11:13Z,bec330a57d4f495f88b52cfed29d66223ec2d61b4ca4ae2e3feeef22faf62af2,county sum or count of HCD APR Table A records,Application status is sparsely populated before 2021; a record is not necessarily a unique project.,comparable_within_series
housing_applications,application_pending_projects,Application records reported pending,06041,Marin,2018,2018-12-31,annual,0.0,records,CA_HCD_APR_TABLE_A,HCD-APR-TABLE-A-2018-portal-current,2026-08-10T17:11:13Z,c5cee4fbdeba70dfa06045e45ea217a2aca9e0594fe6a2da9144529a1cc1bc25,county sum or count of HCD APR Table A records,Application status is sparsely populated before 2021; a record is not necessarily a unique project.,status_field_incomplete_before_2021
housing_applications,application_pending_projects,Application records reported pending,06041,Marin,2019,2019-12-31,annual,0.0,records,CA_HCD_APR_TABLE_A,HCD-APR-TABLE-A-2019-portal-current,2026-08-10T17:11:13Z,6f24c832cc9b927766fa5257f444024ffabc785e83ee1d5d9932243d95b14371,county sum or count of HCD APR Table A records,Application status is sparsely populated before 2021; a record is not necessarily a unique project.,status_field_incomplete_before_2021
housing_applications,application_pending_projects,Application records reported pending,06041,Marin,2020,2020-12-31,annual,0.0,records,CA_HCD_APR_TABLE_A,HCD-APR-TABLE-A-2020-portal-current,2026-08-10T17:11:13Z,11aa51318922cdb7f838c55d1b07009fc196e7fe46ea39c1222e20a86c988429,county sum or count of HCD APR Table A records,Application status is sparsely populated before 2021; a record is not necessarily a unique project.,status_field_incomplete_before_2021
housing_applications,application_pending_projects,Application records reported pending,06041,Marin,2021,2021-12-31,annual,216.0,records,CA_HCD_APR_TABLE_A,HCD-APR-TABLE-A-2021-portal-current,2026-08-10T17:11:13Z,97ab0c3387bdf49a07720594cb3ea612a85aca39503f8ca9f0c9c0af8e800bda,county sum or count of HCD APR Table A records,Application status is sparsely populated before 2021; a record is not necessarily a unique project.,comparable_within_series
housing_applications,application_pending_projects,Application records reported pending,06041,Marin,2022,2022-12-31,annual,161.0,records,CA_HCD_APR_TABLE_A,HCD-APR-TABLE-A-2022-portal-current,2026-08-10T17:11:13Z,1bca81f3a972f3d1eced27a3e2fdf4268fc4f1031af1dd0698cbf39fa018fb04,county sum or count of HCD APR Table A records,Application status is sparsely populated before 2021; a record is not necessarily a unique project.,comparable_within_series
housing_applications,application_pending_projects,Application records reported pending,06041,Marin,2023,2023-12-31,annual,209.0,records,CA_HCD_APR_TABLE_A,HCD-APR-TABLE-A-2023-portal-current,2026-08-10T17:11:13Z,1b140c61910e1eb3a1b01eb1837038d4a59ca05ac73198496fd1b3d77823f8c8,county sum or count of HCD APR Table A records,Application status is sparsely populated before 2021; a record is not necessarily a unique project.,comparable_within_series
housing_applications,application_pending_projects,Application records reported pending,06041,Marin,2024,2024-12-31,annual,182.0,records,CA_HCD_APR_TABLE_A,HCD-APR-TABLE-A-2024-portal-current,2026-08-10T17:11:13Z,0d33c498629bfd21f3b9707fd1c4810fcb4fd6d8542c25aec64360305c105d2f,county sum or count of HCD APR Table A records,Application status is sparsely populated before 2021; a record is not necessarily a unique project.,comparable_within_series
housing_applications,application_pending_projects,Application records reported pending,06041,Marin,2025,2025-12-31,annual,185.0,records,CA_HCD_APR_TABLE_A,HCD-APR-TABLE-A-2025-portal-current,2026-08-10T17:11:13Z,bec330a57d4f495f88b52cfed29d66223ec2d61b4ca4ae2e3feeef22faf62af2,county sum or count of HCD APR Table A records,Application status is sparsely populated before 2021; a record is not necessarily a unique project.,comparable_within_series
housing_applications,application_pending_projects,Application records reported pending,06055,Napa,2018,2018-12-31,annual,0.0,records,CA_HCD_APR_TABLE_A,HCD-APR-TABLE-A-2018-portal-current,2026-08-10T17:11:13Z,c5cee4fbdeba70dfa06045e45ea217a2aca9e0594fe6a2da9144529a1cc1bc25,county sum or count of HCD APR Table A records,Application status is sparsely populated before 2021; a record is not necessarily a unique project.,status_field_incomplete_before_2021
housing_applications,application_pending_projects,Application records reported pending,06055,Napa,2019,2019-12-31,annual,0.0,records,CA_HCD_APR_TABLE_A,HCD-APR-TABLE-A-2019-portal-current,2026-08-10T17:11:13Z,6f24c832cc9b927766fa5257f444024ffabc785e83ee1d5d9932243d95b14371,county sum or count of HCD APR Table A records,Application status is sparsely populated before 2021; a record is not necessarily a unique project.,status_field_incomplete_before_2021
housing_applications,application_pending_projects,Application records reported pending,06055,Napa,2020,2020-12-31,annual,0.0,records,CA_HCD_APR_TABLE_A,HCD-APR-TABLE-A-2020-portal-current,2026-08-10T17:11:13Z,11aa51318922cdb7f838c55d1b07009fc196e7fe46ea39c1222e20a86c988429,county sum or count of HCD APR Table A records,Application status is sparsely populated before 2021; a record is not necessarily a unique project.,status_field_incomplete_before_2021
housing_applications,application_pending_projects,Application records reported pending,06055,Napa,2021,2021-12-31,annual,24.0,records,CA_HCD_APR_TABLE_A,HCD-APR-TABLE-A-2021-portal-current,2026-08-10T17:11:13Z,97ab0c3387bdf49a07720594cb3ea612a85aca39503f8ca9f0c9c0af8e800bda,county sum or count of HCD APR Table A records,Application status is sparsely populated before 2021; a record is not necessarily a unique project.,comparable_within_series
housing_applications,application_pending_projects,Application records reported pending,06055,Napa,2022,2022-12-31,annual,69.0,records,CA_HCD_APR_TABLE_A,HCD-APR-TABLE-A-2022-portal-current,2026-08-10T17:11:13Z,1bca81f3a972f3d1eced27a3e2fdf4268fc4f1031af1dd0698cbf39fa018fb04,county sum or count of HCD APR Table A records,Application status is sparsely populated before 2021; a record is not necessarily a unique project.,comparable_within_series
housing_applications,application_pending_projects,Application records reported pending,06055,Napa,2023,2023-12-31,annual,25.0,records,CA_HCD_APR_TABLE_A,HCD-APR-TABLE-A-2023-portal-current,2026-08-10T17:11:13Z,1b140c61910e1eb3a1b01eb1837038d4a59ca05ac73198496fd1b3d77823f8c8,county sum or count of HCD APR Table A records,Application status is sparsely populated before 2021; a record is not necessarily a unique project.,comparable_within_series
housing_applications,application_pending_projects,Application records reported pending,06055,Napa,2024,2024-12-31,annual,35.0,records,CA_HCD_APR_TABLE_A,HCD-APR-TABLE-A-2024-portal-current,2026-08-10T17:11:13Z,0d33c498629bfd21f3b9707fd1c4810fcb4fd6d8542c25aec64360305c105d2f,county sum or count of HCD APR Table A records,Application status is sparsely populated before 2021; a record is not necessarily a unique project.,comparable_within_series
housing_applications,application_pending_projects,Application records reported pending,06055,Napa,2025,2025-12-31,annual,96.0,records,CA_HCD_APR_TABLE_A,HCD-APR-TABLE-A-2025-portal-current,2026-08-10T17:11:13Z,bec330a57d4f495f88b52cfed29d66223ec2d61b4ca4ae2e3feeef22faf62af2,county sum or count of HCD APR Table A records,Application status is sparsely populated before 2021; a record is not necessarily a unique project.,comparable_within_series
housing_applications,application_pending_projects,Application records reported pending,06075,San Francisco,2018,2018-12-31,annual,0.0,records,CA_HCD_APR_TABLE_A,HCD-APR-TABLE-A-2018-portal-current,2026-08-10T17:11:13Z,c5cee4fbdeba70dfa06045e45ea217a2aca9e0594fe6a2da9144529a1cc1bc25,county sum or count of HCD APR Table A records,Application status is sparsely populated before 2021; a record is not necessarily a unique project.,status_field_incomplete_before_2021
housing_applications,application_pending_projects,Application records reported pending,06075,San Francisco,2019,2019-12-31,annual,0.0,records,CA_HCD_APR_TABLE_A,HCD-APR-TABLE-A-2019-portal-current,2026-08-10T17:11:13Z,6f24c832cc9b927766fa5257f444024ffabc785e83ee1d5d9932243d95b14371,county sum or count of HCD APR Table A records,Application status is sparsely populated before 2021; a record is not necessarily a unique project.,status_field_incomplete_before_2021
housing_applications,application_pending_projects,Application records reported pending,06075,San Francisco,2020,2020-12-31,annual,0.0,records,CA_HCD_APR_TABLE_A,HCD-APR-TABLE-A-2020-portal-current,2026-08-10T17:11:13Z,11aa51318922cdb7f838c55d1b07009fc196e7fe46ea39c1222e20a86c988429,county sum or count of HCD APR Table A records,Application status is sparsely populated before 2021; a record is not necessarily a unique project.,status_field_incomplete_before_2021
housing_applications,application_pending_projects,Application records reported pending,06075,San Francisco,2021,2021-12-31,annual,302.0,records,CA_HCD_APR_TABLE_A,HCD-APR-TABLE-A-2021-portal-current,2026-08-10T17:11:13Z,97ab0c3387bdf49a07720594cb3ea612a85aca39503f8ca9f0c9c0af8e800bda,county sum or count of HCD APR Table A records,Application status is sparsely populated before 2021; a record is not necessarily a unique project.,comparable_within_series
housing_applications,application_pending_projects,Application records reported pending,06075,San Francisco,2022,2022-12-31,annual,172.0,records,CA_HCD_APR_TABLE_A,HCD-APR-TABLE-A-2022-portal-current,2026-08-10T17:11:13Z,1bca81f3a972f3d1eced27a3e2fdf4268fc4f1031af1dd0698cbf39fa018fb04,county sum or count of HCD APR Table A records,Application status is sparsely populated before 2021; a record is not necessarily a unique project.,comparable_within_series
housing_applications,application_pending_projects,Application records reported pending,06075,San Francisco,2023,2023-12-31,annual,130.0,records,CA_HCD_APR_TABLE_A,HCD-APR-TABLE-A-2023-portal-current,2026-08-10T17:11:13Z,1b140c61910e1eb3a1b01eb1837038d4a59ca05ac73198496fd1b3d77823f8c8,county sum or count of HCD APR Table A records,Application status is sparsely populated before 2021; a record is not necessarily a unique project.,comparable_within_series
housing_applications,application_pending_projects,Application records reported pending,06075,San Francisco,2024,2024-12-31,annual,18.0,records,CA_HCD_APR_TABLE_A,HCD-APR-TABLE-A-2024-portal-current,2026-08-10T17:11:13Z,0d33c498629bfd21f3b9707fd1c4810fcb4fd6d8542c25aec64360305c105d2f,county sum or count of HCD APR Table A records,Application status is sparsely populated before 2021; a record is not necessarily a unique project.,comparable_within_series
housing_applications,application_pending_projects,Application records reported pending,06075,San Francisco,2025,2025-12-31,annual,23.0,records,CA_HCD_APR_TABLE_A,HCD-APR-TABLE-A-2025-portal-current,2026-08-10T17:11:13Z,bec330a57d4f495f88b52cfed29d66223ec2d61b4ca4ae2e3feeef22faf62af2,county sum or count of HCD APR Table A records,Application status is sparsely populated before 2021; a record is not necessarily a unique project.,comparable_within_series
housing_applications,application_pending_projects,Application records reported pending,06081,San Mateo,2018,2018-12-31,annual,0.0,records,CA_HCD_APR_TABLE_A,HCD-APR-TABLE-A-2018-portal-current,2026-08-10T17:11:13Z,c5cee4fbdeba70dfa06045e45ea217a2aca9e0594fe6a2da9144529a1cc1bc25,county sum or count of HCD APR Table A records,Application status is sparsely populated before 2021; a record is not necessarily a unique project.,status_field_incomplete_before_2021
housing_applications,application_pending_projects,Application records reported pending,06081,San Mateo,2019,2019-12-31,annual,0.0,records,CA_HCD_APR_TABLE_A,HCD-APR-TABLE-A-2019-portal-current,2026-08-10T17:11:13Z,6f24c832cc9b927766fa5257f444024ffabc785e83ee1d5d9932243d95b14371,county sum or count of HCD APR Table A records,Application status is sparsely populated before 2021; a record is not necessarily a unique project.,status_field_incomplete_before_2021
housing_applications,application_pending_projects,Application records reported pending,06081,San Mateo,2020,2020-12-31,annual,0.0,records,CA_HCD_APR_TABLE_A,HCD-APR-TABLE-A-2020-portal-current,2026-08-10T17:11:13Z,11aa51318922cdb7f838c55d1b07009fc196e7fe46ea39c1222e20a86c988429,county sum or count of HCD APR Table A records,Application status is sparsely populated before 2021; a record is not necessarily a unique project.,status_field_incomplete_before_2021
housing_applications,application_pending_projects,Application records reported pending,06081,San Mateo,2021,2021-12-31,annual,305.0,records,CA_HCD_APR_TABLE_A,HCD-APR-TABLE-A-2021-portal-current,2026-08-10T17:11:13Z,97ab0c3387bdf49a07720594cb3ea612a85aca39503f8ca9f0c9c0af8e800bda,county sum or count of HCD APR Table A records,Application status is sparsely populated before 2021; a record is not necessarily a unique project.,comparable_within_series
housing_applications,application_pending_projects,Application records reported pending,06081,San Mateo,2022,2022-12-31,annual,222.0,records,CA_HCD_APR_TABLE_A,HCD-APR-TABLE-A-2022-portal-current,2026-08-10T17:11:13Z,1bca81f3a972f3d1eced27a3e2fdf4268fc4f1031af1dd0698cbf39fa018fb04,county sum or count of HCD APR Table A records,Application status is sparsely populated before 2021; a record is not necessarily a unique project.,comparable_within_series
housing_applications,application_pending_projects,Application records reported pending,06081,San Mateo,2023,2023-12-31,annual,243.0,records,CA_HCD_APR_TABLE_A,HCD-APR-TABLE-A-2023-portal-current,2026-08-10T17:11:13Z,1b140c61910e1eb3a1b01eb1837038d4a59ca05ac73198496fd1b3d77823f8c8,county sum or count of HCD APR Table A records,Application status is sparsely populated before 2021; a record is not necessarily a unique project.,comparable_within_series
housing_applications,application_pending_projects,Application records reported pending,06081,San Mateo,2024,2024-12-31,annual,211.0,records,CA_HCD_APR_TABLE_A,HCD-APR-TABLE-A-2024-portal-current,2026-08-10T17:11:13Z,0d33c498629bfd21f3b9707fd1c4810fcb4fd6d8542c25aec64360305c105d2f,county sum or count of HCD APR Table A records,Application status is sparsely populated before 2021; a record is not necessarily a unique project.,comparable_within_series
housing_applications,application_pending_projects,Application records reported pending,06081,San Mateo,2025,2025-12-31,annual,349.0,records,CA_HCD_APR_TABLE_A,HCD-APR-TABLE-A-2025-portal-current,2026-08-10T17:11:13Z,bec330a57d4f495f88b52cfed29d66223ec2d61b4ca4ae2e3feeef22faf62af2,county sum or count of HCD APR Table A records,Application status is sparsely populated before 2021; a record is not necessarily a unique project.,comparable_within_series
housing_applications,application_pending_projects,Application records reported pending,06085,Santa Clara,2018,2018-12-31,annual,0.0,records,CA_HCD_APR_TABLE_A,HCD-APR-TABLE-A-2018-portal-current,2026-08-10T17:11:13Z,c5cee4fbdeba70dfa06045e45ea217a2aca9e0594fe6a2da9144529a1cc1bc25,county sum or count of HCD APR Table A records,Application status is sparsely populated before 2021; a record is not necessarily a unique project.,status_field_incomplete_before_2021
housing_applications,application_pending_projects,Application records reported pending,06085,Santa Clara,2019,2019-12-31,annual,0.0,records,CA_HCD_APR_TABLE_A,HCD-APR-TABLE-A-2019-portal-current,2026-08-10T17:11:13Z,6f24c832cc9b927766fa5257f444024ffabc785e83ee1d5d9932243d95b14371,county sum or count of HCD APR Table A records,Application status is sparsely populated before 2021; a record is not necessarily a unique project.,status_field_incomplete_before_2021
housing_applications,application_pending_projects,Application records reported pending,06085,Santa Clara,2020,2020-12-31,annual,0.0,records,CA_HCD_APR_TABLE_A,HCD-APR-TABLE-A-2020-portal-current,2026-08-10T17:11:13Z,11aa51318922cdb7f838c55d1b07009fc196e7fe46ea39c1222e20a86c988429,county sum or count of HCD APR Table A records,Application status is sparsely populated before 2021; a record is not necessarily a unique project.,status_field_incomplete_before_2021
housing_applications,application_pending_projects,Application records reported pending,06085,Santa Clara,2021,2021-12-31,annual,205.0,records,CA_HCD_APR_TABLE_A,HCD-APR-TABLE-A-2021-portal-current,2026-08-10T17:11:13Z,97ab0c3387bdf49a07720594cb3ea612a85aca39503f8ca9f0c9c0af8e800bda,county sum or count of HCD APR Table A records,Application status is sparsely populated before 2021; a record is not necessarily a unique project.,comparable_within_series
housing_applications,application_pending_projects,Application records reported pending,06085,Santa Clara,2022,2022-12-31,annual,850.0,records,CA_HCD_APR_TABLE_A,HCD-APR-TABLE-A-2022-portal-current,2026-08-10T17:11:13Z,1bca81f3a972f3d1eced27a3e2fdf4268fc4f1031af1dd0698cbf39fa018fb04,county sum or count of HCD APR Table A records,Application status is sparsely populated before 2021; a record is not necessarily a unique project.,comparable_within_series
housing_applications,application_pending_projects,Application records reported pending,06085,Santa Clara,2023,2023-12-31,annual,999.0,records,CA_HCD_APR_TABLE_A,HCD-APR-TABLE-A-2023-portal-current,2026-08-10T17:11:13Z,1b140c61910e1eb3a1b01eb1837038d4a59ca05ac73198496fd1b3d77823f8c8,county sum or count of HCD APR Table A records,Application status is sparsely populated before 2021; a record is not necessarily a unique project.,comparable_within_series
housing_applications,application_pending_projects,Application records reported pending,06085,Santa Clara,2024,2024-12-31,annual,883.0,records,CA_HCD_APR_TABLE_A,HCD-APR-TABLE-A-2024-portal-current,2026-08-10T17:11:13Z,0d33c498629bfd21f3b9707fd1c4810fcb4fd6d8542c25aec64360305c105d2f,county sum or count of HCD APR Table A records,Application status is sparsely populated before 2021; a record is not necessarily a unique project.,comparable_within_series
housing_applications,application_pending_projects,Application records reported pending,06085,Santa Clara,2025,2025-12-31,annual,997.0,records,CA_HCD_APR_TABLE_A,HCD-APR-TABLE-A-2025-portal-current,2026-08-10T17:11:13Z,bec330a57d4f495f88b52cfed29d66223ec2d61b4ca4ae2e3feeef22faf62af2,county sum or count of HCD APR Table A records,Application status is sparsely populated before 2021; a record is not necessarily a unique project.,comparable_within_series
housing_applications,application_pending_projects,Application records reported pending,06095,Solano,2018,2018-12-31,annual,0.0,records,CA_HCD_APR_TABLE_A,HCD-APR-TABLE-A-2018-portal-current,2026-08-10T17:11:13Z,c5cee4fbdeba70dfa06045e45ea217a2aca9e0594fe6a2da9144529a1cc1bc25,county sum or count of HCD APR Table A records,Application status is sparsely populated before 2021; a record is not necessarily a unique project.,status_field_incomplete_before_2021
housing_applications,application_pending_projects,Application records reported pending,06095,Solano,2019,2019-12-31,annual,0.0,records,CA_HCD_APR_TABLE_A,HCD-APR-TABLE-A-2019-portal-current,2026-08-10T17:11:13Z,6f24c832cc9b927766fa5257f444024ffabc785e83ee1d5d9932243d95b14371,county sum or count of HCD APR Table A records,Application status is sparsely populated before 2021; a record is not necessarily a unique project.,status_field_incomplete_before_2021
housing_applications,application_pending_projects,Application records reported pending,06095,Solano,2020,2020-12-31,annual,0.0,records,CA_HCD_APR_TABLE_A,HCD-APR-TABLE-A-2020-portal-current,2026-08-10T17:11:13Z,11aa51318922cdb7f838c55d1b07009fc196e7fe46ea39c1222e20a86c988429,county sum or count of HCD APR Table A records,Application status is sparsely populated before 2021; a record is not necessarily a unique project.,status_field_incomplete_before_2021
housing_applications,application_pending_projects,Application records reported pending,06095,Solano,2021,2021-12-31,annual,118.0,records,CA_HCD_APR_TABLE_A,HCD-APR-TABLE-A-2021-portal-current,2026-08-10T17:11:13Z,97ab0c3387bdf49a07720594cb3ea612a85aca39503f8ca9f0c9c0af8e800bda,county sum or count of HCD APR Table A records,Application status is sparsely populated before 2021; a record is not necessarily a unique project.,comparable_within_series
housing_applications,application_pending_projects,Application records reported pending,06095,Solano,2022,2022-12-31,annual,92.0,records,CA_HCD_APR_TABLE_A,HCD-APR-TABLE-A-2022-portal-current,2026-08-10T17:11:13Z,1bca81f3a972f3d1eced27a3e2fdf4268fc4f1031af1dd0698cbf39fa018fb04,county sum or count of HCD APR Table A records,Application status is sparsely populated before 2021; a record is not necessarily a unique project.,comparable_within_series
housing_applications,application_pending_projects,Application records reported pending,06095,Solano,2023,2023-12-31,annual,80.0,records,CA_HCD_APR_TABLE_A,HCD-APR-TABLE-A-2023-portal-current,2026-08-10T17:11:13Z,1b140c61910e1eb3a1b01eb1837038d4a59ca05ac73198496fd1b3d77823f8c8,county sum or count of HCD APR Table A records,Application status is sparsely populated before 2021; a record is not necessarily a unique project.,comparable_within_series
housing_applications,application_pending_projects,Application records reported pending,06095,Solano,2024,2024-12-31,annual,139.0,records,CA_HCD_APR_TABLE_A,HCD-APR-TABLE-A-2024-portal-current,2026-08-10T17:11:13Z,0d33c498629bfd21f3b9707fd1c4810fcb4fd6d8542c25aec64360305c105d2f,county sum or count of HCD APR Table A records,Application status is sparsely populated before 2021; a record is not necessarily a unique project.,comparable_within_series
housing_applications,application_pending_projects,Application records reported pending,06095,Solano,2025,2025-12-31,annual,67.0,records,CA_HCD_APR_TABLE_A,HCD-APR-TABLE-A-2025-portal-current,2026-08-10T17:11:13Z,bec330a57d4f495f88b52cfed29d66223ec2d61b4ca4ae2e3feeef22faf62af2,county sum or count of HCD APR Table A records,Application status is sparsely populated before 2021; a record is not necessarily a unique project.,comparable_within_series
housing_applications,application_pending_projects,Application records reported pending,06097,Sonoma,2018,2018-12-31,annual,0.0,records,CA_HCD_APR_TABLE_A,HCD-APR-TABLE-A-2018-portal-current,2026-08-10T17:11:13Z,c5cee4fbdeba70dfa06045e45ea217a2aca9e0594fe6a2da9144529a1cc1bc25,county sum or count of HCD APR Table A records,Application status is sparsely populated before 2021; a record is not necessarily a unique project.,status_field_incomplete_before_2021
housing_applications,application_pending_projects,Application records reported pending,06097,Sonoma,2019,2019-12-31,annual,0.0,records,CA_HCD_APR_TABLE_A,HCD-APR-TABLE-A-2019-portal-current,2026-08-10T17:11:13Z,6f24c832cc9b927766fa5257f444024ffabc785e83ee1d5d9932243d95b14371,county sum or count of HCD APR Table A records,Application status is sparsely populated before 2021; a record is not necessarily a unique project.,status_field_incomplete_before_2021
housing_applications,application_pending_projects,Application records reported pending,06097,Sonoma,2020,2020-12-31,annual,0.0,records,CA_HCD_APR_TABLE_A,HCD-APR-TABLE-A-2020-portal-current,2026-08-10T17:11:13Z,11aa51318922cdb7f838c55d1b07009fc196e7fe46ea39c1222e20a86c988429,county sum or count of HCD APR Table A records,Application status is sparsely populated before 2021; a record is not necessarily a unique project.,status_field_incomplete_before_2021
housing_applications,application_pending_projects,Application records reported pending,06097,Sonoma,2021,2021-12-31,annual,51.0,records,CA_HCD_APR_TABLE_A,HCD-APR-TABLE-A-2021-portal-current,2026-08-10T17:11:13Z,97ab0c3387bdf49a07720594cb3ea612a85aca39503f8ca9f0c9c0af8e800bda,county sum or count of HCD APR Table A records,Application status is sparsely populated before 2021; a record is not necessarily a unique project.,comparable_within_series
housing_applications,application_pending_projects,Application records reported pending,06097,Sonoma,2022,2022-12-31,annual,673.0,records,CA_HCD_APR_TABLE_A,HCD-APR-TABLE-A-2022-portal-current,2026-08-10T17:11:13Z,1bca81f3a972f3d1eced27a3e2fdf4268fc4f1031af1dd0698cbf39fa018fb04,county sum or count of HCD APR Table A records,Application status is sparsely populated before 2021; a record is not necessarily a unique project.,comparable_within_series
housing_applications,application_pending_projects,Application records reported pending,06097,Sonoma,2023,2023-12-31,annual,280.0,records,CA_HCD_APR_TABLE_A,HCD-APR-TABLE-A-2023-portal-current,2026-08-10T17:11:13Z,1b140c61910e1eb3a1b01eb1837038d4a59ca05ac73198496fd1b3d77823f8c8,county sum or count of HCD APR Table A records,Application status is sparsely populated before 2021; a record is not necessarily a unique project.,comparable_within_series
housing_applications,application_pending_projects,Application records reported pending,06097,Sonoma,2024,2024-12-31,annual,246.0,records,CA_HCD_APR_TABLE_A,HCD-APR-TABLE-A-2024-portal-current,2026-08-10T17:11:13Z,0d33c498629bfd21f3b9707fd1c4810fcb4fd6d8542c25aec64360305c105d2f,county sum or count of HCD APR Table A records,Application status is sparsely populated before 2021; a record is not necessarily a unique project.,comparable_within_series
housing_applications,application_pending_projects,Application records reported pending,06097,Sonoma,2025,2025-12-31,annual,32.0,records,CA_HCD_APR_TABLE_A,HCD-APR-TABLE-A-2025-portal-current,2026-08-10T17:11:13Z,bec330a57d4f495f88b52cfed29d66223ec2d61b4ca4ae2e3feeef22faf62af2,county sum or count of HCD APR Table A records,Application status is sparsely populated before 2021; a record is not necessarily a unique project.,comparable_within_series
housing_applications,application_project_records,Residential application records,06001,Alameda,2018,2018-12-31,annual,726.0,records,CA_HCD_APR_TABLE_A,HCD-APR-TABLE-A-2018-portal-current,2026-08-10T17:11:13Z,c5cee4fbdeba70dfa06045e45ea217a2aca9e0594fe6a2da9144529a1cc1bc25,county sum or count of HCD APR Table A records,Application status is sparsely populated before 2021; a record is not necessarily a unique project.,comparable_within_series
housing_applications,application_project_records,Residential application records,06001,Alameda,2019,2019-12-31,annual,1221.0,records,CA_HCD_APR_TABLE_A,HCD-APR-TABLE-A-2019-portal-current,2026-08-10T17:11:13Z,6f24c832cc9b927766fa5257f444024ffabc785e83ee1d5d9932243d95b14371,county sum or count of HCD APR Table A records,Application status is sparsely populated before 2021; a record is not necessarily a unique project.,comparable_within_series
housing_applications,application_project_records,Residential application records,06001,Alameda,2020,2020-12-31,annual,831.0,records,CA_HCD_APR_TABLE_A,HCD-APR-TABLE-A-2020-portal-current,2026-08-10T17:11:13Z,11aa51318922cdb7f838c55d1b07009fc196e7fe46ea39c1222e20a86c988429,county sum or count of HCD APR Table A records,Application status is sparsely populated before 2021; a record is not necessarily a unique project.,comparable_within_series
housing_applications,application_project_records,Residential application records,06001,Alameda,2021,2021-12-31,annual,788.0,records,CA_HCD_APR_TABLE_A,HCD-APR-TABLE-A-2021-portal-current,2026-08-10T17:11:13Z,97ab0c3387bdf49a07720594cb3ea612a85aca39503f8ca9f0c9c0af8e800bda,county sum or count of HCD APR Table A records,Application status is sparsely populated before 2021; a record is not necessarily a unique project.,comparable_within_series
housing_applications,application_project_records,Residential application records,06001,Alameda,2022,2022-12-31,annual,1124.0,records,CA_HCD_APR_TABLE_A,HCD-APR-TABLE-A-2022-portal-current,2026-08-10T17:11:13Z,1bca81f3a972f3d1eced27a3e2fdf4268fc4f1031af1dd0698cbf39fa018fb04,county sum or count of HCD APR Table A records,Application status is sparsely populated before 2021; a record is not necessarily a unique project.,comparable_within_series
housing_applications,application_project_records,Residential application records,06001,Alameda,2023,2023-12-31,annual,1184.0,records,CA_HCD_APR_TABLE_A,HCD-APR-TABLE-A-2023-portal-current,2026-08-10T17:11:13Z,1b140c61910e1eb3a1b01eb1837038d4a59ca05ac73198496fd1b3d77823f8c8,county sum or count of HCD APR Table A records,Application status is sparsely populated before 2021; a record is not necessarily a unique project.,comparable_within_series
housing_applications,application_project_records,Residential application records,06001,Alameda,2024,2024-12-31,annual,1141.0,records,CA_HCD_APR_TABLE_A,HCD-APR-TABLE-A-2024-portal-current,2026-08-10T17:11:13Z,0d33c498629bfd21f3b9707fd1c4810fcb4fd6d8542c25aec64360305c105d2f,county sum or count of HCD APR Table A records,Application status is sparsely populated before 2021; a record is not necessarily a unique project.,comparable_within_series
housing_applications,application_project_records,Residential application records,06001,Alameda,2025,2025-12-31,annual,822.0,records,CA_HCD_APR_TABLE_A,HCD-APR-TABLE-A-2025-portal-current,2026-08-10T17:11:13Z,bec330a57d4f495f88b52cfed29d66223ec2d61b4ca4ae2e3feeef22faf62af2,county sum or count of HCD APR Table A records,Application status is sparsely populated before 2021; a record is not necessarily a unique project.,comparable_within_series
housing_applications,application_project_records,Residential application records,06013,Contra Costa,2018,2018-12-31,annual,284.0,records,CA_HCD_APR_TABLE_A,HCD-APR-TABLE-A-2018-portal-current,2026-08-10T17:11:13Z,c5cee4fbdeba70dfa06045e45ea217a2aca9e0594fe6a2da9144529a1cc1bc25,county sum or count of HCD APR Table A records,Application status is sparsely populated before 2021; a record is not necessarily a unique project.,comparable_within_series
housing_applications,application_project_records,Residential application records,06013,Contra Costa,2019,2019-12-31,annual,365.0,records,CA_HCD_APR_TABLE_A,HCD-APR-TABLE-A-2019-portal-current,2026-08-10T17:11:13Z,6f24c832cc9b927766fa5257f444024ffabc785e83ee1d5d9932243d95b14371,county sum or count of HCD APR Table A records,Application status is sparsely populated before 2021; a record is not necessarily a unique project.,comparable_within_series
housing_applications,application_project_records,Residential application records,06013,Contra Costa,2020,2020-12-31,annual,401.0,records,CA_HCD_APR_TABLE_A,HCD-APR-TABLE-A-2020-portal-current,2026-08-10T17:11:13Z,11aa51318922cdb7f838c55d1b07009fc196e7fe46ea39c1222e20a86c988429,county sum or count of HCD APR Table A records,Application status is sparsely populated before 2021; a record is not necessarily a unique project.,comparable_within_series
housing_applications,application_project_records,Residential application records,06013,Contra Costa,2021,2021-12-31,annual,606.0,records,CA_HCD_APR_TABLE_A,HCD-APR-TABLE-A-2021-portal-current,2026-08-10T17:11:13Z,97ab0c3387bdf49a07720594cb3ea612a85aca39503f8ca9f0c9c0af8e800bda,county sum or count of HCD APR Table A records,Application status is sparsely populated before 2021; a record is not necessarily a unique project.,comparable_within_series
housing_applications,application_project_records,Residential application records,06013,Contra Costa,2022,2022-12-31,annual,628.0,records,CA_HCD_APR_TABLE_A,HCD-APR-TABLE-A-2022-portal-current,2026-08-10T17:11:13Z,1bca81f3a972f3d1eced27a3e2fdf4268fc4f1031af1dd0698cbf39fa018fb04,county sum or count of HCD APR Table A records,Application status is sparsely populated before 2021; a record is not necessarily a unique project.,comparable_within_series
housing_applications,application_project_records,Residential application records,06013,Contra Costa,2023,2023-12-31,annual,684.0,records,CA_HCD_APR_TABLE_A,HCD-APR-TABLE-A-2023-portal-current,2026-08-10T17:11:13Z,1b140c61910e1eb3a1b01eb1837038d4a59ca05ac73198496fd1b3d77823f8c8,county sum or count of HCD APR Table A records,Application status is sparsely populated before 2021; a record is not necessarily a unique project.,comparable_within_series
housing_applications,application_project_records,Residential application records,06013,Contra Costa,2024,2024-12-31,annual,684.0,records,CA_HCD_APR_TABLE_A,HCD-APR-TABLE-A-2024-portal-current,2026-08-10T17:11:13Z,0d33c498629bfd21f3b9707fd1c4810fcb4fd6d8542c25aec64360305c105d2f,county sum or count of HCD APR Table A records,Application status is sparsely populated before 2021; a record is not necessarily a unique project.,comparable_within_series
housing_applications,application_project_records,Residential application records,06013,Contra Costa,2025,2025-12-31,annual,726.0,records,CA_HCD_APR_TABLE_A,HCD-APR-TABLE-A-2025-portal-current,2026-08-10T17:11:13Z,bec330a57d4f495f88b52cfed29d66223ec2d61b4ca4ae2e3feeef22faf62af2,county sum or count of HCD APR Table A records,Application status is sparsely populated before 2021; a record is not necessarily a unique project.,comparable_within_series
housing_applications,application_project_records,Residential application records,06041,Marin,2018,2018-12-31,annual,202.0,records,CA_HCD_APR_TABLE_A,HCD-APR-TABLE-A-2018-portal-current,2026-08-10T17:11:13Z,c5cee4fbdeba70dfa06045e45ea217a2aca9e0594fe6a2da9144529a1cc1bc25,county sum or count of HCD APR Table A records,Application status is sparsely populated before 2021; a record is not necessarily a unique project.,comparable_within_series
housing_applications,application_project_records,Residential application records,06041,Marin,2019,2019-12-31,annual,255.0,records,CA_HCD_APR_TABLE_A,HCD-APR-TABLE-A-2019-portal-current,2026-08-10T17:11:13Z,6f24c832cc9b927766fa5257f444024ffabc785e83ee1d5d9932243d95b14371,county sum or count of HCD APR Table A records,Application status is sparsely populated before 2021; a record is not necessarily a unique project.,comparable_within_series
housing_applications,application_project_records,Residential application records,06041,Marin,2020,2020-12-31,annual,258.0,records,CA_HCD_APR_TABLE_A,HCD-APR-TABLE-A-2020-portal-current,2026-08-10T17:11:13Z,11aa51318922cdb7f838c55d1b07009fc196e7fe46ea39c1222e20a86c988429,county sum or count of HCD APR Table A records,Application status is sparsely populated before 2021; a record is not necessarily a unique project.,comparable_within_series
housing_applications,application_project_records,Residential application records,06041,Marin,2021,2021-12-31,annual,457.0,records,CA_HCD_APR_TABLE_A,HCD-APR-TABLE-A-2021-portal-current,2026-08-10T17:11:13Z,97ab0c3387bdf49a07720594cb3ea612a85aca39503f8ca9f0c9c0af8e800bda,county sum or count of HCD APR Table A records,Application status is sparsely populated before 2021; a record is not necessarily a unique project.,comparable_within_series
housing_applications,application_project_records,Residential application records,06041,Marin,2022,2022-12-31,annual,424.0,records,CA_HCD_APR_TABLE_A,HCD-APR-TABLE-A-2022-portal-current,2026-08-10T17:11:13Z,1bca81f3a972f3d1eced27a3e2fdf4268fc4f1031af1dd0698cbf39fa018fb04,county sum or count of HCD APR Table A records,Application status is sparsely populated before 2021; a record is not necessarily a unique project.,comparable_within_series
housing_applications,application_project_records,Residential application records,06041,Marin,2023,2023-12-31,annual,425.0,records,CA_HCD_APR_TABLE_A,HCD-APR-TABLE-A-2023-portal-current,2026-08-10T17:11:13Z,1b140c61910e1eb3a1b01eb1837038d4a59ca05ac73198496fd1b3d77823f8c8,county sum or count of HCD APR Table A records,Application status is sparsely populated before 2021; a record is not necessarily a unique project.,comparable_within_series
housing_applications,application_project_records,Residential application records,06041,Marin,2024,2024-12-31,annual,374.0,records,CA_HCD_APR_TABLE_A,HCD-APR-TABLE-A-2024-portal-current,2026-08-10T17:11:13Z,0d33c498629bfd21f3b9707fd1c4810fcb4fd6d8542c25aec64360305c105d2f,county sum or count of HCD APR Table A records,Application status is sparsely populated before 2021; a record is not necessarily a unique project.,comparable_within_series
housing_applications,application_project_records,Residential application records,06041,Marin,2025,2025-12-31,annual,338.0,records,CA_HCD_APR_TABLE_A,HCD-APR-TABLE-A-2025-portal-current,2026-08-10T17:11:13Z,bec330a57d4f495f88b52cfed29d66223ec2d61b4ca4ae2e3feeef22faf62af2,county sum or count of HCD APR Table A records,Application status is sparsely populated before 2021; a record is not necessarily a unique project.,comparable_within_series
housing_applications,application_project_records,Residential application records,06055,Napa,2018,2018-12-31,annual,101.0,records,CA_HCD_APR_TABLE_A,HCD-APR-TABLE-A-2018-portal-current,2026-08-10T17:11:13Z,c5cee4fbdeba70dfa06045e45ea217a2aca9e0594fe6a2da9144529a1cc1bc25,county sum or count of HCD APR Table A records,Application status is sparsely populated before 2021; a record is not necessarily a unique project.,comparable_within_series
housing_applications,application_project_records,Residential application records,06055,Napa,2019,2019-12-31,annual,36.0,records,CA_HCD_APR_TABLE_A,HCD-APR-TABLE-A-2019-portal-current,2026-08-10T17:11:13Z,6f24c832cc9b927766fa5257f444024ffabc785e83ee1d5d9932243d95b14371,county sum or count of HCD APR Table A records,Application status is sparsely populated before 2021; a record is not necessarily a unique project.,comparable_within_series
housing_applications,application_project_records,Residential application records,06055,Napa,2020,2020-12-31,annual,56.0,records,CA_HCD_APR_TABLE_A,HCD-APR-TABLE-A-2020-portal-current,2026-08-10T17:11:13Z,11aa51318922cdb7f838c55d1b07009fc196e7fe46ea39c1222e20a86c988429,county sum or count of HCD APR Table A records,Application status is sparsely populated before 2021; a record is not necessarily a unique project.,comparable_within_series
housing_applications,application_project_records,Residential application records,06055,Napa,2021,2021-12-31,annual,79.0,records,CA_HCD_APR_TABLE_A,HCD-APR-TABLE-A-2021-portal-current,2026-08-10T17:11:13Z,97ab0c3387bdf49a07720594cb3ea612a85aca39503f8ca9f0c9c0af8e800bda,county sum or count of HCD APR Table A records,Application status is sparsely populated before 2021; a record is not necessarily a unique project.,comparable_within_series
housing_applications,application_project_records,Residential application records,06055,Napa,2022,2022-12-31,annual,133.0,records,CA_HCD_APR_TABLE_A,HCD-APR-TABLE-A-2022-portal-current,2026-08-10T17:11:13Z,1bca81f3a972f3d1eced27a3e2fdf4268fc4f1031af1dd0698cbf39fa018fb04,county sum or count of HCD APR Table A records,Application status is sparsely populated before 2021; a record is not necessarily a unique project.,comparable_within_series
housing_applications,application_project_records,Residential application records,06055,Napa,2023,2023-12-31,annual,90.0,records,CA_HCD_APR_TABLE_A,HCD-APR-TABLE-A-2023-portal-current,2026-08-10T17:11:13Z,1b140c61910e1eb3a1b01eb1837038d4a59ca05ac73198496fd1b3d77823f8c8,county sum or count of HCD APR Table A records,Application status is sparsely populated before 2021; a record is not necessarily a unique project.,comparable_within_series
housing_applications,application_project_records,Residential application records,06055,Napa,2024,2024-12-31,annual,135.0,records,CA_HCD_APR_TABLE_A,HCD-APR-TABLE-A-2024-portal-current,2026-08-10T17:11:13Z,0d33c498629bfd21f3b9707fd1c4810fcb4fd6d8542c25aec64360305c105d2f,county sum or count of HCD APR Table A records,Application status is sparsely populated before 2021; a record is not necessarily a unique project.,comparable_within_series
housing_applications,application_project_records,Residential application records,06055,Napa,2025,2025-12-31,annual,135.0,records,CA_HCD_APR_TABLE_A,HCD-APR-TABLE-A-2025-portal-current,2026-08-10T17:11:13Z,bec330a57d4f495f88b52cfed29d66223ec2d61b4ca4ae2e3feeef22faf62af2,county sum or count of HCD APR Table A records,Application status is sparsely populated before 2021; a record is not necessarily a unique project.,comparable_within_series
housing_applications,application_project_records,Residential application records,06075,San Francisco,2018,2018-12-31,annual,575.0,records,CA_HCD_APR_TABLE_A,HCD-APR-TABLE-A-2018-portal-current,2026-08-10T17:11:13Z,c5cee4fbdeba70dfa06045e45ea217a2aca9e0594fe6a2da9144529a1cc1bc25,county sum or count of HCD APR Table A records,Application status is sparsely populated before 2021; a record is not necessarily a unique project.,comparable_within_series
housing_applications,application_project_records,Residential application records,06075,San Francisco,2019,2019-12-31,annual,534.0,records,CA_HCD_APR_TABLE_A,HCD-APR-TABLE-A-2019-portal-current,2026-08-10T17:11:13Z,6f24c832cc9b927766fa5257f444024ffabc785e83ee1d5d9932243d95b14371,county sum or count of HCD APR Table A records,Application status is sparsely populated before 2021; a record is not necessarily a unique project.,comparable_within_series
housing_applications,application_project_records,Residential application records,06075,San Francisco,2020,2020-12-31,annual,484.0,records,CA_HCD_APR_TABLE_A,HCD-APR-TABLE-A-2020-portal-current,2026-08-10T17:11:13Z,11aa51318922cdb7f838c55d1b07009fc196e7fe46ea39c1222e20a86c988429,county sum or count of HCD APR Table A records,Application status is sparsely populated before 2021; a record is not necessarily a unique project.,comparable_within_series
housing_applications,application_project_records,Residential application records,06075,San Francisco,2021,2021-12-31,annual,420.0,records,CA_HCD_APR_TABLE_A,HCD-APR-TABLE-A-2021-portal-current,2026-08-10T17:11:13Z,97ab0c3387bdf49a07720594cb3ea612a85aca39503f8ca9f0c9c0af8e800bda,county sum or count of HCD APR Table A records,Application status is sparsely populated before 2021; a record is not necessarily a unique project.,comparable_within_series
housing_applications,application_project_records,Residential application records,06075,San Francisco,2022,2022-12-31,annual,275.0,records,CA_HCD_APR_TABLE_A,HCD-APR-TABLE-A-2022-portal-current,2026-08-10T17:11:13Z,1bca81f3a972f3d1eced27a3e2fdf4268fc4f1031af1dd0698cbf39fa018fb04,county sum or count of HCD APR Table A records,Application status is sparsely populated before 2021; a record is not necessarily a unique project.,comparable_within_series
housing_applications,application_project_records,Residential application records,06075,San Francisco,2023,2023-12-31,annual,225.0,records,CA_HCD_APR_TABLE_A,HCD-APR-TABLE-A-2023-portal-current,2026-08-10T17:11:13Z,1b140c61910e1eb3a1b01eb1837038d4a59ca05ac73198496fd1b3d77823f8c8,county sum or count of HCD APR Table A records,Application status is sparsely populated before 2021; a record is not necessarily a unique project.,comparable_within_series
housing_applications,application_project_records,Residential application records,06075,San Francisco,2024,2024-12-31,annual,249.0,records,CA_HCD_APR_TABLE_A,HCD-APR-TABLE-A-2024-portal-current,2026-08-10T17:11:13Z,0d33c498629bfd21f3b9707fd1c4810fcb4fd6d8542c25aec64360305c105d2f,county sum or count of HCD APR Table A records,Application status is sparsely populated before 2021; a record is not necessarily a unique project.,comparable_within_series
housing_applications,application_project_records,Residential application records,06075,San Francisco,2025,2025-12-31,annual,368.0,records,CA_HCD_APR_TABLE_A,HCD-APR-TABLE-A-2025-portal-current,2026-08-10T17:11:13Z,bec330a57d4f495f88b52cfed29d66223ec2d61b4ca4ae2e3feeef22faf62af2,county sum or count of HCD APR Table A records,Application status is sparsely populated before 2021; a record is not necessarily a unique project.,comparable_within_series
housing_applications,application_project_records,Residential application records,06081,San Mateo,2018,2018-12-31,annual,356.0,records,CA_HCD_APR_TABLE_A,HCD-APR-TABLE-A-2018-portal-current,2026-08-10T17:11:13Z,c5cee4fbdeba70dfa06045e45ea217a2aca9e0594fe6a2da9144529a1cc1bc25,county sum or count of HCD APR Table A records,Application status is sparsely populated before 2021; a record is not necessarily a unique project.,comparable_within_series
housing_applications,application_project_records,Residential application records,06081,San Mateo,2019,2019-12-31,annual,297.0,records,CA_HCD_APR_TABLE_A,HCD-APR-TABLE-A-2019-portal-current,2026-08-10T17:11:13Z,6f24c832cc9b927766fa5257f444024ffabc785e83ee1d5d9932243d95b14371,county sum or count of HCD APR Table A records,Application status is sparsely populated before 2021; a record is not necessarily a unique project.,comparable_within_series
housing_applications,application_project_records,Residential application records,06081,San Mateo,2020,2020-12-31,annual,629.0,records,CA_HCD_APR_TABLE_A,HCD-APR-TABLE-A-2020-portal-current,2026-08-10T17:11:13Z,11aa51318922cdb7f838c55d1b07009fc196e7fe46ea39c1222e20a86c988429,county sum or count of HCD APR Table A records,Application status is sparsely populated before 2021; a record is not necessarily a unique project.,comparable_within_series
housing_applications,application_project_records,Residential application records,06081,San Mateo,2021,2021-12-31,annual,600.0,records,CA_HCD_APR_TABLE_A,HCD-APR-TABLE-A-2021-portal-current,2026-08-10T17:11:13Z,97ab0c3387bdf49a07720594cb3ea612a85aca39503f8ca9f0c9c0af8e800bda,county sum or count of HCD APR Table A records,Application status is sparsely populated before 2021; a record is not necessarily a unique project.,comparable_within_series
housing_applications,application_project_records,Residential application records,06081,San Mateo,2022,2022-12-31,annual,546.0,records,CA_HCD_APR_TABLE_A,HCD-APR-TABLE-A-2022-portal-current,2026-08-10T17:11:13Z,1bca81f3a972f3d1eced27a3e2fdf4268fc4f1031af1dd0698cbf39fa018fb04,county sum or count of HCD APR Table A records,Application status is sparsely populated before 2021; a record is not necessarily a unique project.,comparable_within_series
housing_applications,application_project_records,Residential application records,06081,San Mateo,2023,2023-12-31,annual,659.0,records,CA_HCD_APR_TABLE_A,HCD-APR-TABLE-A-2023-portal-current,2026-08-10T17:11:13Z,1b140c61910e1eb3a1b01eb1837038d4a59ca05ac73198496fd1b3d77823f8c8,county sum or count of HCD APR Table A records,Application status is sparsely populated before 2021; a record is not necessarily a unique project.,comparable_within_series
housing_applications,application_project_records,Residential application records,06081,San Mateo,2024,2024-12-31,annual,622.0,records,CA_HCD_APR_TABLE_A,HCD-APR-TABLE-A-2024-portal-current,2026-08-10T17:11:13Z,0d33c498629bfd21f3b9707fd1c4810fcb4fd6d8542c25aec64360305c105d2f,county sum or count of HCD APR Table A records,Application status is sparsely populated before 2021; a record is not necessarily a unique project.,comparable_within_series
housing_applications,application_project_records,Residential application records,06081,San Mateo,2025,2025-12-31,annual,941.0,records,CA_HCD_APR_TABLE_A,HCD-APR-TABLE-A-2025-portal-current,2026-08-10T17:11:13Z,bec330a57d4f495f88b52cfed29d66223ec2d61b4ca4ae2e3feeef22faf62af2,county sum or count of HCD APR Table A records,Application status is sparsely populated before 2021; a record is not necessarily a unique project.,comparable_within_series
housing_applications,application_project_records,Residential application records,06085,Santa Clara,2018,2018-12-31,annual,790.0,records,CA_HCD_APR_TABLE_A,HCD-APR-TABLE-A-2018-portal-current,2026-08-10T17:11:13Z,c5cee4fbdeba70dfa06045e45ea217a2aca9e0594fe6a2da9144529a1cc1bc25,county sum or count of HCD APR Table A records,Application status is sparsely populated before 2021; a record is not necessarily a unique project.,comparable_within_series
housing_applications,application_project_records,Residential application records,06085,Santa Clara,2019,2019-12-31,annual,700.0,records,CA_HCD_APR_TABLE_A,HCD-APR-TABLE-A-2019-portal-current,2026-08-10T17:11:13Z,6f24c832cc9b927766fa5257f444024ffabc785e83ee1d5d9932243d95b14371,county sum or count of HCD APR Table A records,Application status is sparsely populated before 2021; a record is not necessarily a unique project.,comparable_within_series
housing_applications,application_project_records,Residential application records,06085,Santa Clara,2020,2020-12-31,annual,1174.0,records,CA_HCD_APR_TABLE_A,HCD-APR-TABLE-A-2020-portal-current,2026-08-10T17:11:13Z,11aa51318922cdb7f838c55d1b07009fc196e7fe46ea39c1222e20a86c988429,county sum or count of HCD APR Table A records,Application status is sparsely populated before 2021; a record is not necessarily a unique project.,comparable_within_series
housing_applications,application_project_records,Residential application records,06085,Santa Clara,2021,2021-12-31,annual,922.0,records,CA_HCD_APR_TABLE_A,HCD-APR-TABLE-A-2021-portal-current,2026-08-10T17:11:13Z,97ab0c3387bdf49a07720594cb3ea612a85aca39503f8ca9f0c9c0af8e800bda,county sum or count of HCD APR Table A records,Application status is sparsely populated before 2021; a record is not necessarily a unique project.,comparable_within_series
housing_applications,application_project_records,Residential application records,06085,Santa Clara,2022,2022-12-31,annual,1885.0,records,CA_HCD_APR_TABLE_A,HCD-APR-TABLE-A-2022-portal-current,2026-08-10T17:11:13Z,1bca81f3a972f3d1eced27a3e2fdf4268fc4f1031af1dd0698cbf39fa018fb04,county sum or count of HCD APR Table A records,Application status is sparsely populated before 2021; a record is not necessarily a unique project.,comparable_within_series
housing_applications,application_project_records,Residential application records,06085,Santa Clara,2023,2023-12-31,annual,1639.0,records,CA_HCD_APR_TABLE_A,HCD-APR-TABLE-A-2023-portal-current,2026-08-10T17:11:13Z,1b140c61910e1eb3a1b01eb1837038d4a59ca05ac73198496fd1b3d77823f8c8,county sum or count of HCD APR Table A records,Application status is sparsely populated before 2021; a record is not necessarily a unique project.,comparable_within_series
housing_applications,application_project_records,Residential application records,06085,Santa Clara,2024,2024-12-31,annual,1771.0,records,CA_HCD_APR_TABLE_A,HCD-APR-TABLE-A-2024-portal-current,2026-08-10T17:11:13Z,0d33c498629bfd21f3b9707fd1c4810fcb4fd6d8542c25aec64360305c105d2f,county sum or count of HCD APR Table A records,Application status is sparsely populated before 2021; a record is not necessarily a unique project.,comparable_within_series
housing_applications,application_project_records,Residential application records,06085,Santa Clara,2025,2025-12-31,annual,1933.0,records,CA_HCD_APR_TABLE_A,HCD-APR-TABLE-A-2025-portal-current,2026-08-10T17:11:13Z,bec330a57d4f495f88b52cfed29d66223ec2d61b4ca4ae2e3feeef22faf62af2,county sum or count of HCD APR Table A records,Application status is sparsely populated before 2021; a record is not necessarily a unique project.,comparable_within_series
housing_applications,application_project_records,Residential application records,06095,Solano,2018,2018-12-31,annual,62.0,records,CA_HCD_APR_TABLE_A,HCD-APR-TABLE-A-2018-portal-current,2026-08-10T17:11:13Z,c5cee4fbdeba70dfa06045e45ea217a2aca9e0594fe6a2da9144529a1cc1bc25,county sum or count of HCD APR Table A records,Application status is sparsely populated before 2021; a record is not necessarily a unique project.,comparable_within_series
housing_applications,application_project_records,Residential application records,06095,Solano,2019,2019-12-31,annual,980.0,records,CA_HCD_APR_TABLE_A,HCD-APR-TABLE-A-2019-portal-current,2026-08-10T17:11:13Z,6f24c832cc9b927766fa5257f444024ffabc785e83ee1d5d9932243d95b14371,county sum or count of HCD APR Table A records,Application status is sparsely populated before 2021; a record is not necessarily a unique project.,comparable_within_series
housing_applications,application_project_records,Residential application records,06095,Solano,2020,2020-12-31,annual,394.0,records,CA_HCD_APR_TABLE_A,HCD-APR-TABLE-A-2020-portal-current,2026-08-10T17:11:13Z,11aa51318922cdb7f838c55d1b07009fc196e7fe46ea39c1222e20a86c988429,county sum or count of HCD APR Table A records,Application status is sparsely populated before 2021; a record is not necessarily a unique project.,comparable_within_series
housing_applications,application_project_records,Residential application records,06095,Solano,2021,2021-12-31,annual,490.0,records,CA_HCD_APR_TABLE_A,HCD-APR-TABLE-A-2021-portal-current,2026-08-10T17:11:13Z,97ab0c3387bdf49a07720594cb3ea612a85aca39503f8ca9f0c9c0af8e800bda,county sum or count of HCD APR Table A records,Application status is sparsely populated before 2021; a record is not necessarily a unique project.,comparable_within_series
housing_applications,application_project_records,Residential application records,06095,Solano,2022,2022-12-31,annual,913.0,records,CA_HCD_APR_TABLE_A,HCD-APR-TABLE-A-2022-portal-current,2026-08-10T17:11:13Z,1bca81f3a972f3d1eced27a3e2fdf4268fc4f1031af1dd0698cbf39fa018fb04,county sum or count of HCD APR Table A records,Application status is sparsely populated before 2021; a record is not necessarily a unique project.,comparable_within_series
housing_applications,application_project_records,Residential application records,06095,Solano,2023,2023-12-31,annual,194.0,records,CA_HCD_APR_TABLE_A,HCD-APR-TABLE-A-2023-portal-current,2026-08-10T17:11:13Z,1b140c61910e1eb3a1b01eb1837038d4a59ca05ac73198496fd1b3d77823f8c8,county sum or count of HCD APR Table A records,Application status is sparsely populated before 2021; a record is not necessarily a unique project.,comparable_within_series
housing_applications,application_project_records,Residential application records,06095,Solano,2024,2024-12-31,annual,329.0,records,CA_HCD_APR_TABLE_A,HCD-APR-TABLE-A-2024-portal-current,2026-08-10T17:11:13Z,0d33c498629bfd21f3b9707fd1c4810fcb4fd6d8542c25aec64360305c105d2f,county sum or count of HCD APR Table A records,Application status is sparsely populated before 2021; a record is not necessarily a unique project.,comparable_within_series
housing_applications,application_project_records,Residential application records,06095,Solano,2025,2025-12-31,annual,150.0,records,CA_HCD_APR_TABLE_A,HCD-APR-TABLE-A-2025-portal-current,2026-08-10T17:11:13Z,bec330a57d4f495f88b52cfed29d66223ec2d61b4ca4ae2e3feeef22faf62af2,county sum or count of HCD APR Table A records,Application status is sparsely populated before 2021; a record is not necessarily a unique project.,comparable_within_series
housing_applications,application_project_records,Residential application records,06097,Sonoma,2018,2018-12-31,annual,1130.0,records,CA_HCD_APR_TABLE_A,HCD-APR-TABLE-A-2018-portal-current,2026-08-10T17:11:13Z,c5cee4fbdeba70dfa06045e45ea217a2aca9e0594fe6a2da9144529a1cc1bc25,county sum or count of HCD APR Table A records,Application status is sparsely populated before 2021; a record is not necessarily a unique project.,comparable_within_series
housing_applications,application_project_records,Residential application records,06097,Sonoma,2019,2019-12-31,annual,1303.0,records,CA_HCD_APR_TABLE_A,HCD-APR-TABLE-A-2019-portal-current,2026-08-10T17:11:13Z,6f24c832cc9b927766fa5257f444024ffabc785e83ee1d5d9932243d95b14371,county sum or count of HCD APR Table A records,Application status is sparsely populated before 2021; a record is not necessarily a unique project.,comparable_within_series
housing_applications,application_project_records,Residential application records,06097,Sonoma,2020,2020-12-31,annual,595.0,records,CA_HCD_APR_TABLE_A,HCD-APR-TABLE-A-2020-portal-current,2026-08-10T17:11:13Z,11aa51318922cdb7f838c55d1b07009fc196e7fe46ea39c1222e20a86c988429,county sum or count of HCD APR Table A records,Application status is sparsely populated before 2021; a record is not necessarily a unique project.,comparable_within_series
housing_applications,application_project_records,Residential application records,06097,Sonoma,2021,2021-12-31,annual,370.0,records,CA_HCD_APR_TABLE_A,HCD-APR-TABLE-A-2021-portal-current,2026-08-10T17:11:13Z,97ab0c3387bdf49a07720594cb3ea612a85aca39503f8ca9f0c9c0af8e800bda,county sum or count of HCD APR Table A records,Application status is sparsely populated before 2021; a record is not necessarily a unique project.,comparable_within_series
housing_applications,application_project_records,Residential application records,06097,Sonoma,2022,2022-12-31,annual,1001.0,records,CA_HCD_APR_TABLE_A,HCD-APR-TABLE-A-2022-portal-current,2026-08-10T17:11:13Z,1bca81f3a972f3d1eced27a3e2fdf4268fc4f1031af1dd0698cbf39fa018fb04,county sum or count of HCD APR Table A records,Application status is sparsely populated before 2021; a record is not necessarily a unique project.,comparable_within_series
housing_applications,application_project_records,Residential application records,06097,Sonoma,2023,2023-12-31,annual,646.0,records,CA_HCD_APR_TABLE_A,HCD-APR-TABLE-A-2023-portal-current,2026-08-10T17:11:13Z,1b140c61910e1eb3a1b01eb1837038d4a59ca05ac73198496fd1b3d77823f8c8,county sum or count of HCD APR Table A records,Application status is sparsely populated before 2021; a record is not necessarily a unique project.,comparable_within_series
housing_applications,application_project_records,Residential application records,06097,Sonoma,2024,2024-12-31,annual,506.0,records,CA_HCD_APR_TABLE_A,HCD-APR-TABLE-A-2024-portal-current,2026-08-10T17:11:13Z,0d33c498629bfd21f3b9707fd1c4810fcb4fd6d8542c25aec64360305c105d2f,county sum or count of HCD APR Table A records,Application status is sparsely populated before 2021; a record is not necessarily a unique project.,comparable_within_series
housing_applications,application_project_records,Residential application records,06097,Sonoma,2025,2025-12-31,annual,220.0,records,CA_HCD_APR_TABLE_A,HCD-APR-TABLE-A-2025-portal-current,2026-08-10T17:11:13Z,bec330a57d4f495f88b52cfed29d66223ec2d61b4ca4ae2e3feeef22faf62af2,county sum or count of HCD APR Table A records,Application status is sparsely populated before 2021; a record is not necessarily a unique project.,comparable_within_series
housing_applications,application_proposed_units,Units proposed in residential applications,06001,Alameda,2018,2018-12-31,annual,7420.0,housing units,CA_HCD_APR_TABLE_A,HCD-APR-TABLE-A-2018-portal-current,2026-08-10T17:11:13Z,c5cee4fbdeba70dfa06045e45ea217a2aca9e0594fe6a2da9144529a1cc1bc25,county sum or count of HCD APR Table A records,HCD APR application-stage administrative data aggregated to county.,comparable_within_series
housing_applications,application_proposed_units,Units proposed in residential applications,06001,Alameda,2019,2019-12-31,annual,8797.0,housing units,CA_HCD_APR_TABLE_A,HCD-APR-TABLE-A-2019-portal-current,2026-08-10T17:11:13Z,6f24c832cc9b927766fa5257f444024ffabc785e83ee1d5d9932243d95b14371,county sum or count of HCD APR Table A records,HCD APR application-stage administrative data aggregated to county.,comparable_within_series
housing_applications,application_proposed_units,Units proposed in residential applications,06001,Alameda,2020,2020-12-31,annual,6153.0,housing units,CA_HCD_APR_TABLE_A,HCD-APR-TABLE-A-2020-portal-current,2026-08-10T17:11:13Z,11aa51318922cdb7f838c55d1b07009fc196e7fe46ea39c1222e20a86c988429,county sum or count of HCD APR Table A records,HCD APR application-stage administrative data aggregated to county.,comparable_within_series
housing_applications,application_proposed_units,Units proposed in residential applications,06001,Alameda,2021,2021-12-31,annual,7236.0,housing units,CA_HCD_APR_TABLE_A,HCD-APR-TABLE-A-2021-portal-current,2026-08-10T17:11:13Z,97ab0c3387bdf49a07720594cb3ea612a85aca39503f8ca9f0c9c0af8e800bda,county sum or count of HCD APR Table A records,HCD APR application-stage administrative data aggregated to county.,comparable_within_series
housing_applications,application_proposed_units,Units proposed in residential applications,06001,Alameda,2022,2022-12-31,annual,9932.0,housing units,CA_HCD_APR_TABLE_A,HCD-APR-TABLE-A-2022-portal-current,2026-08-10T17:11:13Z,1bca81f3a972f3d1eced27a3e2fdf4268fc4f1031af1dd0698cbf39fa018fb04,county sum or count of HCD APR Table A records,HCD APR application-stage administrative data aggregated to county.,comparable_within_series
housing_applications,application_proposed_units,Units proposed in residential applications,06001,Alameda,2023,2023-12-31,annual,11567.0,housing units,CA_HCD_APR_TABLE_A,HCD-APR-TABLE-A-2023-portal-current,2026-08-10T17:11:13Z,1b140c61910e1eb3a1b01eb1837038d4a59ca05ac73198496fd1b3d77823f8c8,county sum or count of HCD APR Table A records,HCD APR application-stage administrative data aggregated to county.,comparable_within_series
housing_applications,application_proposed_units,Units proposed in residential applications,06001,Alameda,2024,2024-12-31,annual,11560.0,housing units,CA_HCD_APR_TABLE_A,HCD-APR-TABLE-A-2024-portal-current,2026-08-10T17:11:13Z,0d33c498629bfd21f3b9707fd1c4810fcb4fd6d8542c25aec64360305c105d2f,county sum or count of HCD APR Table A records,HCD APR application-stage administrative data aggregated to county.,comparable_within_series
housing_applications,application_proposed_units,Units proposed in residential applications,06001,Alameda,2025,2025-12-31,annual,3958.0,housing units,CA_HCD_APR_TABLE_A,HCD-APR-TABLE-A-2025-portal-current,2026-08-10T17:11:13Z,bec330a57d4f495f88b52cfed29d66223ec2d61b4ca4ae2e3feeef22faf62af2,county sum or count of HCD APR Table A records,HCD APR application-stage administrative data aggregated to county.,comparable_within_series
housing_applications,application_proposed_units,Units proposed in residential applications,06013,Contra Costa,2018,2018-12-31,annual,3318.0,housing units,CA_HCD_APR_TABLE_A,HCD-APR-TABLE-A-2018-portal-current,2026-08-10T17:11:13Z,c5cee4fbdeba70dfa06045e45ea217a2aca9e0594fe6a2da9144529a1cc1bc25,county sum or count of HCD APR Table A records,HCD APR application-stage administrative data aggregated to county.,comparable_within_series
housing_applications,application_proposed_units,Units proposed in residential applications,06013,Contra Costa,2019,2019-12-31,annual,2921.0,housing units,CA_HCD_APR_TABLE_A,HCD-APR-TABLE-A-2019-portal-current,2026-08-10T17:11:13Z,6f24c832cc9b927766fa5257f444024ffabc785e83ee1d5d9932243d95b14371,county sum or count of HCD APR Table A records,HCD APR application-stage administrative data aggregated to county.,comparable_within_series
housing_applications,application_proposed_units,Units proposed in residential applications,06013,Contra Costa,2020,2020-12-31,annual,10074.0,housing units,CA_HCD_APR_TABLE_A,HCD-APR-TABLE-A-2020-portal-current,2026-08-10T17:11:13Z,11aa51318922cdb7f838c55d1b07009fc196e7fe46ea39c1222e20a86c988429,county sum or count of HCD APR Table A records,HCD APR application-stage administrative data aggregated to county.,comparable_within_series
housing_applications,application_proposed_units,Units proposed in residential applications,06013,Contra Costa,2021,2021-12-31,annual,4133.0,housing units,CA_HCD_APR_TABLE_A,HCD-APR-TABLE-A-2021-portal-current,2026-08-10T17:11:13Z,97ab0c3387bdf49a07720594cb3ea612a85aca39503f8ca9f0c9c0af8e800bda,county sum or count of HCD APR Table A records,HCD APR application-stage administrative data aggregated to county.,comparable_within_series
housing_applications,application_proposed_units,Units proposed in residential applications,06013,Contra Costa,2022,2022-12-31,annual,3669.0,housing units,CA_HCD_APR_TABLE_A,HCD-APR-TABLE-A-2022-portal-current,2026-08-10T17:11:13Z,1bca81f3a972f3d1eced27a3e2fdf4268fc4f1031af1dd0698cbf39fa018fb04,county sum or count of HCD APR Table A records,HCD APR application-stage administrative data aggregated to county.,comparable_within_series
housing_applications,application_proposed_units,Units proposed in residential applications,06013,Contra Costa,2023,2023-12-31,annual,3851.0,housing units,CA_HCD_APR_TABLE_A,HCD-APR-TABLE-A-2023-portal-current,2026-08-10T17:11:13Z,1b140c61910e1eb3a1b01eb1837038d4a59ca05ac73198496fd1b3d77823f8c8,county sum or count of HCD APR Table A records,HCD APR application-stage administrative data aggregated to county.,comparable_within_series
housing_applications,application_proposed_units,Units proposed in residential applications,06013,Contra Costa,2024,2024-12-31,annual,5063.0,housing units,CA_HCD_APR_TABLE_A,HCD-APR-TABLE-A-2024-portal-current,2026-08-10T17:11:13Z,0d33c498629bfd21f3b9707fd1c4810fcb4fd6d8542c25aec64360305c105d2f,county sum or count of HCD APR Table A records,HCD APR application-stage administrative data aggregated to county.,comparable_within_series
housing_applications,application_proposed_units,Units proposed in residential applications,06013,Contra Costa,2025,2025-12-31,annual,6961.0,housing units,CA_HCD_APR_TABLE_A,HCD-APR-TABLE-A-2025-portal-current,2026-08-10T17:11:13Z,bec330a57d4f495f88b52cfed29d66223ec2d61b4ca4ae2e3feeef22faf62af2,county sum or count of HCD APR Table A records,HCD APR application-stage administrative data aggregated to county.,comparable_within_series
housing_applications,application_proposed_units,Units proposed in residential applications,06041,Marin,2018,2018-12-31,annual,495.0,housing units,CA_HCD_APR_TABLE_A,HCD-APR-TABLE-A-2018-portal-current,2026-08-10T17:11:13Z,c5cee4fbdeba70dfa06045e45ea217a2aca9e0594fe6a2da9144529a1cc1bc25,county sum or count of HCD APR Table A records,HCD APR application-stage administrative data aggregated to county.,comparable_within_series
housing_applications,application_proposed_units,Units proposed in residential applications,06041,Marin,2019,2019-12-31,annual,370.0,housing units,CA_HCD_APR_TABLE_A,HCD-APR-TABLE-A-2019-portal-current,2026-08-10T17:11:13Z,6f24c832cc9b927766fa5257f444024ffabc785e83ee1d5d9932243d95b14371,county sum or count of HCD APR Table A records,HCD APR application-stage administrative data aggregated to county.,comparable_within_series
housing_applications,application_proposed_units,Units proposed in residential applications,06041,Marin,2020,2020-12-31,annual,395.0,housing units,CA_HCD_APR_TABLE_A,HCD-APR-TABLE-A-2020-portal-current,2026-08-10T17:11:13Z,11aa51318922cdb7f838c55d1b07009fc196e7fe46ea39c1222e20a86c988429,county sum or count of HCD APR Table A records,HCD APR application-stage administrative data aggregated to county.,comparable_within_series
housing_applications,application_proposed_units,Units proposed in residential applications,06041,Marin,2021,2021-12-31,annual,813.0,housing units,CA_HCD_APR_TABLE_A,HCD-APR-TABLE-A-2021-portal-current,2026-08-10T17:11:13Z,97ab0c3387bdf49a07720594cb3ea612a85aca39503f8ca9f0c9c0af8e800bda,county sum or count of HCD APR Table A records,HCD APR application-stage administrative data aggregated to county.,comparable_within_series
housing_applications,application_proposed_units,Units proposed in residential applications,06041,Marin,2022,2022-12-31,annual,662.0,housing units,CA_HCD_APR_TABLE_A,HCD-APR-TABLE-A-2022-portal-current,2026-08-10T17:11:13Z,1bca81f3a972f3d1eced27a3e2fdf4268fc4f1031af1dd0698cbf39fa018fb04,county sum or count of HCD APR Table A records,HCD APR application-stage administrative data aggregated to county.,comparable_within_series
housing_applications,application_proposed_units,Units proposed in residential applications,06041,Marin,2023,2023-12-31,annual,1621.0,housing units,CA_HCD_APR_TABLE_A,HCD-APR-TABLE-A-2023-portal-current,2026-08-10T17:11:13Z,1b140c61910e1eb3a1b01eb1837038d4a59ca05ac73198496fd1b3d77823f8c8,county sum or count of HCD APR Table A records,HCD APR application-stage administrative data aggregated to county.,comparable_within_series
housing_applications,application_proposed_units,Units proposed in residential applications,06041,Marin,2024,2024-12-31,annual,1685.0,housing units,CA_HCD_APR_TABLE_A,HCD-APR-TABLE-A-2024-portal-current,2026-08-10T17:11:13Z,0d33c498629bfd21f3b9707fd1c4810fcb4fd6d8542c25aec64360305c105d2f,county sum or count of HCD APR Table A records,HCD APR application-stage administrative data aggregated to county.,comparable_within_series
housing_applications,application_proposed_units,Units proposed in residential applications,06041,Marin,2025,2025-12-31,annual,2240.0,housing units,CA_HCD_APR_TABLE_A,HCD-APR-TABLE-A-2025-portal-current,2026-08-10T17:11:13Z,bec330a57d4f495f88b52cfed29d66223ec2d61b4ca4ae2e3feeef22faf62af2,county sum or count of HCD APR Table A records,HCD APR application-stage administrative data aggregated to county.,comparable_within_series
housing_applications,application_proposed_units,Units proposed in residential applications,06055,Napa,2018,2018-12-31,annual,1493.0,housing units,CA_HCD_APR_TABLE_A,HCD-APR-TABLE-A-2018-portal-current,2026-08-10T17:11:13Z,c5cee4fbdeba70dfa06045e45ea217a2aca9e0594fe6a2da9144529a1cc1bc25,county sum or count of HCD APR Table A records,HCD APR application-stage administrative data aggregated to county.,comparable_within_series
housing_applications,application_proposed_units,Units proposed in residential applications,06055,Napa,2019,2019-12-31,annual,147.0,housing units,CA_HCD_APR_TABLE_A,HCD-APR-TABLE-A-2019-portal-current,2026-08-10T17:11:13Z,6f24c832cc9b927766fa5257f444024ffabc785e83ee1d5d9932243d95b14371,county sum or count of HCD APR Table A records,HCD APR application-stage administrative data aggregated to county.,comparable_within_series
housing_applications,application_proposed_units,Units proposed in residential applications,06055,Napa,2020,2020-12-31,annual,824.0,housing units,CA_HCD_APR_TABLE_A,HCD-APR-TABLE-A-2020-portal-current,2026-08-10T17:11:13Z,11aa51318922cdb7f838c55d1b07009fc196e7fe46ea39c1222e20a86c988429,county sum or count of HCD APR Table A records,HCD APR application-stage administrative data aggregated to county.,comparable_within_series
housing_applications,application_proposed_units,Units proposed in residential applications,06055,Napa,2021,2021-12-31,annual,583.0,housing units,CA_HCD_APR_TABLE_A,HCD-APR-TABLE-A-2021-portal-current,2026-08-10T17:11:13Z,97ab0c3387bdf49a07720594cb3ea612a85aca39503f8ca9f0c9c0af8e800bda,county sum or count of HCD APR Table A records,HCD APR application-stage administrative data aggregated to county.,comparable_within_series
housing_applications,application_proposed_units,Units proposed in residential applications,06055,Napa,2022,2022-12-31,annual,1026.0,housing units,CA_HCD_APR_TABLE_A,HCD-APR-TABLE-A-2022-portal-current,2026-08-10T17:11:13Z,1bca81f3a972f3d1eced27a3e2fdf4268fc4f1031af1dd0698cbf39fa018fb04,county sum or count of HCD APR Table A records,HCD APR application-stage administrative data aggregated to county.,comparable_within_series
housing_applications,application_proposed_units,Units proposed in residential applications,06055,Napa,2023,2023-12-31,annual,450.0,housing units,CA_HCD_APR_TABLE_A,HCD-APR-TABLE-A-2023-portal-current,2026-08-10T17:11:13Z,1b140c61910e1eb3a1b01eb1837038d4a59ca05ac73198496fd1b3d77823f8c8,county sum or count of HCD APR Table A records,HCD APR application-stage administrative data aggregated to county.,comparable_within_series
housing_applications,application_proposed_units,Units proposed in residential applications,06055,Napa,2024,2024-12-31,annual,477.0,housing units,CA_HCD_APR_TABLE_A,HCD-APR-TABLE-A-2024-portal-current,2026-08-10T17:11:13Z,0d33c498629bfd21f3b9707fd1c4810fcb4fd6d8542c25aec64360305c105d2f,county sum or count of HCD APR Table A records,HCD APR application-stage administrative data aggregated to county.,comparable_within_series
housing_applications,application_proposed_units,Units proposed in residential applications,06055,Napa,2025,2025-12-31,annual,431.0,housing units,CA_HCD_APR_TABLE_A,HCD-APR-TABLE-A-2025-portal-current,2026-08-10T17:11:13Z,bec330a57d4f495f88b52cfed29d66223ec2d61b4ca4ae2e3feeef22faf62af2,county sum or count of HCD APR Table A records,HCD APR application-stage administrative data aggregated to county.,comparable_within_series
housing_applications,application_proposed_units,Units proposed in residential applications,06075,San Francisco,2018,2018-12-31,annual,5757.0,housing units,CA_HCD_APR_TABLE_A,HCD-APR-TABLE-A-2018-portal-current,2026-08-10T17:11:13Z,c5cee4fbdeba70dfa06045e45ea217a2aca9e0594fe6a2da9144529a1cc1bc25,county sum or count of HCD APR Table A records,HCD APR application-stage administrative data aggregated to county.,comparable_within_series
housing_applications,application_proposed_units,Units proposed in residential applications,06075,San Francisco,2019,2019-12-31,annual,3405.0,housing units,CA_HCD_APR_TABLE_A,HCD-APR-TABLE-A-2019-portal-current,2026-08-10T17:11:13Z,6f24c832cc9b927766fa5257f444024ffabc785e83ee1d5d9932243d95b14371,county sum or count of HCD APR Table A records,HCD APR application-stage administrative data aggregated to county.,comparable_within_series
housing_applications,application_proposed_units,Units proposed in residential applications,06075,San Francisco,2020,2020-12-31,annual,2737.0,housing units,CA_HCD_APR_TABLE_A,HCD-APR-TABLE-A-2020-portal-current,2026-08-10T17:11:13Z,11aa51318922cdb7f838c55d1b07009fc196e7fe46ea39c1222e20a86c988429,county sum or count of HCD APR Table A records,HCD APR application-stage administrative data aggregated to county.,comparable_within_series
housing_applications,application_proposed_units,Units proposed in residential applications,06075,San Francisco,2021,2021-12-31,annual,7836.0,housing units,CA_HCD_APR_TABLE_A,HCD-APR-TABLE-A-2021-portal-current,2026-08-10T17:11:13Z,97ab0c3387bdf49a07720594cb3ea612a85aca39503f8ca9f0c9c0af8e800bda,county sum or count of HCD APR Table A records,HCD APR application-stage administrative data aggregated to county.,comparable_within_series
housing_applications,application_proposed_units,Units proposed in residential applications,06075,San Francisco,2022,2022-12-31,annual,3524.0,housing units,CA_HCD_APR_TABLE_A,HCD-APR-TABLE-A-2022-portal-current,2026-08-10T17:11:13Z,1bca81f3a972f3d1eced27a3e2fdf4268fc4f1031af1dd0698cbf39fa018fb04,county sum or count of HCD APR Table A records,HCD APR application-stage administrative data aggregated to county.,comparable_within_series
housing_applications,application_proposed_units,Units proposed in residential applications,06075,San Francisco,2023,2023-12-31,annual,1801.0,housing units,CA_HCD_APR_TABLE_A,HCD-APR-TABLE-A-2023-portal-current,2026-08-10T17:11:13Z,1b140c61910e1eb3a1b01eb1837038d4a59ca05ac73198496fd1b3d77823f8c8,county sum or count of HCD APR Table A records,HCD APR application-stage administrative data aggregated to county.,comparable_within_series
housing_applications,application_proposed_units,Units proposed in residential applications,06075,San Francisco,2024,2024-12-31,annual,4220.0,housing units,CA_HCD_APR_TABLE_A,HCD-APR-TABLE-A-2024-portal-current,2026-08-10T17:11:13Z,0d33c498629bfd21f3b9707fd1c4810fcb4fd6d8542c25aec64360305c105d2f,county sum or count of HCD APR Table A records,HCD APR application-stage administrative data aggregated to county.,comparable_within_series
housing_applications,application_proposed_units,Units proposed in residential applications,06075,San Francisco,2025,2025-12-31,annual,9462.0,housing units,CA_HCD_APR_TABLE_A,HCD-APR-TABLE-A-2025-portal-current,2026-08-10T17:11:13Z,bec330a57d4f495f88b52cfed29d66223ec2d61b4ca4ae2e3feeef22faf62af2,county sum or count of HCD APR Table A records,HCD APR application-stage administrative data aggregated to county.,comparable_within_series
housing_applications,application_proposed_units,Units proposed in residential applications,06081,San Mateo,2018,2018-12-31,annual,4772.0,housing units,CA_HCD_APR_TABLE_A,HCD-APR-TABLE-A-2018-portal-current,2026-08-10T17:11:13Z,c5cee4fbdeba70dfa06045e45ea217a2aca9e0594fe6a2da9144529a1cc1bc25,county sum or count of HCD APR Table A records,HCD APR application-stage administrative data aggregated to county.,comparable_within_series
housing_applications,application_proposed_units,Units proposed in residential applications,06081,San Mateo,2019,2019-12-31,annual,3389.0,housing units,CA_HCD_APR_TABLE_A,HCD-APR-TABLE-A-2019-portal-current,2026-08-10T17:11:13Z,6f24c832cc9b927766fa5257f444024ffabc785e83ee1d5d9932243d95b14371,county sum or count of HCD APR Table A records,HCD APR application-stage administrative data aggregated to county.,comparable_within_series
housing_applications,application_proposed_units,Units proposed in residential applications,06081,San Mateo,2020,2020-12-31,annual,4303.0,housing units,CA_HCD_APR_TABLE_A,HCD-APR-TABLE-A-2020-portal-current,2026-08-10T17:11:13Z,11aa51318922cdb7f838c55d1b07009fc196e7fe46ea39c1222e20a86c988429,county sum or count of HCD APR Table A records,HCD APR application-stage administrative data aggregated to county.,comparable_within_series
housing_applications,application_proposed_units,Units proposed in residential applications,06081,San Mateo,2021,2021-12-31,annual,4608.0,housing units,CA_HCD_APR_TABLE_A,HCD-APR-TABLE-A-2021-portal-current,2026-08-10T17:11:13Z,97ab0c3387bdf49a07720594cb3ea612a85aca39503f8ca9f0c9c0af8e800bda,county sum or count of HCD APR Table A records,HCD APR application-stage administrative data aggregated to county.,comparable_within_series
housing_applications,application_proposed_units,Units proposed in residential applications,06081,San Mateo,2022,2022-12-31,annual,4497.0,housing units,CA_HCD_APR_TABLE_A,HCD-APR-TABLE-A-2022-portal-current,2026-08-10T17:11:13Z,1bca81f3a972f3d1eced27a3e2fdf4268fc4f1031af1dd0698cbf39fa018fb04,county sum or count of HCD APR Table A records,HCD APR application-stage administrative data aggregated to county.,comparable_within_series
housing_applications,application_proposed_units,Units proposed in residential applications,06081,San Mateo,2023,2023-12-31,annual,1669.0,housing units,CA_HCD_APR_TABLE_A,HCD-APR-TABLE-A-2023-portal-current,2026-08-10T17:11:13Z,1b140c61910e1eb3a1b01eb1837038d4a59ca05ac73198496fd1b3d77823f8c8,county sum or count of HCD APR Table A records,HCD APR application-stage administrative data aggregated to county.,comparable_within_series
housing_applications,application_proposed_units,Units proposed in residential applications,06081,San Mateo,2024,2024-12-31,annual,4345.0,housing units,CA_HCD_APR_TABLE_A,HCD-APR-TABLE-A-2024-portal-current,2026-08-10T17:11:13Z,0d33c498629bfd21f3b9707fd1c4810fcb4fd6d8542c25aec64360305c105d2f,county sum or count of HCD APR Table A records,HCD APR application-stage administrative data aggregated to county.,comparable_within_series
housing_applications,application_proposed_units,Units proposed in residential applications,06081,San Mateo,2025,2025-12-31,annual,4551.0,housing units,CA_HCD_APR_TABLE_A,HCD-APR-TABLE-A-2025-portal-current,2026-08-10T17:11:13Z,bec330a57d4f495f88b52cfed29d66223ec2d61b4ca4ae2e3feeef22faf62af2,county sum or count of HCD APR Table A records,HCD APR application-stage administrative data aggregated to county.,comparable_within_series
housing_applications,application_proposed_units,Units proposed in residential applications,06085,Santa Clara,2018,2018-12-31,annual,14623.0,housing units,CA_HCD_APR_TABLE_A,HCD-APR-TABLE-A-2018-portal-current,2026-08-10T17:11:13Z,c5cee4fbdeba70dfa06045e45ea217a2aca9e0594fe6a2da9144529a1cc1bc25,county sum or count of HCD APR Table A records,HCD APR application-stage administrative data aggregated to county.,comparable_within_series
housing_applications,application_proposed_units,Units proposed in residential applications,06085,Santa Clara,2019,2019-12-31,annual,17676.0,housing units,CA_HCD_APR_TABLE_A,HCD-APR-TABLE-A-2019-portal-current,2026-08-10T17:11:13Z,6f24c832cc9b927766fa5257f444024ffabc785e83ee1d5d9932243d95b14371,county sum or count of HCD APR Table A records,HCD APR application-stage administrative data aggregated to county.,comparable_within_series
housing_applications,application_proposed_units,Units proposed in residential applications,06085,Santa Clara,2020,2020-12-31,annual,13837.0,housing units,CA_HCD_APR_TABLE_A,HCD-APR-TABLE-A-2020-portal-current,2026-08-10T17:11:13Z,11aa51318922cdb7f838c55d1b07009fc196e7fe46ea39c1222e20a86c988429,county sum or count of HCD APR Table A records,HCD APR application-stage administrative data aggregated to county.,comparable_within_series
housing_applications,application_proposed_units,Units proposed in residential applications,06085,Santa Clara,2021,2021-12-31,annual,10457.0,housing units,CA_HCD_APR_TABLE_A,HCD-APR-TABLE-A-2021-portal-current,2026-08-10T17:11:13Z,97ab0c3387bdf49a07720594cb3ea612a85aca39503f8ca9f0c9c0af8e800bda,county sum or count of HCD APR Table A records,HCD APR application-stage administrative data aggregated to county.,comparable_within_series
housing_applications,application_proposed_units,Units proposed in residential applications,06085,Santa Clara,2022,2022-12-31,annual,12025.0,housing units,CA_HCD_APR_TABLE_A,HCD-APR-TABLE-A-2022-portal-current,2026-08-10T17:11:13Z,1bca81f3a972f3d1eced27a3e2fdf4268fc4f1031af1dd0698cbf39fa018fb04,county sum or count of HCD APR Table A records,HCD APR application-stage administrative data aggregated to county.,comparable_within_series
housing_applications,application_proposed_units,Units proposed in residential applications,06085,Santa Clara,2023,2023-12-31,annual,10425.0,housing units,CA_HCD_APR_TABLE_A,HCD-APR-TABLE-A-2023-portal-current,2026-08-10T17:11:13Z,1b140c61910e1eb3a1b01eb1837038d4a59ca05ac73198496fd1b3d77823f8c8,county sum or count of HCD APR Table A records,HCD APR application-stage administrative data aggregated to county.,comparable_within_series
housing_applications,application_proposed_units,Units proposed in residential applications,06085,Santa Clara,2024,2024-12-31,annual,21871.0,housing units,CA_HCD_APR_TABLE_A,HCD-APR-TABLE-A-2024-portal-current,2026-08-10T17:11:13Z,0d33c498629bfd21f3b9707fd1c4810fcb4fd6d8542c25aec64360305c105d2f,county sum or count of HCD APR Table A records,HCD APR application-stage administrative data aggregated to county.,comparable_within_series
housing_applications,application_proposed_units,Units proposed in residential applications,06085,Santa Clara,2025,2025-12-31,annual,15575.0,housing units,CA_HCD_APR_TABLE_A,HCD-APR-TABLE-A-2025-portal-current,2026-08-10T17:11:13Z,bec330a57d4f495f88b52cfed29d66223ec2d61b4ca4ae2e3feeef22faf62af2,county sum or count of HCD APR Table A records,HCD APR application-stage administrative data aggregated to county.,comparable_within_series
housing_applications,application_proposed_units,Units proposed in residential applications,06095,Solano,2018,2018-12-31,annual,659.0,housing units,CA_HCD_APR_TABLE_A,HCD-APR-TABLE-A-2018-portal-current,2026-08-10T17:11:13Z,c5cee4fbdeba70dfa06045e45ea217a2aca9e0594fe6a2da9144529a1cc1bc25,county sum or count of HCD APR Table A records,HCD APR application-stage administrative data aggregated to county.,comparable_within_series
housing_applications,application_proposed_units,Units proposed in residential applications,06095,Solano,2019,2019-12-31,annual,1685.0,housing units,CA_HCD_APR_TABLE_A,HCD-APR-TABLE-A-2019-portal-current,2026-08-10T17:11:13Z,6f24c832cc9b927766fa5257f444024ffabc785e83ee1d5d9932243d95b14371,county sum or count of HCD APR Table A records,HCD APR application-stage administrative data aggregated to county.,comparable_within_series
housing_applications,application_proposed_units,Units proposed in residential applications,06095,Solano,2020,2020-12-31,annual,2653.0,housing units,CA_HCD_APR_TABLE_A,HCD-APR-TABLE-A-2020-portal-current,2026-08-10T17:11:13Z,11aa51318922cdb7f838c55d1b07009fc196e7fe46ea39c1222e20a86c988429,county sum or count of HCD APR Table A records,HCD APR application-stage administrative data aggregated to county.,comparable_within_series
housing_applications,application_proposed_units,Units proposed in residential applications,06095,Solano,2021,2021-12-31,annual,5222.0,housing units,CA_HCD_APR_TABLE_A,HCD-APR-TABLE-A-2021-portal-current,2026-08-10T17:11:13Z,97ab0c3387bdf49a07720594cb3ea612a85aca39503f8ca9f0c9c0af8e800bda,county sum or count of HCD APR Table A records,HCD APR application-stage administrative data aggregated to county.,comparable_within_series
housing_applications,application_proposed_units,Units proposed in residential applications,06095,Solano,2022,2022-12-31,annual,2960.0,housing units,CA_HCD_APR_TABLE_A,HCD-APR-TABLE-A-2022-portal-current,2026-08-10T17:11:13Z,1bca81f3a972f3d1eced27a3e2fdf4268fc4f1031af1dd0698cbf39fa018fb04,county sum or count of HCD APR Table A records,HCD APR application-stage administrative data aggregated to county.,comparable_within_series
housing_applications,application_proposed_units,Units proposed in residential applications,06095,Solano,2023,2023-12-31,annual,5696.0,housing units,CA_HCD_APR_TABLE_A,HCD-APR-TABLE-A-2023-portal-current,2026-08-10T17:11:13Z,1b140c61910e1eb3a1b01eb1837038d4a59ca05ac73198496fd1b3d77823f8c8,county sum or count of HCD APR Table A records,HCD APR application-stage administrative data aggregated to county.,comparable_within_series
housing_applications,application_proposed_units,Units proposed in residential applications,06095,Solano,2024,2024-12-31,annual,8036.0,housing units,CA_HCD_APR_TABLE_A,HCD-APR-TABLE-A-2024-portal-current,2026-08-10T17:11:13Z,0d33c498629bfd21f3b9707fd1c4810fcb4fd6d8542c25aec64360305c105d2f,county sum or count of HCD APR Table A records,HCD APR application-stage administrative data aggregated to county.,comparable_within_series
housing_applications,application_proposed_units,Units proposed in residential applications,06095,Solano,2025,2025-12-31,annual,1931.0,housing units,CA_HCD_APR_TABLE_A,HCD-APR-TABLE-A-2025-portal-current,2026-08-10T17:11:13Z,bec330a57d4f495f88b52cfed29d66223ec2d61b4ca4ae2e3feeef22faf62af2,county sum or count of HCD APR Table A records,HCD APR application-stage administrative data aggregated to county.,comparable_within_series
housing_applications,application_proposed_units,Units proposed in residential applications,06097,Sonoma,2018,2018-12-31,annual,4389.0,housing units,CA_HCD_APR_TABLE_A,HCD-APR-TABLE-A-2018-portal-current,2026-08-10T17:11:13Z,c5cee4fbdeba70dfa06045e45ea217a2aca9e0594fe6a2da9144529a1cc1bc25,county sum or count of HCD APR Table A records,HCD APR application-stage administrative data aggregated to county.,comparable_within_series
housing_applications,application_proposed_units,Units proposed in residential applications,06097,Sonoma,2019,2019-12-31,annual,4957.0,housing units,CA_HCD_APR_TABLE_A,HCD-APR-TABLE-A-2019-portal-current,2026-08-10T17:11:13Z,6f24c832cc9b927766fa5257f444024ffabc785e83ee1d5d9932243d95b14371,county sum or count of HCD APR Table A records,HCD APR application-stage administrative data aggregated to county.,comparable_within_series
housing_applications,application_proposed_units,Units proposed in residential applications,06097,Sonoma,2020,2020-12-31,annual,4522.0,housing units,CA_HCD_APR_TABLE_A,HCD-APR-TABLE-A-2020-portal-current,2026-08-10T17:11:13Z,11aa51318922cdb7f838c55d1b07009fc196e7fe46ea39c1222e20a86c988429,county sum or count of HCD APR Table A records,HCD APR application-stage administrative data aggregated to county.,comparable_within_series
housing_applications,application_proposed_units,Units proposed in residential applications,06097,Sonoma,2021,2021-12-31,annual,1813.0,housing units,CA_HCD_APR_TABLE_A,HCD-APR-TABLE-A-2021-portal-current,2026-08-10T17:11:13Z,97ab0c3387bdf49a07720594cb3ea612a85aca39503f8ca9f0c9c0af8e800bda,county sum or count of HCD APR Table A records,HCD APR application-stage administrative data aggregated to county.,comparable_within_series
housing_applications,application_proposed_units,Units proposed in residential applications,06097,Sonoma,2022,2022-12-31,annual,3861.0,housing units,CA_HCD_APR_TABLE_A,HCD-APR-TABLE-A-2022-portal-current,2026-08-10T17:11:13Z,1bca81f3a972f3d1eced27a3e2fdf4268fc4f1031af1dd0698cbf39fa018fb04,county sum or count of HCD APR Table A records,HCD APR application-stage administrative data aggregated to county.,comparable_within_series
housing_applications,application_proposed_units,Units proposed in residential applications,06097,Sonoma,2023,2023-12-31,annual,3617.0,housing units,CA_HCD_APR_TABLE_A,HCD-APR-TABLE-A-2023-portal-current,2026-08-10T17:11:13Z,1b140c61910e1eb3a1b01eb1837038d4a59ca05ac73198496fd1b3d77823f8c8,county sum or count of HCD APR Table A records,HCD APR application-stage administrative data aggregated to county.,comparable_within_series
housing_applications,application_proposed_units,Units proposed in residential applications,06097,Sonoma,2024,2024-12-31,annual,3303.0,housing units,CA_HCD_APR_TABLE_A,HCD-APR-TABLE-A-2024-portal-current,2026-08-10T17:11:13Z,0d33c498629bfd21f3b9707fd1c4810fcb4fd6d8542c25aec64360305c105d2f,county sum or count of HCD APR Table A records,HCD APR application-stage administrative data aggregated to county.,comparable_within_series
housing_applications,application_proposed_units,Units proposed in residential applications,06097,Sonoma,2025,2025-12-31,annual,3661.0,housing units,CA_HCD_APR_TABLE_A,HCD-APR-TABLE-A-2025-portal-current,2026-08-10T17:11:13Z,bec330a57d4f495f88b52cfed29d66223ec2d61b4ca4ae2e3feeef22faf62af2,county sum or count of HCD APR Table A records,HCD APR application-stage administrative data aggregated to county.,comparable_within_series
housing_applications,sb35_application_records,Application records submitted under SB 35,06001,Alameda,2018,2018-12-31,annual,0.0,records,CA_HCD_APR_TABLE_A,HCD-APR-TABLE-A-2018-portal-current,2026-08-10T17:11:13Z,c5cee4fbdeba70dfa06045e45ea217a2aca9e0594fe6a2da9144529a1cc1bc25,county sum or count of HCD APR Table A records,HCD APR application-stage administrative data aggregated to county.,comparable_within_series
housing_applications,sb35_application_records,Application records submitted under SB 35,06001,Alameda,2019,2019-12-31,annual,0.0,records,CA_HCD_APR_TABLE_A,HCD-APR-TABLE-A-2019-portal-current,2026-08-10T17:11:13Z,6f24c832cc9b927766fa5257f444024ffabc785e83ee1d5d9932243d95b14371,county sum or count of HCD APR Table A records,HCD APR application-stage administrative data aggregated to county.,comparable_within_series
housing_applications,sb35_application_records,Application records submitted under SB 35,06001,Alameda,2020,2020-12-31,annual,0.0,records,CA_HCD_APR_TABLE_A,HCD-APR-TABLE-A-2020-portal-current,2026-08-10T17:11:13Z,11aa51318922cdb7f838c55d1b07009fc196e7fe46ea39c1222e20a86c988429,county sum or count of HCD APR Table A records,HCD APR application-stage administrative data aggregated to county.,comparable_within_series
housing_applications,sb35_application_records,Application records submitted under SB 35,06001,Alameda,2021,2021-12-31,annual,0.0,records,CA_HCD_APR_TABLE_A,HCD-APR-TABLE-A-2021-portal-current,2026-08-10T17:11:13Z,97ab0c3387bdf49a07720594cb3ea612a85aca39503f8ca9f0c9c0af8e800bda,county sum or count of HCD APR Table A records,HCD APR application-stage administrative data aggregated to county.,comparable_within_series
housing_applications,sb35_application_records,Application records submitted under SB 35,06001,Alameda,2022,2022-12-31,annual,0.0,records,CA_HCD_APR_TABLE_A,HCD-APR-TABLE-A-2022-portal-current,2026-08-10T17:11:13Z,1bca81f3a972f3d1eced27a3e2fdf4268fc4f1031af1dd0698cbf39fa018fb04,county sum or count of HCD APR Table A records,HCD APR application-stage administrative data aggregated to county.,comparable_within_series
housing_applications,sb35_application_records,Application records submitted under SB 35,06001,Alameda,2023,2023-12-31,annual,0.0,records,CA_HCD_APR_TABLE_A,HCD-APR-TABLE-A-2023-portal-current,2026-08-10T17:11:13Z,1b140c61910e1eb3a1b01eb1837038d4a59ca05ac73198496fd1b3d77823f8c8,county sum or count of HCD APR Table A records,HCD APR application-stage administrative data aggregated to county.,comparable_within_series
housing_applications,sb35_application_records,Application records submitted under SB 35,06001,Alameda,2024,2024-12-31,annual,0.0,records,CA_HCD_APR_TABLE_A,HCD-APR-TABLE-A-2024-portal-current,2026-08-10T17:11:13Z,0d33c498629bfd21f3b9707fd1c4810fcb4fd6d8542c25aec64360305c105d2f,county sum or count of HCD APR Table A records,HCD APR application-stage administrative data aggregated to county.,comparable_within_series
housing_applications,sb35_application_records,Application records submitted under SB 35,06001,Alameda,2025,2025-12-31,annual,0.0,records,CA_HCD_APR_TABLE_A,HCD-APR-TABLE-A-2025-portal-current,2026-08-10T17:11:13Z,bec330a57d4f495f88b52cfed29d66223ec2d61b4ca4ae2e3feeef22faf62af2,county sum or count of HCD APR Table A records,HCD APR application-stage administrative data aggregated to county.,comparable_within_series
housing_applications,sb35_application_records,Application records submitted under SB 35,06013,Contra Costa,2018,2018-12-31,annual,0.0,records,CA_HCD_APR_TABLE_A,HCD-APR-TABLE-A-2018-portal-current,2026-08-10T17:11:13Z,c5cee4fbdeba70dfa06045e45ea217a2aca9e0594fe6a2da9144529a1cc1bc25,county sum or count of HCD APR Table A records,HCD APR application-stage administrative data aggregated to county.,comparable_within_series
housing_applications,sb35_application_records,Application records submitted under SB 35,06013,Contra Costa,2019,2019-12-31,annual,0.0,records,CA_HCD_APR_TABLE_A,HCD-APR-TABLE-A-2019-portal-current,2026-08-10T17:11:13Z,6f24c832cc9b927766fa5257f444024ffabc785e83ee1d5d9932243d95b14371,county sum or count of HCD APR Table A records,HCD APR application-stage administrative data aggregated to county.,comparable_within_series
housing_applications,sb35_application_records,Application records submitted under SB 35,06013,Contra Costa,2020,2020-12-31,annual,0.0,records,CA_HCD_APR_TABLE_A,HCD-APR-TABLE-A-2020-portal-current,2026-08-10T17:11:13Z,11aa51318922cdb7f838c55d1b07009fc196e7fe46ea39c1222e20a86c988429,county sum or count of HCD APR Table A records,HCD APR application-stage administrative data aggregated to county.,comparable_within_series
housing_applications,sb35_application_records,Application records submitted under SB 35,06013,Contra Costa,2021,2021-12-31,annual,0.0,records,CA_HCD_APR_TABLE_A,HCD-APR-TABLE-A-2021-portal-current,2026-08-10T17:11:13Z,97ab0c3387bdf49a07720594cb3ea612a85aca39503f8ca9f0c9c0af8e800bda,county sum or count of HCD APR Table A records,HCD APR application-stage administrative data aggregated to county.,comparable_within_series
housing_applications,sb35_application_records,Application records submitted under SB 35,06013,Contra Costa,2022,2022-12-31,annual,0.0,records,CA_HCD_APR_TABLE_A,HCD-APR-TABLE-A-2022-portal-current,2026-08-10T17:11:13Z,1bca81f3a972f3d1eced27a3e2fdf4268fc4f1031af1dd0698cbf39fa018fb04,county sum or count of HCD APR Table A records,HCD APR application-stage administrative data aggregated to county.,comparable_within_series
housing_applications,sb35_application_records,Application records submitted under SB 35,06013,Contra Costa,2023,2023-12-31,annual,0.0,records,CA_HCD_APR_TABLE_A,HCD-APR-TABLE-A-2023-portal-current,2026-08-10T17:11:13Z,1b140c61910e1eb3a1b01eb1837038d4a59ca05ac73198496fd1b3d77823f8c8,county sum or count of HCD APR Table A records,HCD APR application-stage administrative data aggregated to county.,comparable_within_series
housing_applications,sb35_application_records,Application records submitted under SB 35,06013,Contra Costa,2024,2024-12-31,annual,0.0,records,CA_HCD_APR_TABLE_A,HCD-APR-TABLE-A-2024-portal-current,2026-08-10T17:11:13Z,0d33c498629bfd21f3b9707fd1c4810fcb4fd6d8542c25aec64360305c105d2f,county sum or count of HCD APR Table A records,HCD APR application-stage administrative data aggregated to county.,comparable_within_series
housing_applications,sb35_application_records,Application records submitted under SB 35,06013,Contra Costa,2025,2025-12-31,annual,0.0,records,CA_HCD_APR_TABLE_A,HCD-APR-TABLE-A-2025-portal-current,2026-08-10T17:11:13Z,bec330a57d4f495f88b52cfed29d66223ec2d61b4ca4ae2e3feeef22faf62af2,county sum or count of HCD APR Table A records,HCD APR application-stage administrative data aggregated to county.,comparable_within_series
housing_applications,sb35_application_records,Application records submitted under SB 35,06041,Marin,2018,2018-12-31,annual,0.0,records,CA_HCD_APR_TABLE_A,HCD-APR-TABLE-A-2018-portal-current,2026-08-10T17:11:13Z,c5cee4fbdeba70dfa06045e45ea217a2aca9e0594fe6a2da9144529a1cc1bc25,county sum or count of HCD APR Table A records,HCD APR application-stage administrative data aggregated to county.,comparable_within_series
housing_applications,sb35_application_records,Application records submitted under SB 35,06041,Marin,2019,2019-12-31,annual,0.0,records,CA_HCD_APR_TABLE_A,HCD-APR-TABLE-A-2019-portal-current,2026-08-10T17:11:13Z,6f24c832cc9b927766fa5257f444024ffabc785e83ee1d5d9932243d95b14371,county sum or count of HCD APR Table A records,HCD APR application-stage administrative data aggregated to county.,comparable_within_series
housing_applications,sb35_application_records,Application records submitted under SB 35,06041,Marin,2020,2020-12-31,annual,0.0,records,CA_HCD_APR_TABLE_A,HCD-APR-TABLE-A-2020-portal-current,2026-08-10T17:11:13Z,11aa51318922cdb7f838c55d1b07009fc196e7fe46ea39c1222e20a86c988429,county sum or count of HCD APR Table A records,HCD APR application-stage administrative data aggregated to county.,comparable_within_series
housing_applications,sb35_application_records,Application records submitted under SB 35,06041,Marin,2021,2021-12-31,annual,0.0,records,CA_HCD_APR_TABLE_A,HCD-APR-TABLE-A-2021-portal-current,2026-08-10T17:11:13Z,97ab0c3387bdf49a07720594cb3ea612a85aca39503f8ca9f0c9c0af8e800bda,county sum or count of HCD APR Table A records,HCD APR application-stage administrative data aggregated to county.,comparable_within_series
housing_applications,sb35_application_records,Application records submitted under SB 35,06041,Marin,2022,2022-12-31,annual,0.0,records,CA_HCD_APR_TABLE_A,HCD-APR-TABLE-A-2022-portal-current,2026-08-10T17:11:13Z,1bca81f3a972f3d1eced27a3e2fdf4268fc4f1031af1dd0698cbf39fa018fb04,county sum or count of HCD APR Table A records,HCD APR application-stage administrative data aggregated to county.,comparable_within_series
housing_applications,sb35_application_records,Application records submitted under SB 35,06041,Marin,2023,2023-12-31,annual,0.0,records,CA_HCD_APR_TABLE_A,HCD-APR-TABLE-A-2023-portal-current,2026-08-10T17:11:13Z,1b140c61910e1eb3a1b01eb1837038d4a59ca05ac73198496fd1b3d77823f8c8,county sum or count of HCD APR Table A records,HCD APR application-stage administrative data aggregated to county.,comparable_within_series
housing_applications,sb35_application_records,Application records submitted under SB 35,06041,Marin,2024,2024-12-31,annual,0.0,records,CA_HCD_APR_TABLE_A,HCD-APR-TABLE-A-2024-portal-current,2026-08-10T17:11:13Z,0d33c498629bfd21f3b9707fd1c4810fcb4fd6d8542c25aec64360305c105d2f,county sum or count of HCD APR Table A records,HCD APR application-stage administrative data aggregated to county.,comparable_within_series
housing_applications,sb35_application_records,Application records submitted under SB 35,06041,Marin,2025,2025-12-31,annual,0.0,records,CA_HCD_APR_TABLE_A,HCD-APR-TABLE-A-2025-portal-current,2026-08-10T17:11:13Z,bec330a57d4f495f88b52cfed29d66223ec2d61b4ca4ae2e3feeef22faf62af2,county sum or count of HCD APR Table A records,HCD APR application-stage administrative data aggregated to county.,comparable_within_series
housing_applications,sb35_application_records,Application records submitted under SB 35,06055,Napa,2018,2018-12-31,annual,0.0,records,CA_HCD_APR_TABLE_A,HCD-APR-TABLE-A-2018-portal-current,2026-08-10T17:11:13Z,c5cee4fbdeba70dfa06045e45ea217a2aca9e0594fe6a2da9144529a1cc1bc25,county sum or count of HCD APR Table A records,HCD APR application-stage administrative data aggregated to county.,comparable_within_series
housing_applications,sb35_application_records,Application records submitted under SB 35,06055,Napa,2019,2019-12-31,annual,0.0,records,CA_HCD_APR_TABLE_A,HCD-APR-TABLE-A-2019-portal-current,2026-08-10T17:11:13Z,6f24c832cc9b927766fa5257f444024ffabc785e83ee1d5d9932243d95b14371,county sum or count of HCD APR Table A records,HCD APR application-stage administrative data aggregated to county.,comparable_within_series
housing_applications,sb35_application_records,Application records submitted under SB 35,06055,Napa,2020,2020-12-31,annual,0.0,records,CA_HCD_APR_TABLE_A,HCD-APR-TABLE-A-2020-portal-current,2026-08-10T17:11:13Z,11aa51318922cdb7f838c55d1b07009fc196e7fe46ea39c1222e20a86c988429,county sum or count of HCD APR Table A records,HCD APR application-stage administrative data aggregated to county.,comparable_within_series
housing_applications,sb35_application_records,Application records submitted under SB 35,06055,Napa,2021,2021-12-31,annual,0.0,records,CA_HCD_APR_TABLE_A,HCD-APR-TABLE-A-2021-portal-current,2026-08-10T17:11:13Z,97ab0c3387bdf49a07720594cb3ea612a85aca39503f8ca9f0c9c0af8e800bda,county sum or count of HCD APR Table A records,HCD APR application-stage administrative data aggregated to county.,comparable_within_series
housing_applications,sb35_application_records,Application records submitted under SB 35,06055,Napa,2022,2022-12-31,annual,0.0,records,CA_HCD_APR_TABLE_A,HCD-APR-TABLE-A-2022-portal-current,2026-08-10T17:11:13Z,1bca81f3a972f3d1eced27a3e2fdf4268fc4f1031af1dd0698cbf39fa018fb04,county sum or count of HCD APR Table A records,HCD APR application-stage administrative data aggregated to county.,comparable_within_series
housing_applications,sb35_application_records,Application records submitted under SB 35,06055,Napa,2023,2023-12-31,annual,0.0,records,CA_HCD_APR_TABLE_A,HCD-APR-TABLE-A-2023-portal-current,2026-08-10T17:11:13Z,1b140c61910e1eb3a1b01eb1837038d4a59ca05ac73198496fd1b3d77823f8c8,county sum or count of HCD APR Table A records,HCD APR application-stage administrative data aggregated to county.,comparable_within_series
housing_applications,sb35_application_records,Application records submitted under SB 35,06055,Napa,2024,2024-12-31,annual,0.0,records,CA_HCD_APR_TABLE_A,HCD-APR-TABLE-A-2024-portal-current,2026-08-10T17:11:13Z,0d33c498629bfd21f3b9707fd1c4810fcb4fd6d8542c25aec64360305c105d2f,county sum or count of HCD APR Table A records,HCD APR application-stage administrative data aggregated to county.,comparable_within_series
housing_applications,sb35_application_records,Application records submitted under SB 35,06055,Napa,2025,2025-12-31,annual,0.0,records,CA_HCD_APR_TABLE_A,HCD-APR-TABLE-A-2025-portal-current,2026-08-10T17:11:13Z,bec330a57d4f495f88b52cfed29d66223ec2d61b4ca4ae2e3feeef22faf62af2,county sum or count of HCD APR Table A records,HCD APR application-stage administrative data aggregated to county.,comparable_within_series
housing_applications,sb35_application_records,Application records submitted under SB 35,06075,San Francisco,2018,2018-12-31,annual,0.0,records,CA_HCD_APR_TABLE_A,HCD-APR-TABLE-A-2018-portal-current,2026-08-10T17:11:13Z,c5cee4fbdeba70dfa06045e45ea217a2aca9e0594fe6a2da9144529a1cc1bc25,county sum or count of HCD APR Table A records,HCD APR application-stage administrative data aggregated to county.,comparable_within_series
housing_applications,sb35_application_records,Application records submitted under SB 35,06075,San Francisco,2019,2019-12-31,annual,0.0,records,CA_HCD_APR_TABLE_A,HCD-APR-TABLE-A-2019-portal-current,2026-08-10T17:11:13Z,6f24c832cc9b927766fa5257f444024ffabc785e83ee1d5d9932243d95b14371,county sum or count of HCD APR Table A records,HCD APR application-stage administrative data aggregated to county.,comparable_within_series
housing_applications,sb35_application_records,Application records submitted under SB 35,06075,San Francisco,2020,2020-12-31,annual,0.0,records,CA_HCD_APR_TABLE_A,HCD-APR-TABLE-A-2020-portal-current,2026-08-10T17:11:13Z,11aa51318922cdb7f838c55d1b07009fc196e7fe46ea39c1222e20a86c988429,county sum or count of HCD APR Table A records,HCD APR application-stage administrative data aggregated to county.,comparable_within_series
housing_applications,sb35_application_records,Application records submitted under SB 35,06075,San Francisco,2021,2021-12-31,annual,0.0,records,CA_HCD_APR_TABLE_A,HCD-APR-TABLE-A-2021-portal-current,2026-08-10T17:11:13Z,97ab0c3387bdf49a07720594cb3ea612a85aca39503f8ca9f0c9c0af8e800bda,county sum or count of HCD APR Table A records,HCD APR application-stage administrative data aggregated to county.,comparable_within_series
housing_applications,sb35_application_records,Application records submitted under SB 35,06075,San Francisco,2022,2022-12-31,annual,0.0,records,CA_HCD_APR_TABLE_A,HCD-APR-TABLE-A-2022-portal-current,2026-08-10T17:11:13Z,1bca81f3a972f3d1eced27a3e2fdf4268fc4f1031af1dd0698cbf39fa018fb04,county sum or count of HCD APR Table A records,HCD APR application-stage administrative data aggregated to county.,comparable_within_series
housing_applications,sb35_application_records,Application records submitted under SB 35,06075,San Francisco,2023,2023-12-31,annual,0.0,records,CA_HCD_APR_TABLE_A,HCD-APR-TABLE-A-2023-portal-current,2026-08-10T17:11:13Z,1b140c61910e1eb3a1b01eb1837038d4a59ca05ac73198496fd1b3d77823f8c8,county sum or count of HCD APR Table A records,HCD APR application-stage administrative data aggregated to county.,comparable_within_series
housing_applications,sb35_application_records,Application records submitted under SB 35,06075,San Francisco,2024,2024-12-31,annual,0.0,records,CA_HCD_APR_TABLE_A,HCD-APR-TABLE-A-2024-portal-current,2026-08-10T17:11:13Z,0d33c498629bfd21f3b9707fd1c4810fcb4fd6d8542c25aec64360305c105d2f,county sum or count of HCD APR Table A records,HCD APR application-stage administrative data aggregated to county.,comparable_within_series
housing_applications,sb35_application_records,Application records submitted under SB 35,06075,San Francisco,2025,2025-12-31,annual,0.0,records,CA_HCD_APR_TABLE_A,HCD-APR-TABLE-A-2025-portal-current,2026-08-10T17:11:13Z,bec330a57d4f495f88b52cfed29d66223ec2d61b4ca4ae2e3feeef22faf62af2,county sum or count of HCD APR Table A records,HCD APR application-stage administrative data aggregated to county.,comparable_within_series
housing_applications,sb35_application_records,Application records submitted under SB 35,06081,San Mateo,2018,2018-12-31,annual,0.0,records,CA_HCD_APR_TABLE_A,HCD-APR-TABLE-A-2018-portal-current,2026-08-10T17:11:13Z,c5cee4fbdeba70dfa06045e45ea217a2aca9e0594fe6a2da9144529a1cc1bc25,county sum or count of HCD APR Table A records,HCD APR application-stage administrative data aggregated to county.,comparable_within_series
housing_applications,sb35_application_records,Application records submitted under SB 35,06081,San Mateo,2019,2019-12-31,annual,0.0,records,CA_HCD_APR_TABLE_A,HCD-APR-TABLE-A-2019-portal-current,2026-08-10T17:11:13Z,6f24c832cc9b927766fa5257f444024ffabc785e83ee1d5d9932243d95b14371,county sum or count of HCD APR Table A records,HCD APR application-stage administrative data aggregated to county.,comparable_within_series
housing_applications,sb35_application_records,Application records submitted under SB 35,06081,San Mateo,2020,2020-12-31,annual,0.0,records,CA_HCD_APR_TABLE_A,HCD-APR-TABLE-A-2020-portal-current,2026-08-10T17:11:13Z,11aa51318922cdb7f838c55d1b07009fc196e7fe46ea39c1222e20a86c988429,county sum or count of HCD APR Table A records,HCD APR application-stage administrative data aggregated to county.,comparable_within_series
housing_applications,sb35_application_records,Application records submitted under SB 35,06081,San Mateo,2021,2021-12-31,annual,0.0,records,CA_HCD_APR_TABLE_A,HCD-APR-TABLE-A-2021-portal-current,2026-08-10T17:11:13Z,97ab0c3387bdf49a07720594cb3ea612a85aca39503f8ca9f0c9c0af8e800bda,county sum or count of HCD APR Table A records,HCD APR application-stage administrative data aggregated to county.,comparable_within_series
housing_applications,sb35_application_records,Application records submitted under SB 35,06081,San Mateo,2022,2022-12-31,annual,0.0,records,CA_HCD_APR_TABLE_A,HCD-APR-TABLE-A-2022-portal-current,2026-08-10T17:11:13Z,1bca81f3a972f3d1eced27a3e2fdf4268fc4f1031af1dd0698cbf39fa018fb04,county sum or count of HCD APR Table A records,HCD APR application-stage administrative data aggregated to county.,comparable_within_series
housing_applications,sb35_application_records,Application records submitted under SB 35,06081,San Mateo,2023,2023-12-31,annual,0.0,records,CA_HCD_APR_TABLE_A,HCD-APR-TABLE-A-2023-portal-current,2026-08-10T17:11:13Z,1b140c61910e1eb3a1b01eb1837038d4a59ca05ac73198496fd1b3d77823f8c8,county sum or count of HCD APR Table A records,HCD APR application-stage administrative data aggregated to county.,comparable_within_series
housing_applications,sb35_application_records,Application records submitted under SB 35,06081,San Mateo,2024,2024-12-31,annual,0.0,records,CA_HCD_APR_TABLE_A,HCD-APR-TABLE-A-2024-portal-current,2026-08-10T17:11:13Z,0d33c498629bfd21f3b9707fd1c4810fcb4fd6d8542c25aec64360305c105d2f,county sum or count of HCD APR Table A records,HCD APR application-stage administrative data aggregated to county.,comparable_within_series
housing_applications,sb35_application_records,Application records submitted under SB 35,06081,San Mateo,2025,2025-12-31,annual,0.0,records,CA_HCD_APR_TABLE_A,HCD-APR-TABLE-A-2025-portal-current,2026-08-10T17:11:13Z,bec330a57d4f495f88b52cfed29d66223ec2d61b4ca4ae2e3feeef22faf62af2,county sum or count of HCD APR Table A records,HCD APR application-stage administrative data aggregated to county.,comparable_within_series
housing_applications,sb35_application_records,Application records submitted under SB 35,06085,Santa Clara,2018,2018-12-31,annual,0.0,records,CA_HCD_APR_TABLE_A,HCD-APR-TABLE-A-2018-portal-current,2026-08-10T17:11:13Z,c5cee4fbdeba70dfa06045e45ea217a2aca9e0594fe6a2da9144529a1cc1bc25,county sum or count of HCD APR Table A records,HCD APR application-stage administrative data aggregated to county.,comparable_within_series
housing_applications,sb35_application_records,Application records submitted under SB 35,06085,Santa Clara,2019,2019-12-31,annual,0.0,records,CA_HCD_APR_TABLE_A,HCD-APR-TABLE-A-2019-portal-current,2026-08-10T17:11:13Z,6f24c832cc9b927766fa5257f444024ffabc785e83ee1d5d9932243d95b14371,county sum or count of HCD APR Table A records,HCD APR application-stage administrative data aggregated to county.,comparable_within_series
housing_applications,sb35_application_records,Application records submitted under SB 35,06085,Santa Clara,2020,2020-12-31,annual,0.0,records,CA_HCD_APR_TABLE_A,HCD-APR-TABLE-A-2020-portal-current,2026-08-10T17:11:13Z,11aa51318922cdb7f838c55d1b07009fc196e7fe46ea39c1222e20a86c988429,county sum or count of HCD APR Table A records,HCD APR application-stage administrative data aggregated to county.,comparable_within_series
housing_applications,sb35_application_records,Application records submitted under SB 35,06085,Santa Clara,2021,2021-12-31,annual,0.0,records,CA_HCD_APR_TABLE_A,HCD-APR-TABLE-A-2021-portal-current,2026-08-10T17:11:13Z,97ab0c3387bdf49a07720594cb3ea612a85aca39503f8ca9f0c9c0af8e800bda,county sum or count of HCD APR Table A records,HCD APR application-stage administrative data aggregated to county.,comparable_within_series
housing_applications,sb35_application_records,Application records submitted under SB 35,06085,Santa Clara,2022,2022-12-31,annual,0.0,records,CA_HCD_APR_TABLE_A,HCD-APR-TABLE-A-2022-portal-current,2026-08-10T17:11:13Z,1bca81f3a972f3d1eced27a3e2fdf4268fc4f1031af1dd0698cbf39fa018fb04,county sum or count of HCD APR Table A records,HCD APR application-stage administrative data aggregated to county.,comparable_within_series
housing_applications,sb35_application_records,Application records submitted under SB 35,06085,Santa Clara,2023,2023-12-31,annual,0.0,records,CA_HCD_APR_TABLE_A,HCD-APR-TABLE-A-2023-portal-current,2026-08-10T17:11:13Z,1b140c61910e1eb3a1b01eb1837038d4a59ca05ac73198496fd1b3d77823f8c8,county sum or count of HCD APR Table A records,HCD APR application-stage administrative data aggregated to county.,comparable_within_series
housing_applications,sb35_application_records,Application records submitted under SB 35,06085,Santa Clara,2024,2024-12-31,annual,0.0,records,CA_HCD_APR_TABLE_A,HCD-APR-TABLE-A-2024-portal-current,2026-08-10T17:11:13Z,0d33c498629bfd21f3b9707fd1c4810fcb4fd6d8542c25aec64360305c105d2f,county sum or count of HCD APR Table A records,HCD APR application-stage administrative data aggregated to county.,comparable_within_series
housing_applications,sb35_application_records,Application records submitted under SB 35,06085,Santa Clara,2025,2025-12-31,annual,0.0,records,CA_HCD_APR_TABLE_A,HCD-APR-TABLE-A-2025-portal-current,2026-08-10T17:11:13Z,bec330a57d4f495f88b52cfed29d66223ec2d61b4ca4ae2e3feeef22faf62af2,county sum or count of HCD APR Table A records,HCD APR application-stage administrative data aggregated to county.,comparable_within_series
housing_applications,sb35_application_records,Application records submitted under SB 35,06095,Solano,2018,2018-12-31,annual,0.0,records,CA_HCD_APR_TABLE_A,HCD-APR-TABLE-A-2018-portal-current,2026-08-10T17:11:13Z,c5cee4fbdeba70dfa06045e45ea217a2aca9e0594fe6a2da9144529a1cc1bc25,county sum or count of HCD APR Table A records,HCD APR application-stage administrative data aggregated to county.,comparable_within_series
housing_applications,sb35_application_records,Application records submitted under SB 35,06095,Solano,2019,2019-12-31,annual,0.0,records,CA_HCD_APR_TABLE_A,HCD-APR-TABLE-A-2019-portal-current,2026-08-10T17:11:13Z,6f24c832cc9b927766fa5257f444024ffabc785e83ee1d5d9932243d95b14371,county sum or count of HCD APR Table A records,HCD APR application-stage administrative data aggregated to county.,comparable_within_series
housing_applications,sb35_application_records,Application records submitted under SB 35,06095,Solano,2020,2020-12-31,annual,0.0,records,CA_HCD_APR_TABLE_A,HCD-APR-TABLE-A-2020-portal-current,2026-08-10T17:11:13Z,11aa51318922cdb7f838c55d1b07009fc196e7fe46ea39c1222e20a86c988429,county sum or count of HCD APR Table A records,HCD APR application-stage administrative data aggregated to county.,comparable_within_series
housing_applications,sb35_application_records,Application records submitted under SB 35,06095,Solano,2021,2021-12-31,annual,0.0,records,CA_HCD_APR_TABLE_A,HCD-APR-TABLE-A-2021-portal-current,2026-08-10T17:11:13Z,97ab0c3387bdf49a07720594cb3ea612a85aca39503f8ca9f0c9c0af8e800bda,county sum or count of HCD APR Table A records,HCD APR application-stage administrative data aggregated to county.,comparable_within_series
housing_applications,sb35_application_records,Application records submitted under SB 35,06095,Solano,2022,2022-12-31,annual,0.0,records,CA_HCD_APR_TABLE_A,HCD-APR-TABLE-A-2022-portal-current,2026-08-10T17:11:13Z,1bca81f3a972f3d1eced27a3e2fdf4268fc4f1031af1dd0698cbf39fa018fb04,county sum or count of HCD APR Table A records,HCD APR application-stage administrative data aggregated to county.,comparable_within_series
housing_applications,sb35_application_records,Application records submitted under SB 35,06095,Solano,2023,2023-12-31,annual,0.0,records,CA_HCD_APR_TABLE_A,HCD-APR-TABLE-A-2023-portal-current,2026-08-10T17:11:13Z,1b140c61910e1eb3a1b01eb1837038d4a59ca05ac73198496fd1b3d77823f8c8,county sum or count of HCD APR Table A records,HCD APR application-stage administrative data aggregated to county.,comparable_within_series
housing_applications,sb35_application_records,Application records submitted under SB 35,06095,Solano,2024,2024-12-31,annual,0.0,records,CA_HCD_APR_TABLE_A,HCD-APR-TABLE-A-2024-portal-current,2026-08-10T17:11:13Z,0d33c498629bfd21f3b9707fd1c4810fcb4fd6d8542c25aec64360305c105d2f,county sum or count of HCD APR Table A records,HCD APR application-stage administrative data aggregated to county.,comparable_within_series
housing_applications,sb35_application_records,Application records submitted under SB 35,06095,Solano,2025,2025-12-31,annual,0.0,records,CA_HCD_APR_TABLE_A,HCD-APR-TABLE-A-2025-portal-current,2026-08-10T17:11:13Z,bec330a57d4f495f88b52cfed29d66223ec2d61b4ca4ae2e3feeef22faf62af2,county sum or count of HCD APR Table A records,HCD APR application-stage administrative data aggregated to county.,comparable_within_series
housing_applications,sb35_application_records,Application records submitted under SB 35,06097,Sonoma,2018,2018-12-31,annual,0.0,records,CA_HCD_APR_TABLE_A,HCD-APR-TABLE-A-2018-portal-current,2026-08-10T17:11:13Z,c5cee4fbdeba70dfa06045e45ea217a2aca9e0594fe6a2da9144529a1cc1bc25,county sum or count of HCD APR Table A records,HCD APR application-stage administrative data aggregated to county.,comparable_within_series
housing_applications,sb35_application_records,Application records submitted under SB 35,06097,Sonoma,2019,2019-12-31,annual,0.0,records,CA_HCD_APR_TABLE_A,HCD-APR-TABLE-A-2019-portal-current,2026-08-10T17:11:13Z,6f24c832cc9b927766fa5257f444024ffabc785e83ee1d5d9932243d95b14371,county sum or count of HCD APR Table A records,HCD APR application-stage administrative data aggregated to county.,comparable_within_series
housing_applications,sb35_application_records,Application records submitted under SB 35,06097,Sonoma,2020,2020-12-31,annual,0.0,records,CA_HCD_APR_TABLE_A,HCD-APR-TABLE-A-2020-portal-current,2026-08-10T17:11:13Z,11aa51318922cdb7f838c55d1b07009fc196e7fe46ea39c1222e20a86c988429,county sum or count of HCD APR Table A records,HCD APR application-stage administrative data aggregated to county.,comparable_within_series
housing_applications,sb35_application_records,Application records submitted under SB 35,06097,Sonoma,2021,2021-12-31,annual,0.0,records,CA_HCD_APR_TABLE_A,HCD-APR-TABLE-A-2021-portal-current,2026-08-10T17:11:13Z,97ab0c3387bdf49a07720594cb3ea612a85aca39503f8ca9f0c9c0af8e800bda,county sum or count of HCD APR Table A records,HCD APR application-stage administrative data aggregated to county.,comparable_within_series
housing_applications,sb35_application_records,Application records submitted under SB 35,06097,Sonoma,2022,2022-12-31,annual,0.0,records,CA_HCD_APR_TABLE_A,HCD-APR-TABLE-A-2022-portal-current,2026-08-10T17:11:13Z,1bca81f3a972f3d1eced27a3e2fdf4268fc4f1031af1dd0698cbf39fa018fb04,county sum or count of HCD APR Table A records,HCD APR application-stage administrative data aggregated to county.,comparable_within_series
housing_applications,sb35_application_records,Application records submitted under SB 35,06097,Sonoma,2023,2023-12-31,annual,0.0,records,CA_HCD_APR_TABLE_A,HCD-APR-TABLE-A-2023-portal-current,2026-08-10T17:11:13Z,1b140c61910e1eb3a1b01eb1837038d4a59ca05ac73198496fd1b3d77823f8c8,county sum or count of HCD APR Table A records,HCD APR application-stage administrative data aggregated to county.,comparable_within_series
housing_applications,sb35_application_records,Application records submitted under SB 35,06097,Sonoma,2024,2024-12-31,annual,0.0,records,CA_HCD_APR_TABLE_A,HCD-APR-TABLE-A-2024-portal-current,2026-08-10T17:11:13Z,0d33c498629bfd21f3b9707fd1c4810fcb4fd6d8542c25aec64360305c105d2f,county sum or count of HCD APR Table A records,HCD APR application-stage administrative data aggregated to county.,comparable_within_series
housing_applications,sb35_application_records,Application records submitted under SB 35,06097,Sonoma,2025,2025-12-31,annual,0.0,records,CA_HCD_APR_TABLE_A,HCD-APR-TABLE-A-2025-portal-current,2026-08-10T17:11:13Z,bec330a57d4f495f88b52cfed29d66223ec2d61b4ca4ae2e3feeef22faf62af2,county sum or count of HCD APR Table A records,HCD APR application-stage administrative data aggregated to county.,comparable_within_series
housing_element_compliance,housing_element_compliance_share_pct,Share of housing elements in compliance,06001,Alameda,2026-08-10,2026-08-10,current status snapshot,100.0,percent,CA_HCD_HOUSING_ELEMENT_COMPLIANCE,HCD-housing-element-compliance-2026-08-10,2026-08-10T17:11:13Z,7086fb1e283e04d591126b6aa8cdb78646fb3839e9ac5978f4c3284d2a2c14c0,jurisdictions with HCD compliance status In / all county jurisdictions * 100,Current administrative status can change between refreshes; this is not a historical compliance series.,current_status_snapshot
housing_element_compliance,housing_element_compliance_share_pct,Share of housing elements in compliance,06013,Contra Costa,2026-08-10,2026-08-10,current status snapshot,100.0,percent,CA_HCD_HOUSING_ELEMENT_COMPLIANCE,HCD-housing-element-compliance-2026-08-10,2026-08-10T17:11:13Z,7086fb1e283e04d591126b6aa8cdb78646fb3839e9ac5978f4c3284d2a2c14c0,jurisdictions with HCD compliance status In / all county jurisdictions * 100,Current administrative status can change between refreshes; this is not a historical compliance series.,current_status_snapshot
housing_element_compliance,housing_element_compliance_share_pct,Share of housing elements in compliance,06041,Marin,2026-08-10,2026-08-10,current status snapshot,100.0,percent,CA_HCD_HOUSING_ELEMENT_COMPLIANCE,HCD-housing-element-compliance-2026-08-10,2026-08-10T17:11:13Z,7086fb1e283e04d591126b6aa8cdb78646fb3839e9ac5978f4c3284d2a2c14c0,jurisdictions with HCD compliance status In / all county jurisdictions * 100,Current administrative status can change between refreshes; this is not a historical compliance series.,current_status_snapshot
housing_element_compliance,housing_element_compliance_share_pct,Share of housing elements in compliance,06055,Napa,2026-08-10,2026-08-10,current status snapshot,100.0,percent,CA_HCD_HOUSING_ELEMENT_COMPLIANCE,HCD-housing-element-compliance-2026-08-10,2026-08-10T17:11:13Z,7086fb1e283e04d591126b6aa8cdb78646fb3839e9ac5978f4c3284d2a2c14c0,jurisdictions with HCD compliance status In / all county jurisdictions * 100,Current administrative status can change between refreshes; this is not a historical compliance series.,current_status_snapshot
housing_element_compliance,housing_element_compliance_share_pct,Share of housing elements in compliance,06075,San Francisco,2026-08-10,2026-08-10,current status snapshot,100.0,percent,CA_HCD_HOUSING_ELEMENT_COMPLIANCE,HCD-housing-element-compliance-2026-08-10,2026-08-10T17:11:13Z,7086fb1e283e04d591126b6aa8cdb78646fb3839e9ac5978f4c3284d2a2c14c0,jurisdictions with HCD compliance status In / all county jurisdictions * 100,Current administrative status can change between refreshes; this is not a historical compliance series.,current_status_snapshot
housing_element_compliance,housing_element_compliance_share_pct,Share of housing elements in compliance,06081,San Mateo,2026-08-10,2026-08-10,current status snapshot,90.47619047619048,percent,CA_HCD_HOUSING_ELEMENT_COMPLIANCE,HCD-housing-element-compliance-2026-08-10,2026-08-10T17:11:13Z,7086fb1e283e04d591126b6aa8cdb78646fb3839e9ac5978f4c3284d2a2c14c0,jurisdictions with HCD compliance status In / all county jurisdictions * 100,Current administrative status can change between refreshes; this is not a historical compliance series.,current_status_snapshot
housing_element_compliance,housing_element_compliance_share_pct,Share of housing elements in compliance,06085,Santa Clara,2026-08-10,2026-08-10,current status snapshot,100.0,percent,CA_HCD_HOUSING_ELEMENT_COMPLIANCE,HCD-housing-element-compliance-2026-08-10,2026-08-10T17:11:13Z,7086fb1e283e04d591126b6aa8cdb78646fb3839e9ac5978f4c3284d2a2c14c0,jurisdictions with HCD compliance status In / all county jurisdictions * 100,Current administrative status can change between refreshes; this is not a historical compliance series.,current_status_snapshot
housing_element_compliance,housing_element_compliance_share_pct,Share of housing elements in compliance,06095,Solano,2026-08-10,2026-08-10,current status snapshot,100.0,percent,CA_HCD_HOUSING_ELEMENT_COMPLIANCE,HCD-housing-element-compliance-2026-08-10,2026-08-10T17:11:13Z,7086fb1e283e04d591126b6aa8cdb78646fb3839e9ac5978f4c3284d2a2c14c0,jurisdictions with HCD compliance status In / all county jurisdictions * 100,Current administrative status can change between refreshes; this is not a historical compliance series.,current_status_snapshot
housing_element_compliance,housing_element_compliance_share_pct,Share of housing elements in compliance,06097,Sonoma,2026-08-10,2026-08-10,current status snapshot,100.0,percent,CA_HCD_HOUSING_ELEMENT_COMPLIANCE,HCD-housing-element-compliance-2026-08-10,2026-08-10T17:11:13Z,7086fb1e283e04d591126b6aa8cdb78646fb3839e9ac5978f4c3284d2a2c14c0,jurisdictions with HCD compliance status In / all county jurisdictions * 100,Current administrative status can change between refreshes; this is not a historical compliance series.,current_status_snapshot
housing_element_compliance,housing_element_jurisdictions,Housing-element jurisdictions,06001,Alameda,2026-08-10,2026-08-10,current status snapshot,15,jurisdictions,CA_HCD_HOUSING_ELEMENT_COMPLIANCE,HCD-housing-element-compliance-2026-08-10,2026-08-10T17:11:13Z,7086fb1e283e04d591126b6aa8cdb78646fb3839e9ac5978f4c3284d2a2c14c0,count of current HCD compliance records,Current administrative status can change between refreshes; this is not a historical compliance series.,current_status_snapshot
housing_element_compliance,housing_element_jurisdictions,Housing-element jurisdictions,06013,Contra Costa,2026-08-10,2026-08-10,current status snapshot,20,jurisdictions,CA_HCD_HOUSING_ELEMENT_COMPLIANCE,HCD-housing-element-compliance-2026-08-10,2026-08-10T17:11:13Z,7086fb1e283e04d591126b6aa8cdb78646fb3839e9ac5978f4c3284d2a2c14c0,count of current HCD compliance records,Current administrative status can change between refreshes; this is not a historical compliance series.,current_status_snapshot
housing_element_compliance,housing_element_jurisdictions,Housing-element jurisdictions,06041,Marin,2026-08-10,2026-08-10,current status snapshot,12,jurisdictions,CA_HCD_HOUSING_ELEMENT_COMPLIANCE,HCD-housing-element-compliance-2026-08-10,2026-08-10T17:11:13Z,7086fb1e283e04d591126b6aa8cdb78646fb3839e9ac5978f4c3284d2a2c14c0,count of current HCD compliance records,Current administrative status can change between refreshes; this is not a historical compliance series.,current_status_snapshot
housing_element_compliance,housing_element_jurisdictions,Housing-element jurisdictions,06055,Napa,2026-08-10,2026-08-10,current status snapshot,6,jurisdictions,CA_HCD_HOUSING_ELEMENT_COMPLIANCE,HCD-housing-element-compliance-2026-08-10,2026-08-10T17:11:13Z,7086fb1e283e04d591126b6aa8cdb78646fb3839e9ac5978f4c3284d2a2c14c0,count of current HCD compliance records,Current administrative status can change between refreshes; this is not a historical compliance series.,current_status_snapshot
housing_element_compliance,housing_element_jurisdictions,Housing-element jurisdictions,06075,San Francisco,2026-08-10,2026-08-10,current status snapshot,1,jurisdictions,CA_HCD_HOUSING_ELEMENT_COMPLIANCE,HCD-housing-element-compliance-2026-08-10,2026-08-10T17:11:13Z,7086fb1e283e04d591126b6aa8cdb78646fb3839e9ac5978f4c3284d2a2c14c0,count of current HCD compliance records,Current administrative status can change between refreshes; this is not a historical compliance series.,current_status_snapshot
housing_element_compliance,housing_element_jurisdictions,Housing-element jurisdictions,06081,San Mateo,2026-08-10,2026-08-10,current status snapshot,21,jurisdictions,CA_HCD_HOUSING_ELEMENT_COMPLIANCE,HCD-housing-element-compliance-2026-08-10,2026-08-10T17:11:13Z,7086fb1e283e04d591126b6aa8cdb78646fb3839e9ac5978f4c3284d2a2c14c0,count of current HCD compliance records,Current administrative status can change between refreshes; this is not a historical compliance series.,current_status_snapshot
housing_element_compliance,housing_element_jurisdictions,Housing-element jurisdictions,06085,Santa Clara,2026-08-10,2026-08-10,current status snapshot,16,jurisdictions,CA_HCD_HOUSING_ELEMENT_COMPLIANCE,HCD-housing-element-compliance-2026-08-10,2026-08-10T17:11:13Z,7086fb1e283e04d591126b6aa8cdb78646fb3839e9ac5978f4c3284d2a2c14c0,count of current HCD compliance records,Current administrative status can change between refreshes; this is not a historical compliance series.,current_status_snapshot
housing_element_compliance,housing_element_jurisdictions,Housing-element jurisdictions,06095,Solano,2026-08-10,2026-08-10,current status snapshot,8,jurisdictions,CA_HCD_HOUSING_ELEMENT_COMPLIANCE,HCD-housing-element-compliance-2026-08-10,2026-08-10T17:11:13Z,7086fb1e283e04d591126b6aa8cdb78646fb3839e9ac5978f4c3284d2a2c14c0,count of current HCD compliance records,Current administrative status can change between refreshes; this is not a historical compliance series.,current_status_snapshot
housing_element_compliance,housing_element_jurisdictions,Housing-element jurisdictions,06097,Sonoma,2026-08-10,2026-08-10,current status snapshot,10,jurisdictions,CA_HCD_HOUSING_ELEMENT_COMPLIANCE,HCD-housing-element-compliance-2026-08-10,2026-08-10T17:11:13Z,7086fb1e283e04d591126b6aa8cdb78646fb3839e9ac5978f4c3284d2a2c14c0,count of current HCD compliance records,Current administrative status can change between refreshes; this is not a historical compliance series.,current_status_snapshot
housing_element_compliance,housing_elements_in_compliance,Housing elements in compliance,06001,Alameda,2026-08-10,2026-08-10,current status snapshot,15,jurisdictions,CA_HCD_HOUSING_ELEMENT_COMPLIANCE,HCD-housing-element-compliance-2026-08-10,2026-08-10T17:11:13Z,7086fb1e283e04d591126b6aa8cdb78646fb3839e9ac5978f4c3284d2a2c14c0,count of current HCD compliance records,Current administrative status can change between refreshes; this is not a historical compliance series.,current_status_snapshot
housing_element_compliance,housing_elements_in_compliance,Housing elements in compliance,06013,Contra Costa,2026-08-10,2026-08-10,current status snapshot,20,jurisdictions,CA_HCD_HOUSING_ELEMENT_COMPLIANCE,HCD-housing-element-compliance-2026-08-10,2026-08-10T17:11:13Z,7086fb1e283e04d591126b6aa8cdb78646fb3839e9ac5978f4c3284d2a2c14c0,count of current HCD compliance records,Current administrative status can change between refreshes; this is not a historical compliance series.,current_status_snapshot
housing_element_compliance,housing_elements_in_compliance,Housing elements in compliance,06041,Marin,2026-08-10,2026-08-10,current status snapshot,12,jurisdictions,CA_HCD_HOUSING_ELEMENT_COMPLIANCE,HCD-housing-element-compliance-2026-08-10,2026-08-10T17:11:13Z,7086fb1e283e04d591126b6aa8cdb78646fb3839e9ac5978f4c3284d2a2c14c0,count of current HCD compliance records,Current administrative status can change between refreshes; this is not a historical compliance series.,current_status_snapshot
housing_element_compliance,housing_elements_in_compliance,Housing elements in compliance,06055,Napa,2026-08-10,2026-08-10,current status snapshot,6,jurisdictions,CA_HCD_HOUSING_ELEMENT_COMPLIANCE,HCD-housing-element-compliance-2026-08-10,2026-08-10T17:11:13Z,7086fb1e283e04d591126b6aa8cdb78646fb3839e9ac5978f4c3284d2a2c14c0,count of current HCD compliance records,Current administrative status can change between refreshes; this is not a historical compliance series.,current_status_snapshot
housing_element_compliance,housing_elements_in_compliance,Housing elements in compliance,06075,San Francisco,2026-08-10,2026-08-10,current status snapshot,1,jurisdictions,CA_HCD_HOUSING_ELEMENT_COMPLIANCE,HCD-housing-element-compliance-2026-08-10,2026-08-10T17:11:13Z,7086fb1e283e04d591126b6aa8cdb78646fb3839e9ac5978f4c3284d2a2c14c0,count of current HCD compliance records,Current administrative status can change between refreshes; this is not a historical compliance series.,current_status_snapshot
housing_element_compliance,housing_elements_in_compliance,Housing elements in compliance,06081,San Mateo,2026-08-10,2026-08-10,current status snapshot,19,jurisdictions,CA_HCD_HOUSING_ELEMENT_COMPLIANCE,HCD-housing-element-compliance-2026-08-10,2026-08-10T17:11:13Z,7086fb1e283e04d591126b6aa8cdb78646fb3839e9ac5978f4c3284d2a2c14c0,count of current HCD compliance records,Current administrative status can change between refreshes; this is not a historical compliance series.,current_status_snapshot
housing_element_compliance,housing_elements_in_compliance,Housing elements in compliance,06085,Santa Clara,2026-08-10,2026-08-10,current status snapshot,16,jurisdictions,CA_HCD_HOUSING_ELEMENT_COMPLIANCE,HCD-housing-element-compliance-2026-08-10,2026-08-10T17:11:13Z,7086fb1e283e04d591126b6aa8cdb78646fb3839e9ac5978f4c3284d2a2c14c0,count of current HCD compliance records,Current administrative status can change between refreshes; this is not a historical compliance series.,current_status_snapshot
housing_element_compliance,housing_elements_in_compliance,Housing elements in compliance,06095,Solano,2026-08-10,2026-08-10,current status snapshot,8,jurisdictions,CA_HCD_HOUSING_ELEMENT_COMPLIANCE,HCD-housing-element-compliance-2026-08-10,2026-08-10T17:11:13Z,7086fb1e283e04d591126b6aa8cdb78646fb3839e9ac5978f4c3284d2a2c14c0,count of current HCD compliance records,Current administrative status can change between refreshes; this is not a historical compliance series.,current_status_snapshot
housing_element_compliance,housing_elements_in_compliance,Housing elements in compliance,06097,Sonoma,2026-08-10,2026-08-10,current status snapshot,10,jurisdictions,CA_HCD_HOUSING_ELEMENT_COMPLIANCE,HCD-housing-element-compliance-2026-08-10,2026-08-10T17:11:13Z,7086fb1e283e04d591126b6aa8cdb78646fb3839e9ac5978f4c3284d2a2c14c0,count of current HCD compliance records,Current administrative status can change between refreshes; this is not a historical compliance series.,current_status_snapshot
housing_element_compliance,housing_elements_out_of_compliance,Housing elements out of compliance,06001,Alameda,2026-08-10,2026-08-10,current status snapshot,0,jurisdictions,CA_HCD_HOUSING_ELEMENT_COMPLIANCE,HCD-housing-element-compliance-2026-08-10,2026-08-10T17:11:13Z,7086fb1e283e04d591126b6aa8cdb78646fb3839e9ac5978f4c3284d2a2c14c0,count of current HCD compliance records,Current administrative status can change between refreshes; this is not a historical compliance series.,current_status_snapshot
housing_element_compliance,housing_elements_out_of_compliance,Housing elements out of compliance,06013,Contra Costa,2026-08-10,2026-08-10,current status snapshot,0,jurisdictions,CA_HCD_HOUSING_ELEMENT_COMPLIANCE,HCD-housing-element-compliance-2026-08-10,2026-08-10T17:11:13Z,7086fb1e283e04d591126b6aa8cdb78646fb3839e9ac5978f4c3284d2a2c14c0,count of current HCD compliance records,Current administrative status can change between refreshes; this is not a historical compliance series.,current_status_snapshot
housing_element_compliance,housing_elements_out_of_compliance,Housing elements out of compliance,06041,Marin,2026-08-10,2026-08-10,current status snapshot,0,jurisdictions,CA_HCD_HOUSING_ELEMENT_COMPLIANCE,HCD-housing-element-compliance-2026-08-10,2026-08-10T17:11:13Z,7086fb1e283e04d591126b6aa8cdb78646fb3839e9ac5978f4c3284d2a2c14c0,count of current HCD compliance records,Current administrative status can change between refreshes; this is not a historical compliance series.,current_status_snapshot
housing_element_compliance,housing_elements_out_of_compliance,Housing elements out of compliance,06055,Napa,2026-08-10,2026-08-10,current status snapshot,0,jurisdictions,CA_HCD_HOUSING_ELEMENT_COMPLIANCE,HCD-housing-element-compliance-2026-08-10,2026-08-10T17:11:13Z,7086fb1e283e04d591126b6aa8cdb78646fb3839e9ac5978f4c3284d2a2c14c0,count of current HCD compliance records,Current administrative status can change between refreshes; this is not a historical compliance series.,current_status_snapshot
housing_element_compliance,housing_elements_out_of_compliance,Housing elements out of compliance,06075,San Francisco,2026-08-10,2026-08-10,current status snapshot,0,jurisdictions,CA_HCD_HOUSING_ELEMENT_COMPLIANCE,HCD-housing-element-compliance-2026-08-10,2026-08-10T17:11:13Z,7086fb1e283e04d591126b6aa8cdb78646fb3839e9ac5978f4c3284d2a2c14c0,count of current HCD compliance records,Current administrative status can change between refreshes; this is not a historical compliance series.,current_status_snapshot
housing_element_compliance,housing_elements_out_of_compliance,Housing elements out of compliance,06081,San Mateo,2026-08-10,2026-08-10,current status snapshot,2,jurisdictions,CA_HCD_HOUSING_ELEMENT_COMPLIANCE,HCD-housing-element-compliance-2026-08-10,2026-08-10T17:11:13Z,7086fb1e283e04d591126b6aa8cdb78646fb3839e9ac5978f4c3284d2a2c14c0,count of current HCD compliance records,Current administrative status can change between refreshes; this is not a historical compliance series.,current_status_snapshot
housing_element_compliance,housing_elements_out_of_compliance,Housing elements out of compliance,06085,Santa Clara,2026-08-10,2026-08-10,current status snapshot,0,jurisdictions,CA_HCD_HOUSING_ELEMENT_COMPLIANCE,HCD-housing-element-compliance-2026-08-10,2026-08-10T17:11:13Z,7086fb1e283e04d591126b6aa8cdb78646fb3839e9ac5978f4c3284d2a2c14c0,count of current HCD compliance records,Current administrative status can change between refreshes; this is not a historical compliance series.,current_status_snapshot
housing_element_compliance,housing_elements_out_of_compliance,Housing elements out of compliance,06095,Solano,2026-08-10,2026-08-10,current status snapshot,0,jurisdictions,CA_HCD_HOUSING_ELEMENT_COMPLIANCE,HCD-housing-element-compliance-2026-08-10,2026-08-10T17:11:13Z,7086fb1e283e04d591126b6aa8cdb78646fb3839e9ac5978f4c3284d2a2c14c0,count of current HCD compliance records,Current administrative status can change between refreshes; this is not a historical compliance series.,current_status_snapshot
housing_element_compliance,housing_elements_out_of_compliance,Housing elements out of compliance,06097,Sonoma,2026-08-10,2026-08-10,current status snapshot,0,jurisdictions,CA_HCD_HOUSING_ELEMENT_COMPLIANCE,HCD-housing-element-compliance-2026-08-10,2026-08-10T17:11:13Z,7086fb1e283e04d591126b6aa8cdb78646fb3839e9ac5978f4c3284d2a2c14c0,count of current HCD compliance records,Current administrative status can change between refreshes; this is not a historical compliance series.,current_status_snapshot
permitting_timelines,deterministically_matched_projects,Deterministically matched projects,06001,Alameda,2018-2025 matched records,2025-12-31,multi-year matched-project summary,5997,projects,CA_HCD_APR_TABLE_A;CA_HCD_APR_TABLE_A2,HCD-APR-TABLE-A-2018-portal-current;HCD-APR-TABLE-A-2019-portal-current;HCD-APR-TABLE-A-2020-portal-current;HCD-APR-TABLE-A-2021-portal-current;HCD-APR-TABLE-A-2022-portal-current;HCD-APR-TABLE-A-2023-portal-current;HCD-APR-TABLE-A-2024-portal-current;HCD-APR-TABLE-A-2025-portal-current;HCD-APR-TABLE-A2-2018-portal-current;HCD-APR-TABLE-A2-2019-portal-current;HCD-APR-TABLE-A2-2020-portal-current;HCD-APR-TABLE-A2-2021-portal-current;HCD-APR-TABLE-A2-2022-portal-current;HCD-APR-TABLE-A2-2023-portal-current;HCD-APR-TABLE-A2-2024-portal-current;HCD-APR-TABLE-A2-2025-portal-current,2026-08-10T17:11:13Z,c5cee4fbdeba70dfa06045e45ea217a2aca9e0594fe6a2da9144529a1cc1bc25;6f24c832cc9b927766fa5257f444024ffabc785e83ee1d5d9932243d95b14371;11aa51318922cdb7f838c55d1b07009fc196e7fe46ea39c1222e20a86c988429;97ab0c3387bdf49a07720594cb3ea612a85aca39503f8ca9f0c9c0af8e800bda;1bca81f3a972f3d1eced27a3e2fdf4268fc4f1031af1dd0698cbf39fa018fb04;1b140c61910e1eb3a1b01eb1837038d4a59ca05ac73198496fd1b3d77823f8c8;0d33c498629bfd21f3b9707fd1c4810fcb4fd6d8542c25aec64360305c105d2f;bec330a57d4f495f88b52cfed29d66223ec2d61b4ca4ae2e3feeef22faf62af2;2eda34f589a502ed96d65bbdc8ce37cfa225aedf755805a5453eb8c40e926d43;2909761266532f15be992976ff4f8ac5e86198994135f5fd6e17f4930c1de8f6;dd5239737a286de14f0cb94cb934e788a2734baa54fafb493cc326ab118f98e2;5a78db14b37ff087cca9b8e7ae1d939130ba7789dbd8be26558670e88d809950;60556989c07686cc4af51409c4e0761edc273bafa18a65e6a0c4fdc3ac96c4cc;d5a42e856f7a486094b1a52da7413fa582d45472ab18a6ae572bba1930a8069c;efedc570ed4198bb4143b012c1926c817a047bd23278b2b2b19270889b52d13b;e5e85e9677a374bd30beeeb7848a802f790f9425b78fe84c0ef8096e2394b297,count of high-confidence exact identifier matches,Coverage is published with the medians; unmatched records are not imputed.,coverage_diagnostic
permitting_timelines,deterministically_matched_projects,Deterministically matched projects,06013,Contra Costa,2018-2025 matched records,2025-12-31,multi-year matched-project summary,3268,projects,CA_HCD_APR_TABLE_A;CA_HCD_APR_TABLE_A2,HCD-APR-TABLE-A-2018-portal-current;HCD-APR-TABLE-A-2019-portal-current;HCD-APR-TABLE-A-2020-portal-current;HCD-APR-TABLE-A-2021-portal-current;HCD-APR-TABLE-A-2022-portal-current;HCD-APR-TABLE-A-2023-portal-current;HCD-APR-TABLE-A-2024-portal-current;HCD-APR-TABLE-A-2025-portal-current;HCD-APR-TABLE-A2-2018-portal-current;HCD-APR-TABLE-A2-2019-portal-current;HCD-APR-TABLE-A2-2020-portal-current;HCD-APR-TABLE-A2-2021-portal-current;HCD-APR-TABLE-A2-2022-portal-current;HCD-APR-TABLE-A2-2023-portal-current;HCD-APR-TABLE-A2-2024-portal-current;HCD-APR-TABLE-A2-2025-portal-current,2026-08-10T17:11:13Z,c5cee4fbdeba70dfa06045e45ea217a2aca9e0594fe6a2da9144529a1cc1bc25;6f24c832cc9b927766fa5257f444024ffabc785e83ee1d5d9932243d95b14371;11aa51318922cdb7f838c55d1b07009fc196e7fe46ea39c1222e20a86c988429;97ab0c3387bdf49a07720594cb3ea612a85aca39503f8ca9f0c9c0af8e800bda;1bca81f3a972f3d1eced27a3e2fdf4268fc4f1031af1dd0698cbf39fa018fb04;1b140c61910e1eb3a1b01eb1837038d4a59ca05ac73198496fd1b3d77823f8c8;0d33c498629bfd21f3b9707fd1c4810fcb4fd6d8542c25aec64360305c105d2f;bec330a57d4f495f88b52cfed29d66223ec2d61b4ca4ae2e3feeef22faf62af2;2eda34f589a502ed96d65bbdc8ce37cfa225aedf755805a5453eb8c40e926d43;2909761266532f15be992976ff4f8ac5e86198994135f5fd6e17f4930c1de8f6;dd5239737a286de14f0cb94cb934e788a2734baa54fafb493cc326ab118f98e2;5a78db14b37ff087cca9b8e7ae1d939130ba7789dbd8be26558670e88d809950;60556989c07686cc4af51409c4e0761edc273bafa18a65e6a0c4fdc3ac96c4cc;d5a42e856f7a486094b1a52da7413fa582d45472ab18a6ae572bba1930a8069c;efedc570ed4198bb4143b012c1926c817a047bd23278b2b2b19270889b52d13b;e5e85e9677a374bd30beeeb7848a802f790f9425b78fe84c0ef8096e2394b297,count of high-confidence exact identifier matches,Coverage is published with the medians; unmatched records are not imputed.,coverage_diagnostic
permitting_timelines,deterministically_matched_projects,Deterministically matched projects,06041,Marin,2018-2025 matched records,2025-12-31,multi-year matched-project summary,1761,projects,CA_HCD_APR_TABLE_A;CA_HCD_APR_TABLE_A2,HCD-APR-TABLE-A-2018-portal-current;HCD-APR-TABLE-A-2019-portal-current;HCD-APR-TABLE-A-2020-portal-current;HCD-APR-TABLE-A-2021-portal-current;HCD-APR-TABLE-A-2022-portal-current;HCD-APR-TABLE-A-2023-portal-current;HCD-APR-TABLE-A-2024-portal-current;HCD-APR-TABLE-A-2025-portal-current;HCD-APR-TABLE-A2-2018-portal-current;HCD-APR-TABLE-A2-2019-portal-current;HCD-APR-TABLE-A2-2020-portal-current;HCD-APR-TABLE-A2-2021-portal-current;HCD-APR-TABLE-A2-2022-portal-current;HCD-APR-TABLE-A2-2023-portal-current;HCD-APR-TABLE-A2-2024-portal-current;HCD-APR-TABLE-A2-2025-portal-current,2026-08-10T17:11:13Z,c5cee4fbdeba70dfa06045e45ea217a2aca9e0594fe6a2da9144529a1cc1bc25;6f24c832cc9b927766fa5257f444024ffabc785e83ee1d5d9932243d95b14371;11aa51318922cdb7f838c55d1b07009fc196e7fe46ea39c1222e20a86c988429;97ab0c3387bdf49a07720594cb3ea612a85aca39503f8ca9f0c9c0af8e800bda;1bca81f3a972f3d1eced27a3e2fdf4268fc4f1031af1dd0698cbf39fa018fb04;1b140c61910e1eb3a1b01eb1837038d4a59ca05ac73198496fd1b3d77823f8c8;0d33c498629bfd21f3b9707fd1c4810fcb4fd6d8542c25aec64360305c105d2f;bec330a57d4f495f88b52cfed29d66223ec2d61b4ca4ae2e3feeef22faf62af2;2eda34f589a502ed96d65bbdc8ce37cfa225aedf755805a5453eb8c40e926d43;2909761266532f15be992976ff4f8ac5e86198994135f5fd6e17f4930c1de8f6;dd5239737a286de14f0cb94cb934e788a2734baa54fafb493cc326ab118f98e2;5a78db14b37ff087cca9b8e7ae1d939130ba7789dbd8be26558670e88d809950;60556989c07686cc4af51409c4e0761edc273bafa18a65e6a0c4fdc3ac96c4cc;d5a42e856f7a486094b1a52da7413fa582d45472ab18a6ae572bba1930a8069c;efedc570ed4198bb4143b012c1926c817a047bd23278b2b2b19270889b52d13b;e5e85e9677a374bd30beeeb7848a802f790f9425b78fe84c0ef8096e2394b297,count of high-confidence exact identifier matches,Coverage is published with the medians; unmatched records are not imputed.,coverage_diagnostic
permitting_timelines,deterministically_matched_projects,Deterministically matched projects,06055,Napa,2018-2025 matched records,2025-12-31,multi-year matched-project summary,426,projects,CA_HCD_APR_TABLE_A;CA_HCD_APR_TABLE_A2,HCD-APR-TABLE-A-2018-portal-current;HCD-APR-TABLE-A-2019-portal-current;HCD-APR-TABLE-A-2020-portal-current;HCD-APR-TABLE-A-2021-portal-current;HCD-APR-TABLE-A-2022-portal-current;HCD-APR-TABLE-A-2023-portal-current;HCD-APR-TABLE-A-2024-portal-current;HCD-APR-TABLE-A-2025-portal-current;HCD-APR-TABLE-A2-2018-portal-current;HCD-APR-TABLE-A2-2019-portal-current;HCD-APR-TABLE-A2-2020-portal-current;HCD-APR-TABLE-A2-2021-portal-current;HCD-APR-TABLE-A2-2022-portal-current;HCD-APR-TABLE-A2-2023-portal-current;HCD-APR-TABLE-A2-2024-portal-current;HCD-APR-TABLE-A2-2025-portal-current,2026-08-10T17:11:13Z,c5cee4fbdeba70dfa06045e45ea217a2aca9e0594fe6a2da9144529a1cc1bc25;6f24c832cc9b927766fa5257f444024ffabc785e83ee1d5d9932243d95b14371;11aa51318922cdb7f838c55d1b07009fc196e7fe46ea39c1222e20a86c988429;97ab0c3387bdf49a07720594cb3ea612a85aca39503f8ca9f0c9c0af8e800bda;1bca81f3a972f3d1eced27a3e2fdf4268fc4f1031af1dd0698cbf39fa018fb04;1b140c61910e1eb3a1b01eb1837038d4a59ca05ac73198496fd1b3d77823f8c8;0d33c498629bfd21f3b9707fd1c4810fcb4fd6d8542c25aec64360305c105d2f;bec330a57d4f495f88b52cfed29d66223ec2d61b4ca4ae2e3feeef22faf62af2;2eda34f589a502ed96d65bbdc8ce37cfa225aedf755805a5453eb8c40e926d43;2909761266532f15be992976ff4f8ac5e86198994135f5fd6e17f4930c1de8f6;dd5239737a286de14f0cb94cb934e788a2734baa54fafb493cc326ab118f98e2;5a78db14b37ff087cca9b8e7ae1d939130ba7789dbd8be26558670e88d809950;60556989c07686cc4af51409c4e0761edc273bafa18a65e6a0c4fdc3ac96c4cc;d5a42e856f7a486094b1a52da7413fa582d45472ab18a6ae572bba1930a8069c;efedc570ed4198bb4143b012c1926c817a047bd23278b2b2b19270889b52d13b;e5e85e9677a374bd30beeeb7848a802f790f9425b78fe84c0ef8096e2394b297,count of high-confidence exact identifier matches,Coverage is published with the medians; unmatched records are not imputed.,coverage_diagnostic
permitting_timelines,deterministically_matched_projects,Deterministically matched projects,06075,San Francisco,2018-2025 matched records,2025-12-31,multi-year matched-project summary,1631,projects,CA_HCD_APR_TABLE_A;CA_HCD_APR_TABLE_A2,HCD-APR-TABLE-A-2018-portal-current;HCD-APR-TABLE-A-2019-portal-current;HCD-APR-TABLE-A-2020-portal-current;HCD-APR-TABLE-A-2021-portal-current;HCD-APR-TABLE-A-2022-portal-current;HCD-APR-TABLE-A-2023-portal-current;HCD-APR-TABLE-A-2024-portal-current;HCD-APR-TABLE-A-2025-portal-current;HCD-APR-TABLE-A2-2018-portal-current;HCD-APR-TABLE-A2-2019-portal-current;HCD-APR-TABLE-A2-2020-portal-current;HCD-APR-TABLE-A2-2021-portal-current;HCD-APR-TABLE-A2-2022-portal-current;HCD-APR-TABLE-A2-2023-portal-current;HCD-APR-TABLE-A2-2024-portal-current;HCD-APR-TABLE-A2-2025-portal-current,2026-08-10T17:11:13Z,c5cee4fbdeba70dfa06045e45ea217a2aca9e0594fe6a2da9144529a1cc1bc25;6f24c832cc9b927766fa5257f444024ffabc785e83ee1d5d9932243d95b14371;11aa51318922cdb7f838c55d1b07009fc196e7fe46ea39c1222e20a86c988429;97ab0c3387bdf49a07720594cb3ea612a85aca39503f8ca9f0c9c0af8e800bda;1bca81f3a972f3d1eced27a3e2fdf4268fc4f1031af1dd0698cbf39fa018fb04;1b140c61910e1eb3a1b01eb1837038d4a59ca05ac73198496fd1b3d77823f8c8;0d33c498629bfd21f3b9707fd1c4810fcb4fd6d8542c25aec64360305c105d2f;bec330a57d4f495f88b52cfed29d66223ec2d61b4ca4ae2e3feeef22faf62af2;2eda34f589a502ed96d65bbdc8ce37cfa225aedf755805a5453eb8c40e926d43;2909761266532f15be992976ff4f8ac5e86198994135f5fd6e17f4930c1de8f6;dd5239737a286de14f0cb94cb934e788a2734baa54fafb493cc326ab118f98e2;5a78db14b37ff087cca9b8e7ae1d939130ba7789dbd8be26558670e88d809950;60556989c07686cc4af51409c4e0761edc273bafa18a65e6a0c4fdc3ac96c4cc;d5a42e856f7a486094b1a52da7413fa582d45472ab18a6ae572bba1930a8069c;efedc570ed4198bb4143b012c1926c817a047bd23278b2b2b19270889b52d13b;e5e85e9677a374bd30beeeb7848a802f790f9425b78fe84c0ef8096e2394b297,count of high-confidence exact identifier matches,Coverage is published with the medians; unmatched records are not imputed.,coverage_diagnostic
permitting_timelines,deterministically_matched_projects,Deterministically matched projects,06081,San Mateo,2018-2025 matched records,2025-12-31,multi-year matched-project summary,2602,projects,CA_HCD_APR_TABLE_A;CA_HCD_APR_TABLE_A2,HCD-APR-TABLE-A-2018-portal-current;HCD-APR-TABLE-A-2019-portal-current;HCD-APR-TABLE-A-2020-portal-current;HCD-APR-TABLE-A-2021-portal-current;HCD-APR-TABLE-A-2022-portal-current;HCD-APR-TABLE-A-2023-portal-current;HCD-APR-TABLE-A-2024-portal-current;HCD-APR-TABLE-A-2025-portal-current;HCD-APR-TABLE-A2-2018-portal-current;HCD-APR-TABLE-A2-2019-portal-current;HCD-APR-TABLE-A2-2020-portal-current;HCD-APR-TABLE-A2-2021-portal-current;HCD-APR-TABLE-A2-2022-portal-current;HCD-APR-TABLE-A2-2023-portal-current;HCD-APR-TABLE-A2-2024-portal-current;HCD-APR-TABLE-A2-2025-portal-current,2026-08-10T17:11:13Z,c5cee4fbdeba70dfa06045e45ea217a2aca9e0594fe6a2da9144529a1cc1bc25;6f24c832cc9b927766fa5257f444024ffabc785e83ee1d5d9932243d95b14371;11aa51318922cdb7f838c55d1b07009fc196e7fe46ea39c1222e20a86c988429;97ab0c3387bdf49a07720594cb3ea612a85aca39503f8ca9f0c9c0af8e800bda;1bca81f3a972f3d1eced27a3e2fdf4268fc4f1031af1dd0698cbf39fa018fb04;1b140c61910e1eb3a1b01eb1837038d4a59ca05ac73198496fd1b3d77823f8c8;0d33c498629bfd21f3b9707fd1c4810fcb4fd6d8542c25aec64360305c105d2f;bec330a57d4f495f88b52cfed29d66223ec2d61b4ca4ae2e3feeef22faf62af2;2eda34f589a502ed96d65bbdc8ce37cfa225aedf755805a5453eb8c40e926d43;2909761266532f15be992976ff4f8ac5e86198994135f5fd6e17f4930c1de8f6;dd5239737a286de14f0cb94cb934e788a2734baa54fafb493cc326ab118f98e2;5a78db14b37ff087cca9b8e7ae1d939130ba7789dbd8be26558670e88d809950;60556989c07686cc4af51409c4e0761edc273bafa18a65e6a0c4fdc3ac96c4cc;d5a42e856f7a486094b1a52da7413fa582d45472ab18a6ae572bba1930a8069c;efedc570ed4198bb4143b012c1926c817a047bd23278b2b2b19270889b52d13b;e5e85e9677a374bd30beeeb7848a802f790f9425b78fe84c0ef8096e2394b297,count of high-confidence exact identifier matches,Coverage is published with the medians; unmatched records are not imputed.,coverage_diagnostic
permitting_timelines,deterministically_matched_projects,Deterministically matched projects,06085,Santa Clara,2018-2025 matched records,2025-12-31,multi-year matched-project summary,6504,projects,CA_HCD_APR_TABLE_A;CA_HCD_APR_TABLE_A2,HCD-APR-TABLE-A-2018-portal-current;HCD-APR-TABLE-A-2019-portal-current;HCD-APR-TABLE-A-2020-portal-current;HCD-APR-TABLE-A-2021-portal-current;HCD-APR-TABLE-A-2022-portal-current;HCD-APR-TABLE-A-2023-portal-current;HCD-APR-TABLE-A-2024-portal-current;HCD-APR-TABLE-A-2025-portal-current;HCD-APR-TABLE-A2-2018-portal-current;HCD-APR-TABLE-A2-2019-portal-current;HCD-APR-TABLE-A2-2020-portal-current;HCD-APR-TABLE-A2-2021-portal-current;HCD-APR-TABLE-A2-2022-portal-current;HCD-APR-TABLE-A2-2023-portal-current;HCD-APR-TABLE-A2-2024-portal-current;HCD-APR-TABLE-A2-2025-portal-current,2026-08-10T17:11:13Z,c5cee4fbdeba70dfa06045e45ea217a2aca9e0594fe6a2da9144529a1cc1bc25;6f24c832cc9b927766fa5257f444024ffabc785e83ee1d5d9932243d95b14371;11aa51318922cdb7f838c55d1b07009fc196e7fe46ea39c1222e20a86c988429;97ab0c3387bdf49a07720594cb3ea612a85aca39503f8ca9f0c9c0af8e800bda;1bca81f3a972f3d1eced27a3e2fdf4268fc4f1031af1dd0698cbf39fa018fb04;1b140c61910e1eb3a1b01eb1837038d4a59ca05ac73198496fd1b3d77823f8c8;0d33c498629bfd21f3b9707fd1c4810fcb4fd6d8542c25aec64360305c105d2f;bec330a57d4f495f88b52cfed29d66223ec2d61b4ca4ae2e3feeef22faf62af2;2eda34f589a502ed96d65bbdc8ce37cfa225aedf755805a5453eb8c40e926d43;2909761266532f15be992976ff4f8ac5e86198994135f5fd6e17f4930c1de8f6;dd5239737a286de14f0cb94cb934e788a2734baa54fafb493cc326ab118f98e2;5a78db14b37ff087cca9b8e7ae1d939130ba7789dbd8be26558670e88d809950;60556989c07686cc4af51409c4e0761edc273bafa18a65e6a0c4fdc3ac96c4cc;d5a42e856f7a486094b1a52da7413fa582d45472ab18a6ae572bba1930a8069c;efedc570ed4198bb4143b012c1926c817a047bd23278b2b2b19270889b52d13b;e5e85e9677a374bd30beeeb7848a802f790f9425b78fe84c0ef8096e2394b297,count of high-confidence exact identifier matches,Coverage is published with the medians; unmatched records are not imputed.,coverage_diagnostic
permitting_timelines,deterministically_matched_projects,Deterministically matched projects,06095,Solano,2018-2025 matched records,2025-12-31,multi-year matched-project summary,2957,projects,CA_HCD_APR_TABLE_A;CA_HCD_APR_TABLE_A2,HCD-APR-TABLE-A-2018-portal-current;HCD-APR-TABLE-A-2019-portal-current;HCD-APR-TABLE-A-2020-portal-current;HCD-APR-TABLE-A-2021-portal-current;HCD-APR-TABLE-A-2022-portal-current;HCD-APR-TABLE-A-2023-portal-current;HCD-APR-TABLE-A-2024-portal-current;HCD-APR-TABLE-A-2025-portal-current;HCD-APR-TABLE-A2-2018-portal-current;HCD-APR-TABLE-A2-2019-portal-current;HCD-APR-TABLE-A2-2020-portal-current;HCD-APR-TABLE-A2-2021-portal-current;HCD-APR-TABLE-A2-2022-portal-current;HCD-APR-TABLE-A2-2023-portal-current;HCD-APR-TABLE-A2-2024-portal-current;HCD-APR-TABLE-A2-2025-portal-current,2026-08-10T17:11:13Z,c5cee4fbdeba70dfa06045e45ea217a2aca9e0594fe6a2da9144529a1cc1bc25;6f24c832cc9b927766fa5257f444024ffabc785e83ee1d5d9932243d95b14371;11aa51318922cdb7f838c55d1b07009fc196e7fe46ea39c1222e20a86c988429;97ab0c3387bdf49a07720594cb3ea612a85aca39503f8ca9f0c9c0af8e800bda;1bca81f3a972f3d1eced27a3e2fdf4268fc4f1031af1dd0698cbf39fa018fb04;1b140c61910e1eb3a1b01eb1837038d4a59ca05ac73198496fd1b3d77823f8c8;0d33c498629bfd21f3b9707fd1c4810fcb4fd6d8542c25aec64360305c105d2f;bec330a57d4f495f88b52cfed29d66223ec2d61b4ca4ae2e3feeef22faf62af2;2eda34f589a502ed96d65bbdc8ce37cfa225aedf755805a5453eb8c40e926d43;2909761266532f15be992976ff4f8ac5e86198994135f5fd6e17f4930c1de8f6;dd5239737a286de14f0cb94cb934e788a2734baa54fafb493cc326ab118f98e2;5a78db14b37ff087cca9b8e7ae1d939130ba7789dbd8be26558670e88d809950;60556989c07686cc4af51409c4e0761edc273bafa18a65e6a0c4fdc3ac96c4cc;d5a42e856f7a486094b1a52da7413fa582d45472ab18a6ae572bba1930a8069c;efedc570ed4198bb4143b012c1926c817a047bd23278b2b2b19270889b52d13b;e5e85e9677a374bd30beeeb7848a802f790f9425b78fe84c0ef8096e2394b297,count of high-confidence exact identifier matches,Coverage is published with the medians; unmatched records are not imputed.,coverage_diagnostic
permitting_timelines,deterministically_matched_projects,Deterministically matched projects,06097,Sonoma,2018-2025 matched records,2025-12-31,multi-year matched-project summary,3668,projects,CA_HCD_APR_TABLE_A;CA_HCD_APR_TABLE_A2,HCD-APR-TABLE-A-2018-portal-current;HCD-APR-TABLE-A-2019-portal-current;HCD-APR-TABLE-A-2020-portal-current;HCD-APR-TABLE-A-2021-portal-current;HCD-APR-TABLE-A-2022-portal-current;HCD-APR-TABLE-A-2023-portal-current;HCD-APR-TABLE-A-2024-portal-current;HCD-APR-TABLE-A-2025-portal-current;HCD-APR-TABLE-A2-2018-portal-current;HCD-APR-TABLE-A2-2019-portal-current;HCD-APR-TABLE-A2-2020-portal-current;HCD-APR-TABLE-A2-2021-portal-current;HCD-APR-TABLE-A2-2022-portal-current;HCD-APR-TABLE-A2-2023-portal-current;HCD-APR-TABLE-A2-2024-portal-current;HCD-APR-TABLE-A2-2025-portal-current,2026-08-10T17:11:13Z,c5cee4fbdeba70dfa06045e45ea217a2aca9e0594fe6a2da9144529a1cc1bc25;6f24c832cc9b927766fa5257f444024ffabc785e83ee1d5d9932243d95b14371;11aa51318922cdb7f838c55d1b07009fc196e7fe46ea39c1222e20a86c988429;97ab0c3387bdf49a07720594cb3ea612a85aca39503f8ca9f0c9c0af8e800bda;1bca81f3a972f3d1eced27a3e2fdf4268fc4f1031af1dd0698cbf39fa018fb04;1b140c61910e1eb3a1b01eb1837038d4a59ca05ac73198496fd1b3d77823f8c8;0d33c498629bfd21f3b9707fd1c4810fcb4fd6d8542c25aec64360305c105d2f;bec330a57d4f495f88b52cfed29d66223ec2d61b4ca4ae2e3feeef22faf62af2;2eda34f589a502ed96d65bbdc8ce37cfa225aedf755805a5453eb8c40e926d43;2909761266532f15be992976ff4f8ac5e86198994135f5fd6e17f4930c1de8f6;dd5239737a286de14f0cb94cb934e788a2734baa54fafb493cc326ab118f98e2;5a78db14b37ff087cca9b8e7ae1d939130ba7789dbd8be26558670e88d809950;60556989c07686cc4af51409c4e0761edc273bafa18a65e6a0c4fdc3ac96c4cc;d5a42e856f7a486094b1a52da7413fa582d45472ab18a6ae572bba1930a8069c;efedc570ed4198bb4143b012c1926c817a047bd23278b2b2b19270889b52d13b;e5e85e9677a374bd30beeeb7848a802f790f9425b78fe84c0ef8096e2394b297,count of high-confidence exact identifier matches,Coverage is published with the medians; unmatched records are not imputed.,coverage_diagnostic
permitting_timelines,matched_application_to_completion_median_days,Matched application-to-completion median,06001,Alameda,2018-2025 matched records,2025-12-31,multi-year matched-project summary,442.0,days,CA_HCD_APR_TABLE_A;CA_HCD_APR_TABLE_A2,HCD-APR-TABLE-A-2018-portal-current;HCD-APR-TABLE-A-2019-portal-current;HCD-APR-TABLE-A-2020-portal-current;HCD-APR-TABLE-A-2021-portal-current;HCD-APR-TABLE-A-2022-portal-current;HCD-APR-TABLE-A-2023-portal-current;HCD-APR-TABLE-A-2024-portal-current;HCD-APR-TABLE-A-2025-portal-current;HCD-APR-TABLE-A2-2018-portal-current;HCD-APR-TABLE-A2-2019-portal-current;HCD-APR-TABLE-A2-2020-portal-current;HCD-APR-TABLE-A2-2021-portal-current;HCD-APR-TABLE-A2-2022-portal-current;HCD-APR-TABLE-A2-2023-portal-current;HCD-APR-TABLE-A2-2024-portal-current;HCD-APR-TABLE-A2-2025-portal-current,2026-08-10T17:11:13Z,c5cee4fbdeba70dfa06045e45ea217a2aca9e0594fe6a2da9144529a1cc1bc25;6f24c832cc9b927766fa5257f444024ffabc785e83ee1d5d9932243d95b14371;11aa51318922cdb7f838c55d1b07009fc196e7fe46ea39c1222e20a86c988429;97ab0c3387bdf49a07720594cb3ea612a85aca39503f8ca9f0c9c0af8e800bda;1bca81f3a972f3d1eced27a3e2fdf4268fc4f1031af1dd0698cbf39fa018fb04;1b140c61910e1eb3a1b01eb1837038d4a59ca05ac73198496fd1b3d77823f8c8;0d33c498629bfd21f3b9707fd1c4810fcb4fd6d8542c25aec64360305c105d2f;bec330a57d4f495f88b52cfed29d66223ec2d61b4ca4ae2e3feeef22faf62af2;2eda34f589a502ed96d65bbdc8ce37cfa225aedf755805a5453eb8c40e926d43;2909761266532f15be992976ff4f8ac5e86198994135f5fd6e17f4930c1de8f6;dd5239737a286de14f0cb94cb934e788a2734baa54fafb493cc326ab118f98e2;5a78db14b37ff087cca9b8e7ae1d939130ba7789dbd8be26558670e88d809950;60556989c07686cc4af51409c4e0761edc273bafa18a65e6a0c4fdc3ac96c4cc;d5a42e856f7a486094b1a52da7413fa582d45472ab18a6ae572bba1930a8069c;efedc570ed4198bb4143b012c1926c817a047bd23278b2b2b19270889b52d13b;e5e85e9677a374bd30beeeb7848a802f790f9425b78fe84c0ef8096e2394b297,median elapsed calendar days among deterministic exact-ID matches with chronological dates,Sample size 1757. Exact jurisdiction + tracking-ID matches are used first; exact jurisdiction + APN matches are used second. No address or fuzzy matching.,matched_subset_not_population_estimate
permitting_timelines,matched_application_to_completion_median_days,Matched application-to-completion median,06013,Contra Costa,2018-2025 matched records,2025-12-31,multi-year matched-project summary,440.0,days,CA_HCD_APR_TABLE_A;CA_HCD_APR_TABLE_A2,HCD-APR-TABLE-A-2018-portal-current;HCD-APR-TABLE-A-2019-portal-current;HCD-APR-TABLE-A-2020-portal-current;HCD-APR-TABLE-A-2021-portal-current;HCD-APR-TABLE-A-2022-portal-current;HCD-APR-TABLE-A-2023-portal-current;HCD-APR-TABLE-A-2024-portal-current;HCD-APR-TABLE-A-2025-portal-current;HCD-APR-TABLE-A2-2018-portal-current;HCD-APR-TABLE-A2-2019-portal-current;HCD-APR-TABLE-A2-2020-portal-current;HCD-APR-TABLE-A2-2021-portal-current;HCD-APR-TABLE-A2-2022-portal-current;HCD-APR-TABLE-A2-2023-portal-current;HCD-APR-TABLE-A2-2024-portal-current;HCD-APR-TABLE-A2-2025-portal-current,2026-08-10T17:11:13Z,c5cee4fbdeba70dfa06045e45ea217a2aca9e0594fe6a2da9144529a1cc1bc25;6f24c832cc9b927766fa5257f444024ffabc785e83ee1d5d9932243d95b14371;11aa51318922cdb7f838c55d1b07009fc196e7fe46ea39c1222e20a86c988429;97ab0c3387bdf49a07720594cb3ea612a85aca39503f8ca9f0c9c0af8e800bda;1bca81f3a972f3d1eced27a3e2fdf4268fc4f1031af1dd0698cbf39fa018fb04;1b140c61910e1eb3a1b01eb1837038d4a59ca05ac73198496fd1b3d77823f8c8;0d33c498629bfd21f3b9707fd1c4810fcb4fd6d8542c25aec64360305c105d2f;bec330a57d4f495f88b52cfed29d66223ec2d61b4ca4ae2e3feeef22faf62af2;2eda34f589a502ed96d65bbdc8ce37cfa225aedf755805a5453eb8c40e926d43;2909761266532f15be992976ff4f8ac5e86198994135f5fd6e17f4930c1de8f6;dd5239737a286de14f0cb94cb934e788a2734baa54fafb493cc326ab118f98e2;5a78db14b37ff087cca9b8e7ae1d939130ba7789dbd8be26558670e88d809950;60556989c07686cc4af51409c4e0761edc273bafa18a65e6a0c4fdc3ac96c4cc;d5a42e856f7a486094b1a52da7413fa582d45472ab18a6ae572bba1930a8069c;efedc570ed4198bb4143b012c1926c817a047bd23278b2b2b19270889b52d13b;e5e85e9677a374bd30beeeb7848a802f790f9425b78fe84c0ef8096e2394b297,median elapsed calendar days among deterministic exact-ID matches with chronological dates,Sample size 1757. Exact jurisdiction + tracking-ID matches are used first; exact jurisdiction + APN matches are used second. No address or fuzzy matching.,matched_subset_not_population_estimate
permitting_timelines,matched_application_to_completion_median_days,Matched application-to-completion median,06041,Marin,2018-2025 matched records,2025-12-31,multi-year matched-project summary,583.0,days,CA_HCD_APR_TABLE_A;CA_HCD_APR_TABLE_A2,HCD-APR-TABLE-A-2018-portal-current;HCD-APR-TABLE-A-2019-portal-current;HCD-APR-TABLE-A-2020-portal-current;HCD-APR-TABLE-A-2021-portal-current;HCD-APR-TABLE-A-2022-portal-current;HCD-APR-TABLE-A-2023-portal-current;HCD-APR-TABLE-A-2024-portal-current;HCD-APR-TABLE-A-2025-portal-current;HCD-APR-TABLE-A2-2018-portal-current;HCD-APR-TABLE-A2-2019-portal-current;HCD-APR-TABLE-A2-2020-portal-current;HCD-APR-TABLE-A2-2021-portal-current;HCD-APR-TABLE-A2-2022-portal-current;HCD-APR-TABLE-A2-2023-portal-current;HCD-APR-TABLE-A2-2024-portal-current;HCD-APR-TABLE-A2-2025-portal-current,2026-08-10T17:11:13Z,c5cee4fbdeba70dfa06045e45ea217a2aca9e0594fe6a2da9144529a1cc1bc25;6f24c832cc9b927766fa5257f444024ffabc785e83ee1d5d9932243d95b14371;11aa51318922cdb7f838c55d1b07009fc196e7fe46ea39c1222e20a86c988429;97ab0c3387bdf49a07720594cb3ea612a85aca39503f8ca9f0c9c0af8e800bda;1bca81f3a972f3d1eced27a3e2fdf4268fc4f1031af1dd0698cbf39fa018fb04;1b140c61910e1eb3a1b01eb1837038d4a59ca05ac73198496fd1b3d77823f8c8;0d33c498629bfd21f3b9707fd1c4810fcb4fd6d8542c25aec64360305c105d2f;bec330a57d4f495f88b52cfed29d66223ec2d61b4ca4ae2e3feeef22faf62af2;2eda34f589a502ed96d65bbdc8ce37cfa225aedf755805a5453eb8c40e926d43;2909761266532f15be992976ff4f8ac5e86198994135f5fd6e17f4930c1de8f6;dd5239737a286de14f0cb94cb934e788a2734baa54fafb493cc326ab118f98e2;5a78db14b37ff087cca9b8e7ae1d939130ba7789dbd8be26558670e88d809950;60556989c07686cc4af51409c4e0761edc273bafa18a65e6a0c4fdc3ac96c4cc;d5a42e856f7a486094b1a52da7413fa582d45472ab18a6ae572bba1930a8069c;efedc570ed4198bb4143b012c1926c817a047bd23278b2b2b19270889b52d13b;e5e85e9677a374bd30beeeb7848a802f790f9425b78fe84c0ef8096e2394b297,median elapsed calendar days among deterministic exact-ID matches with chronological dates,Sample size 1757. Exact jurisdiction + tracking-ID matches are used first; exact jurisdiction + APN matches are used second. No address or fuzzy matching.,matched_subset_not_population_estimate
permitting_timelines,matched_application_to_completion_median_days,Matched application-to-completion median,06055,Napa,2018-2025 matched records,2025-12-31,multi-year matched-project summary,625.0,days,CA_HCD_APR_TABLE_A;CA_HCD_APR_TABLE_A2,HCD-APR-TABLE-A-2018-portal-current;HCD-APR-TABLE-A-2019-portal-current;HCD-APR-TABLE-A-2020-portal-current;HCD-APR-TABLE-A-2021-portal-current;HCD-APR-TABLE-A-2022-portal-current;HCD-APR-TABLE-A-2023-portal-current;HCD-APR-TABLE-A-2024-portal-current;HCD-APR-TABLE-A-2025-portal-current;HCD-APR-TABLE-A2-2018-portal-current;HCD-APR-TABLE-A2-2019-portal-current;HCD-APR-TABLE-A2-2020-portal-current;HCD-APR-TABLE-A2-2021-portal-current;HCD-APR-TABLE-A2-2022-portal-current;HCD-APR-TABLE-A2-2023-portal-current;HCD-APR-TABLE-A2-2024-portal-current;HCD-APR-TABLE-A2-2025-portal-current,2026-08-10T17:11:13Z,c5cee4fbdeba70dfa06045e45ea217a2aca9e0594fe6a2da9144529a1cc1bc25;6f24c832cc9b927766fa5257f444024ffabc785e83ee1d5d9932243d95b14371;11aa51318922cdb7f838c55d1b07009fc196e7fe46ea39c1222e20a86c988429;97ab0c3387bdf49a07720594cb3ea612a85aca39503f8ca9f0c9c0af8e800bda;1bca81f3a972f3d1eced27a3e2fdf4268fc4f1031af1dd0698cbf39fa018fb04;1b140c61910e1eb3a1b01eb1837038d4a59ca05ac73198496fd1b3d77823f8c8;0d33c498629bfd21f3b9707fd1c4810fcb4fd6d8542c25aec64360305c105d2f;bec330a57d4f495f88b52cfed29d66223ec2d61b4ca4ae2e3feeef22faf62af2;2eda34f589a502ed96d65bbdc8ce37cfa225aedf755805a5453eb8c40e926d43;2909761266532f15be992976ff4f8ac5e86198994135f5fd6e17f4930c1de8f6;dd5239737a286de14f0cb94cb934e788a2734baa54fafb493cc326ab118f98e2;5a78db14b37ff087cca9b8e7ae1d939130ba7789dbd8be26558670e88d809950;60556989c07686cc4af51409c4e0761edc273bafa18a65e6a0c4fdc3ac96c4cc;d5a42e856f7a486094b1a52da7413fa582d45472ab18a6ae572bba1930a8069c;efedc570ed4198bb4143b012c1926c817a047bd23278b2b2b19270889b52d13b;e5e85e9677a374bd30beeeb7848a802f790f9425b78fe84c0ef8096e2394b297,median elapsed calendar days among deterministic exact-ID matches with chronological dates,Sample size 1757. Exact jurisdiction + tracking-ID matches are used first; exact jurisdiction + APN matches are used second. No address or fuzzy matching.,matched_subset_not_population_estimate
permitting_timelines,matched_application_to_completion_median_days,Matched application-to-completion median,06075,San Francisco,2018-2025 matched records,2025-12-31,multi-year matched-project summary,949.5,days,CA_HCD_APR_TABLE_A;CA_HCD_APR_TABLE_A2,HCD-APR-TABLE-A-2018-portal-current;HCD-APR-TABLE-A-2019-portal-current;HCD-APR-TABLE-A-2020-portal-current;HCD-APR-TABLE-A-2021-portal-current;HCD-APR-TABLE-A-2022-portal-current;HCD-APR-TABLE-A-2023-portal-current;HCD-APR-TABLE-A-2024-portal-current;HCD-APR-TABLE-A-2025-portal-current;HCD-APR-TABLE-A2-2018-portal-current;HCD-APR-TABLE-A2-2019-portal-current;HCD-APR-TABLE-A2-2020-portal-current;HCD-APR-TABLE-A2-2021-portal-current;HCD-APR-TABLE-A2-2022-portal-current;HCD-APR-TABLE-A2-2023-portal-current;HCD-APR-TABLE-A2-2024-portal-current;HCD-APR-TABLE-A2-2025-portal-current,2026-08-10T17:11:13Z,c5cee4fbdeba70dfa06045e45ea217a2aca9e0594fe6a2da9144529a1cc1bc25;6f24c832cc9b927766fa5257f444024ffabc785e83ee1d5d9932243d95b14371;11aa51318922cdb7f838c55d1b07009fc196e7fe46ea39c1222e20a86c988429;97ab0c3387bdf49a07720594cb3ea612a85aca39503f8ca9f0c9c0af8e800bda;1bca81f3a972f3d1eced27a3e2fdf4268fc4f1031af1dd0698cbf39fa018fb04;1b140c61910e1eb3a1b01eb1837038d4a59ca05ac73198496fd1b3d77823f8c8;0d33c498629bfd21f3b9707fd1c4810fcb4fd6d8542c25aec64360305c105d2f;bec330a57d4f495f88b52cfed29d66223ec2d61b4ca4ae2e3feeef22faf62af2;2eda34f589a502ed96d65bbdc8ce37cfa225aedf755805a5453eb8c40e926d43;2909761266532f15be992976ff4f8ac5e86198994135f5fd6e17f4930c1de8f6;dd5239737a286de14f0cb94cb934e788a2734baa54fafb493cc326ab118f98e2;5a78db14b37ff087cca9b8e7ae1d939130ba7789dbd8be26558670e88d809950;60556989c07686cc4af51409c4e0761edc273bafa18a65e6a0c4fdc3ac96c4cc;d5a42e856f7a486094b1a52da7413fa582d45472ab18a6ae572bba1930a8069c;efedc570ed4198bb4143b012c1926c817a047bd23278b2b2b19270889b52d13b;e5e85e9677a374bd30beeeb7848a802f790f9425b78fe84c0ef8096e2394b297,median elapsed calendar days among deterministic exact-ID matches with chronological dates,Sample size 1757. Exact jurisdiction + tracking-ID matches are used first; exact jurisdiction + APN matches are used second. No address or fuzzy matching.,matched_subset_not_population_estimate
permitting_timelines,matched_application_to_completion_median_days,Matched application-to-completion median,06081,San Mateo,2018-2025 matched records,2025-12-31,multi-year matched-project summary,580.0,days,CA_HCD_APR_TABLE_A;CA_HCD_APR_TABLE_A2,HCD-APR-TABLE-A-2018-portal-current;HCD-APR-TABLE-A-2019-portal-current;HCD-APR-TABLE-A-2020-portal-current;HCD-APR-TABLE-A-2021-portal-current;HCD-APR-TABLE-A-2022-portal-current;HCD-APR-TABLE-A-2023-portal-current;HCD-APR-TABLE-A-2024-portal-current;HCD-APR-TABLE-A-2025-portal-current;HCD-APR-TABLE-A2-2018-portal-current;HCD-APR-TABLE-A2-2019-portal-current;HCD-APR-TABLE-A2-2020-portal-current;HCD-APR-TABLE-A2-2021-portal-current;HCD-APR-TABLE-A2-2022-portal-current;HCD-APR-TABLE-A2-2023-portal-current;HCD-APR-TABLE-A2-2024-portal-current;HCD-APR-TABLE-A2-2025-portal-current,2026-08-10T17:11:13Z,c5cee4fbdeba70dfa06045e45ea217a2aca9e0594fe6a2da9144529a1cc1bc25;6f24c832cc9b927766fa5257f444024ffabc785e83ee1d5d9932243d95b14371;11aa51318922cdb7f838c55d1b07009fc196e7fe46ea39c1222e20a86c988429;97ab0c3387bdf49a07720594cb3ea612a85aca39503f8ca9f0c9c0af8e800bda;1bca81f3a972f3d1eced27a3e2fdf4268fc4f1031af1dd0698cbf39fa018fb04;1b140c61910e1eb3a1b01eb1837038d4a59ca05ac73198496fd1b3d77823f8c8;0d33c498629bfd21f3b9707fd1c4810fcb4fd6d8542c25aec64360305c105d2f;bec330a57d4f495f88b52cfed29d66223ec2d61b4ca4ae2e3feeef22faf62af2;2eda34f589a502ed96d65bbdc8ce37cfa225aedf755805a5453eb8c40e926d43;2909761266532f15be992976ff4f8ac5e86198994135f5fd6e17f4930c1de8f6;dd5239737a286de14f0cb94cb934e788a2734baa54fafb493cc326ab118f98e2;5a78db14b37ff087cca9b8e7ae1d939130ba7789dbd8be26558670e88d809950;60556989c07686cc4af51409c4e0761edc273bafa18a65e6a0c4fdc3ac96c4cc;d5a42e856f7a486094b1a52da7413fa582d45472ab18a6ae572bba1930a8069c;efedc570ed4198bb4143b012c1926c817a047bd23278b2b2b19270889b52d13b;e5e85e9677a374bd30beeeb7848a802f790f9425b78fe84c0ef8096e2394b297,median elapsed calendar days among deterministic exact-ID matches with chronological dates,Sample size 1757. Exact jurisdiction + tracking-ID matches are used first; exact jurisdiction + APN matches are used second. No address or fuzzy matching.,matched_subset_not_population_estimate
permitting_timelines,matched_application_to_completion_median_days,Matched application-to-completion median,06085,Santa Clara,2018-2025 matched records,2025-12-31,multi-year matched-project summary,541.0,days,CA_HCD_APR_TABLE_A;CA_HCD_APR_TABLE_A2,HCD-APR-TABLE-A-2018-portal-current;HCD-APR-TABLE-A-2019-portal-current;HCD-APR-TABLE-A-2020-portal-current;HCD-APR-TABLE-A-2021-portal-current;HCD-APR-TABLE-A-2022-portal-current;HCD-APR-TABLE-A-2023-portal-current;HCD-APR-TABLE-A-2024-portal-current;HCD-APR-TABLE-A-2025-portal-current;HCD-APR-TABLE-A2-2018-portal-current;HCD-APR-TABLE-A2-2019-portal-current;HCD-APR-TABLE-A2-2020-portal-current;HCD-APR-TABLE-A2-2021-portal-current;HCD-APR-TABLE-A2-2022-portal-current;HCD-APR-TABLE-A2-2023-portal-current;HCD-APR-TABLE-A2-2024-portal-current;HCD-APR-TABLE-A2-2025-portal-current,2026-08-10T17:11:13Z,c5cee4fbdeba70dfa06045e45ea217a2aca9e0594fe6a2da9144529a1cc1bc25;6f24c832cc9b927766fa5257f444024ffabc785e83ee1d5d9932243d95b14371;11aa51318922cdb7f838c55d1b07009fc196e7fe46ea39c1222e20a86c988429;97ab0c3387bdf49a07720594cb3ea612a85aca39503f8ca9f0c9c0af8e800bda;1bca81f3a972f3d1eced27a3e2fdf4268fc4f1031af1dd0698cbf39fa018fb04;1b140c61910e1eb3a1b01eb1837038d4a59ca05ac73198496fd1b3d77823f8c8;0d33c498629bfd21f3b9707fd1c4810fcb4fd6d8542c25aec64360305c105d2f;bec330a57d4f495f88b52cfed29d66223ec2d61b4ca4ae2e3feeef22faf62af2;2eda34f589a502ed96d65bbdc8ce37cfa225aedf755805a5453eb8c40e926d43;2909761266532f15be992976ff4f8ac5e86198994135f5fd6e17f4930c1de8f6;dd5239737a286de14f0cb94cb934e788a2734baa54fafb493cc326ab118f98e2;5a78db14b37ff087cca9b8e7ae1d939130ba7789dbd8be26558670e88d809950;60556989c07686cc4af51409c4e0761edc273bafa18a65e6a0c4fdc3ac96c4cc;d5a42e856f7a486094b1a52da7413fa582d45472ab18a6ae572bba1930a8069c;efedc570ed4198bb4143b012c1926c817a047bd23278b2b2b19270889b52d13b;e5e85e9677a374bd30beeeb7848a802f790f9425b78fe84c0ef8096e2394b297,median elapsed calendar days among deterministic exact-ID matches with chronological dates,Sample size 1757. Exact jurisdiction + tracking-ID matches are used first; exact jurisdiction + APN matches are used second. No address or fuzzy matching.,matched_subset_not_population_estimate
permitting_timelines,matched_application_to_completion_median_days,Matched application-to-completion median,06095,Solano,2018-2025 matched records,2025-12-31,multi-year matched-project summary,323.0,days,CA_HCD_APR_TABLE_A;CA_HCD_APR_TABLE_A2,HCD-APR-TABLE-A-2018-portal-current;HCD-APR-TABLE-A-2019-portal-current;HCD-APR-TABLE-A-2020-portal-current;HCD-APR-TABLE-A-2021-portal-current;HCD-APR-TABLE-A-2022-portal-current;HCD-APR-TABLE-A-2023-portal-current;HCD-APR-TABLE-A-2024-portal-current;HCD-APR-TABLE-A-2025-portal-current;HCD-APR-TABLE-A2-2018-portal-current;HCD-APR-TABLE-A2-2019-portal-current;HCD-APR-TABLE-A2-2020-portal-current;HCD-APR-TABLE-A2-2021-portal-current;HCD-APR-TABLE-A2-2022-portal-current;HCD-APR-TABLE-A2-2023-portal-current;HCD-APR-TABLE-A2-2024-portal-current;HCD-APR-TABLE-A2-2025-portal-current,2026-08-10T17:11:13Z,c5cee4fbdeba70dfa06045e45ea217a2aca9e0594fe6a2da9144529a1cc1bc25;6f24c832cc9b927766fa5257f444024ffabc785e83ee1d5d9932243d95b14371;11aa51318922cdb7f838c55d1b07009fc196e7fe46ea39c1222e20a86c988429;97ab0c3387bdf49a07720594cb3ea612a85aca39503f8ca9f0c9c0af8e800bda;1bca81f3a972f3d1eced27a3e2fdf4268fc4f1031af1dd0698cbf39fa018fb04;1b140c61910e1eb3a1b01eb1837038d4a59ca05ac73198496fd1b3d77823f8c8;0d33c498629bfd21f3b9707fd1c4810fcb4fd6d8542c25aec64360305c105d2f;bec330a57d4f495f88b52cfed29d66223ec2d61b4ca4ae2e3feeef22faf62af2;2eda34f589a502ed96d65bbdc8ce37cfa225aedf755805a5453eb8c40e926d43;2909761266532f15be992976ff4f8ac5e86198994135f5fd6e17f4930c1de8f6;dd5239737a286de14f0cb94cb934e788a2734baa54fafb493cc326ab118f98e2;5a78db14b37ff087cca9b8e7ae1d939130ba7789dbd8be26558670e88d809950;60556989c07686cc4af51409c4e0761edc273bafa18a65e6a0c4fdc3ac96c4cc;d5a42e856f7a486094b1a52da7413fa582d45472ab18a6ae572bba1930a8069c;efedc570ed4198bb4143b012c1926c817a047bd23278b2b2b19270889b52d13b;e5e85e9677a374bd30beeeb7848a802f790f9425b78fe84c0ef8096e2394b297,median elapsed calendar days among deterministic exact-ID matches with chronological dates,Sample size 1757. Exact jurisdiction + tracking-ID matches are used first; exact jurisdiction + APN matches are used second. No address or fuzzy matching.,matched_subset_not_population_estimate
permitting_timelines,matched_application_to_completion_median_days,Matched application-to-completion median,06097,Sonoma,2018-2025 matched records,2025-12-31,multi-year matched-project summary,549.0,days,CA_HCD_APR_TABLE_A;CA_HCD_APR_TABLE_A2,HCD-APR-TABLE-A-2018-portal-current;HCD-APR-TABLE-A-2019-portal-current;HCD-APR-TABLE-A-2020-portal-current;HCD-APR-TABLE-A-2021-portal-current;HCD-APR-TABLE-A-2022-portal-current;HCD-APR-TABLE-A-2023-portal-current;HCD-APR-TABLE-A-2024-portal-current;HCD-APR-TABLE-A-2025-portal-current;HCD-APR-TABLE-A2-2018-portal-current;HCD-APR-TABLE-A2-2019-portal-current;HCD-APR-TABLE-A2-2020-portal-current;HCD-APR-TABLE-A2-2021-portal-current;HCD-APR-TABLE-A2-2022-portal-current;HCD-APR-TABLE-A2-2023-portal-current;HCD-APR-TABLE-A2-2024-portal-current;HCD-APR-TABLE-A2-2025-portal-current,2026-08-10T17:11:13Z,c5cee4fbdeba70dfa06045e45ea217a2aca9e0594fe6a2da9144529a1cc1bc25;6f24c832cc9b927766fa5257f444024ffabc785e83ee1d5d9932243d95b14371;11aa51318922cdb7f838c55d1b07009fc196e7fe46ea39c1222e20a86c988429;97ab0c3387bdf49a07720594cb3ea612a85aca39503f8ca9f0c9c0af8e800bda;1bca81f3a972f3d1eced27a3e2fdf4268fc4f1031af1dd0698cbf39fa018fb04;1b140c61910e1eb3a1b01eb1837038d4a59ca05ac73198496fd1b3d77823f8c8;0d33c498629bfd21f3b9707fd1c4810fcb4fd6d8542c25aec64360305c105d2f;bec330a57d4f495f88b52cfed29d66223ec2d61b4ca4ae2e3feeef22faf62af2;2eda34f589a502ed96d65bbdc8ce37cfa225aedf755805a5453eb8c40e926d43;2909761266532f15be992976ff4f8ac5e86198994135f5fd6e17f4930c1de8f6;dd5239737a286de14f0cb94cb934e788a2734baa54fafb493cc326ab118f98e2;5a78db14b37ff087cca9b8e7ae1d939130ba7789dbd8be26558670e88d809950;60556989c07686cc4af51409c4e0761edc273bafa18a65e6a0c4fdc3ac96c4cc;d5a42e856f7a486094b1a52da7413fa582d45472ab18a6ae572bba1930a8069c;efedc570ed4198bb4143b012c1926c817a047bd23278b2b2b19270889b52d13b;e5e85e9677a374bd30beeeb7848a802f790f9425b78fe84c0ef8096e2394b297,median elapsed calendar days among deterministic exact-ID matches with chronological dates,Sample size 1757. Exact jurisdiction + tracking-ID matches are used first; exact jurisdiction + APN matches are used second. No address or fuzzy matching.,matched_subset_not_population_estimate
permitting_timelines,matched_application_to_entitlement_median_days,Matched application-to-entitlement median,06001,Alameda,2018-2025 matched records,2025-12-31,multi-year matched-project summary,1.0,days,CA_HCD_APR_TABLE_A;CA_HCD_APR_TABLE_A2,HCD-APR-TABLE-A-2018-portal-current;HCD-APR-TABLE-A-2019-portal-current;HCD-APR-TABLE-A-2020-portal-current;HCD-APR-TABLE-A-2021-portal-current;HCD-APR-TABLE-A-2022-portal-current;HCD-APR-TABLE-A-2023-portal-current;HCD-APR-TABLE-A-2024-portal-current;HCD-APR-TABLE-A-2025-portal-current;HCD-APR-TABLE-A2-2018-portal-current;HCD-APR-TABLE-A2-2019-portal-current;HCD-APR-TABLE-A2-2020-portal-current;HCD-APR-TABLE-A2-2021-portal-current;HCD-APR-TABLE-A2-2022-portal-current;HCD-APR-TABLE-A2-2023-portal-current;HCD-APR-TABLE-A2-2024-portal-current;HCD-APR-TABLE-A2-2025-portal-current,2026-08-10T17:11:13Z,c5cee4fbdeba70dfa06045e45ea217a2aca9e0594fe6a2da9144529a1cc1bc25;6f24c832cc9b927766fa5257f444024ffabc785e83ee1d5d9932243d95b14371;11aa51318922cdb7f838c55d1b07009fc196e7fe46ea39c1222e20a86c988429;97ab0c3387bdf49a07720594cb3ea612a85aca39503f8ca9f0c9c0af8e800bda;1bca81f3a972f3d1eced27a3e2fdf4268fc4f1031af1dd0698cbf39fa018fb04;1b140c61910e1eb3a1b01eb1837038d4a59ca05ac73198496fd1b3d77823f8c8;0d33c498629bfd21f3b9707fd1c4810fcb4fd6d8542c25aec64360305c105d2f;bec330a57d4f495f88b52cfed29d66223ec2d61b4ca4ae2e3feeef22faf62af2;2eda34f589a502ed96d65bbdc8ce37cfa225aedf755805a5453eb8c40e926d43;2909761266532f15be992976ff4f8ac5e86198994135f5fd6e17f4930c1de8f6;dd5239737a286de14f0cb94cb934e788a2734baa54fafb493cc326ab118f98e2;5a78db14b37ff087cca9b8e7ae1d939130ba7789dbd8be26558670e88d809950;60556989c07686cc4af51409c4e0761edc273bafa18a65e6a0c4fdc3ac96c4cc;d5a42e856f7a486094b1a52da7413fa582d45472ab18a6ae572bba1930a8069c;efedc570ed4198bb4143b012c1926c817a047bd23278b2b2b19270889b52d13b;e5e85e9677a374bd30beeeb7848a802f790f9425b78fe84c0ef8096e2394b297,median elapsed calendar days among deterministic exact-ID matches with chronological dates,Sample size 4315. Exact jurisdiction + tracking-ID matches are used first; exact jurisdiction + APN matches are used second. No address or fuzzy matching.,matched_subset_not_population_estimate
permitting_timelines,matched_application_to_entitlement_median_days,Matched application-to-entitlement median,06013,Contra Costa,2018-2025 matched records,2025-12-31,multi-year matched-project summary,12.0,days,CA_HCD_APR_TABLE_A;CA_HCD_APR_TABLE_A2,HCD-APR-TABLE-A-2018-portal-current;HCD-APR-TABLE-A-2019-portal-current;HCD-APR-TABLE-A-2020-portal-current;HCD-APR-TABLE-A-2021-portal-current;HCD-APR-TABLE-A-2022-portal-current;HCD-APR-TABLE-A-2023-portal-current;HCD-APR-TABLE-A-2024-portal-current;HCD-APR-TABLE-A-2025-portal-current;HCD-APR-TABLE-A2-2018-portal-current;HCD-APR-TABLE-A2-2019-portal-current;HCD-APR-TABLE-A2-2020-portal-current;HCD-APR-TABLE-A2-2021-portal-current;HCD-APR-TABLE-A2-2022-portal-current;HCD-APR-TABLE-A2-2023-portal-current;HCD-APR-TABLE-A2-2024-portal-current;HCD-APR-TABLE-A2-2025-portal-current,2026-08-10T17:11:13Z,c5cee4fbdeba70dfa06045e45ea217a2aca9e0594fe6a2da9144529a1cc1bc25;6f24c832cc9b927766fa5257f444024ffabc785e83ee1d5d9932243d95b14371;11aa51318922cdb7f838c55d1b07009fc196e7fe46ea39c1222e20a86c988429;97ab0c3387bdf49a07720594cb3ea612a85aca39503f8ca9f0c9c0af8e800bda;1bca81f3a972f3d1eced27a3e2fdf4268fc4f1031af1dd0698cbf39fa018fb04;1b140c61910e1eb3a1b01eb1837038d4a59ca05ac73198496fd1b3d77823f8c8;0d33c498629bfd21f3b9707fd1c4810fcb4fd6d8542c25aec64360305c105d2f;bec330a57d4f495f88b52cfed29d66223ec2d61b4ca4ae2e3feeef22faf62af2;2eda34f589a502ed96d65bbdc8ce37cfa225aedf755805a5453eb8c40e926d43;2909761266532f15be992976ff4f8ac5e86198994135f5fd6e17f4930c1de8f6;dd5239737a286de14f0cb94cb934e788a2734baa54fafb493cc326ab118f98e2;5a78db14b37ff087cca9b8e7ae1d939130ba7789dbd8be26558670e88d809950;60556989c07686cc4af51409c4e0761edc273bafa18a65e6a0c4fdc3ac96c4cc;d5a42e856f7a486094b1a52da7413fa582d45472ab18a6ae572bba1930a8069c;efedc570ed4198bb4143b012c1926c817a047bd23278b2b2b19270889b52d13b;e5e85e9677a374bd30beeeb7848a802f790f9425b78fe84c0ef8096e2394b297,median elapsed calendar days among deterministic exact-ID matches with chronological dates,Sample size 4315. Exact jurisdiction + tracking-ID matches are used first; exact jurisdiction + APN matches are used second. No address or fuzzy matching.,matched_subset_not_population_estimate
permitting_timelines,matched_application_to_entitlement_median_days,Matched application-to-entitlement median,06041,Marin,2018-2025 matched records,2025-12-31,multi-year matched-project summary,70.0,days,CA_HCD_APR_TABLE_A;CA_HCD_APR_TABLE_A2,HCD-APR-TABLE-A-2018-portal-current;HCD-APR-TABLE-A-2019-portal-current;HCD-APR-TABLE-A-2020-portal-current;HCD-APR-TABLE-A-2021-portal-current;HCD-APR-TABLE-A-2022-portal-current;HCD-APR-TABLE-A-2023-portal-current;HCD-APR-TABLE-A-2024-portal-current;HCD-APR-TABLE-A-2025-portal-current;HCD-APR-TABLE-A2-2018-portal-current;HCD-APR-TABLE-A2-2019-portal-current;HCD-APR-TABLE-A2-2020-portal-current;HCD-APR-TABLE-A2-2021-portal-current;HCD-APR-TABLE-A2-2022-portal-current;HCD-APR-TABLE-A2-2023-portal-current;HCD-APR-TABLE-A2-2024-portal-current;HCD-APR-TABLE-A2-2025-portal-current,2026-08-10T17:11:13Z,c5cee4fbdeba70dfa06045e45ea217a2aca9e0594fe6a2da9144529a1cc1bc25;6f24c832cc9b927766fa5257f444024ffabc785e83ee1d5d9932243d95b14371;11aa51318922cdb7f838c55d1b07009fc196e7fe46ea39c1222e20a86c988429;97ab0c3387bdf49a07720594cb3ea612a85aca39503f8ca9f0c9c0af8e800bda;1bca81f3a972f3d1eced27a3e2fdf4268fc4f1031af1dd0698cbf39fa018fb04;1b140c61910e1eb3a1b01eb1837038d4a59ca05ac73198496fd1b3d77823f8c8;0d33c498629bfd21f3b9707fd1c4810fcb4fd6d8542c25aec64360305c105d2f;bec330a57d4f495f88b52cfed29d66223ec2d61b4ca4ae2e3feeef22faf62af2;2eda34f589a502ed96d65bbdc8ce37cfa225aedf755805a5453eb8c40e926d43;2909761266532f15be992976ff4f8ac5e86198994135f5fd6e17f4930c1de8f6;dd5239737a286de14f0cb94cb934e788a2734baa54fafb493cc326ab118f98e2;5a78db14b37ff087cca9b8e7ae1d939130ba7789dbd8be26558670e88d809950;60556989c07686cc4af51409c4e0761edc273bafa18a65e6a0c4fdc3ac96c4cc;d5a42e856f7a486094b1a52da7413fa582d45472ab18a6ae572bba1930a8069c;efedc570ed4198bb4143b012c1926c817a047bd23278b2b2b19270889b52d13b;e5e85e9677a374bd30beeeb7848a802f790f9425b78fe84c0ef8096e2394b297,median elapsed calendar days among deterministic exact-ID matches with chronological dates,Sample size 4315. Exact jurisdiction + tracking-ID matches are used first; exact jurisdiction + APN matches are used second. No address or fuzzy matching.,matched_subset_not_population_estimate
permitting_timelines,matched_application_to_entitlement_median_days,Matched application-to-entitlement median,06055,Napa,2018-2025 matched records,2025-12-31,multi-year matched-project summary,28.0,days,CA_HCD_APR_TABLE_A;CA_HCD_APR_TABLE_A2,HCD-APR-TABLE-A-2018-portal-current;HCD-APR-TABLE-A-2019-portal-current;HCD-APR-TABLE-A-2020-portal-current;HCD-APR-TABLE-A-2021-portal-current;HCD-APR-TABLE-A-2022-portal-current;HCD-APR-TABLE-A-2023-portal-current;HCD-APR-TABLE-A-2024-portal-current;HCD-APR-TABLE-A-2025-portal-current;HCD-APR-TABLE-A2-2018-portal-current;HCD-APR-TABLE-A2-2019-portal-current;HCD-APR-TABLE-A2-2020-portal-current;HCD-APR-TABLE-A2-2021-portal-current;HCD-APR-TABLE-A2-2022-portal-current;HCD-APR-TABLE-A2-2023-portal-current;HCD-APR-TABLE-A2-2024-portal-current;HCD-APR-TABLE-A2-2025-portal-current,2026-08-10T17:11:13Z,c5cee4fbdeba70dfa06045e45ea217a2aca9e0594fe6a2da9144529a1cc1bc25;6f24c832cc9b927766fa5257f444024ffabc785e83ee1d5d9932243d95b14371;11aa51318922cdb7f838c55d1b07009fc196e7fe46ea39c1222e20a86c988429;97ab0c3387bdf49a07720594cb3ea612a85aca39503f8ca9f0c9c0af8e800bda;1bca81f3a972f3d1eced27a3e2fdf4268fc4f1031af1dd0698cbf39fa018fb04;1b140c61910e1eb3a1b01eb1837038d4a59ca05ac73198496fd1b3d77823f8c8;0d33c498629bfd21f3b9707fd1c4810fcb4fd6d8542c25aec64360305c105d2f;bec330a57d4f495f88b52cfed29d66223ec2d61b4ca4ae2e3feeef22faf62af2;2eda34f589a502ed96d65bbdc8ce37cfa225aedf755805a5453eb8c40e926d43;2909761266532f15be992976ff4f8ac5e86198994135f5fd6e17f4930c1de8f6;dd5239737a286de14f0cb94cb934e788a2734baa54fafb493cc326ab118f98e2;5a78db14b37ff087cca9b8e7ae1d939130ba7789dbd8be26558670e88d809950;60556989c07686cc4af51409c4e0761edc273bafa18a65e6a0c4fdc3ac96c4cc;d5a42e856f7a486094b1a52da7413fa582d45472ab18a6ae572bba1930a8069c;efedc570ed4198bb4143b012c1926c817a047bd23278b2b2b19270889b52d13b;e5e85e9677a374bd30beeeb7848a802f790f9425b78fe84c0ef8096e2394b297,median elapsed calendar days among deterministic exact-ID matches with chronological dates,Sample size 4315. Exact jurisdiction + tracking-ID matches are used first; exact jurisdiction + APN matches are used second. No address or fuzzy matching.,matched_subset_not_population_estimate
permitting_timelines,matched_application_to_entitlement_median_days,Matched application-to-entitlement median,06075,San Francisco,2018-2025 matched records,2025-12-31,multi-year matched-project summary,388.0,days,CA_HCD_APR_TABLE_A;CA_HCD_APR_TABLE_A2,HCD-APR-TABLE-A-2018-portal-current;HCD-APR-TABLE-A-2019-portal-current;HCD-APR-TABLE-A-2020-portal-current;HCD-APR-TABLE-A-2021-portal-current;HCD-APR-TABLE-A-2022-portal-current;HCD-APR-TABLE-A-2023-portal-current;HCD-APR-TABLE-A-2024-portal-current;HCD-APR-TABLE-A-2025-portal-current;HCD-APR-TABLE-A2-2018-portal-current;HCD-APR-TABLE-A2-2019-portal-current;HCD-APR-TABLE-A2-2020-portal-current;HCD-APR-TABLE-A2-2021-portal-current;HCD-APR-TABLE-A2-2022-portal-current;HCD-APR-TABLE-A2-2023-portal-current;HCD-APR-TABLE-A2-2024-portal-current;HCD-APR-TABLE-A2-2025-portal-current,2026-08-10T17:11:13Z,c5cee4fbdeba70dfa06045e45ea217a2aca9e0594fe6a2da9144529a1cc1bc25;6f24c832cc9b927766fa5257f444024ffabc785e83ee1d5d9932243d95b14371;11aa51318922cdb7f838c55d1b07009fc196e7fe46ea39c1222e20a86c988429;97ab0c3387bdf49a07720594cb3ea612a85aca39503f8ca9f0c9c0af8e800bda;1bca81f3a972f3d1eced27a3e2fdf4268fc4f1031af1dd0698cbf39fa018fb04;1b140c61910e1eb3a1b01eb1837038d4a59ca05ac73198496fd1b3d77823f8c8;0d33c498629bfd21f3b9707fd1c4810fcb4fd6d8542c25aec64360305c105d2f;bec330a57d4f495f88b52cfed29d66223ec2d61b4ca4ae2e3feeef22faf62af2;2eda34f589a502ed96d65bbdc8ce37cfa225aedf755805a5453eb8c40e926d43;2909761266532f15be992976ff4f8ac5e86198994135f5fd6e17f4930c1de8f6;dd5239737a286de14f0cb94cb934e788a2734baa54fafb493cc326ab118f98e2;5a78db14b37ff087cca9b8e7ae1d939130ba7789dbd8be26558670e88d809950;60556989c07686cc4af51409c4e0761edc273bafa18a65e6a0c4fdc3ac96c4cc;d5a42e856f7a486094b1a52da7413fa582d45472ab18a6ae572bba1930a8069c;efedc570ed4198bb4143b012c1926c817a047bd23278b2b2b19270889b52d13b;e5e85e9677a374bd30beeeb7848a802f790f9425b78fe84c0ef8096e2394b297,median elapsed calendar days among deterministic exact-ID matches with chronological dates,Sample size 4315. Exact jurisdiction + tracking-ID matches are used first; exact jurisdiction + APN matches are used second. No address or fuzzy matching.,matched_subset_not_population_estimate
permitting_timelines,matched_application_to_entitlement_median_days,Matched application-to-entitlement median,06081,San Mateo,2018-2025 matched records,2025-12-31,multi-year matched-project summary,90.0,days,CA_HCD_APR_TABLE_A;CA_HCD_APR_TABLE_A2,HCD-APR-TABLE-A-2018-portal-current;HCD-APR-TABLE-A-2019-portal-current;HCD-APR-TABLE-A-2020-portal-current;HCD-APR-TABLE-A-2021-portal-current;HCD-APR-TABLE-A-2022-portal-current;HCD-APR-TABLE-A-2023-portal-current;HCD-APR-TABLE-A-2024-portal-current;HCD-APR-TABLE-A-2025-portal-current;HCD-APR-TABLE-A2-2018-portal-current;HCD-APR-TABLE-A2-2019-portal-current;HCD-APR-TABLE-A2-2020-portal-current;HCD-APR-TABLE-A2-2021-portal-current;HCD-APR-TABLE-A2-2022-portal-current;HCD-APR-TABLE-A2-2023-portal-current;HCD-APR-TABLE-A2-2024-portal-current;HCD-APR-TABLE-A2-2025-portal-current,2026-08-10T17:11:13Z,c5cee4fbdeba70dfa06045e45ea217a2aca9e0594fe6a2da9144529a1cc1bc25;6f24c832cc9b927766fa5257f444024ffabc785e83ee1d5d9932243d95b14371;11aa51318922cdb7f838c55d1b07009fc196e7fe46ea39c1222e20a86c988429;97ab0c3387bdf49a07720594cb3ea612a85aca39503f8ca9f0c9c0af8e800bda;1bca81f3a972f3d1eced27a3e2fdf4268fc4f1031af1dd0698cbf39fa018fb04;1b140c61910e1eb3a1b01eb1837038d4a59ca05ac73198496fd1b3d77823f8c8;0d33c498629bfd21f3b9707fd1c4810fcb4fd6d8542c25aec64360305c105d2f;bec330a57d4f495f88b52cfed29d66223ec2d61b4ca4ae2e3feeef22faf62af2;2eda34f589a502ed96d65bbdc8ce37cfa225aedf755805a5453eb8c40e926d43;2909761266532f15be992976ff4f8ac5e86198994135f5fd6e17f4930c1de8f6;dd5239737a286de14f0cb94cb934e788a2734baa54fafb493cc326ab118f98e2;5a78db14b37ff087cca9b8e7ae1d939130ba7789dbd8be26558670e88d809950;60556989c07686cc4af51409c4e0761edc273bafa18a65e6a0c4fdc3ac96c4cc;d5a42e856f7a486094b1a52da7413fa582d45472ab18a6ae572bba1930a8069c;efedc570ed4198bb4143b012c1926c817a047bd23278b2b2b19270889b52d13b;e5e85e9677a374bd30beeeb7848a802f790f9425b78fe84c0ef8096e2394b297,median elapsed calendar days among deterministic exact-ID matches with chronological dates,Sample size 4315. Exact jurisdiction + tracking-ID matches are used first; exact jurisdiction + APN matches are used second. No address or fuzzy matching.,matched_subset_not_population_estimate
permitting_timelines,matched_application_to_entitlement_median_days,Matched application-to-entitlement median,06085,Santa Clara,2018-2025 matched records,2025-12-31,multi-year matched-project summary,43.0,days,CA_HCD_APR_TABLE_A;CA_HCD_APR_TABLE_A2,HCD-APR-TABLE-A-2018-portal-current;HCD-APR-TABLE-A-2019-portal-current;HCD-APR-TABLE-A-2020-portal-current;HCD-APR-TABLE-A-2021-portal-current;HCD-APR-TABLE-A-2022-portal-current;HCD-APR-TABLE-A-2023-portal-current;HCD-APR-TABLE-A-2024-portal-current;HCD-APR-TABLE-A-2025-portal-current;HCD-APR-TABLE-A2-2018-portal-current;HCD-APR-TABLE-A2-2019-portal-current;HCD-APR-TABLE-A2-2020-portal-current;HCD-APR-TABLE-A2-2021-portal-current;HCD-APR-TABLE-A2-2022-portal-current;HCD-APR-TABLE-A2-2023-portal-current;HCD-APR-TABLE-A2-2024-portal-current;HCD-APR-TABLE-A2-2025-portal-current,2026-08-10T17:11:13Z,c5cee4fbdeba70dfa06045e45ea217a2aca9e0594fe6a2da9144529a1cc1bc25;6f24c832cc9b927766fa5257f444024ffabc785e83ee1d5d9932243d95b14371;11aa51318922cdb7f838c55d1b07009fc196e7fe46ea39c1222e20a86c988429;97ab0c3387bdf49a07720594cb3ea612a85aca39503f8ca9f0c9c0af8e800bda;1bca81f3a972f3d1eced27a3e2fdf4268fc4f1031af1dd0698cbf39fa018fb04;1b140c61910e1eb3a1b01eb1837038d4a59ca05ac73198496fd1b3d77823f8c8;0d33c498629bfd21f3b9707fd1c4810fcb4fd6d8542c25aec64360305c105d2f;bec330a57d4f495f88b52cfed29d66223ec2d61b4ca4ae2e3feeef22faf62af2;2eda34f589a502ed96d65bbdc8ce37cfa225aedf755805a5453eb8c40e926d43;2909761266532f15be992976ff4f8ac5e86198994135f5fd6e17f4930c1de8f6;dd5239737a286de14f0cb94cb934e788a2734baa54fafb493cc326ab118f98e2;5a78db14b37ff087cca9b8e7ae1d939130ba7789dbd8be26558670e88d809950;60556989c07686cc4af51409c4e0761edc273bafa18a65e6a0c4fdc3ac96c4cc;d5a42e856f7a486094b1a52da7413fa582d45472ab18a6ae572bba1930a8069c;efedc570ed4198bb4143b012c1926c817a047bd23278b2b2b19270889b52d13b;e5e85e9677a374bd30beeeb7848a802f790f9425b78fe84c0ef8096e2394b297,median elapsed calendar days among deterministic exact-ID matches with chronological dates,Sample size 4315. Exact jurisdiction + tracking-ID matches are used first; exact jurisdiction + APN matches are used second. No address or fuzzy matching.,matched_subset_not_population_estimate
permitting_timelines,matched_application_to_entitlement_median_days,Matched application-to-entitlement median,06095,Solano,2018-2025 matched records,2025-12-31,multi-year matched-project summary,23.0,days,CA_HCD_APR_TABLE_A;CA_HCD_APR_TABLE_A2,HCD-APR-TABLE-A-2018-portal-current;HCD-APR-TABLE-A-2019-portal-current;HCD-APR-TABLE-A-2020-portal-current;HCD-APR-TABLE-A-2021-portal-current;HCD-APR-TABLE-A-2022-portal-current;HCD-APR-TABLE-A-2023-portal-current;HCD-APR-TABLE-A-2024-portal-current;HCD-APR-TABLE-A-2025-portal-current;HCD-APR-TABLE-A2-2018-portal-current;HCD-APR-TABLE-A2-2019-portal-current;HCD-APR-TABLE-A2-2020-portal-current;HCD-APR-TABLE-A2-2021-portal-current;HCD-APR-TABLE-A2-2022-portal-current;HCD-APR-TABLE-A2-2023-portal-current;HCD-APR-TABLE-A2-2024-portal-current;HCD-APR-TABLE-A2-2025-portal-current,2026-08-10T17:11:13Z,c5cee4fbdeba70dfa06045e45ea217a2aca9e0594fe6a2da9144529a1cc1bc25;6f24c832cc9b927766fa5257f444024ffabc785e83ee1d5d9932243d95b14371;11aa51318922cdb7f838c55d1b07009fc196e7fe46ea39c1222e20a86c988429;97ab0c3387bdf49a07720594cb3ea612a85aca39503f8ca9f0c9c0af8e800bda;1bca81f3a972f3d1eced27a3e2fdf4268fc4f1031af1dd0698cbf39fa018fb04;1b140c61910e1eb3a1b01eb1837038d4a59ca05ac73198496fd1b3d77823f8c8;0d33c498629bfd21f3b9707fd1c4810fcb4fd6d8542c25aec64360305c105d2f;bec330a57d4f495f88b52cfed29d66223ec2d61b4ca4ae2e3feeef22faf62af2;2eda34f589a502ed96d65bbdc8ce37cfa225aedf755805a5453eb8c40e926d43;2909761266532f15be992976ff4f8ac5e86198994135f5fd6e17f4930c1de8f6;dd5239737a286de14f0cb94cb934e788a2734baa54fafb493cc326ab118f98e2;5a78db14b37ff087cca9b8e7ae1d939130ba7789dbd8be26558670e88d809950;60556989c07686cc4af51409c4e0761edc273bafa18a65e6a0c4fdc3ac96c4cc;d5a42e856f7a486094b1a52da7413fa582d45472ab18a6ae572bba1930a8069c;efedc570ed4198bb4143b012c1926c817a047bd23278b2b2b19270889b52d13b;e5e85e9677a374bd30beeeb7848a802f790f9425b78fe84c0ef8096e2394b297,median elapsed calendar days among deterministic exact-ID matches with chronological dates,Sample size 4315. Exact jurisdiction + tracking-ID matches are used first; exact jurisdiction + APN matches are used second. No address or fuzzy matching.,matched_subset_not_population_estimate
permitting_timelines,matched_application_to_entitlement_median_days,Matched application-to-entitlement median,06097,Sonoma,2018-2025 matched records,2025-12-31,multi-year matched-project summary,64.0,days,CA_HCD_APR_TABLE_A;CA_HCD_APR_TABLE_A2,HCD-APR-TABLE-A-2018-portal-current;HCD-APR-TABLE-A-2019-portal-current;HCD-APR-TABLE-A-2020-portal-current;HCD-APR-TABLE-A-2021-portal-current;HCD-APR-TABLE-A-2022-portal-current;HCD-APR-TABLE-A-2023-portal-current;HCD-APR-TABLE-A-2024-portal-current;HCD-APR-TABLE-A-2025-portal-current;HCD-APR-TABLE-A2-2018-portal-current;HCD-APR-TABLE-A2-2019-portal-current;HCD-APR-TABLE-A2-2020-portal-current;HCD-APR-TABLE-A2-2021-portal-current;HCD-APR-TABLE-A2-2022-portal-current;HCD-APR-TABLE-A2-2023-portal-current;HCD-APR-TABLE-A2-2024-portal-current;HCD-APR-TABLE-A2-2025-portal-current,2026-08-10T17:11:13Z,c5cee4fbdeba70dfa06045e45ea217a2aca9e0594fe6a2da9144529a1cc1bc25;6f24c832cc9b927766fa5257f444024ffabc785e83ee1d5d9932243d95b14371;11aa51318922cdb7f838c55d1b07009fc196e7fe46ea39c1222e20a86c988429;97ab0c3387bdf49a07720594cb3ea612a85aca39503f8ca9f0c9c0af8e800bda;1bca81f3a972f3d1eced27a3e2fdf4268fc4f1031af1dd0698cbf39fa018fb04;1b140c61910e1eb3a1b01eb1837038d4a59ca05ac73198496fd1b3d77823f8c8;0d33c498629bfd21f3b9707fd1c4810fcb4fd6d8542c25aec64360305c105d2f;bec330a57d4f495f88b52cfed29d66223ec2d61b4ca4ae2e3feeef22faf62af2;2eda34f589a502ed96d65bbdc8ce37cfa225aedf755805a5453eb8c40e926d43;2909761266532f15be992976ff4f8ac5e86198994135f5fd6e17f4930c1de8f6;dd5239737a286de14f0cb94cb934e788a2734baa54fafb493cc326ab118f98e2;5a78db14b37ff087cca9b8e7ae1d939130ba7789dbd8be26558670e88d809950;60556989c07686cc4af51409c4e0761edc273bafa18a65e6a0c4fdc3ac96c4cc;d5a42e856f7a486094b1a52da7413fa582d45472ab18a6ae572bba1930a8069c;efedc570ed4198bb4143b012c1926c817a047bd23278b2b2b19270889b52d13b;e5e85e9677a374bd30beeeb7848a802f790f9425b78fe84c0ef8096e2394b297,median elapsed calendar days among deterministic exact-ID matches with chronological dates,Sample size 4315. Exact jurisdiction + tracking-ID matches are used first; exact jurisdiction + APN matches are used second. No address or fuzzy matching.,matched_subset_not_population_estimate
permitting_timelines,matched_entitlement_to_permit_median_days,Matched entitlement-to-permit median,06001,Alameda,2018-2025 matched records,2025-12-31,multi-year matched-project summary,51.0,days,CA_HCD_APR_TABLE_A;CA_HCD_APR_TABLE_A2,HCD-APR-TABLE-A-2018-portal-current;HCD-APR-TABLE-A-2019-portal-current;HCD-APR-TABLE-A-2020-portal-current;HCD-APR-TABLE-A-2021-portal-current;HCD-APR-TABLE-A-2022-portal-current;HCD-APR-TABLE-A-2023-portal-current;HCD-APR-TABLE-A-2024-portal-current;HCD-APR-TABLE-A-2025-portal-current;HCD-APR-TABLE-A2-2018-portal-current;HCD-APR-TABLE-A2-2019-portal-current;HCD-APR-TABLE-A2-2020-portal-current;HCD-APR-TABLE-A2-2021-portal-current;HCD-APR-TABLE-A2-2022-portal-current;HCD-APR-TABLE-A2-2023-portal-current;HCD-APR-TABLE-A2-2024-portal-current;HCD-APR-TABLE-A2-2025-portal-current,2026-08-10T17:11:13Z,c5cee4fbdeba70dfa06045e45ea217a2aca9e0594fe6a2da9144529a1cc1bc25;6f24c832cc9b927766fa5257f444024ffabc785e83ee1d5d9932243d95b14371;11aa51318922cdb7f838c55d1b07009fc196e7fe46ea39c1222e20a86c988429;97ab0c3387bdf49a07720594cb3ea612a85aca39503f8ca9f0c9c0af8e800bda;1bca81f3a972f3d1eced27a3e2fdf4268fc4f1031af1dd0698cbf39fa018fb04;1b140c61910e1eb3a1b01eb1837038d4a59ca05ac73198496fd1b3d77823f8c8;0d33c498629bfd21f3b9707fd1c4810fcb4fd6d8542c25aec64360305c105d2f;bec330a57d4f495f88b52cfed29d66223ec2d61b4ca4ae2e3feeef22faf62af2;2eda34f589a502ed96d65bbdc8ce37cfa225aedf755805a5453eb8c40e926d43;2909761266532f15be992976ff4f8ac5e86198994135f5fd6e17f4930c1de8f6;dd5239737a286de14f0cb94cb934e788a2734baa54fafb493cc326ab118f98e2;5a78db14b37ff087cca9b8e7ae1d939130ba7789dbd8be26558670e88d809950;60556989c07686cc4af51409c4e0761edc273bafa18a65e6a0c4fdc3ac96c4cc;d5a42e856f7a486094b1a52da7413fa582d45472ab18a6ae572bba1930a8069c;efedc570ed4198bb4143b012c1926c817a047bd23278b2b2b19270889b52d13b;e5e85e9677a374bd30beeeb7848a802f790f9425b78fe84c0ef8096e2394b297,median elapsed calendar days among deterministic exact-ID matches with chronological dates,Sample size 1352. Exact jurisdiction + tracking-ID matches are used first; exact jurisdiction + APN matches are used second. No address or fuzzy matching.,matched_subset_not_population_estimate
permitting_timelines,matched_entitlement_to_permit_median_days,Matched entitlement-to-permit median,06013,Contra Costa,2018-2025 matched records,2025-12-31,multi-year matched-project summary,73.0,days,CA_HCD_APR_TABLE_A;CA_HCD_APR_TABLE_A2,HCD-APR-TABLE-A-2018-portal-current;HCD-APR-TABLE-A-2019-portal-current;HCD-APR-TABLE-A-2020-portal-current;HCD-APR-TABLE-A-2021-portal-current;HCD-APR-TABLE-A-2022-portal-current;HCD-APR-TABLE-A-2023-portal-current;HCD-APR-TABLE-A-2024-portal-current;HCD-APR-TABLE-A-2025-portal-current;HCD-APR-TABLE-A2-2018-portal-current;HCD-APR-TABLE-A2-2019-portal-current;HCD-APR-TABLE-A2-2020-portal-current;HCD-APR-TABLE-A2-2021-portal-current;HCD-APR-TABLE-A2-2022-portal-current;HCD-APR-TABLE-A2-2023-portal-current;HCD-APR-TABLE-A2-2024-portal-current;HCD-APR-TABLE-A2-2025-portal-current,2026-08-10T17:11:13Z,c5cee4fbdeba70dfa06045e45ea217a2aca9e0594fe6a2da9144529a1cc1bc25;6f24c832cc9b927766fa5257f444024ffabc785e83ee1d5d9932243d95b14371;11aa51318922cdb7f838c55d1b07009fc196e7fe46ea39c1222e20a86c988429;97ab0c3387bdf49a07720594cb3ea612a85aca39503f8ca9f0c9c0af8e800bda;1bca81f3a972f3d1eced27a3e2fdf4268fc4f1031af1dd0698cbf39fa018fb04;1b140c61910e1eb3a1b01eb1837038d4a59ca05ac73198496fd1b3d77823f8c8;0d33c498629bfd21f3b9707fd1c4810fcb4fd6d8542c25aec64360305c105d2f;bec330a57d4f495f88b52cfed29d66223ec2d61b4ca4ae2e3feeef22faf62af2;2eda34f589a502ed96d65bbdc8ce37cfa225aedf755805a5453eb8c40e926d43;2909761266532f15be992976ff4f8ac5e86198994135f5fd6e17f4930c1de8f6;dd5239737a286de14f0cb94cb934e788a2734baa54fafb493cc326ab118f98e2;5a78db14b37ff087cca9b8e7ae1d939130ba7789dbd8be26558670e88d809950;60556989c07686cc4af51409c4e0761edc273bafa18a65e6a0c4fdc3ac96c4cc;d5a42e856f7a486094b1a52da7413fa582d45472ab18a6ae572bba1930a8069c;efedc570ed4198bb4143b012c1926c817a047bd23278b2b2b19270889b52d13b;e5e85e9677a374bd30beeeb7848a802f790f9425b78fe84c0ef8096e2394b297,median elapsed calendar days among deterministic exact-ID matches with chronological dates,Sample size 1352. Exact jurisdiction + tracking-ID matches are used first; exact jurisdiction + APN matches are used second. No address or fuzzy matching.,matched_subset_not_population_estimate
permitting_timelines,matched_entitlement_to_permit_median_days,Matched entitlement-to-permit median,06041,Marin,2018-2025 matched records,2025-12-31,multi-year matched-project summary,12.0,days,CA_HCD_APR_TABLE_A;CA_HCD_APR_TABLE_A2,HCD-APR-TABLE-A-2018-portal-current;HCD-APR-TABLE-A-2019-portal-current;HCD-APR-TABLE-A-2020-portal-current;HCD-APR-TABLE-A-2021-portal-current;HCD-APR-TABLE-A-2022-portal-current;HCD-APR-TABLE-A-2023-portal-current;HCD-APR-TABLE-A-2024-portal-current;HCD-APR-TABLE-A-2025-portal-current;HCD-APR-TABLE-A2-2018-portal-current;HCD-APR-TABLE-A2-2019-portal-current;HCD-APR-TABLE-A2-2020-portal-current;HCD-APR-TABLE-A2-2021-portal-current;HCD-APR-TABLE-A2-2022-portal-current;HCD-APR-TABLE-A2-2023-portal-current;HCD-APR-TABLE-A2-2024-portal-current;HCD-APR-TABLE-A2-2025-portal-current,2026-08-10T17:11:13Z,c5cee4fbdeba70dfa06045e45ea217a2aca9e0594fe6a2da9144529a1cc1bc25;6f24c832cc9b927766fa5257f444024ffabc785e83ee1d5d9932243d95b14371;11aa51318922cdb7f838c55d1b07009fc196e7fe46ea39c1222e20a86c988429;97ab0c3387bdf49a07720594cb3ea612a85aca39503f8ca9f0c9c0af8e800bda;1bca81f3a972f3d1eced27a3e2fdf4268fc4f1031af1dd0698cbf39fa018fb04;1b140c61910e1eb3a1b01eb1837038d4a59ca05ac73198496fd1b3d77823f8c8;0d33c498629bfd21f3b9707fd1c4810fcb4fd6d8542c25aec64360305c105d2f;bec330a57d4f495f88b52cfed29d66223ec2d61b4ca4ae2e3feeef22faf62af2;2eda34f589a502ed96d65bbdc8ce37cfa225aedf755805a5453eb8c40e926d43;2909761266532f15be992976ff4f8ac5e86198994135f5fd6e17f4930c1de8f6;dd5239737a286de14f0cb94cb934e788a2734baa54fafb493cc326ab118f98e2;5a78db14b37ff087cca9b8e7ae1d939130ba7789dbd8be26558670e88d809950;60556989c07686cc4af51409c4e0761edc273bafa18a65e6a0c4fdc3ac96c4cc;d5a42e856f7a486094b1a52da7413fa582d45472ab18a6ae572bba1930a8069c;efedc570ed4198bb4143b012c1926c817a047bd23278b2b2b19270889b52d13b;e5e85e9677a374bd30beeeb7848a802f790f9425b78fe84c0ef8096e2394b297,median elapsed calendar days among deterministic exact-ID matches with chronological dates,Sample size 1352. Exact jurisdiction + tracking-ID matches are used first; exact jurisdiction + APN matches are used second. No address or fuzzy matching.,matched_subset_not_population_estimate
permitting_timelines,matched_entitlement_to_permit_median_days,Matched entitlement-to-permit median,06055,Napa,2018-2025 matched records,2025-12-31,multi-year matched-project summary,87.5,days,CA_HCD_APR_TABLE_A;CA_HCD_APR_TABLE_A2,HCD-APR-TABLE-A-2018-portal-current;HCD-APR-TABLE-A-2019-portal-current;HCD-APR-TABLE-A-2020-portal-current;HCD-APR-TABLE-A-2021-portal-current;HCD-APR-TABLE-A-2022-portal-current;HCD-APR-TABLE-A-2023-portal-current;HCD-APR-TABLE-A-2024-portal-current;HCD-APR-TABLE-A-2025-portal-current;HCD-APR-TABLE-A2-2018-portal-current;HCD-APR-TABLE-A2-2019-portal-current;HCD-APR-TABLE-A2-2020-portal-current;HCD-APR-TABLE-A2-2021-portal-current;HCD-APR-TABLE-A2-2022-portal-current;HCD-APR-TABLE-A2-2023-portal-current;HCD-APR-TABLE-A2-2024-portal-current;HCD-APR-TABLE-A2-2025-portal-current,2026-08-10T17:11:13Z,c5cee4fbdeba70dfa06045e45ea217a2aca9e0594fe6a2da9144529a1cc1bc25;6f24c832cc9b927766fa5257f444024ffabc785e83ee1d5d9932243d95b14371;11aa51318922cdb7f838c55d1b07009fc196e7fe46ea39c1222e20a86c988429;97ab0c3387bdf49a07720594cb3ea612a85aca39503f8ca9f0c9c0af8e800bda;1bca81f3a972f3d1eced27a3e2fdf4268fc4f1031af1dd0698cbf39fa018fb04;1b140c61910e1eb3a1b01eb1837038d4a59ca05ac73198496fd1b3d77823f8c8;0d33c498629bfd21f3b9707fd1c4810fcb4fd6d8542c25aec64360305c105d2f;bec330a57d4f495f88b52cfed29d66223ec2d61b4ca4ae2e3feeef22faf62af2;2eda34f589a502ed96d65bbdc8ce37cfa225aedf755805a5453eb8c40e926d43;2909761266532f15be992976ff4f8ac5e86198994135f5fd6e17f4930c1de8f6;dd5239737a286de14f0cb94cb934e788a2734baa54fafb493cc326ab118f98e2;5a78db14b37ff087cca9b8e7ae1d939130ba7789dbd8be26558670e88d809950;60556989c07686cc4af51409c4e0761edc273bafa18a65e6a0c4fdc3ac96c4cc;d5a42e856f7a486094b1a52da7413fa582d45472ab18a6ae572bba1930a8069c;efedc570ed4198bb4143b012c1926c817a047bd23278b2b2b19270889b52d13b;e5e85e9677a374bd30beeeb7848a802f790f9425b78fe84c0ef8096e2394b297,median elapsed calendar days among deterministic exact-ID matches with chronological dates,Sample size 1352. Exact jurisdiction + tracking-ID matches are used first; exact jurisdiction + APN matches are used second. No address or fuzzy matching.,matched_subset_not_population_estimate
permitting_timelines,matched_entitlement_to_permit_median_days,Matched entitlement-to-permit median,06075,San Francisco,2018-2025 matched records,2025-12-31,multi-year matched-project summary,287.0,days,CA_HCD_APR_TABLE_A;CA_HCD_APR_TABLE_A2,HCD-APR-TABLE-A-2018-portal-current;HCD-APR-TABLE-A-2019-portal-current;HCD-APR-TABLE-A-2020-portal-current;HCD-APR-TABLE-A-2021-portal-current;HCD-APR-TABLE-A-2022-portal-current;HCD-APR-TABLE-A-2023-portal-current;HCD-APR-TABLE-A-2024-portal-current;HCD-APR-TABLE-A-2025-portal-current;HCD-APR-TABLE-A2-2018-portal-current;HCD-APR-TABLE-A2-2019-portal-current;HCD-APR-TABLE-A2-2020-portal-current;HCD-APR-TABLE-A2-2021-portal-current;HCD-APR-TABLE-A2-2022-portal-current;HCD-APR-TABLE-A2-2023-portal-current;HCD-APR-TABLE-A2-2024-portal-current;HCD-APR-TABLE-A2-2025-portal-current,2026-08-10T17:11:13Z,c5cee4fbdeba70dfa06045e45ea217a2aca9e0594fe6a2da9144529a1cc1bc25;6f24c832cc9b927766fa5257f444024ffabc785e83ee1d5d9932243d95b14371;11aa51318922cdb7f838c55d1b07009fc196e7fe46ea39c1222e20a86c988429;97ab0c3387bdf49a07720594cb3ea612a85aca39503f8ca9f0c9c0af8e800bda;1bca81f3a972f3d1eced27a3e2fdf4268fc4f1031af1dd0698cbf39fa018fb04;1b140c61910e1eb3a1b01eb1837038d4a59ca05ac73198496fd1b3d77823f8c8;0d33c498629bfd21f3b9707fd1c4810fcb4fd6d8542c25aec64360305c105d2f;bec330a57d4f495f88b52cfed29d66223ec2d61b4ca4ae2e3feeef22faf62af2;2eda34f589a502ed96d65bbdc8ce37cfa225aedf755805a5453eb8c40e926d43;2909761266532f15be992976ff4f8ac5e86198994135f5fd6e17f4930c1de8f6;dd5239737a286de14f0cb94cb934e788a2734baa54fafb493cc326ab118f98e2;5a78db14b37ff087cca9b8e7ae1d939130ba7789dbd8be26558670e88d809950;60556989c07686cc4af51409c4e0761edc273bafa18a65e6a0c4fdc3ac96c4cc;d5a42e856f7a486094b1a52da7413fa582d45472ab18a6ae572bba1930a8069c;efedc570ed4198bb4143b012c1926c817a047bd23278b2b2b19270889b52d13b;e5e85e9677a374bd30beeeb7848a802f790f9425b78fe84c0ef8096e2394b297,median elapsed calendar days among deterministic exact-ID matches with chronological dates,Sample size 1352. Exact jurisdiction + tracking-ID matches are used first; exact jurisdiction + APN matches are used second. No address or fuzzy matching.,matched_subset_not_population_estimate
permitting_timelines,matched_entitlement_to_permit_median_days,Matched entitlement-to-permit median,06081,San Mateo,2018-2025 matched records,2025-12-31,multi-year matched-project summary,76.5,days,CA_HCD_APR_TABLE_A;CA_HCD_APR_TABLE_A2,HCD-APR-TABLE-A-2018-portal-current;HCD-APR-TABLE-A-2019-portal-current;HCD-APR-TABLE-A-2020-portal-current;HCD-APR-TABLE-A-2021-portal-current;HCD-APR-TABLE-A-2022-portal-current;HCD-APR-TABLE-A-2023-portal-current;HCD-APR-TABLE-A-2024-portal-current;HCD-APR-TABLE-A-2025-portal-current;HCD-APR-TABLE-A2-2018-portal-current;HCD-APR-TABLE-A2-2019-portal-current;HCD-APR-TABLE-A2-2020-portal-current;HCD-APR-TABLE-A2-2021-portal-current;HCD-APR-TABLE-A2-2022-portal-current;HCD-APR-TABLE-A2-2023-portal-current;HCD-APR-TABLE-A2-2024-portal-current;HCD-APR-TABLE-A2-2025-portal-current,2026-08-10T17:11:13Z,c5cee4fbdeba70dfa06045e45ea217a2aca9e0594fe6a2da9144529a1cc1bc25;6f24c832cc9b927766fa5257f444024ffabc785e83ee1d5d9932243d95b14371;11aa51318922cdb7f838c55d1b07009fc196e7fe46ea39c1222e20a86c988429;97ab0c3387bdf49a07720594cb3ea612a85aca39503f8ca9f0c9c0af8e800bda;1bca81f3a972f3d1eced27a3e2fdf4268fc4f1031af1dd0698cbf39fa018fb04;1b140c61910e1eb3a1b01eb1837038d4a59ca05ac73198496fd1b3d77823f8c8;0d33c498629bfd21f3b9707fd1c4810fcb4fd6d8542c25aec64360305c105d2f;bec330a57d4f495f88b52cfed29d66223ec2d61b4ca4ae2e3feeef22faf62af2;2eda34f589a502ed96d65bbdc8ce37cfa225aedf755805a5453eb8c40e926d43;2909761266532f15be992976ff4f8ac5e86198994135f5fd6e17f4930c1de8f6;dd5239737a286de14f0cb94cb934e788a2734baa54fafb493cc326ab118f98e2;5a78db14b37ff087cca9b8e7ae1d939130ba7789dbd8be26558670e88d809950;60556989c07686cc4af51409c4e0761edc273bafa18a65e6a0c4fdc3ac96c4cc;d5a42e856f7a486094b1a52da7413fa582d45472ab18a6ae572bba1930a8069c;efedc570ed4198bb4143b012c1926c817a047bd23278b2b2b19270889b52d13b;e5e85e9677a374bd30beeeb7848a802f790f9425b78fe84c0ef8096e2394b297,median elapsed calendar days among deterministic exact-ID matches with chronological dates,Sample size 1352. Exact jurisdiction + tracking-ID matches are used first; exact jurisdiction + APN matches are used second. No address or fuzzy matching.,matched_subset_not_population_estimate
permitting_timelines,matched_entitlement_to_permit_median_days,Matched entitlement-to-permit median,06085,Santa Clara,2018-2025 matched records,2025-12-31,multi-year matched-project summary,0.0,days,CA_HCD_APR_TABLE_A;CA_HCD_APR_TABLE_A2,HCD-APR-TABLE-A-2018-portal-current;HCD-APR-TABLE-A-2019-portal-current;HCD-APR-TABLE-A-2020-portal-current;HCD-APR-TABLE-A-2021-portal-current;HCD-APR-TABLE-A-2022-portal-current;HCD-APR-TABLE-A-2023-portal-current;HCD-APR-TABLE-A-2024-portal-current;HCD-APR-TABLE-A-2025-portal-current;HCD-APR-TABLE-A2-2018-portal-current;HCD-APR-TABLE-A2-2019-portal-current;HCD-APR-TABLE-A2-2020-portal-current;HCD-APR-TABLE-A2-2021-portal-current;HCD-APR-TABLE-A2-2022-portal-current;HCD-APR-TABLE-A2-2023-portal-current;HCD-APR-TABLE-A2-2024-portal-current;HCD-APR-TABLE-A2-2025-portal-current,2026-08-10T17:11:13Z,c5cee4fbdeba70dfa06045e45ea217a2aca9e0594fe6a2da9144529a1cc1bc25;6f24c832cc9b927766fa5257f444024ffabc785e83ee1d5d9932243d95b14371;11aa51318922cdb7f838c55d1b07009fc196e7fe46ea39c1222e20a86c988429;97ab0c3387bdf49a07720594cb3ea612a85aca39503f8ca9f0c9c0af8e800bda;1bca81f3a972f3d1eced27a3e2fdf4268fc4f1031af1dd0698cbf39fa018fb04;1b140c61910e1eb3a1b01eb1837038d4a59ca05ac73198496fd1b3d77823f8c8;0d33c498629bfd21f3b9707fd1c4810fcb4fd6d8542c25aec64360305c105d2f;bec330a57d4f495f88b52cfed29d66223ec2d61b4ca4ae2e3feeef22faf62af2;2eda34f589a502ed96d65bbdc8ce37cfa225aedf755805a5453eb8c40e926d43;2909761266532f15be992976ff4f8ac5e86198994135f5fd6e17f4930c1de8f6;dd5239737a286de14f0cb94cb934e788a2734baa54fafb493cc326ab118f98e2;5a78db14b37ff087cca9b8e7ae1d939130ba7789dbd8be26558670e88d809950;60556989c07686cc4af51409c4e0761edc273bafa18a65e6a0c4fdc3ac96c4cc;d5a42e856f7a486094b1a52da7413fa582d45472ab18a6ae572bba1930a8069c;efedc570ed4198bb4143b012c1926c817a047bd23278b2b2b19270889b52d13b;e5e85e9677a374bd30beeeb7848a802f790f9425b78fe84c0ef8096e2394b297,median elapsed calendar days among deterministic exact-ID matches with chronological dates,Sample size 1352. Exact jurisdiction + tracking-ID matches are used first; exact jurisdiction + APN matches are used second. No address or fuzzy matching.,matched_subset_not_population_estimate
permitting_timelines,matched_entitlement_to_permit_median_days,Matched entitlement-to-permit median,06095,Solano,2018-2025 matched records,2025-12-31,multi-year matched-project summary,0.0,days,CA_HCD_APR_TABLE_A;CA_HCD_APR_TABLE_A2,HCD-APR-TABLE-A-2018-portal-current;HCD-APR-TABLE-A-2019-portal-current;HCD-APR-TABLE-A-2020-portal-current;HCD-APR-TABLE-A-2021-portal-current;HCD-APR-TABLE-A-2022-portal-current;HCD-APR-TABLE-A-2023-portal-current;HCD-APR-TABLE-A-2024-portal-current;HCD-APR-TABLE-A-2025-portal-current;HCD-APR-TABLE-A2-2018-portal-current;HCD-APR-TABLE-A2-2019-portal-current;HCD-APR-TABLE-A2-2020-portal-current;HCD-APR-TABLE-A2-2021-portal-current;HCD-APR-TABLE-A2-2022-portal-current;HCD-APR-TABLE-A2-2023-portal-current;HCD-APR-TABLE-A2-2024-portal-current;HCD-APR-TABLE-A2-2025-portal-current,2026-08-10T17:11:13Z,c5cee4fbdeba70dfa06045e45ea217a2aca9e0594fe6a2da9144529a1cc1bc25;6f24c832cc9b927766fa5257f444024ffabc785e83ee1d5d9932243d95b14371;11aa51318922cdb7f838c55d1b07009fc196e7fe46ea39c1222e20a86c988429;97ab0c3387bdf49a07720594cb3ea612a85aca39503f8ca9f0c9c0af8e800bda;1bca81f3a972f3d1eced27a3e2fdf4268fc4f1031af1dd0698cbf39fa018fb04;1b140c61910e1eb3a1b01eb1837038d4a59ca05ac73198496fd1b3d77823f8c8;0d33c498629bfd21f3b9707fd1c4810fcb4fd6d8542c25aec64360305c105d2f;bec330a57d4f495f88b52cfed29d66223ec2d61b4ca4ae2e3feeef22faf62af2;2eda34f589a502ed96d65bbdc8ce37cfa225aedf755805a5453eb8c40e926d43;2909761266532f15be992976ff4f8ac5e86198994135f5fd6e17f4930c1de8f6;dd5239737a286de14f0cb94cb934e788a2734baa54fafb493cc326ab118f98e2;5a78db14b37ff087cca9b8e7ae1d939130ba7789dbd8be26558670e88d809950;60556989c07686cc4af51409c4e0761edc273bafa18a65e6a0c4fdc3ac96c4cc;d5a42e856f7a486094b1a52da7413fa582d45472ab18a6ae572bba1930a8069c;efedc570ed4198bb4143b012c1926c817a047bd23278b2b2b19270889b52d13b;e5e85e9677a374bd30beeeb7848a802f790f9425b78fe84c0ef8096e2394b297,median elapsed calendar days among deterministic exact-ID matches with chronological dates,Sample size 1352. Exact jurisdiction + tracking-ID matches are used first; exact jurisdiction + APN matches are used second. No address or fuzzy matching.,matched_subset_not_population_estimate
permitting_timelines,matched_entitlement_to_permit_median_days,Matched entitlement-to-permit median,06097,Sonoma,2018-2025 matched records,2025-12-31,multi-year matched-project summary,74.0,days,CA_HCD_APR_TABLE_A;CA_HCD_APR_TABLE_A2,HCD-APR-TABLE-A-2018-portal-current;HCD-APR-TABLE-A-2019-portal-current;HCD-APR-TABLE-A-2020-portal-current;HCD-APR-TABLE-A-2021-portal-current;HCD-APR-TABLE-A-2022-portal-current;HCD-APR-TABLE-A-2023-portal-current;HCD-APR-TABLE-A-2024-portal-current;HCD-APR-TABLE-A-2025-portal-current;HCD-APR-TABLE-A2-2018-portal-current;HCD-APR-TABLE-A2-2019-portal-current;HCD-APR-TABLE-A2-2020-portal-current;HCD-APR-TABLE-A2-2021-portal-current;HCD-APR-TABLE-A2-2022-portal-current;HCD-APR-TABLE-A2-2023-portal-current;HCD-APR-TABLE-A2-2024-portal-current;HCD-APR-TABLE-A2-2025-portal-current,2026-08-10T17:11:13Z,c5cee4fbdeba70dfa06045e45ea217a2aca9e0594fe6a2da9144529a1cc1bc25;6f24c832cc9b927766fa5257f444024ffabc785e83ee1d5d9932243d95b14371;11aa51318922cdb7f838c55d1b07009fc196e7fe46ea39c1222e20a86c988429;97ab0c3387bdf49a07720594cb3ea612a85aca39503f8ca9f0c9c0af8e800bda;1bca81f3a972f3d1eced27a3e2fdf4268fc4f1031af1dd0698cbf39fa018fb04;1b140c61910e1eb3a1b01eb1837038d4a59ca05ac73198496fd1b3d77823f8c8;0d33c498629bfd21f3b9707fd1c4810fcb4fd6d8542c25aec64360305c105d2f;bec330a57d4f495f88b52cfed29d66223ec2d61b4ca4ae2e3feeef22faf62af2;2eda34f589a502ed96d65bbdc8ce37cfa225aedf755805a5453eb8c40e926d43;2909761266532f15be992976ff4f8ac5e86198994135f5fd6e17f4930c1de8f6;dd5239737a286de14f0cb94cb934e788a2734baa54fafb493cc326ab118f98e2;5a78db14b37ff087cca9b8e7ae1d939130ba7789dbd8be26558670e88d809950;60556989c07686cc4af51409c4e0761edc273bafa18a65e6a0c4fdc3ac96c4cc;d5a42e856f7a486094b1a52da7413fa582d45472ab18a6ae572bba1930a8069c;efedc570ed4198bb4143b012c1926c817a047bd23278b2b2b19270889b52d13b;e5e85e9677a374bd30beeeb7848a802f790f9425b78fe84c0ef8096e2394b297,median elapsed calendar days among deterministic exact-ID matches with chronological dates,Sample size 1352. Exact jurisdiction + tracking-ID matches are used first; exact jurisdiction + APN matches are used second. No address or fuzzy matching.,matched_subset_not_population_estimate
permitting_timelines,matched_permit_to_completion_median_days,Matched permit-to-completion median,06001,Alameda,2018-2025 matched records,2025-12-31,multi-year matched-project summary,317.0,days,CA_HCD_APR_TABLE_A;CA_HCD_APR_TABLE_A2,HCD-APR-TABLE-A-2018-portal-current;HCD-APR-TABLE-A-2019-portal-current;HCD-APR-TABLE-A-2020-portal-current;HCD-APR-TABLE-A-2021-portal-current;HCD-APR-TABLE-A-2022-portal-current;HCD-APR-TABLE-A-2023-portal-current;HCD-APR-TABLE-A-2024-portal-current;HCD-APR-TABLE-A-2025-portal-current;HCD-APR-TABLE-A2-2018-portal-current;HCD-APR-TABLE-A2-2019-portal-current;HCD-APR-TABLE-A2-2020-portal-current;HCD-APR-TABLE-A2-2021-portal-current;HCD-APR-TABLE-A2-2022-portal-current;HCD-APR-TABLE-A2-2023-portal-current;HCD-APR-TABLE-A2-2024-portal-current;HCD-APR-TABLE-A2-2025-portal-current,2026-08-10T17:11:13Z,c5cee4fbdeba70dfa06045e45ea217a2aca9e0594fe6a2da9144529a1cc1bc25;6f24c832cc9b927766fa5257f444024ffabc785e83ee1d5d9932243d95b14371;11aa51318922cdb7f838c55d1b07009fc196e7fe46ea39c1222e20a86c988429;97ab0c3387bdf49a07720594cb3ea612a85aca39503f8ca9f0c9c0af8e800bda;1bca81f3a972f3d1eced27a3e2fdf4268fc4f1031af1dd0698cbf39fa018fb04;1b140c61910e1eb3a1b01eb1837038d4a59ca05ac73198496fd1b3d77823f8c8;0d33c498629bfd21f3b9707fd1c4810fcb4fd6d8542c25aec64360305c105d2f;bec330a57d4f495f88b52cfed29d66223ec2d61b4ca4ae2e3feeef22faf62af2;2eda34f589a502ed96d65bbdc8ce37cfa225aedf755805a5453eb8c40e926d43;2909761266532f15be992976ff4f8ac5e86198994135f5fd6e17f4930c1de8f6;dd5239737a286de14f0cb94cb934e788a2734baa54fafb493cc326ab118f98e2;5a78db14b37ff087cca9b8e7ae1d939130ba7789dbd8be26558670e88d809950;60556989c07686cc4af51409c4e0761edc273bafa18a65e6a0c4fdc3ac96c4cc;d5a42e856f7a486094b1a52da7413fa582d45472ab18a6ae572bba1930a8069c;efedc570ed4198bb4143b012c1926c817a047bd23278b2b2b19270889b52d13b;e5e85e9677a374bd30beeeb7848a802f790f9425b78fe84c0ef8096e2394b297,median elapsed calendar days among deterministic exact-ID matches with chronological dates,Sample size 1674. Exact jurisdiction + tracking-ID matches are used first; exact jurisdiction + APN matches are used second. No address or fuzzy matching.,matched_subset_not_population_estimate
permitting_timelines,matched_permit_to_completion_median_days,Matched permit-to-completion median,06013,Contra Costa,2018-2025 matched records,2025-12-31,multi-year matched-project summary,323.0,days,CA_HCD_APR_TABLE_A;CA_HCD_APR_TABLE_A2,HCD-APR-TABLE-A-2018-portal-current;HCD-APR-TABLE-A-2019-portal-current;HCD-APR-TABLE-A-2020-portal-current;HCD-APR-TABLE-A-2021-portal-current;HCD-APR-TABLE-A-2022-portal-current;HCD-APR-TABLE-A-2023-portal-current;HCD-APR-TABLE-A-2024-portal-current;HCD-APR-TABLE-A-2025-portal-current;HCD-APR-TABLE-A2-2018-portal-current;HCD-APR-TABLE-A2-2019-portal-current;HCD-APR-TABLE-A2-2020-portal-current;HCD-APR-TABLE-A2-2021-portal-current;HCD-APR-TABLE-A2-2022-portal-current;HCD-APR-TABLE-A2-2023-portal-current;HCD-APR-TABLE-A2-2024-portal-current;HCD-APR-TABLE-A2-2025-portal-current,2026-08-10T17:11:13Z,c5cee4fbdeba70dfa06045e45ea217a2aca9e0594fe6a2da9144529a1cc1bc25;6f24c832cc9b927766fa5257f444024ffabc785e83ee1d5d9932243d95b14371;11aa51318922cdb7f838c55d1b07009fc196e7fe46ea39c1222e20a86c988429;97ab0c3387bdf49a07720594cb3ea612a85aca39503f8ca9f0c9c0af8e800bda;1bca81f3a972f3d1eced27a3e2fdf4268fc4f1031af1dd0698cbf39fa018fb04;1b140c61910e1eb3a1b01eb1837038d4a59ca05ac73198496fd1b3d77823f8c8;0d33c498629bfd21f3b9707fd1c4810fcb4fd6d8542c25aec64360305c105d2f;bec330a57d4f495f88b52cfed29d66223ec2d61b4ca4ae2e3feeef22faf62af2;2eda34f589a502ed96d65bbdc8ce37cfa225aedf755805a5453eb8c40e926d43;2909761266532f15be992976ff4f8ac5e86198994135f5fd6e17f4930c1de8f6;dd5239737a286de14f0cb94cb934e788a2734baa54fafb493cc326ab118f98e2;5a78db14b37ff087cca9b8e7ae1d939130ba7789dbd8be26558670e88d809950;60556989c07686cc4af51409c4e0761edc273bafa18a65e6a0c4fdc3ac96c4cc;d5a42e856f7a486094b1a52da7413fa582d45472ab18a6ae572bba1930a8069c;efedc570ed4198bb4143b012c1926c817a047bd23278b2b2b19270889b52d13b;e5e85e9677a374bd30beeeb7848a802f790f9425b78fe84c0ef8096e2394b297,median elapsed calendar days among deterministic exact-ID matches with chronological dates,Sample size 1674. Exact jurisdiction + tracking-ID matches are used first; exact jurisdiction + APN matches are used second. No address or fuzzy matching.,matched_subset_not_population_estimate
permitting_timelines,matched_permit_to_completion_median_days,Matched permit-to-completion median,06041,Marin,2018-2025 matched records,2025-12-31,multi-year matched-project summary,413.0,days,CA_HCD_APR_TABLE_A;CA_HCD_APR_TABLE_A2,HCD-APR-TABLE-A-2018-portal-current;HCD-APR-TABLE-A-2019-portal-current;HCD-APR-TABLE-A-2020-portal-current;HCD-APR-TABLE-A-2021-portal-current;HCD-APR-TABLE-A-2022-portal-current;HCD-APR-TABLE-A-2023-portal-current;HCD-APR-TABLE-A-2024-portal-current;HCD-APR-TABLE-A-2025-portal-current;HCD-APR-TABLE-A2-2018-portal-current;HCD-APR-TABLE-A2-2019-portal-current;HCD-APR-TABLE-A2-2020-portal-current;HCD-APR-TABLE-A2-2021-portal-current;HCD-APR-TABLE-A2-2022-portal-current;HCD-APR-TABLE-A2-2023-portal-current;HCD-APR-TABLE-A2-2024-portal-current;HCD-APR-TABLE-A2-2025-portal-current,2026-08-10T17:11:13Z,c5cee4fbdeba70dfa06045e45ea217a2aca9e0594fe6a2da9144529a1cc1bc25;6f24c832cc9b927766fa5257f444024ffabc785e83ee1d5d9932243d95b14371;11aa51318922cdb7f838c55d1b07009fc196e7fe46ea39c1222e20a86c988429;97ab0c3387bdf49a07720594cb3ea612a85aca39503f8ca9f0c9c0af8e800bda;1bca81f3a972f3d1eced27a3e2fdf4268fc4f1031af1dd0698cbf39fa018fb04;1b140c61910e1eb3a1b01eb1837038d4a59ca05ac73198496fd1b3d77823f8c8;0d33c498629bfd21f3b9707fd1c4810fcb4fd6d8542c25aec64360305c105d2f;bec330a57d4f495f88b52cfed29d66223ec2d61b4ca4ae2e3feeef22faf62af2;2eda34f589a502ed96d65bbdc8ce37cfa225aedf755805a5453eb8c40e926d43;2909761266532f15be992976ff4f8ac5e86198994135f5fd6e17f4930c1de8f6;dd5239737a286de14f0cb94cb934e788a2734baa54fafb493cc326ab118f98e2;5a78db14b37ff087cca9b8e7ae1d939130ba7789dbd8be26558670e88d809950;60556989c07686cc4af51409c4e0761edc273bafa18a65e6a0c4fdc3ac96c4cc;d5a42e856f7a486094b1a52da7413fa582d45472ab18a6ae572bba1930a8069c;efedc570ed4198bb4143b012c1926c817a047bd23278b2b2b19270889b52d13b;e5e85e9677a374bd30beeeb7848a802f790f9425b78fe84c0ef8096e2394b297,median elapsed calendar days among deterministic exact-ID matches with chronological dates,Sample size 1674. Exact jurisdiction + tracking-ID matches are used first; exact jurisdiction + APN matches are used second. No address or fuzzy matching.,matched_subset_not_population_estimate
permitting_timelines,matched_permit_to_completion_median_days,Matched permit-to-completion median,06055,Napa,2018-2025 matched records,2025-12-31,multi-year matched-project summary,421.0,days,CA_HCD_APR_TABLE_A;CA_HCD_APR_TABLE_A2,HCD-APR-TABLE-A-2018-portal-current;HCD-APR-TABLE-A-2019-portal-current;HCD-APR-TABLE-A-2020-portal-current;HCD-APR-TABLE-A-2021-portal-current;HCD-APR-TABLE-A-2022-portal-current;HCD-APR-TABLE-A-2023-portal-current;HCD-APR-TABLE-A-2024-portal-current;HCD-APR-TABLE-A-2025-portal-current;HCD-APR-TABLE-A2-2018-portal-current;HCD-APR-TABLE-A2-2019-portal-current;HCD-APR-TABLE-A2-2020-portal-current;HCD-APR-TABLE-A2-2021-portal-current;HCD-APR-TABLE-A2-2022-portal-current;HCD-APR-TABLE-A2-2023-portal-current;HCD-APR-TABLE-A2-2024-portal-current;HCD-APR-TABLE-A2-2025-portal-current,2026-08-10T17:11:13Z,c5cee4fbdeba70dfa06045e45ea217a2aca9e0594fe6a2da9144529a1cc1bc25;6f24c832cc9b927766fa5257f444024ffabc785e83ee1d5d9932243d95b14371;11aa51318922cdb7f838c55d1b07009fc196e7fe46ea39c1222e20a86c988429;97ab0c3387bdf49a07720594cb3ea612a85aca39503f8ca9f0c9c0af8e800bda;1bca81f3a972f3d1eced27a3e2fdf4268fc4f1031af1dd0698cbf39fa018fb04;1b140c61910e1eb3a1b01eb1837038d4a59ca05ac73198496fd1b3d77823f8c8;0d33c498629bfd21f3b9707fd1c4810fcb4fd6d8542c25aec64360305c105d2f;bec330a57d4f495f88b52cfed29d66223ec2d61b4ca4ae2e3feeef22faf62af2;2eda34f589a502ed96d65bbdc8ce37cfa225aedf755805a5453eb8c40e926d43;2909761266532f15be992976ff4f8ac5e86198994135f5fd6e17f4930c1de8f6;dd5239737a286de14f0cb94cb934e788a2734baa54fafb493cc326ab118f98e2;5a78db14b37ff087cca9b8e7ae1d939130ba7789dbd8be26558670e88d809950;60556989c07686cc4af51409c4e0761edc273bafa18a65e6a0c4fdc3ac96c4cc;d5a42e856f7a486094b1a52da7413fa582d45472ab18a6ae572bba1930a8069c;efedc570ed4198bb4143b012c1926c817a047bd23278b2b2b19270889b52d13b;e5e85e9677a374bd30beeeb7848a802f790f9425b78fe84c0ef8096e2394b297,median elapsed calendar days among deterministic exact-ID matches with chronological dates,Sample size 1674. Exact jurisdiction + tracking-ID matches are used first; exact jurisdiction + APN matches are used second. No address or fuzzy matching.,matched_subset_not_population_estimate
permitting_timelines,matched_permit_to_completion_median_days,Matched permit-to-completion median,06075,San Francisco,2018-2025 matched records,2025-12-31,multi-year matched-project summary,497.0,days,CA_HCD_APR_TABLE_A;CA_HCD_APR_TABLE_A2,HCD-APR-TABLE-A-2018-portal-current;HCD-APR-TABLE-A-2019-portal-current;HCD-APR-TABLE-A-2020-portal-current;HCD-APR-TABLE-A-2021-portal-current;HCD-APR-TABLE-A-2022-portal-current;HCD-APR-TABLE-A-2023-portal-current;HCD-APR-TABLE-A-2024-portal-current;HCD-APR-TABLE-A-2025-portal-current;HCD-APR-TABLE-A2-2018-portal-current;HCD-APR-TABLE-A2-2019-portal-current;HCD-APR-TABLE-A2-2020-portal-current;HCD-APR-TABLE-A2-2021-portal-current;HCD-APR-TABLE-A2-2022-portal-current;HCD-APR-TABLE-A2-2023-portal-current;HCD-APR-TABLE-A2-2024-portal-current;HCD-APR-TABLE-A2-2025-portal-current,2026-08-10T17:11:13Z,c5cee4fbdeba70dfa06045e45ea217a2aca9e0594fe6a2da9144529a1cc1bc25;6f24c832cc9b927766fa5257f444024ffabc785e83ee1d5d9932243d95b14371;11aa51318922cdb7f838c55d1b07009fc196e7fe46ea39c1222e20a86c988429;97ab0c3387bdf49a07720594cb3ea612a85aca39503f8ca9f0c9c0af8e800bda;1bca81f3a972f3d1eced27a3e2fdf4268fc4f1031af1dd0698cbf39fa018fb04;1b140c61910e1eb3a1b01eb1837038d4a59ca05ac73198496fd1b3d77823f8c8;0d33c498629bfd21f3b9707fd1c4810fcb4fd6d8542c25aec64360305c105d2f;bec330a57d4f495f88b52cfed29d66223ec2d61b4ca4ae2e3feeef22faf62af2;2eda34f589a502ed96d65bbdc8ce37cfa225aedf755805a5453eb8c40e926d43;2909761266532f15be992976ff4f8ac5e86198994135f5fd6e17f4930c1de8f6;dd5239737a286de14f0cb94cb934e788a2734baa54fafb493cc326ab118f98e2;5a78db14b37ff087cca9b8e7ae1d939130ba7789dbd8be26558670e88d809950;60556989c07686cc4af51409c4e0761edc273bafa18a65e6a0c4fdc3ac96c4cc;d5a42e856f7a486094b1a52da7413fa582d45472ab18a6ae572bba1930a8069c;efedc570ed4198bb4143b012c1926c817a047bd23278b2b2b19270889b52d13b;e5e85e9677a374bd30beeeb7848a802f790f9425b78fe84c0ef8096e2394b297,median elapsed calendar days among deterministic exact-ID matches with chronological dates,Sample size 1674. Exact jurisdiction + tracking-ID matches are used first; exact jurisdiction + APN matches are used second. No address or fuzzy matching.,matched_subset_not_population_estimate
permitting_timelines,matched_permit_to_completion_median_days,Matched permit-to-completion median,06081,San Mateo,2018-2025 matched records,2025-12-31,multi-year matched-project summary,360.0,days,CA_HCD_APR_TABLE_A;CA_HCD_APR_TABLE_A2,HCD-APR-TABLE-A-2018-portal-current;HCD-APR-TABLE-A-2019-portal-current;HCD-APR-TABLE-A-2020-portal-current;HCD-APR-TABLE-A-2021-portal-current;HCD-APR-TABLE-A-2022-portal-current;HCD-APR-TABLE-A-2023-portal-current;HCD-APR-TABLE-A-2024-portal-current;HCD-APR-TABLE-A-2025-portal-current;HCD-APR-TABLE-A2-2018-portal-current;HCD-APR-TABLE-A2-2019-portal-current;HCD-APR-TABLE-A2-2020-portal-current;HCD-APR-TABLE-A2-2021-portal-current;HCD-APR-TABLE-A2-2022-portal-current;HCD-APR-TABLE-A2-2023-portal-current;HCD-APR-TABLE-A2-2024-portal-current;HCD-APR-TABLE-A2-2025-portal-current,2026-08-10T17:11:13Z,c5cee4fbdeba70dfa06045e45ea217a2aca9e0594fe6a2da9144529a1cc1bc25;6f24c832cc9b927766fa5257f444024ffabc785e83ee1d5d9932243d95b14371;11aa51318922cdb7f838c55d1b07009fc196e7fe46ea39c1222e20a86c988429;97ab0c3387bdf49a07720594cb3ea612a85aca39503f8ca9f0c9c0af8e800bda;1bca81f3a972f3d1eced27a3e2fdf4268fc4f1031af1dd0698cbf39fa018fb04;1b140c61910e1eb3a1b01eb1837038d4a59ca05ac73198496fd1b3d77823f8c8;0d33c498629bfd21f3b9707fd1c4810fcb4fd6d8542c25aec64360305c105d2f;bec330a57d4f495f88b52cfed29d66223ec2d61b4ca4ae2e3feeef22faf62af2;2eda34f589a502ed96d65bbdc8ce37cfa225aedf755805a5453eb8c40e926d43;2909761266532f15be992976ff4f8ac5e86198994135f5fd6e17f4930c1de8f6;dd5239737a286de14f0cb94cb934e788a2734baa54fafb493cc326ab118f98e2;5a78db14b37ff087cca9b8e7ae1d939130ba7789dbd8be26558670e88d809950;60556989c07686cc4af51409c4e0761edc273bafa18a65e6a0c4fdc3ac96c4cc;d5a42e856f7a486094b1a52da7413fa582d45472ab18a6ae572bba1930a8069c;efedc570ed4198bb4143b012c1926c817a047bd23278b2b2b19270889b52d13b;e5e85e9677a374bd30beeeb7848a802f790f9425b78fe84c0ef8096e2394b297,median elapsed calendar days among deterministic exact-ID matches with chronological dates,Sample size 1674. Exact jurisdiction + tracking-ID matches are used first; exact jurisdiction + APN matches are used second. No address or fuzzy matching.,matched_subset_not_population_estimate
permitting_timelines,matched_permit_to_completion_median_days,Matched permit-to-completion median,06085,Santa Clara,2018-2025 matched records,2025-12-31,multi-year matched-project summary,356.5,days,CA_HCD_APR_TABLE_A;CA_HCD_APR_TABLE_A2,HCD-APR-TABLE-A-2018-portal-current;HCD-APR-TABLE-A-2019-portal-current;HCD-APR-TABLE-A-2020-portal-current;HCD-APR-TABLE-A-2021-portal-current;HCD-APR-TABLE-A-2022-portal-current;HCD-APR-TABLE-A-2023-portal-current;HCD-APR-TABLE-A-2024-portal-current;HCD-APR-TABLE-A-2025-portal-current;HCD-APR-TABLE-A2-2018-portal-current;HCD-APR-TABLE-A2-2019-portal-current;HCD-APR-TABLE-A2-2020-portal-current;HCD-APR-TABLE-A2-2021-portal-current;HCD-APR-TABLE-A2-2022-portal-current;HCD-APR-TABLE-A2-2023-portal-current;HCD-APR-TABLE-A2-2024-portal-current;HCD-APR-TABLE-A2-2025-portal-current,2026-08-10T17:11:13Z,c5cee4fbdeba70dfa06045e45ea217a2aca9e0594fe6a2da9144529a1cc1bc25;6f24c832cc9b927766fa5257f444024ffabc785e83ee1d5d9932243d95b14371;11aa51318922cdb7f838c55d1b07009fc196e7fe46ea39c1222e20a86c988429;97ab0c3387bdf49a07720594cb3ea612a85aca39503f8ca9f0c9c0af8e800bda;1bca81f3a972f3d1eced27a3e2fdf4268fc4f1031af1dd0698cbf39fa018fb04;1b140c61910e1eb3a1b01eb1837038d4a59ca05ac73198496fd1b3d77823f8c8;0d33c498629bfd21f3b9707fd1c4810fcb4fd6d8542c25aec64360305c105d2f;bec330a57d4f495f88b52cfed29d66223ec2d61b4ca4ae2e3feeef22faf62af2;2eda34f589a502ed96d65bbdc8ce37cfa225aedf755805a5453eb8c40e926d43;2909761266532f15be992976ff4f8ac5e86198994135f5fd6e17f4930c1de8f6;dd5239737a286de14f0cb94cb934e788a2734baa54fafb493cc326ab118f98e2;5a78db14b37ff087cca9b8e7ae1d939130ba7789dbd8be26558670e88d809950;60556989c07686cc4af51409c4e0761edc273bafa18a65e6a0c4fdc3ac96c4cc;d5a42e856f7a486094b1a52da7413fa582d45472ab18a6ae572bba1930a8069c;efedc570ed4198bb4143b012c1926c817a047bd23278b2b2b19270889b52d13b;e5e85e9677a374bd30beeeb7848a802f790f9425b78fe84c0ef8096e2394b297,median elapsed calendar days among deterministic exact-ID matches with chronological dates,Sample size 1674. Exact jurisdiction + tracking-ID matches are used first; exact jurisdiction + APN matches are used second. No address or fuzzy matching.,matched_subset_not_population_estimate
permitting_timelines,matched_permit_to_completion_median_days,Matched permit-to-completion median,06095,Solano,2018-2025 matched records,2025-12-31,multi-year matched-project summary,209.0,days,CA_HCD_APR_TABLE_A;CA_HCD_APR_TABLE_A2,HCD-APR-TABLE-A-2018-portal-current;HCD-APR-TABLE-A-2019-portal-current;HCD-APR-TABLE-A-2020-portal-current;HCD-APR-TABLE-A-2021-portal-current;HCD-APR-TABLE-A-2022-portal-current;HCD-APR-TABLE-A-2023-portal-current;HCD-APR-TABLE-A-2024-portal-current;HCD-APR-TABLE-A-2025-portal-current;HCD-APR-TABLE-A2-2018-portal-current;HCD-APR-TABLE-A2-2019-portal-current;HCD-APR-TABLE-A2-2020-portal-current;HCD-APR-TABLE-A2-2021-portal-current;HCD-APR-TABLE-A2-2022-portal-current;HCD-APR-TABLE-A2-2023-portal-current;HCD-APR-TABLE-A2-2024-portal-current;HCD-APR-TABLE-A2-2025-portal-current,2026-08-10T17:11:13Z,c5cee4fbdeba70dfa06045e45ea217a2aca9e0594fe6a2da9144529a1cc1bc25;6f24c832cc9b927766fa5257f444024ffabc785e83ee1d5d9932243d95b14371;11aa51318922cdb7f838c55d1b07009fc196e7fe46ea39c1222e20a86c988429;97ab0c3387bdf49a07720594cb3ea612a85aca39503f8ca9f0c9c0af8e800bda;1bca81f3a972f3d1eced27a3e2fdf4268fc4f1031af1dd0698cbf39fa018fb04;1b140c61910e1eb3a1b01eb1837038d4a59ca05ac73198496fd1b3d77823f8c8;0d33c498629bfd21f3b9707fd1c4810fcb4fd6d8542c25aec64360305c105d2f;bec330a57d4f495f88b52cfed29d66223ec2d61b4ca4ae2e3feeef22faf62af2;2eda34f589a502ed96d65bbdc8ce37cfa225aedf755805a5453eb8c40e926d43;2909761266532f15be992976ff4f8ac5e86198994135f5fd6e17f4930c1de8f6;dd5239737a286de14f0cb94cb934e788a2734baa54fafb493cc326ab118f98e2;5a78db14b37ff087cca9b8e7ae1d939130ba7789dbd8be26558670e88d809950;60556989c07686cc4af51409c4e0761edc273bafa18a65e6a0c4fdc3ac96c4cc;d5a42e856f7a486094b1a52da7413fa582d45472ab18a6ae572bba1930a8069c;efedc570ed4198bb4143b012c1926c817a047bd23278b2b2b19270889b52d13b;e5e85e9677a374bd30beeeb7848a802f790f9425b78fe84c0ef8096e2394b297,median elapsed calendar days among deterministic exact-ID matches with chronological dates,Sample size 1674. Exact jurisdiction + tracking-ID matches are used first; exact jurisdiction + APN matches are used second. No address or fuzzy matching.,matched_subset_not_population_estimate
permitting_timelines,matched_permit_to_completion_median_days,Matched permit-to-completion median,06097,Sonoma,2018-2025 matched records,2025-12-31,multi-year matched-project summary,390.0,days,CA_HCD_APR_TABLE_A;CA_HCD_APR_TABLE_A2,HCD-APR-TABLE-A-2018-portal-current;HCD-APR-TABLE-A-2019-portal-current;HCD-APR-TABLE-A-2020-portal-current;HCD-APR-TABLE-A-2021-portal-current;HCD-APR-TABLE-A-2022-portal-current;HCD-APR-TABLE-A-2023-portal-current;HCD-APR-TABLE-A-2024-portal-current;HCD-APR-TABLE-A-2025-portal-current;HCD-APR-TABLE-A2-2018-portal-current;HCD-APR-TABLE-A2-2019-portal-current;HCD-APR-TABLE-A2-2020-portal-current;HCD-APR-TABLE-A2-2021-portal-current;HCD-APR-TABLE-A2-2022-portal-current;HCD-APR-TABLE-A2-2023-portal-current;HCD-APR-TABLE-A2-2024-portal-current;HCD-APR-TABLE-A2-2025-portal-current,2026-08-10T17:11:13Z,c5cee4fbdeba70dfa06045e45ea217a2aca9e0594fe6a2da9144529a1cc1bc25;6f24c832cc9b927766fa5257f444024ffabc785e83ee1d5d9932243d95b14371;11aa51318922cdb7f838c55d1b07009fc196e7fe46ea39c1222e20a86c988429;97ab0c3387bdf49a07720594cb3ea612a85aca39503f8ca9f0c9c0af8e800bda;1bca81f3a972f3d1eced27a3e2fdf4268fc4f1031af1dd0698cbf39fa018fb04;1b140c61910e1eb3a1b01eb1837038d4a59ca05ac73198496fd1b3d77823f8c8;0d33c498629bfd21f3b9707fd1c4810fcb4fd6d8542c25aec64360305c105d2f;bec330a57d4f495f88b52cfed29d66223ec2d61b4ca4ae2e3feeef22faf62af2;2eda34f589a502ed96d65bbdc8ce37cfa225aedf755805a5453eb8c40e926d43;2909761266532f15be992976ff4f8ac5e86198994135f5fd6e17f4930c1de8f6;dd5239737a286de14f0cb94cb934e788a2734baa54fafb493cc326ab118f98e2;5a78db14b37ff087cca9b8e7ae1d939130ba7789dbd8be26558670e88d809950;60556989c07686cc4af51409c4e0761edc273bafa18a65e6a0c4fdc3ac96c4cc;d5a42e856f7a486094b1a52da7413fa582d45472ab18a6ae572bba1930a8069c;efedc570ed4198bb4143b012c1926c817a047bd23278b2b2b19270889b52d13b;e5e85e9677a374bd30beeeb7848a802f790f9425b78fe84c0ef8096e2394b297,median elapsed calendar days among deterministic exact-ID matches with chronological dates,Sample size 1674. Exact jurisdiction + tracking-ID matches are used first; exact jurisdiction + APN matches are used second. No address or fuzzy matching.,matched_subset_not_population_estimate
permitting_timelines,timeline_match_rate_pct,Timeline match rate among projects with usable identifiers,06001,Alameda,2018-2025 matched records,2025-12-31,multi-year matched-project summary,80.48584082673467,percent,CA_HCD_APR_TABLE_A;CA_HCD_APR_TABLE_A2,HCD-APR-TABLE-A-2018-portal-current;HCD-APR-TABLE-A-2019-portal-current;HCD-APR-TABLE-A-2020-portal-current;HCD-APR-TABLE-A-2021-portal-current;HCD-APR-TABLE-A-2022-portal-current;HCD-APR-TABLE-A-2023-portal-current;HCD-APR-TABLE-A-2024-portal-current;HCD-APR-TABLE-A-2025-portal-current;HCD-APR-TABLE-A2-2018-portal-current;HCD-APR-TABLE-A2-2019-portal-current;HCD-APR-TABLE-A2-2020-portal-current;HCD-APR-TABLE-A2-2021-portal-current;HCD-APR-TABLE-A2-2022-portal-current;HCD-APR-TABLE-A2-2023-portal-current;HCD-APR-TABLE-A2-2024-portal-current;HCD-APR-TABLE-A2-2025-portal-current,2026-08-10T17:11:13Z,c5cee4fbdeba70dfa06045e45ea217a2aca9e0594fe6a2da9144529a1cc1bc25;6f24c832cc9b927766fa5257f444024ffabc785e83ee1d5d9932243d95b14371;11aa51318922cdb7f838c55d1b07009fc196e7fe46ea39c1222e20a86c988429;97ab0c3387bdf49a07720594cb3ea612a85aca39503f8ca9f0c9c0af8e800bda;1bca81f3a972f3d1eced27a3e2fdf4268fc4f1031af1dd0698cbf39fa018fb04;1b140c61910e1eb3a1b01eb1837038d4a59ca05ac73198496fd1b3d77823f8c8;0d33c498629bfd21f3b9707fd1c4810fcb4fd6d8542c25aec64360305c105d2f;bec330a57d4f495f88b52cfed29d66223ec2d61b4ca4ae2e3feeef22faf62af2;2eda34f589a502ed96d65bbdc8ce37cfa225aedf755805a5453eb8c40e926d43;2909761266532f15be992976ff4f8ac5e86198994135f5fd6e17f4930c1de8f6;dd5239737a286de14f0cb94cb934e788a2734baa54fafb493cc326ab118f98e2;5a78db14b37ff087cca9b8e7ae1d939130ba7789dbd8be26558670e88d809950;60556989c07686cc4af51409c4e0761edc273bafa18a65e6a0c4fdc3ac96c4cc;d5a42e856f7a486094b1a52da7413fa582d45472ab18a6ae572bba1930a8069c;efedc570ed4198bb4143b012c1926c817a047bd23278b2b2b19270889b52d13b;e5e85e9677a374bd30beeeb7848a802f790f9425b78fe84c0ef8096e2394b297,matched projects / application project keys with a usable exact tracking ID or APN * 100,Coverage is published with the medians; unmatched records are not imputed.,coverage_diagnostic
permitting_timelines,timeline_match_rate_pct,Timeline match rate among projects with usable identifiers,06013,Contra Costa,2018-2025 matched records,2025-12-31,multi-year matched-project summary,77.68005704777752,percent,CA_HCD_APR_TABLE_A;CA_HCD_APR_TABLE_A2,HCD-APR-TABLE-A-2018-portal-current;HCD-APR-TABLE-A-2019-portal-current;HCD-APR-TABLE-A-2020-portal-current;HCD-APR-TABLE-A-2021-portal-current;HCD-APR-TABLE-A-2022-portal-current;HCD-APR-TABLE-A-2023-portal-current;HCD-APR-TABLE-A-2024-portal-current;HCD-APR-TABLE-A-2025-portal-current;HCD-APR-TABLE-A2-2018-portal-current;HCD-APR-TABLE-A2-2019-portal-current;HCD-APR-TABLE-A2-2020-portal-current;HCD-APR-TABLE-A2-2021-portal-current;HCD-APR-TABLE-A2-2022-portal-current;HCD-APR-TABLE-A2-2023-portal-current;HCD-APR-TABLE-A2-2024-portal-current;HCD-APR-TABLE-A2-2025-portal-current,2026-08-10T17:11:13Z,c5cee4fbdeba70dfa06045e45ea217a2aca9e0594fe6a2da9144529a1cc1bc25;6f24c832cc9b927766fa5257f444024ffabc785e83ee1d5d9932243d95b14371;11aa51318922cdb7f838c55d1b07009fc196e7fe46ea39c1222e20a86c988429;97ab0c3387bdf49a07720594cb3ea612a85aca39503f8ca9f0c9c0af8e800bda;1bca81f3a972f3d1eced27a3e2fdf4268fc4f1031af1dd0698cbf39fa018fb04;1b140c61910e1eb3a1b01eb1837038d4a59ca05ac73198496fd1b3d77823f8c8;0d33c498629bfd21f3b9707fd1c4810fcb4fd6d8542c25aec64360305c105d2f;bec330a57d4f495f88b52cfed29d66223ec2d61b4ca4ae2e3feeef22faf62af2;2eda34f589a502ed96d65bbdc8ce37cfa225aedf755805a5453eb8c40e926d43;2909761266532f15be992976ff4f8ac5e86198994135f5fd6e17f4930c1de8f6;dd5239737a286de14f0cb94cb934e788a2734baa54fafb493cc326ab118f98e2;5a78db14b37ff087cca9b8e7ae1d939130ba7789dbd8be26558670e88d809950;60556989c07686cc4af51409c4e0761edc273bafa18a65e6a0c4fdc3ac96c4cc;d5a42e856f7a486094b1a52da7413fa582d45472ab18a6ae572bba1930a8069c;efedc570ed4198bb4143b012c1926c817a047bd23278b2b2b19270889b52d13b;e5e85e9677a374bd30beeeb7848a802f790f9425b78fe84c0ef8096e2394b297,matched projects / application project keys with a usable exact tracking ID or APN * 100,Coverage is published with the medians; unmatched records are not imputed.,coverage_diagnostic
permitting_timelines,timeline_match_rate_pct,Timeline match rate among projects with usable identifiers,06041,Marin,2018-2025 matched records,2025-12-31,multi-year matched-project summary,69.22169811320755,percent,CA_HCD_APR_TABLE_A;CA_HCD_APR_TABLE_A2,HCD-APR-TABLE-A-2018-portal-current;HCD-APR-TABLE-A-2019-portal-current;HCD-APR-TABLE-A-2020-portal-current;HCD-APR-TABLE-A-2021-portal-current;HCD-APR-TABLE-A-2022-portal-current;HCD-APR-TABLE-A-2023-portal-current;HCD-APR-TABLE-A-2024-portal-current;HCD-APR-TABLE-A-2025-portal-current;HCD-APR-TABLE-A2-2018-portal-current;HCD-APR-TABLE-A2-2019-portal-current;HCD-APR-TABLE-A2-2020-portal-current;HCD-APR-TABLE-A2-2021-portal-current;HCD-APR-TABLE-A2-2022-portal-current;HCD-APR-TABLE-A2-2023-portal-current;HCD-APR-TABLE-A2-2024-portal-current;HCD-APR-TABLE-A2-2025-portal-current,2026-08-10T17:11:13Z,c5cee4fbdeba70dfa06045e45ea217a2aca9e0594fe6a2da9144529a1cc1bc25;6f24c832cc9b927766fa5257f444024ffabc785e83ee1d5d9932243d95b14371;11aa51318922cdb7f838c55d1b07009fc196e7fe46ea39c1222e20a86c988429;97ab0c3387bdf49a07720594cb3ea612a85aca39503f8ca9f0c9c0af8e800bda;1bca81f3a972f3d1eced27a3e2fdf4268fc4f1031af1dd0698cbf39fa018fb04;1b140c61910e1eb3a1b01eb1837038d4a59ca05ac73198496fd1b3d77823f8c8;0d33c498629bfd21f3b9707fd1c4810fcb4fd6d8542c25aec64360305c105d2f;bec330a57d4f495f88b52cfed29d66223ec2d61b4ca4ae2e3feeef22faf62af2;2eda34f589a502ed96d65bbdc8ce37cfa225aedf755805a5453eb8c40e926d43;2909761266532f15be992976ff4f8ac5e86198994135f5fd6e17f4930c1de8f6;dd5239737a286de14f0cb94cb934e788a2734baa54fafb493cc326ab118f98e2;5a78db14b37ff087cca9b8e7ae1d939130ba7789dbd8be26558670e88d809950;60556989c07686cc4af51409c4e0761edc273bafa18a65e6a0c4fdc3ac96c4cc;d5a42e856f7a486094b1a52da7413fa582d45472ab18a6ae572bba1930a8069c;efedc570ed4198bb4143b012c1926c817a047bd23278b2b2b19270889b52d13b;e5e85e9677a374bd30beeeb7848a802f790f9425b78fe84c0ef8096e2394b297,matched projects / application project keys with a usable exact tracking ID or APN * 100,Coverage is published with the medians; unmatched records are not imputed.,coverage_diagnostic
permitting_timelines,timeline_match_rate_pct,Timeline match rate among projects with usable identifiers,06055,Napa,2018-2025 matched records,2025-12-31,multi-year matched-project summary,57.64546684709067,percent,CA_HCD_APR_TABLE_A;CA_HCD_APR_TABLE_A2,HCD-APR-TABLE-A-2018-portal-current;HCD-APR-TABLE-A-2019-portal-current;HCD-APR-TABLE-A-2020-portal-current;HCD-APR-TABLE-A-2021-portal-current;HCD-APR-TABLE-A-2022-portal-current;HCD-APR-TABLE-A-2023-portal-current;HCD-APR-TABLE-A-2024-portal-current;HCD-APR-TABLE-A-2025-portal-current;HCD-APR-TABLE-A2-2018-portal-current;HCD-APR-TABLE-A2-2019-portal-current;HCD-APR-TABLE-A2-2020-portal-current;HCD-APR-TABLE-A2-2021-portal-current;HCD-APR-TABLE-A2-2022-portal-current;HCD-APR-TABLE-A2-2023-portal-current;HCD-APR-TABLE-A2-2024-portal-current;HCD-APR-TABLE-A2-2025-portal-current,2026-08-10T17:11:13Z,c5cee4fbdeba70dfa06045e45ea217a2aca9e0594fe6a2da9144529a1cc1bc25;6f24c832cc9b927766fa5257f444024ffabc785e83ee1d5d9932243d95b14371;11aa51318922cdb7f838c55d1b07009fc196e7fe46ea39c1222e20a86c988429;97ab0c3387bdf49a07720594cb3ea612a85aca39503f8ca9f0c9c0af8e800bda;1bca81f3a972f3d1eced27a3e2fdf4268fc4f1031af1dd0698cbf39fa018fb04;1b140c61910e1eb3a1b01eb1837038d4a59ca05ac73198496fd1b3d77823f8c8;0d33c498629bfd21f3b9707fd1c4810fcb4fd6d8542c25aec64360305c105d2f;bec330a57d4f495f88b52cfed29d66223ec2d61b4ca4ae2e3feeef22faf62af2;2eda34f589a502ed96d65bbdc8ce37cfa225aedf755805a5453eb8c40e926d43;2909761266532f15be992976ff4f8ac5e86198994135f5fd6e17f4930c1de8f6;dd5239737a286de14f0cb94cb934e788a2734baa54fafb493cc326ab118f98e2;5a78db14b37ff087cca9b8e7ae1d939130ba7789dbd8be26558670e88d809950;60556989c07686cc4af51409c4e0761edc273bafa18a65e6a0c4fdc3ac96c4cc;d5a42e856f7a486094b1a52da7413fa582d45472ab18a6ae572bba1930a8069c;efedc570ed4198bb4143b012c1926c817a047bd23278b2b2b19270889b52d13b;e5e85e9677a374bd30beeeb7848a802f790f9425b78fe84c0ef8096e2394b297,matched projects / application project keys with a usable exact tracking ID or APN * 100,Coverage is published with the medians; unmatched records are not imputed.,coverage_diagnostic
permitting_timelines,timeline_match_rate_pct,Timeline match rate among projects with usable identifiers,06075,San Francisco,2018-2025 matched records,2025-12-31,multi-year matched-project summary,52.49436755712906,percent,CA_HCD_APR_TABLE_A;CA_HCD_APR_TABLE_A2,HCD-APR-TABLE-A-2018-portal-current;HCD-APR-TABLE-A-2019-portal-current;HCD-APR-TABLE-A-2020-portal-current;HCD-APR-TABLE-A-2021-portal-current;HCD-APR-TABLE-A-2022-portal-current;HCD-APR-TABLE-A-2023-portal-current;HCD-APR-TABLE-A-2024-portal-current;HCD-APR-TABLE-A-2025-portal-current;HCD-APR-TABLE-A2-2018-portal-current;HCD-APR-TABLE-A2-2019-portal-current;HCD-APR-TABLE-A2-2020-portal-current;HCD-APR-TABLE-A2-2021-portal-current;HCD-APR-TABLE-A2-2022-portal-current;HCD-APR-TABLE-A2-2023-portal-current;HCD-APR-TABLE-A2-2024-portal-current;HCD-APR-TABLE-A2-2025-portal-current,2026-08-10T17:11:13Z,c5cee4fbdeba70dfa06045e45ea217a2aca9e0594fe6a2da9144529a1cc1bc25;6f24c832cc9b927766fa5257f444024ffabc785e83ee1d5d9932243d95b14371;11aa51318922cdb7f838c55d1b07009fc196e7fe46ea39c1222e20a86c988429;97ab0c3387bdf49a07720594cb3ea612a85aca39503f8ca9f0c9c0af8e800bda;1bca81f3a972f3d1eced27a3e2fdf4268fc4f1031af1dd0698cbf39fa018fb04;1b140c61910e1eb3a1b01eb1837038d4a59ca05ac73198496fd1b3d77823f8c8;0d33c498629bfd21f3b9707fd1c4810fcb4fd6d8542c25aec64360305c105d2f;bec330a57d4f495f88b52cfed29d66223ec2d61b4ca4ae2e3feeef22faf62af2;2eda34f589a502ed96d65bbdc8ce37cfa225aedf755805a5453eb8c40e926d43;2909761266532f15be992976ff4f8ac5e86198994135f5fd6e17f4930c1de8f6;dd5239737a286de14f0cb94cb934e788a2734baa54fafb493cc326ab118f98e2;5a78db14b37ff087cca9b8e7ae1d939130ba7789dbd8be26558670e88d809950;60556989c07686cc4af51409c4e0761edc273bafa18a65e6a0c4fdc3ac96c4cc;d5a42e856f7a486094b1a52da7413fa582d45472ab18a6ae572bba1930a8069c;efedc570ed4198bb4143b012c1926c817a047bd23278b2b2b19270889b52d13b;e5e85e9677a374bd30beeeb7848a802f790f9425b78fe84c0ef8096e2394b297,matched projects / application project keys with a usable exact tracking ID or APN * 100,Coverage is published with the medians; unmatched records are not imputed.,coverage_diagnostic
permitting_timelines,timeline_match_rate_pct,Timeline match rate among projects with usable identifiers,06081,San Mateo,2018-2025 matched records,2025-12-31,multi-year matched-project summary,63.03294573643411,percent,CA_HCD_APR_TABLE_A;CA_HCD_APR_TABLE_A2,HCD-APR-TABLE-A-2018-portal-current;HCD-APR-TABLE-A-2019-portal-current;HCD-APR-TABLE-A-2020-portal-current;HCD-APR-TABLE-A-2021-portal-current;HCD-APR-TABLE-A-2022-portal-current;HCD-APR-TABLE-A-2023-portal-current;HCD-APR-TABLE-A-2024-portal-current;HCD-APR-TABLE-A-2025-portal-current;HCD-APR-TABLE-A2-2018-portal-current;HCD-APR-TABLE-A2-2019-portal-current;HCD-APR-TABLE-A2-2020-portal-current;HCD-APR-TABLE-A2-2021-portal-current;HCD-APR-TABLE-A2-2022-portal-current;HCD-APR-TABLE-A2-2023-portal-current;HCD-APR-TABLE-A2-2024-portal-current;HCD-APR-TABLE-A2-2025-portal-current,2026-08-10T17:11:13Z,c5cee4fbdeba70dfa06045e45ea217a2aca9e0594fe6a2da9144529a1cc1bc25;6f24c832cc9b927766fa5257f444024ffabc785e83ee1d5d9932243d95b14371;11aa51318922cdb7f838c55d1b07009fc196e7fe46ea39c1222e20a86c988429;97ab0c3387bdf49a07720594cb3ea612a85aca39503f8ca9f0c9c0af8e800bda;1bca81f3a972f3d1eced27a3e2fdf4268fc4f1031af1dd0698cbf39fa018fb04;1b140c61910e1eb3a1b01eb1837038d4a59ca05ac73198496fd1b3d77823f8c8;0d33c498629bfd21f3b9707fd1c4810fcb4fd6d8542c25aec64360305c105d2f;bec330a57d4f495f88b52cfed29d66223ec2d61b4ca4ae2e3feeef22faf62af2;2eda34f589a502ed96d65bbdc8ce37cfa225aedf755805a5453eb8c40e926d43;2909761266532f15be992976ff4f8ac5e86198994135f5fd6e17f4930c1de8f6;dd5239737a286de14f0cb94cb934e788a2734baa54fafb493cc326ab118f98e2;5a78db14b37ff087cca9b8e7ae1d939130ba7789dbd8be26558670e88d809950;60556989c07686cc4af51409c4e0761edc273bafa18a65e6a0c4fdc3ac96c4cc;d5a42e856f7a486094b1a52da7413fa582d45472ab18a6ae572bba1930a8069c;efedc570ed4198bb4143b012c1926c817a047bd23278b2b2b19270889b52d13b;e5e85e9677a374bd30beeeb7848a802f790f9425b78fe84c0ef8096e2394b297,matched projects / application project keys with a usable exact tracking ID or APN * 100,Coverage is published with the medians; unmatched records are not imputed.,coverage_diagnostic
permitting_timelines,timeline_match_rate_pct,Timeline match rate among projects with usable identifiers,06085,Santa Clara,2018-2025 matched records,2025-12-31,multi-year matched-project summary,66.8448098663926,percent,CA_HCD_APR_TABLE_A;CA_HCD_APR_TABLE_A2,HCD-APR-TABLE-A-2018-portal-current;HCD-APR-TABLE-A-2019-portal-current;HCD-APR-TABLE-A-2020-portal-current;HCD-APR-TABLE-A-2021-portal-current;HCD-APR-TABLE-A-2022-portal-current;HCD-APR-TABLE-A-2023-portal-current;HCD-APR-TABLE-A-2024-portal-current;HCD-APR-TABLE-A-2025-portal-current;HCD-APR-TABLE-A2-2018-portal-current;HCD-APR-TABLE-A2-2019-portal-current;HCD-APR-TABLE-A2-2020-portal-current;HCD-APR-TABLE-A2-2021-portal-current;HCD-APR-TABLE-A2-2022-portal-current;HCD-APR-TABLE-A2-2023-portal-current;HCD-APR-TABLE-A2-2024-portal-current;HCD-APR-TABLE-A2-2025-portal-current,2026-08-10T17:11:13Z,c5cee4fbdeba70dfa06045e45ea217a2aca9e0594fe6a2da9144529a1cc1bc25;6f24c832cc9b927766fa5257f444024ffabc785e83ee1d5d9932243d95b14371;11aa51318922cdb7f838c55d1b07009fc196e7fe46ea39c1222e20a86c988429;97ab0c3387bdf49a07720594cb3ea612a85aca39503f8ca9f0c9c0af8e800bda;1bca81f3a972f3d1eced27a3e2fdf4268fc4f1031af1dd0698cbf39fa018fb04;1b140c61910e1eb3a1b01eb1837038d4a59ca05ac73198496fd1b3d77823f8c8;0d33c498629bfd21f3b9707fd1c4810fcb4fd6d8542c25aec64360305c105d2f;bec330a57d4f495f88b52cfed29d66223ec2d61b4ca4ae2e3feeef22faf62af2;2eda34f589a502ed96d65bbdc8ce37cfa225aedf755805a5453eb8c40e926d43;2909761266532f15be992976ff4f8ac5e86198994135f5fd6e17f4930c1de8f6;dd5239737a286de14f0cb94cb934e788a2734baa54fafb493cc326ab118f98e2;5a78db14b37ff087cca9b8e7ae1d939130ba7789dbd8be26558670e88d809950;60556989c07686cc4af51409c4e0761edc273bafa18a65e6a0c4fdc3ac96c4cc;d5a42e856f7a486094b1a52da7413fa582d45472ab18a6ae572bba1930a8069c;efedc570ed4198bb4143b012c1926c817a047bd23278b2b2b19270889b52d13b;e5e85e9677a374bd30beeeb7848a802f790f9425b78fe84c0ef8096e2394b297,matched projects / application project keys with a usable exact tracking ID or APN * 100,Coverage is published with the medians; unmatched records are not imputed.,coverage_diagnostic
permitting_timelines,timeline_match_rate_pct,Timeline match rate among projects with usable identifiers,06095,Solano,2018-2025 matched records,2025-12-31,multi-year matched-project summary,85.75986078886311,percent,CA_HCD_APR_TABLE_A;CA_HCD_APR_TABLE_A2,HCD-APR-TABLE-A-2018-portal-current;HCD-APR-TABLE-A-2019-portal-current;HCD-APR-TABLE-A-2020-portal-current;HCD-APR-TABLE-A-2021-portal-current;HCD-APR-TABLE-A-2022-portal-current;HCD-APR-TABLE-A-2023-portal-current;HCD-APR-TABLE-A-2024-portal-current;HCD-APR-TABLE-A-2025-portal-current;HCD-APR-TABLE-A2-2018-portal-current;HCD-APR-TABLE-A2-2019-portal-current;HCD-APR-TABLE-A2-2020-portal-current;HCD-APR-TABLE-A2-2021-portal-current;HCD-APR-TABLE-A2-2022-portal-current;HCD-APR-TABLE-A2-2023-portal-current;HCD-APR-TABLE-A2-2024-portal-current;HCD-APR-TABLE-A2-2025-portal-current,2026-08-10T17:11:13Z,c5cee4fbdeba70dfa06045e45ea217a2aca9e0594fe6a2da9144529a1cc1bc25;6f24c832cc9b927766fa5257f444024ffabc785e83ee1d5d9932243d95b14371;11aa51318922cdb7f838c55d1b07009fc196e7fe46ea39c1222e20a86c988429;97ab0c3387bdf49a07720594cb3ea612a85aca39503f8ca9f0c9c0af8e800bda;1bca81f3a972f3d1eced27a3e2fdf4268fc4f1031af1dd0698cbf39fa018fb04;1b140c61910e1eb3a1b01eb1837038d4a59ca05ac73198496fd1b3d77823f8c8;0d33c498629bfd21f3b9707fd1c4810fcb4fd6d8542c25aec64360305c105d2f;bec330a57d4f495f88b52cfed29d66223ec2d61b4ca4ae2e3feeef22faf62af2;2eda34f589a502ed96d65bbdc8ce37cfa225aedf755805a5453eb8c40e926d43;2909761266532f15be992976ff4f8ac5e86198994135f5fd6e17f4930c1de8f6;dd5239737a286de14f0cb94cb934e788a2734baa54fafb493cc326ab118f98e2;5a78db14b37ff087cca9b8e7ae1d939130ba7789dbd8be26558670e88d809950;60556989c07686cc4af51409c4e0761edc273bafa18a65e6a0c4fdc3ac96c4cc;d5a42e856f7a486094b1a52da7413fa582d45472ab18a6ae572bba1930a8069c;efedc570ed4198bb4143b012c1926c817a047bd23278b2b2b19270889b52d13b;e5e85e9677a374bd30beeeb7848a802f790f9425b78fe84c0ef8096e2394b297,matched projects / application project keys with a usable exact tracking ID or APN * 100,Coverage is published with the medians; unmatched records are not imputed.,coverage_diagnostic
permitting_timelines,timeline_match_rate_pct,Timeline match rate among projects with usable identifiers,06097,Sonoma,2018-2025 matched records,2025-12-31,multi-year matched-project summary,70.71524966261808,percent,CA_HCD_APR_TABLE_A;CA_HCD_APR_TABLE_A2,HCD-APR-TABLE-A-2018-portal-current;HCD-APR-TABLE-A-2019-portal-current;HCD-APR-TABLE-A-2020-portal-current;HCD-APR-TABLE-A-2021-portal-current;HCD-APR-TABLE-A-2022-portal-current;HCD-APR-TABLE-A-2023-portal-current;HCD-APR-TABLE-A-2024-portal-current;HCD-APR-TABLE-A-2025-portal-current;HCD-APR-TABLE-A2-2018-portal-current;HCD-APR-TABLE-A2-2019-portal-current;HCD-APR-TABLE-A2-2020-portal-current;HCD-APR-TABLE-A2-2021-portal-current;HCD-APR-TABLE-A2-2022-portal-current;HCD-APR-TABLE-A2-2023-portal-current;HCD-APR-TABLE-A2-2024-portal-current;HCD-APR-TABLE-A2-2025-portal-current,2026-08-10T17:11:13Z,c5cee4fbdeba70dfa06045e45ea217a2aca9e0594fe6a2da9144529a1cc1bc25;6f24c832cc9b927766fa5257f444024ffabc785e83ee1d5d9932243d95b14371;11aa51318922cdb7f838c55d1b07009fc196e7fe46ea39c1222e20a86c988429;97ab0c3387bdf49a07720594cb3ea612a85aca39503f8ca9f0c9c0af8e800bda;1bca81f3a972f3d1eced27a3e2fdf4268fc4f1031af1dd0698cbf39fa018fb04;1b140c61910e1eb3a1b01eb1837038d4a59ca05ac73198496fd1b3d77823f8c8;0d33c498629bfd21f3b9707fd1c4810fcb4fd6d8542c25aec64360305c105d2f;bec330a57d4f495f88b52cfed29d66223ec2d61b4ca4ae2e3feeef22faf62af2;2eda34f589a502ed96d65bbdc8ce37cfa225aedf755805a5453eb8c40e926d43;2909761266532f15be992976ff4f8ac5e86198994135f5fd6e17f4930c1de8f6;dd5239737a286de14f0cb94cb934e788a2734baa54fafb493cc326ab118f98e2;5a78db14b37ff087cca9b8e7ae1d939130ba7789dbd8be26558670e88d809950;60556989c07686cc4af51409c4e0761edc273bafa18a65e6a0c4fdc3ac96c4cc;d5a42e856f7a486094b1a52da7413fa582d45472ab18a6ae572bba1930a8069c;efedc570ed4198bb4143b012c1926c817a047bd23278b2b2b19270889b52d13b;e5e85e9677a374bd30beeeb7848a802f790f9425b78fe84c0ef8096e2394b297,matched projects / application project keys with a usable exact tracking ID or APN * 100,Coverage is published with the medians; unmatched records are not imputed.,coverage_diagnostic
production_pipeline,annual_completion_to_permit_flow_pct,Annual completion-to-permit flow ratio,06001,Alameda,2018,2018-12-31,annual,43.6871996505024,percent,CA_HCD_APR_TABLE_A2,HCD-APR-TABLE-A2-2018-portal-current,2026-08-10T17:11:13Z,2eda34f589a502ed96d65bbdc8ce37cfa225aedf755805a5453eb8c40e926d43,completed units reported in year / building-permit units reported in same year * 100,"This is a same-year flow ratio, not a cohort completion probability. Permits and completions can refer to different projects.",comparable_within_series
production_pipeline,annual_completion_to_permit_flow_pct,Annual completion-to-permit flow ratio,06001,Alameda,2019,2019-12-31,annual,61.17395291959645,percent,CA_HCD_APR_TABLE_A2,HCD-APR-TABLE-A2-2019-portal-current,2026-08-10T17:11:13Z,2909761266532f15be992976ff4f8ac5e86198994135f5fd6e17f4930c1de8f6,completed units reported in year / building-permit units reported in same year * 100,"This is a same-year flow ratio, not a cohort completion probability. Permits and completions can refer to different projects.",comparable_within_series
production_pipeline,annual_completion_to_permit_flow_pct,Annual completion-to-permit flow ratio,06001,Alameda,2020,2020-12-31,annual,126.31126397248495,percent,CA_HCD_APR_TABLE_A2,HCD-APR-TABLE-A2-2020-portal-current,2026-08-10T17:11:13Z,dd5239737a286de14f0cb94cb934e788a2734baa54fafb493cc326ab118f98e2,completed units reported in year / building-permit units reported in same year * 100,"This is a same-year flow ratio, not a cohort completion probability. Permits and completions can refer to different projects.",comparable_within_series
production_pipeline,annual_completion_to_permit_flow_pct,Annual completion-to-permit flow ratio,06001,Alameda,2021,2021-12-31,annual,115.64940239043824,percent,CA_HCD_APR_TABLE_A2,HCD-APR-TABLE-A2-2021-portal-current,2026-08-10T17:11:13Z,5a78db14b37ff087cca9b8e7ae1d939130ba7789dbd8be26558670e88d809950,completed units reported in year / building-permit units reported in same year * 100,"This is a same-year flow ratio, not a cohort completion probability. Permits and completions can refer to different projects.",comparable_within_series
production_pipeline,annual_completion_to_permit_flow_pct,Annual completion-to-permit flow ratio,06001,Alameda,2022,2022-12-31,annual,109.54817955841499,percent,CA_HCD_APR_TABLE_A2,HCD-APR-TABLE-A2-2022-portal-current,2026-08-10T17:11:13Z,60556989c07686cc4af51409c4e0761edc273bafa18a65e6a0c4fdc3ac96c4cc,completed units reported in year / building-permit units reported in same year * 100,"This is a same-year flow ratio, not a cohort completion probability. Permits and completions can refer to different projects.",comparable_within_series
production_pipeline,annual_completion_to_permit_flow_pct,Annual completion-to-permit flow ratio,06001,Alameda,2023,2023-12-31,annual,107.01030927835052,percent,CA_HCD_APR_TABLE_A2,HCD-APR-TABLE-A2-2023-portal-current,2026-08-10T17:11:13Z,d5a42e856f7a486094b1a52da7413fa582d45472ab18a6ae572bba1930a8069c,completed units reported in year / building-permit units reported in same year * 100,"This is a same-year flow ratio, not a cohort completion probability. Permits and completions can refer to different projects.",comparable_within_series
production_pipeline,annual_completion_to_permit_flow_pct,Annual completion-to-permit flow ratio,06001,Alameda,2024,2024-12-31,annual,119.22196796338673,percent,CA_HCD_APR_TABLE_A2,HCD-APR-TABLE-A2-2024-portal-current,2026-08-10T17:11:13Z,efedc570ed4198bb4143b012c1926c817a047bd23278b2b2b19270889b52d13b,completed units reported in year / building-permit units reported in same year * 100,"This is a same-year flow ratio, not a cohort completion probability. Permits and completions can refer to different projects.",comparable_within_series
production_pipeline,annual_completion_to_permit_flow_pct,Annual completion-to-permit flow ratio,06001,Alameda,2025,2025-12-31,annual,97.02,percent,CA_HCD_APR_TABLE_A2,HCD-APR-TABLE-A2-2025-portal-current,2026-08-10T17:11:13Z,e5e85e9677a374bd30beeeb7848a802f790f9425b78fe84c0ef8096e2394b297,completed units reported in year / building-permit units reported in same year * 100,"This is a same-year flow ratio, not a cohort completion probability. Permits and completions can refer to different projects.",comparable_within_series
production_pipeline,annual_completion_to_permit_flow_pct,Annual completion-to-permit flow ratio,06013,Contra Costa,2018,2018-12-31,annual,47.63222632226322,percent,CA_HCD_APR_TABLE_A2,HCD-APR-TABLE-A2-2018-portal-current,2026-08-10T17:11:13Z,2eda34f589a502ed96d65bbdc8ce37cfa225aedf755805a5453eb8c40e926d43,completed units reported in year / building-permit units reported in same year * 100,"This is a same-year flow ratio, not a cohort completion probability. Permits and completions can refer to different projects.",comparable_within_series
production_pipeline,annual_completion_to_permit_flow_pct,Annual completion-to-permit flow ratio,06013,Contra Costa,2019,2019-12-31,annual,66.04154645124062,percent,CA_HCD_APR_TABLE_A2,HCD-APR-TABLE-A2-2019-portal-current,2026-08-10T17:11:13Z,2909761266532f15be992976ff4f8ac5e86198994135f5fd6e17f4930c1de8f6,completed units reported in year / building-permit units reported in same year * 100,"This is a same-year flow ratio, not a cohort completion probability. Permits and completions can refer to different projects.",comparable_within_series
production_pipeline,annual_completion_to_permit_flow_pct,Annual completion-to-permit flow ratio,06013,Contra Costa,2020,2020-12-31,annual,58.81705639614856,percent,CA_HCD_APR_TABLE_A2,HCD-APR-TABLE-A2-2020-portal-current,2026-08-10T17:11:13Z,dd5239737a286de14f0cb94cb934e788a2734baa54fafb493cc326ab118f98e2,completed units reported in year / building-permit units reported in same year * 100,"This is a same-year flow ratio, not a cohort completion probability. Permits and completions can refer to different projects.",comparable_within_series
production_pipeline,annual_completion_to_permit_flow_pct,Annual completion-to-permit flow ratio,06013,Contra Costa,2021,2021-12-31,annual,79.23799006073993,percent,CA_HCD_APR_TABLE_A2,HCD-APR-TABLE-A2-2021-portal-current,2026-08-10T17:11:13Z,5a78db14b37ff087cca9b8e7ae1d939130ba7789dbd8be26558670e88d809950,completed units reported in year / building-permit units reported in same year * 100,"This is a same-year flow ratio, not a cohort completion probability. Permits and completions can refer to different projects.",comparable_within_series
production_pipeline,annual_completion_to_permit_flow_pct,Annual completion-to-permit flow ratio,06013,Contra Costa,2022,2022-12-31,annual,64.16315959857559,percent,CA_HCD_APR_TABLE_A2,HCD-APR-TABLE-A2-2022-portal-current,2026-08-10T17:11:13Z,60556989c07686cc4af51409c4e0761edc273bafa18a65e6a0c4fdc3ac96c4cc,completed units reported in year / building-permit units reported in same year * 100,"This is a same-year flow ratio, not a cohort completion probability. Permits and completions can refer to different projects.",comparable_within_series
production_pipeline,annual_completion_to_permit_flow_pct,Annual completion-to-permit flow ratio,06013,Contra Costa,2023,2023-12-31,annual,77.15902322811196,percent,CA_HCD_APR_TABLE_A2,HCD-APR-TABLE-A2-2023-portal-current,2026-08-10T17:11:13Z,d5a42e856f7a486094b1a52da7413fa582d45472ab18a6ae572bba1930a8069c,completed units reported in year / building-permit units reported in same year * 100,"This is a same-year flow ratio, not a cohort completion probability. Permits and completions can refer to different projects.",comparable_within_series
production_pipeline,annual_completion_to_permit_flow_pct,Annual completion-to-permit flow ratio,06013,Contra Costa,2024,2024-12-31,annual,87.36477715274773,percent,CA_HCD_APR_TABLE_A2,HCD-APR-TABLE-A2-2024-portal-current,2026-08-10T17:11:13Z,efedc570ed4198bb4143b012c1926c817a047bd23278b2b2b19270889b52d13b,completed units reported in year / building-permit units reported in same year * 100,"This is a same-year flow ratio, not a cohort completion probability. Permits and completions can refer to different projects.",comparable_within_series
production_pipeline,annual_completion_to_permit_flow_pct,Annual completion-to-permit flow ratio,06013,Contra Costa,2025,2025-12-31,annual,94.34245035593855,percent,CA_HCD_APR_TABLE_A2,HCD-APR-TABLE-A2-2025-portal-current,2026-08-10T17:11:13Z,e5e85e9677a374bd30beeeb7848a802f790f9425b78fe84c0ef8096e2394b297,completed units reported in year / building-permit units reported in same year * 100,"This is a same-year flow ratio, not a cohort completion probability. Permits and completions can refer to different projects.",comparable_within_series
production_pipeline,annual_completion_to_permit_flow_pct,Annual completion-to-permit flow ratio,06041,Marin,2018,2018-12-31,annual,33.44827586206897,percent,CA_HCD_APR_TABLE_A2,HCD-APR-TABLE-A2-2018-portal-current,2026-08-10T17:11:13Z,2eda34f589a502ed96d65bbdc8ce37cfa225aedf755805a5453eb8c40e926d43,completed units reported in year / building-permit units reported in same year * 100,"This is a same-year flow ratio, not a cohort completion probability. Permits and completions can refer to different projects.",comparable_within_series
production_pipeline,annual_completion_to_permit_flow_pct,Annual completion-to-permit flow ratio,06041,Marin,2019,2019-12-31,annual,40.41095890410959,percent,CA_HCD_APR_TABLE_A2,HCD-APR-TABLE-A2-2019-portal-current,2026-08-10T17:11:13Z,2909761266532f15be992976ff4f8ac5e86198994135f5fd6e17f4930c1de8f6,completed units reported in year / building-permit units reported in same year * 100,"This is a same-year flow ratio, not a cohort completion probability. Permits and completions can refer to different projects.",comparable_within_series
production_pipeline,annual_completion_to_permit_flow_pct,Annual completion-to-permit flow ratio,06041,Marin,2020,2020-12-31,annual,88.88888888888889,percent,CA_HCD_APR_TABLE_A2,HCD-APR-TABLE-A2-2020-portal-current,2026-08-10T17:11:13Z,dd5239737a286de14f0cb94cb934e788a2734baa54fafb493cc326ab118f98e2,completed units reported in year / building-permit units reported in same year * 100,"This is a same-year flow ratio, not a cohort completion probability. Permits and completions can refer to different projects.",comparable_within_series
production_pipeline,annual_completion_to_permit_flow_pct,Annual completion-to-permit flow ratio,06041,Marin,2021,2021-12-31,annual,53.38809034907598,percent,CA_HCD_APR_TABLE_A2,HCD-APR-TABLE-A2-2021-portal-current,2026-08-10T17:11:13Z,5a78db14b37ff087cca9b8e7ae1d939130ba7789dbd8be26558670e88d809950,completed units reported in year / building-permit units reported in same year * 100,"This is a same-year flow ratio, not a cohort completion probability. Permits and completions can refer to different projects.",comparable_within_series
production_pipeline,annual_completion_to_permit_flow_pct,Annual completion-to-permit flow ratio,06041,Marin,2022,2022-12-31,annual,58.59872611464968,percent,CA_HCD_APR_TABLE_A2,HCD-APR-TABLE-A2-2022-portal-current,2026-08-10T17:11:13Z,60556989c07686cc4af51409c4e0761edc273bafa18a65e6a0c4fdc3ac96c4cc,completed units reported in year / building-permit units reported in same year * 100,"This is a same-year flow ratio, not a cohort completion probability. Permits and completions can refer to different projects.",comparable_within_series
production_pipeline,annual_completion_to_permit_flow_pct,Annual completion-to-permit flow ratio,06041,Marin,2023,2023-12-31,annual,70.0,percent,CA_HCD_APR_TABLE_A2,HCD-APR-TABLE-A2-2023-portal-current,2026-08-10T17:11:13Z,d5a42e856f7a486094b1a52da7413fa582d45472ab18a6ae572bba1930a8069c,completed units reported in year / building-permit units reported in same year * 100,"This is a same-year flow ratio, not a cohort completion probability. Permits and completions can refer to different projects.",comparable_within_series
production_pipeline,annual_completion_to_permit_flow_pct,Annual completion-to-permit flow ratio,06041,Marin,2024,2024-12-31,annual,88.46153846153845,percent,CA_HCD_APR_TABLE_A2,HCD-APR-TABLE-A2-2024-portal-current,2026-08-10T17:11:13Z,efedc570ed4198bb4143b012c1926c817a047bd23278b2b2b19270889b52d13b,completed units reported in year / building-permit units reported in same year * 100,"This is a same-year flow ratio, not a cohort completion probability. Permits and completions can refer to different projects.",comparable_within_series
production_pipeline,annual_completion_to_permit_flow_pct,Annual completion-to-permit flow ratio,06041,Marin,2025,2025-12-31,annual,109.67078189300412,percent,CA_HCD_APR_TABLE_A2,HCD-APR-TABLE-A2-2025-portal-current,2026-08-10T17:11:13Z,e5e85e9677a374bd30beeeb7848a802f790f9425b78fe84c0ef8096e2394b297,completed units reported in year / building-permit units reported in same year * 100,"This is a same-year flow ratio, not a cohort completion probability. Permits and completions can refer to different projects.",comparable_within_series
production_pipeline,annual_completion_to_permit_flow_pct,Annual completion-to-permit flow ratio,06055,Napa,2018,2018-12-31,annual,11.895910780669144,percent,CA_HCD_APR_TABLE_A2,HCD-APR-TABLE-A2-2018-portal-current,2026-08-10T17:11:13Z,2eda34f589a502ed96d65bbdc8ce37cfa225aedf755805a5453eb8c40e926d43,completed units reported in year / building-permit units reported in same year * 100,"This is a same-year flow ratio, not a cohort completion probability. Permits and completions can refer to different projects.",comparable_within_series
production_pipeline,annual_completion_to_permit_flow_pct,Annual completion-to-permit flow ratio,06055,Napa,2019,2019-12-31,annual,79.90430622009569,percent,CA_HCD_APR_TABLE_A2,HCD-APR-TABLE-A2-2019-portal-current,2026-08-10T17:11:13Z,2909761266532f15be992976ff4f8ac5e86198994135f5fd6e17f4930c1de8f6,completed units reported in year / building-permit units reported in same year * 100,"This is a same-year flow ratio, not a cohort completion probability. Permits and completions can refer to different projects.",comparable_within_series
production_pipeline,annual_completion_to_permit_flow_pct,Annual completion-to-permit flow ratio,06055,Napa,2020,2020-12-31,annual,16.93121693121693,percent,CA_HCD_APR_TABLE_A2,HCD-APR-TABLE-A2-2020-portal-current,2026-08-10T17:11:13Z,dd5239737a286de14f0cb94cb934e788a2734baa54fafb493cc326ab118f98e2,completed units reported in year / building-permit units reported in same year * 100,"This is a same-year flow ratio, not a cohort completion probability. Permits and completions can refer to different projects.",comparable_within_series
production_pipeline,annual_completion_to_permit_flow_pct,Annual completion-to-permit flow ratio,06055,Napa,2021,2021-12-31,annual,33.12,percent,CA_HCD_APR_TABLE_A2,HCD-APR-TABLE-A2-2021-portal-current,2026-08-10T17:11:13Z,5a78db14b37ff087cca9b8e7ae1d939130ba7789dbd8be26558670e88d809950,completed units reported in year / building-permit units reported in same year * 100,"This is a same-year flow ratio, not a cohort completion probability. Permits and completions can refer to different projects.",comparable_within_series
production_pipeline,annual_completion_to_permit_flow_pct,Annual completion-to-permit flow ratio,06055,Napa,2022,2022-12-31,annual,2.545068928950159,percent,CA_HCD_APR_TABLE_A2,HCD-APR-TABLE-A2-2022-portal-current,2026-08-10T17:11:13Z,60556989c07686cc4af51409c4e0761edc273bafa18a65e6a0c4fdc3ac96c4cc,completed units reported in year / building-permit units reported in same year * 100,"This is a same-year flow ratio, not a cohort completion probability. Permits and completions can refer to different projects.",comparable_within_series
production_pipeline,annual_completion_to_permit_flow_pct,Annual completion-to-permit flow ratio,06055,Napa,2023,2023-12-31,annual,102.12765957446808,percent,CA_HCD_APR_TABLE_A2,HCD-APR-TABLE-A2-2023-portal-current,2026-08-10T17:11:13Z,d5a42e856f7a486094b1a52da7413fa582d45472ab18a6ae572bba1930a8069c,completed units reported in year / building-permit units reported in same year * 100,"This is a same-year flow ratio, not a cohort completion probability. Permits and completions can refer to different projects.",comparable_within_series
production_pipeline,annual_completion_to_permit_flow_pct,Annual completion-to-permit flow ratio,06055,Napa,2024,2024-12-31,annual,50.91575091575091,percent,CA_HCD_APR_TABLE_A2,HCD-APR-TABLE-A2-2024-portal-current,2026-08-10T17:11:13Z,efedc570ed4198bb4143b012c1926c817a047bd23278b2b2b19270889b52d13b,completed units reported in year / building-permit units reported in same year * 100,"This is a same-year flow ratio, not a cohort completion probability. Permits and completions can refer to different projects.",comparable_within_series
production_pipeline,annual_completion_to_permit_flow_pct,Annual completion-to-permit flow ratio,06055,Napa,2025,2025-12-31,annual,107.95454545454545,percent,CA_HCD_APR_TABLE_A2,HCD-APR-TABLE-A2-2025-portal-current,2026-08-10T17:11:13Z,e5e85e9677a374bd30beeeb7848a802f790f9425b78fe84c0ef8096e2394b297,completed units reported in year / building-permit units reported in same year * 100,"This is a same-year flow ratio, not a cohort completion probability. Permits and completions can refer to different projects.",comparable_within_series
production_pipeline,annual_completion_to_permit_flow_pct,Annual completion-to-permit flow ratio,06075,San Francisco,2018,2018-12-31,annual,86.23343309106455,percent,CA_HCD_APR_TABLE_A2,HCD-APR-TABLE-A2-2018-portal-current,2026-08-10T17:11:13Z,2eda34f589a502ed96d65bbdc8ce37cfa225aedf755805a5453eb8c40e926d43,completed units reported in year / building-permit units reported in same year * 100,"This is a same-year flow ratio, not a cohort completion probability. Permits and completions can refer to different projects.",comparable_within_series
production_pipeline,annual_completion_to_permit_flow_pct,Annual completion-to-permit flow ratio,06075,San Francisco,2019,2019-12-31,annual,94.56889264581572,percent,CA_HCD_APR_TABLE_A2,HCD-APR-TABLE-A2-2019-portal-current,2026-08-10T17:11:13Z,2909761266532f15be992976ff4f8ac5e86198994135f5fd6e17f4930c1de8f6,completed units reported in year / building-permit units reported in same year * 100,"This is a same-year flow ratio, not a cohort completion probability. Permits and completions can refer to different projects.",comparable_within_series
production_pipeline,annual_completion_to_permit_flow_pct,Annual completion-to-permit flow ratio,06075,San Francisco,2020,2020-12-31,annual,173.72586261475152,percent,CA_HCD_APR_TABLE_A2,HCD-APR-TABLE-A2-2020-portal-current,2026-08-10T17:11:13Z,dd5239737a286de14f0cb94cb934e788a2734baa54fafb493cc326ab118f98e2,completed units reported in year / building-permit units reported in same year * 100,"This is a same-year flow ratio, not a cohort completion probability. Permits and completions can refer to different projects.",comparable_within_series
production_pipeline,annual_completion_to_permit_flow_pct,Annual completion-to-permit flow ratio,06075,San Francisco,2021,2021-12-31,annual,252.13867627194958,percent,CA_HCD_APR_TABLE_A2,HCD-APR-TABLE-A2-2021-portal-current,2026-08-10T17:11:13Z,5a78db14b37ff087cca9b8e7ae1d939130ba7789dbd8be26558670e88d809950,completed units reported in year / building-permit units reported in same year * 100,"This is a same-year flow ratio, not a cohort completion probability. Permits and completions can refer to different projects.",comparable_within_series
production_pipeline,annual_completion_to_permit_flow_pct,Annual completion-to-permit flow ratio,06075,San Francisco,2022,2022-12-31,annual,102.03366058906032,percent,CA_HCD_APR_TABLE_A2,HCD-APR-TABLE-A2-2022-portal-current,2026-08-10T17:11:13Z,60556989c07686cc4af51409c4e0761edc273bafa18a65e6a0c4fdc3ac96c4cc,completed units reported in year / building-permit units reported in same year * 100,"This is a same-year flow ratio, not a cohort completion probability. Permits and completions can refer to different projects.",comparable_within_series
production_pipeline,annual_completion_to_permit_flow_pct,Annual completion-to-permit flow ratio,06075,San Francisco,2023,2023-12-31,annual,85.69558101472995,percent,CA_HCD_APR_TABLE_A2,HCD-APR-TABLE-A2-2023-portal-current,2026-08-10T17:11:13Z,d5a42e856f7a486094b1a52da7413fa582d45472ab18a6ae572bba1930a8069c,completed units reported in year / building-permit units reported in same year * 100,"This is a same-year flow ratio, not a cohort completion probability. Permits and completions can refer to different projects.",comparable_within_series
production_pipeline,annual_completion_to_permit_flow_pct,Annual completion-to-permit flow ratio,06075,San Francisco,2024,2024-12-31,annual,161.84701492537314,percent,CA_HCD_APR_TABLE_A2,HCD-APR-TABLE-A2-2024-portal-current,2026-08-10T17:11:13Z,efedc570ed4198bb4143b012c1926c817a047bd23278b2b2b19270889b52d13b,completed units reported in year / building-permit units reported in same year * 100,"This is a same-year flow ratio, not a cohort completion probability. Permits and completions can refer to different projects.",comparable_within_series
production_pipeline,annual_completion_to_permit_flow_pct,Annual completion-to-permit flow ratio,06075,San Francisco,2025,2025-12-31,annual,145.1761102603369,percent,CA_HCD_APR_TABLE_A2,HCD-APR-TABLE-A2-2025-portal-current,2026-08-10T17:11:13Z,e5e85e9677a374bd30beeeb7848a802f790f9425b78fe84c0ef8096e2394b297,completed units reported in year / building-permit units reported in same year * 100,"This is a same-year flow ratio, not a cohort completion probability. Permits and completions can refer to different projects.",comparable_within_series
production_pipeline,annual_completion_to_permit_flow_pct,Annual completion-to-permit flow ratio,06081,San Mateo,2018,2018-12-31,annual,108.29903978052127,percent,CA_HCD_APR_TABLE_A2,HCD-APR-TABLE-A2-2018-portal-current,2026-08-10T17:11:13Z,2eda34f589a502ed96d65bbdc8ce37cfa225aedf755805a5453eb8c40e926d43,completed units reported in year / building-permit units reported in same year * 100,"This is a same-year flow ratio, not a cohort completion probability. Permits and completions can refer to different projects.",comparable_within_series
production_pipeline,annual_completion_to_permit_flow_pct,Annual completion-to-permit flow ratio,06081,San Mateo,2019,2019-12-31,annual,56.84163301929116,percent,CA_HCD_APR_TABLE_A2,HCD-APR-TABLE-A2-2019-portal-current,2026-08-10T17:11:13Z,2909761266532f15be992976ff4f8ac5e86198994135f5fd6e17f4930c1de8f6,completed units reported in year / building-permit units reported in same year * 100,"This is a same-year flow ratio, not a cohort completion probability. Permits and completions can refer to different projects.",comparable_within_series
production_pipeline,annual_completion_to_permit_flow_pct,Annual completion-to-permit flow ratio,06081,San Mateo,2020,2020-12-31,annual,66.53343023255815,percent,CA_HCD_APR_TABLE_A2,HCD-APR-TABLE-A2-2020-portal-current,2026-08-10T17:11:13Z,dd5239737a286de14f0cb94cb934e788a2734baa54fafb493cc326ab118f98e2,completed units reported in year / building-permit units reported in same year * 100,"This is a same-year flow ratio, not a cohort completion probability. Permits and completions can refer to different projects.",comparable_within_series
production_pipeline,annual_completion_to_permit_flow_pct,Annual completion-to-permit flow ratio,06081,San Mateo,2021,2021-12-31,annual,61.95965417867435,percent,CA_HCD_APR_TABLE_A2,HCD-APR-TABLE-A2-2021-portal-current,2026-08-10T17:11:13Z,5a78db14b37ff087cca9b8e7ae1d939130ba7789dbd8be26558670e88d809950,completed units reported in year / building-permit units reported in same year * 100,"This is a same-year flow ratio, not a cohort completion probability. Permits and completions can refer to different projects.",comparable_within_series
production_pipeline,annual_completion_to_permit_flow_pct,Annual completion-to-permit flow ratio,06081,San Mateo,2022,2022-12-31,annual,34.58075407990996,percent,CA_HCD_APR_TABLE_A2,HCD-APR-TABLE-A2-2022-portal-current,2026-08-10T17:11:13Z,60556989c07686cc4af51409c4e0761edc273bafa18a65e6a0c4fdc3ac96c4cc,completed units reported in year / building-permit units reported in same year * 100,"This is a same-year flow ratio, not a cohort completion probability. Permits and completions can refer to different projects.",comparable_within_series
production_pipeline,annual_completion_to_permit_flow_pct,Annual completion-to-permit flow ratio,06081,San Mateo,2023,2023-12-31,annual,50.21598272138229,percent,CA_HCD_APR_TABLE_A2,HCD-APR-TABLE-A2-2023-portal-current,2026-08-10T17:11:13Z,d5a42e856f7a486094b1a52da7413fa582d45472ab18a6ae572bba1930a8069c,completed units reported in year / building-permit units reported in same year * 100,"This is a same-year flow ratio, not a cohort completion probability. Permits and completions can refer to different projects.",comparable_within_series
production_pipeline,annual_completion_to_permit_flow_pct,Annual completion-to-permit flow ratio,06081,San Mateo,2024,2024-12-31,annual,120.75067024128687,percent,CA_HCD_APR_TABLE_A2,HCD-APR-TABLE-A2-2024-portal-current,2026-08-10T17:11:13Z,efedc570ed4198bb4143b012c1926c817a047bd23278b2b2b19270889b52d13b,completed units reported in year / building-permit units reported in same year * 100,"This is a same-year flow ratio, not a cohort completion probability. Permits and completions can refer to different projects.",comparable_within_series
production_pipeline,annual_completion_to_permit_flow_pct,Annual completion-to-permit flow ratio,06081,San Mateo,2025,2025-12-31,annual,39.929771758214194,percent,CA_HCD_APR_TABLE_A2,HCD-APR-TABLE-A2-2025-portal-current,2026-08-10T17:11:13Z,e5e85e9677a374bd30beeeb7848a802f790f9425b78fe84c0ef8096e2394b297,completed units reported in year / building-permit units reported in same year * 100,"This is a same-year flow ratio, not a cohort completion probability. Permits and completions can refer to different projects.",comparable_within_series
production_pipeline,annual_completion_to_permit_flow_pct,Annual completion-to-permit flow ratio,06085,Santa Clara,2018,2018-12-31,annual,45.80401355225436,percent,CA_HCD_APR_TABLE_A2,HCD-APR-TABLE-A2-2018-portal-current,2026-08-10T17:11:13Z,2eda34f589a502ed96d65bbdc8ce37cfa225aedf755805a5453eb8c40e926d43,completed units reported in year / building-permit units reported in same year * 100,"This is a same-year flow ratio, not a cohort completion probability. Permits and completions can refer to different projects.",comparable_within_series
production_pipeline,annual_completion_to_permit_flow_pct,Annual completion-to-permit flow ratio,06085,Santa Clara,2019,2019-12-31,annual,43.10587632825503,percent,CA_HCD_APR_TABLE_A2,HCD-APR-TABLE-A2-2019-portal-current,2026-08-10T17:11:13Z,2909761266532f15be992976ff4f8ac5e86198994135f5fd6e17f4930c1de8f6,completed units reported in year / building-permit units reported in same year * 100,"This is a same-year flow ratio, not a cohort completion probability. Permits and completions can refer to different projects.",comparable_within_series
production_pipeline,annual_completion_to_permit_flow_pct,Annual completion-to-permit flow ratio,06085,Santa Clara,2020,2020-12-31,annual,102.03787195671777,percent,CA_HCD_APR_TABLE_A2,HCD-APR-TABLE-A2-2020-portal-current,2026-08-10T17:11:13Z,dd5239737a286de14f0cb94cb934e788a2734baa54fafb493cc326ab118f98e2,completed units reported in year / building-permit units reported in same year * 100,"This is a same-year flow ratio, not a cohort completion probability. Permits and completions can refer to different projects.",comparable_within_series
production_pipeline,annual_completion_to_permit_flow_pct,Annual completion-to-permit flow ratio,06085,Santa Clara,2021,2021-12-31,annual,70.05955603681646,percent,CA_HCD_APR_TABLE_A2,HCD-APR-TABLE-A2-2021-portal-current,2026-08-10T17:11:13Z,5a78db14b37ff087cca9b8e7ae1d939130ba7789dbd8be26558670e88d809950,completed units reported in year / building-permit units reported in same year * 100,"This is a same-year flow ratio, not a cohort completion probability. Permits and completions can refer to different projects.",comparable_within_series
production_pipeline,annual_completion_to_permit_flow_pct,Annual completion-to-permit flow ratio,06085,Santa Clara,2022,2022-12-31,annual,55.234431853623036,percent,CA_HCD_APR_TABLE_A2,HCD-APR-TABLE-A2-2022-portal-current,2026-08-10T17:11:13Z,60556989c07686cc4af51409c4e0761edc273bafa18a65e6a0c4fdc3ac96c4cc,completed units reported in year / building-permit units reported in same year * 100,"This is a same-year flow ratio, not a cohort completion probability. Permits and completions can refer to different projects.",comparable_within_series
production_pipeline,annual_completion_to_permit_flow_pct,Annual completion-to-permit flow ratio,06085,Santa Clara,2023,2023-12-31,annual,54.03286435398991,percent,CA_HCD_APR_TABLE_A2,HCD-APR-TABLE-A2-2023-portal-current,2026-08-10T17:11:13Z,d5a42e856f7a486094b1a52da7413fa582d45472ab18a6ae572bba1930a8069c,completed units reported in year / building-permit units reported in same year * 100,"This is a same-year flow ratio, not a cohort completion probability. Permits and completions can refer to different projects.",comparable_within_series
production_pipeline,annual_completion_to_permit_flow_pct,Annual completion-to-permit flow ratio,06085,Santa Clara,2024,2024-12-31,annual,86.46496815286623,percent,CA_HCD_APR_TABLE_A2,HCD-APR-TABLE-A2-2024-portal-current,2026-08-10T17:11:13Z,efedc570ed4198bb4143b012c1926c817a047bd23278b2b2b19270889b52d13b,completed units reported in year / building-permit units reported in same year * 100,"This is a same-year flow ratio, not a cohort completion probability. Permits and completions can refer to different projects.",comparable_within_series
production_pipeline,annual_completion_to_permit_flow_pct,Annual completion-to-permit flow ratio,06085,Santa Clara,2025,2025-12-31,annual,149.46376340591485,percent,CA_HCD_APR_TABLE_A2,HCD-APR-TABLE-A2-2025-portal-current,2026-08-10T17:11:13Z,e5e85e9677a374bd30beeeb7848a802f790f9425b78fe84c0ef8096e2394b297,completed units reported in year / building-permit units reported in same year * 100,"This is a same-year flow ratio, not a cohort completion probability. Permits and completions can refer to different projects.",comparable_within_series
production_pipeline,annual_completion_to_permit_flow_pct,Annual completion-to-permit flow ratio,06095,Solano,2018,2018-12-31,annual,74.81146304675717,percent,CA_HCD_APR_TABLE_A2,HCD-APR-TABLE-A2-2018-portal-current,2026-08-10T17:11:13Z,2eda34f589a502ed96d65bbdc8ce37cfa225aedf755805a5453eb8c40e926d43,completed units reported in year / building-permit units reported in same year * 100,"This is a same-year flow ratio, not a cohort completion probability. Permits and completions can refer to different projects.",comparable_within_series
production_pipeline,annual_completion_to_permit_flow_pct,Annual completion-to-permit flow ratio,06095,Solano,2019,2019-12-31,annual,70.61855670103093,percent,CA_HCD_APR_TABLE_A2,HCD-APR-TABLE-A2-2019-portal-current,2026-08-10T17:11:13Z,2909761266532f15be992976ff4f8ac5e86198994135f5fd6e17f4930c1de8f6,completed units reported in year / building-permit units reported in same year * 100,"This is a same-year flow ratio, not a cohort completion probability. Permits and completions can refer to different projects.",comparable_within_series
production_pipeline,annual_completion_to_permit_flow_pct,Annual completion-to-permit flow ratio,06095,Solano,2020,2020-12-31,annual,46.516730663741086,percent,CA_HCD_APR_TABLE_A2,HCD-APR-TABLE-A2-2020-portal-current,2026-08-10T17:11:13Z,dd5239737a286de14f0cb94cb934e788a2734baa54fafb493cc326ab118f98e2,completed units reported in year / building-permit units reported in same year * 100,"This is a same-year flow ratio, not a cohort completion probability. Permits and completions can refer to different projects.",comparable_within_series
production_pipeline,annual_completion_to_permit_flow_pct,Annual completion-to-permit flow ratio,06095,Solano,2021,2021-12-31,annual,41.10070257611241,percent,CA_HCD_APR_TABLE_A2,HCD-APR-TABLE-A2-2021-portal-current,2026-08-10T17:11:13Z,5a78db14b37ff087cca9b8e7ae1d939130ba7789dbd8be26558670e88d809950,completed units reported in year / building-permit units reported in same year * 100,"This is a same-year flow ratio, not a cohort completion probability. Permits and completions can refer to different projects.",comparable_within_series
production_pipeline,annual_completion_to_permit_flow_pct,Annual completion-to-permit flow ratio,06095,Solano,2022,2022-12-31,annual,64.66992665036675,percent,CA_HCD_APR_TABLE_A2,HCD-APR-TABLE-A2-2022-portal-current,2026-08-10T17:11:13Z,60556989c07686cc4af51409c4e0761edc273bafa18a65e6a0c4fdc3ac96c4cc,completed units reported in year / building-permit units reported in same year * 100,"This is a same-year flow ratio, not a cohort completion probability. Permits and completions can refer to different projects.",comparable_within_series
production_pipeline,annual_completion_to_permit_flow_pct,Annual completion-to-permit flow ratio,06095,Solano,2023,2023-12-31,annual,57.63358778625955,percent,CA_HCD_APR_TABLE_A2,HCD-APR-TABLE-A2-2023-portal-current,2026-08-10T17:11:13Z,d5a42e856f7a486094b1a52da7413fa582d45472ab18a6ae572bba1930a8069c,completed units reported in year / building-permit units reported in same year * 100,"This is a same-year flow ratio, not a cohort completion probability. Permits and completions can refer to different projects.",comparable_within_series
production_pipeline,annual_completion_to_permit_flow_pct,Annual completion-to-permit flow ratio,06095,Solano,2024,2024-12-31,annual,61.83510638297872,percent,CA_HCD_APR_TABLE_A2,HCD-APR-TABLE-A2-2024-portal-current,2026-08-10T17:11:13Z,efedc570ed4198bb4143b012c1926c817a047bd23278b2b2b19270889b52d13b,completed units reported in year / building-permit units reported in same year * 100,"This is a same-year flow ratio, not a cohort completion probability. Permits and completions can refer to different projects.",comparable_within_series
production_pipeline,annual_completion_to_permit_flow_pct,Annual completion-to-permit flow ratio,06095,Solano,2025,2025-12-31,annual,90.22103148024112,percent,CA_HCD_APR_TABLE_A2,HCD-APR-TABLE-A2-2025-portal-current,2026-08-10T17:11:13Z,e5e85e9677a374bd30beeeb7848a802f790f9425b78fe84c0ef8096e2394b297,completed units reported in year / building-permit units reported in same year * 100,"This is a same-year flow ratio, not a cohort completion probability. Permits and completions can refer to different projects.",comparable_within_series
production_pipeline,annual_completion_to_permit_flow_pct,Annual completion-to-permit flow ratio,06097,Sonoma,2018,2018-12-31,annual,61.9281045751634,percent,CA_HCD_APR_TABLE_A2,HCD-APR-TABLE-A2-2018-portal-current,2026-08-10T17:11:13Z,2eda34f589a502ed96d65bbdc8ce37cfa225aedf755805a5453eb8c40e926d43,completed units reported in year / building-permit units reported in same year * 100,"This is a same-year flow ratio, not a cohort completion probability. Permits and completions can refer to different projects.",comparable_within_series
production_pipeline,annual_completion_to_permit_flow_pct,Annual completion-to-permit flow ratio,06097,Sonoma,2019,2019-12-31,annual,47.66977363515313,percent,CA_HCD_APR_TABLE_A2,HCD-APR-TABLE-A2-2019-portal-current,2026-08-10T17:11:13Z,2909761266532f15be992976ff4f8ac5e86198994135f5fd6e17f4930c1de8f6,completed units reported in year / building-permit units reported in same year * 100,"This is a same-year flow ratio, not a cohort completion probability. Permits and completions can refer to different projects.",comparable_within_series
production_pipeline,annual_completion_to_permit_flow_pct,Annual completion-to-permit flow ratio,06097,Sonoma,2020,2020-12-31,annual,67.58241758241759,percent,CA_HCD_APR_TABLE_A2,HCD-APR-TABLE-A2-2020-portal-current,2026-08-10T17:11:13Z,dd5239737a286de14f0cb94cb934e788a2734baa54fafb493cc326ab118f98e2,completed units reported in year / building-permit units reported in same year * 100,"This is a same-year flow ratio, not a cohort completion probability. Permits and completions can refer to different projects.",comparable_within_series
production_pipeline,annual_completion_to_permit_flow_pct,Annual completion-to-permit flow ratio,06097,Sonoma,2021,2021-12-31,annual,53.002401921537235,percent,CA_HCD_APR_TABLE_A2,HCD-APR-TABLE-A2-2021-portal-current,2026-08-10T17:11:13Z,5a78db14b37ff087cca9b8e7ae1d939130ba7789dbd8be26558670e88d809950,completed units reported in year / building-permit units reported in same year * 100,"This is a same-year flow ratio, not a cohort completion probability. Permits and completions can refer to different projects.",comparable_within_series
production_pipeline,annual_completion_to_permit_flow_pct,Annual completion-to-permit flow ratio,06097,Sonoma,2022,2022-12-31,annual,44.25837320574163,percent,CA_HCD_APR_TABLE_A2,HCD-APR-TABLE-A2-2022-portal-current,2026-08-10T17:11:13Z,60556989c07686cc4af51409c4e0761edc273bafa18a65e6a0c4fdc3ac96c4cc,completed units reported in year / building-permit units reported in same year * 100,"This is a same-year flow ratio, not a cohort completion probability. Permits and completions can refer to different projects.",comparable_within_series
production_pipeline,annual_completion_to_permit_flow_pct,Annual completion-to-permit flow ratio,06097,Sonoma,2023,2023-12-31,annual,45.67198177676538,percent,CA_HCD_APR_TABLE_A2,HCD-APR-TABLE-A2-2023-portal-current,2026-08-10T17:11:13Z,d5a42e856f7a486094b1a52da7413fa582d45472ab18a6ae572bba1930a8069c,completed units reported in year / building-permit units reported in same year * 100,"This is a same-year flow ratio, not a cohort completion probability. Permits and completions can refer to different projects.",comparable_within_series
production_pipeline,annual_completion_to_permit_flow_pct,Annual completion-to-permit flow ratio,06097,Sonoma,2024,2024-12-31,annual,83.92384981491274,percent,CA_HCD_APR_TABLE_A2,HCD-APR-TABLE-A2-2024-portal-current,2026-08-10T17:11:13Z,efedc570ed4198bb4143b012c1926c817a047bd23278b2b2b19270889b52d13b,completed units reported in year / building-permit units reported in same year * 100,"This is a same-year flow ratio, not a cohort completion probability. Permits and completions can refer to different projects.",comparable_within_series
production_pipeline,annual_completion_to_permit_flow_pct,Annual completion-to-permit flow ratio,06097,Sonoma,2025,2025-12-31,annual,88.80714661061482,percent,CA_HCD_APR_TABLE_A2,HCD-APR-TABLE-A2-2025-portal-current,2026-08-10T17:11:13Z,e5e85e9677a374bd30beeeb7848a802f790f9425b78fe84c0ef8096e2394b297,completed units reported in year / building-permit units reported in same year * 100,"This is a same-year flow ratio, not a cohort completion probability. Permits and completions can refer to different projects.",comparable_within_series
production_pipeline,building_permit_units,Building-permit units,06001,Alameda,2018,2018-12-31,annual,9156.0,housing units,CA_HCD_APR_TABLE_A2,HCD-APR-TABLE-A2-2018-portal-current,2026-08-10T17:11:13Z,2eda34f589a502ed96d65bbdc8ce37cfa225aedf755805a5453eb8c40e926d43,county sum of HCD APR Table A2 reported units,"Entitlements, building permits, and completions are distinct production stages.",comparable_within_series
production_pipeline,building_permit_units,Building-permit units,06001,Alameda,2019,2019-12-31,annual,6542.0,housing units,CA_HCD_APR_TABLE_A2,HCD-APR-TABLE-A2-2019-portal-current,2026-08-10T17:11:13Z,2909761266532f15be992976ff4f8ac5e86198994135f5fd6e17f4930c1de8f6,county sum of HCD APR Table A2 reported units,"Entitlements, building permits, and completions are distinct production stages.",comparable_within_series
production_pipeline,building_permit_units,Building-permit units,06001,Alameda,2020,2020-12-31,annual,4652.0,housing units,CA_HCD_APR_TABLE_A2,HCD-APR-TABLE-A2-2020-portal-current,2026-08-10T17:11:13Z,dd5239737a286de14f0cb94cb934e788a2734baa54fafb493cc326ab118f98e2,county sum of HCD APR Table A2 reported units,"Entitlements, building permits, and completions are distinct production stages.",comparable_within_series
production_pipeline,building_permit_units,Building-permit units,06001,Alameda,2021,2021-12-31,annual,6275.0,housing units,CA_HCD_APR_TABLE_A2,HCD-APR-TABLE-A2-2021-portal-current,2026-08-10T17:11:13Z,5a78db14b37ff087cca9b8e7ae1d939130ba7789dbd8be26558670e88d809950,county sum of HCD APR Table A2 reported units,"Entitlements, building permits, and completions are distinct production stages.",comparable_within_series
production_pipeline,building_permit_units,Building-permit units,06001,Alameda,2022,2022-12-31,annual,6839.0,housing units,CA_HCD_APR_TABLE_A2,HCD-APR-TABLE-A2-2022-portal-current,2026-08-10T17:11:13Z,60556989c07686cc4af51409c4e0761edc273bafa18a65e6a0c4fdc3ac96c4cc,county sum of HCD APR Table A2 reported units,"Entitlements, building permits, and completions are distinct production stages.",comparable_within_series
production_pipeline,building_permit_units,Building-permit units,06001,Alameda,2023,2023-12-31,annual,5335.0,housing units,CA_HCD_APR_TABLE_A2,HCD-APR-TABLE-A2-2023-portal-current,2026-08-10T17:11:13Z,d5a42e856f7a486094b1a52da7413fa582d45472ab18a6ae572bba1930a8069c,county sum of HCD APR Table A2 reported units,"Entitlements, building permits, and completions are distinct production stages.",comparable_within_series
production_pipeline,building_permit_units,Building-permit units,06001,Alameda,2024,2024-12-31,annual,4370.0,housing units,CA_HCD_APR_TABLE_A2,HCD-APR-TABLE-A2-2024-portal-current,2026-08-10T17:11:13Z,efedc570ed4198bb4143b012c1926c817a047bd23278b2b2b19270889b52d13b,county sum of HCD APR Table A2 reported units,"Entitlements, building permits, and completions are distinct production stages.",comparable_within_series
production_pipeline,building_permit_units,Building-permit units,06001,Alameda,2025,2025-12-31,annual,5000.0,housing units,CA_HCD_APR_TABLE_A2,HCD-APR-TABLE-A2-2025-portal-current,2026-08-10T17:11:13Z,e5e85e9677a374bd30beeeb7848a802f790f9425b78fe84c0ef8096e2394b297,county sum of HCD APR Table A2 reported units,"Entitlements, building permits, and completions are distinct production stages.",comparable_within_series
production_pipeline,building_permit_units,Building-permit units,06013,Contra Costa,2018,2018-12-31,annual,3252.0,housing units,CA_HCD_APR_TABLE_A2,HCD-APR-TABLE-A2-2018-portal-current,2026-08-10T17:11:13Z,2eda34f589a502ed96d65bbdc8ce37cfa225aedf755805a5453eb8c40e926d43,county sum of HCD APR Table A2 reported units,"Entitlements, building permits, and completions are distinct production stages.",comparable_within_series
production_pipeline,building_permit_units,Building-permit units,06013,Contra Costa,2019,2019-12-31,annual,3466.0,housing units,CA_HCD_APR_TABLE_A2,HCD-APR-TABLE-A2-2019-portal-current,2026-08-10T17:11:13Z,2909761266532f15be992976ff4f8ac5e86198994135f5fd6e17f4930c1de8f6,county sum of HCD APR Table A2 reported units,"Entitlements, building permits, and completions are distinct production stages.",comparable_within_series
production_pipeline,building_permit_units,Building-permit units,06013,Contra Costa,2020,2020-12-31,annual,3635.0,housing units,CA_HCD_APR_TABLE_A2,HCD-APR-TABLE-A2-2020-portal-current,2026-08-10T17:11:13Z,dd5239737a286de14f0cb94cb934e788a2734baa54fafb493cc326ab118f98e2,county sum of HCD APR Table A2 reported units,"Entitlements, building permits, and completions are distinct production stages.",comparable_within_series
production_pipeline,building_permit_units,Building-permit units,06013,Contra Costa,2021,2021-12-31,annual,3622.0,housing units,CA_HCD_APR_TABLE_A2,HCD-APR-TABLE-A2-2021-portal-current,2026-08-10T17:11:13Z,5a78db14b37ff087cca9b8e7ae1d939130ba7789dbd8be26558670e88d809950,county sum of HCD APR Table A2 reported units,"Entitlements, building permits, and completions are distinct production stages.",comparable_within_series
production_pipeline,building_permit_units,Building-permit units,06013,Contra Costa,2022,2022-12-31,annual,3089.0,housing units,CA_HCD_APR_TABLE_A2,HCD-APR-TABLE-A2-2022-portal-current,2026-08-10T17:11:13Z,60556989c07686cc4af51409c4e0761edc273bafa18a65e6a0c4fdc3ac96c4cc,county sum of HCD APR Table A2 reported units,"Entitlements, building permits, and completions are distinct production stages.",comparable_within_series
production_pipeline,building_permit_units,Building-permit units,06013,Contra Costa,2023,2023-12-31,annual,3358.0,housing units,CA_HCD_APR_TABLE_A2,HCD-APR-TABLE-A2-2023-portal-current,2026-08-10T17:11:13Z,d5a42e856f7a486094b1a52da7413fa582d45472ab18a6ae572bba1930a8069c,county sum of HCD APR Table A2 reported units,"Entitlements, building permits, and completions are distinct production stages.",comparable_within_series
production_pipeline,building_permit_units,Building-permit units,06013,Contra Costa,2024,2024-12-31,annual,2311.0,housing units,CA_HCD_APR_TABLE_A2,HCD-APR-TABLE-A2-2024-portal-current,2026-08-10T17:11:13Z,efedc570ed4198bb4143b012c1926c817a047bd23278b2b2b19270889b52d13b,county sum of HCD APR Table A2 reported units,"Entitlements, building permits, and completions are distinct production stages.",comparable_within_series
production_pipeline,building_permit_units,Building-permit units,06013,Contra Costa,2025,2025-12-31,annual,2669.0,housing units,CA_HCD_APR_TABLE_A2,HCD-APR-TABLE-A2-2025-portal-current,2026-08-10T17:11:13Z,e5e85e9677a374bd30beeeb7848a802f790f9425b78fe84c0ef8096e2394b297,county sum of HCD APR Table A2 reported units,"Entitlements, building permits, and completions are distinct production stages.",comparable_within_series
production_pipeline,building_permit_units,Building-permit units,06041,Marin,2018,2018-12-31,annual,290.0,housing units,CA_HCD_APR_TABLE_A2,HCD-APR-TABLE-A2-2018-portal-current,2026-08-10T17:11:13Z,2eda34f589a502ed96d65bbdc8ce37cfa225aedf755805a5453eb8c40e926d43,county sum of HCD APR Table A2 reported units,"Entitlements, building permits, and completions are distinct production stages.",comparable_within_series
production_pipeline,building_permit_units,Building-permit units,06041,Marin,2019,2019-12-31,annual,292.0,housing units,CA_HCD_APR_TABLE_A2,HCD-APR-TABLE-A2-2019-portal-current,2026-08-10T17:11:13Z,2909761266532f15be992976ff4f8ac5e86198994135f5fd6e17f4930c1de8f6,county sum of HCD APR Table A2 reported units,"Entitlements, building permits, and completions are distinct production stages.",comparable_within_series
production_pipeline,building_permit_units,Building-permit units,06041,Marin,2020,2020-12-31,annual,315.0,housing units,CA_HCD_APR_TABLE_A2,HCD-APR-TABLE-A2-2020-portal-current,2026-08-10T17:11:13Z,dd5239737a286de14f0cb94cb934e788a2734baa54fafb493cc326ab118f98e2,county sum of HCD APR Table A2 reported units,"Entitlements, building permits, and completions are distinct production stages.",comparable_within_series
production_pipeline,building_permit_units,Building-permit units,06041,Marin,2021,2021-12-31,annual,487.0,housing units,CA_HCD_APR_TABLE_A2,HCD-APR-TABLE-A2-2021-portal-current,2026-08-10T17:11:13Z,5a78db14b37ff087cca9b8e7ae1d939130ba7789dbd8be26558670e88d809950,county sum of HCD APR Table A2 reported units,"Entitlements, building permits, and completions are distinct production stages.",comparable_within_series
production_pipeline,building_permit_units,Building-permit units,06041,Marin,2022,2022-12-31,annual,471.0,housing units,CA_HCD_APR_TABLE_A2,HCD-APR-TABLE-A2-2022-portal-current,2026-08-10T17:11:13Z,60556989c07686cc4af51409c4e0761edc273bafa18a65e6a0c4fdc3ac96c4cc,county sum of HCD APR Table A2 reported units,"Entitlements, building permits, and completions are distinct production stages.",comparable_within_series
production_pipeline,building_permit_units,Building-permit units,06041,Marin,2023,2023-12-31,annual,520.0,housing units,CA_HCD_APR_TABLE_A2,HCD-APR-TABLE-A2-2023-portal-current,2026-08-10T17:11:13Z,d5a42e856f7a486094b1a52da7413fa582d45472ab18a6ae572bba1930a8069c,county sum of HCD APR Table A2 reported units,"Entitlements, building permits, and completions are distinct production stages.",comparable_within_series
production_pipeline,building_permit_units,Building-permit units,06041,Marin,2024,2024-12-31,annual,442.0,housing units,CA_HCD_APR_TABLE_A2,HCD-APR-TABLE-A2-2024-portal-current,2026-08-10T17:11:13Z,efedc570ed4198bb4143b012c1926c817a047bd23278b2b2b19270889b52d13b,county sum of HCD APR Table A2 reported units,"Entitlements, building permits, and completions are distinct production stages.",comparable_within_series
production_pipeline,building_permit_units,Building-permit units,06041,Marin,2025,2025-12-31,annual,486.0,housing units,CA_HCD_APR_TABLE_A2,HCD-APR-TABLE-A2-2025-portal-current,2026-08-10T17:11:13Z,e5e85e9677a374bd30beeeb7848a802f790f9425b78fe84c0ef8096e2394b297,county sum of HCD APR Table A2 reported units,"Entitlements, building permits, and completions are distinct production stages.",comparable_within_series
production_pipeline,building_permit_units,Building-permit units,06055,Napa,2018,2018-12-31,annual,807.0,housing units,CA_HCD_APR_TABLE_A2,HCD-APR-TABLE-A2-2018-portal-current,2026-08-10T17:11:13Z,2eda34f589a502ed96d65bbdc8ce37cfa225aedf755805a5453eb8c40e926d43,county sum of HCD APR Table A2 reported units,"Entitlements, building permits, and completions are distinct production stages.",comparable_within_series
production_pipeline,building_permit_units,Building-permit units,06055,Napa,2019,2019-12-31,annual,209.0,housing units,CA_HCD_APR_TABLE_A2,HCD-APR-TABLE-A2-2019-portal-current,2026-08-10T17:11:13Z,2909761266532f15be992976ff4f8ac5e86198994135f5fd6e17f4930c1de8f6,county sum of HCD APR Table A2 reported units,"Entitlements, building permits, and completions are distinct production stages.",comparable_within_series
production_pipeline,building_permit_units,Building-permit units,06055,Napa,2020,2020-12-31,annual,189.0,housing units,CA_HCD_APR_TABLE_A2,HCD-APR-TABLE-A2-2020-portal-current,2026-08-10T17:11:13Z,dd5239737a286de14f0cb94cb934e788a2734baa54fafb493cc326ab118f98e2,county sum of HCD APR Table A2 reported units,"Entitlements, building permits, and completions are distinct production stages.",comparable_within_series
production_pipeline,building_permit_units,Building-permit units,06055,Napa,2021,2021-12-31,annual,625.0,housing units,CA_HCD_APR_TABLE_A2,HCD-APR-TABLE-A2-2021-portal-current,2026-08-10T17:11:13Z,5a78db14b37ff087cca9b8e7ae1d939130ba7789dbd8be26558670e88d809950,county sum of HCD APR Table A2 reported units,"Entitlements, building permits, and completions are distinct production stages.",comparable_within_series
production_pipeline,building_permit_units,Building-permit units,06055,Napa,2022,2022-12-31,annual,943.0,housing units,CA_HCD_APR_TABLE_A2,HCD-APR-TABLE-A2-2022-portal-current,2026-08-10T17:11:13Z,60556989c07686cc4af51409c4e0761edc273bafa18a65e6a0c4fdc3ac96c4cc,county sum of HCD APR Table A2 reported units,"Entitlements, building permits, and completions are distinct production stages.",comparable_within_series
production_pipeline,building_permit_units,Building-permit units,06055,Napa,2023,2023-12-31,annual,282.0,housing units,CA_HCD_APR_TABLE_A2,HCD-APR-TABLE-A2-2023-portal-current,2026-08-10T17:11:13Z,d5a42e856f7a486094b1a52da7413fa582d45472ab18a6ae572bba1930a8069c,county sum of HCD APR Table A2 reported units,"Entitlements, building permits, and completions are distinct production stages.",comparable_within_series
production_pipeline,building_permit_units,Building-permit units,06055,Napa,2024,2024-12-31,annual,819.0,housing units,CA_HCD_APR_TABLE_A2,HCD-APR-TABLE-A2-2024-portal-current,2026-08-10T17:11:13Z,efedc570ed4198bb4143b012c1926c817a047bd23278b2b2b19270889b52d13b,county sum of HCD APR Table A2 reported units,"Entitlements, building permits, and completions are distinct production stages.",comparable_within_series
production_pipeline,building_permit_units,Building-permit units,06055,Napa,2025,2025-12-31,annual,440.0,housing units,CA_HCD_APR_TABLE_A2,HCD-APR-TABLE-A2-2025-portal-current,2026-08-10T17:11:13Z,e5e85e9677a374bd30beeeb7848a802f790f9425b78fe84c0ef8096e2394b297,county sum of HCD APR Table A2 reported units,"Entitlements, building permits, and completions are distinct production stages.",comparable_within_series
production_pipeline,building_permit_units,Building-permit units,06075,San Francisco,2018,2018-12-31,annual,4678.0,housing units,CA_HCD_APR_TABLE_A2,HCD-APR-TABLE-A2-2018-portal-current,2026-08-10T17:11:13Z,2eda34f589a502ed96d65bbdc8ce37cfa225aedf755805a5453eb8c40e926d43,county sum of HCD APR Table A2 reported units,"Entitlements, building permits, and completions are distinct production stages.",comparable_within_series
production_pipeline,building_permit_units,Building-permit units,06075,San Francisco,2019,2019-12-31,annual,4732.0,housing units,CA_HCD_APR_TABLE_A2,HCD-APR-TABLE-A2-2019-portal-current,2026-08-10T17:11:13Z,2909761266532f15be992976ff4f8ac5e86198994135f5fd6e17f4930c1de8f6,county sum of HCD APR Table A2 reported units,"Entitlements, building permits, and completions are distinct production stages.",comparable_within_series
production_pipeline,building_permit_units,Building-permit units,06075,San Francisco,2020,2020-12-31,annual,3159.0,housing units,CA_HCD_APR_TABLE_A2,HCD-APR-TABLE-A2-2020-portal-current,2026-08-10T17:11:13Z,dd5239737a286de14f0cb94cb934e788a2734baa54fafb493cc326ab118f98e2,county sum of HCD APR Table A2 reported units,"Entitlements, building permits, and completions are distinct production stages.",comparable_within_series
production_pipeline,building_permit_units,Building-permit units,06075,San Francisco,2021,2021-12-31,annual,2221.0,housing units,CA_HCD_APR_TABLE_A2,HCD-APR-TABLE-A2-2021-portal-current,2026-08-10T17:11:13Z,5a78db14b37ff087cca9b8e7ae1d939130ba7789dbd8be26558670e88d809950,county sum of HCD APR Table A2 reported units,"Entitlements, building permits, and completions are distinct production stages.",comparable_within_series
production_pipeline,building_permit_units,Building-permit units,06075,San Francisco,2022,2022-12-31,annual,2852.0,housing units,CA_HCD_APR_TABLE_A2,HCD-APR-TABLE-A2-2022-portal-current,2026-08-10T17:11:13Z,60556989c07686cc4af51409c4e0761edc273bafa18a65e6a0c4fdc3ac96c4cc,county sum of HCD APR Table A2 reported units,"Entitlements, building permits, and completions are distinct production stages.",comparable_within_series
production_pipeline,building_permit_units,Building-permit units,06075,San Francisco,2023,2023-12-31,annual,3055.0,housing units,CA_HCD_APR_TABLE_A2,HCD-APR-TABLE-A2-2023-portal-current,2026-08-10T17:11:13Z,d5a42e856f7a486094b1a52da7413fa582d45472ab18a6ae572bba1930a8069c,county sum of HCD APR Table A2 reported units,"Entitlements, building permits, and completions are distinct production stages.",comparable_within_series
production_pipeline,building_permit_units,Building-permit units,06075,San Francisco,2024,2024-12-31,annual,1072.0,housing units,CA_HCD_APR_TABLE_A2,HCD-APR-TABLE-A2-2024-portal-current,2026-08-10T17:11:13Z,efedc570ed4198bb4143b012c1926c817a047bd23278b2b2b19270889b52d13b,county sum of HCD APR Table A2 reported units,"Entitlements, building permits, and completions are distinct production stages.",comparable_within_series
production_pipeline,building_permit_units,Building-permit units,06075,San Francisco,2025,2025-12-31,annual,1959.0,housing units,CA_HCD_APR_TABLE_A2,HCD-APR-TABLE-A2-2025-portal-current,2026-08-10T17:11:13Z,e5e85e9677a374bd30beeeb7848a802f790f9425b78fe84c0ef8096e2394b297,county sum of HCD APR Table A2 reported units,"Entitlements, building permits, and completions are distinct production stages.",comparable_within_series
production_pipeline,building_permit_units,Building-permit units,06081,San Mateo,2018,2018-12-31,annual,1458.0,housing units,CA_HCD_APR_TABLE_A2,HCD-APR-TABLE-A2-2018-portal-current,2026-08-10T17:11:13Z,2eda34f589a502ed96d65bbdc8ce37cfa225aedf755805a5453eb8c40e926d43,county sum of HCD APR Table A2 reported units,"Entitlements, building permits, and completions are distinct production stages.",comparable_within_series
production_pipeline,building_permit_units,Building-permit units,06081,San Mateo,2019,2019-12-31,annual,2229.0,housing units,CA_HCD_APR_TABLE_A2,HCD-APR-TABLE-A2-2019-portal-current,2026-08-10T17:11:13Z,2909761266532f15be992976ff4f8ac5e86198994135f5fd6e17f4930c1de8f6,county sum of HCD APR Table A2 reported units,"Entitlements, building permits, and completions are distinct production stages.",comparable_within_series
production_pipeline,building_permit_units,Building-permit units,06081,San Mateo,2020,2020-12-31,annual,2752.0,housing units,CA_HCD_APR_TABLE_A2,HCD-APR-TABLE-A2-2020-portal-current,2026-08-10T17:11:13Z,dd5239737a286de14f0cb94cb934e788a2734baa54fafb493cc326ab118f98e2,county sum of HCD APR Table A2 reported units,"Entitlements, building permits, and completions are distinct production stages.",comparable_within_series
production_pipeline,building_permit_units,Building-permit units,06081,San Mateo,2021,2021-12-31,annual,2429.0,housing units,CA_HCD_APR_TABLE_A2,HCD-APR-TABLE-A2-2021-portal-current,2026-08-10T17:11:13Z,5a78db14b37ff087cca9b8e7ae1d939130ba7789dbd8be26558670e88d809950,county sum of HCD APR Table A2 reported units,"Entitlements, building permits, and completions are distinct production stages.",comparable_within_series
production_pipeline,building_permit_units,Building-permit units,06081,San Mateo,2022,2022-12-31,annual,3554.0,housing units,CA_HCD_APR_TABLE_A2,HCD-APR-TABLE-A2-2022-portal-current,2026-08-10T17:11:13Z,60556989c07686cc4af51409c4e0761edc273bafa18a65e6a0c4fdc3ac96c4cc,county sum of HCD APR Table A2 reported units,"Entitlements, building permits, and completions are distinct production stages.",comparable_within_series
production_pipeline,building_permit_units,Building-permit units,06081,San Mateo,2023,2023-12-31,annual,3704.0,housing units,CA_HCD_APR_TABLE_A2,HCD-APR-TABLE-A2-2023-portal-current,2026-08-10T17:11:13Z,d5a42e856f7a486094b1a52da7413fa582d45472ab18a6ae572bba1930a8069c,county sum of HCD APR Table A2 reported units,"Entitlements, building permits, and completions are distinct production stages.",comparable_within_series
production_pipeline,building_permit_units,Building-permit units,06081,San Mateo,2024,2024-12-31,annual,1865.0,housing units,CA_HCD_APR_TABLE_A2,HCD-APR-TABLE-A2-2024-portal-current,2026-08-10T17:11:13Z,efedc570ed4198bb4143b012c1926c817a047bd23278b2b2b19270889b52d13b,county sum of HCD APR Table A2 reported units,"Entitlements, building permits, and completions are distinct production stages.",comparable_within_series
production_pipeline,building_permit_units,Building-permit units,06081,San Mateo,2025,2025-12-31,annual,3987.0,housing units,CA_HCD_APR_TABLE_A2,HCD-APR-TABLE-A2-2025-portal-current,2026-08-10T17:11:13Z,e5e85e9677a374bd30beeeb7848a802f790f9425b78fe84c0ef8096e2394b297,county sum of HCD APR Table A2 reported units,"Entitlements, building permits, and completions are distinct production stages.",comparable_within_series
production_pipeline,building_permit_units,Building-permit units,06085,Santa Clara,2018,2018-12-31,annual,7674.0,housing units,CA_HCD_APR_TABLE_A2,HCD-APR-TABLE-A2-2018-portal-current,2026-08-10T17:11:13Z,2eda34f589a502ed96d65bbdc8ce37cfa225aedf755805a5453eb8c40e926d43,county sum of HCD APR Table A2 reported units,"Entitlements, building permits, and completions are distinct production stages.",comparable_within_series
production_pipeline,building_permit_units,Building-permit units,06085,Santa Clara,2019,2019-12-31,annual,7811.0,housing units,CA_HCD_APR_TABLE_A2,HCD-APR-TABLE-A2-2019-portal-current,2026-08-10T17:11:13Z,2909761266532f15be992976ff4f8ac5e86198994135f5fd6e17f4930c1de8f6,county sum of HCD APR Table A2 reported units,"Entitlements, building permits, and completions are distinct production stages.",comparable_within_series
production_pipeline,building_permit_units,Building-permit units,06085,Santa Clara,2020,2020-12-31,annual,5545.0,housing units,CA_HCD_APR_TABLE_A2,HCD-APR-TABLE-A2-2020-portal-current,2026-08-10T17:11:13Z,dd5239737a286de14f0cb94cb934e788a2734baa54fafb493cc326ab118f98e2,county sum of HCD APR Table A2 reported units,"Entitlements, building permits, and completions are distinct production stages.",comparable_within_series
production_pipeline,building_permit_units,Building-permit units,06085,Santa Clara,2021,2021-12-31,annual,5541.0,housing units,CA_HCD_APR_TABLE_A2,HCD-APR-TABLE-A2-2021-portal-current,2026-08-10T17:11:13Z,5a78db14b37ff087cca9b8e7ae1d939130ba7789dbd8be26558670e88d809950,county sum of HCD APR Table A2 reported units,"Entitlements, building permits, and completions are distinct production stages.",comparable_within_series
production_pipeline,building_permit_units,Building-permit units,06085,Santa Clara,2022,2022-12-31,annual,9619.0,housing units,CA_HCD_APR_TABLE_A2,HCD-APR-TABLE-A2-2022-portal-current,2026-08-10T17:11:13Z,60556989c07686cc4af51409c4e0761edc273bafa18a65e6a0c4fdc3ac96c4cc,county sum of HCD APR Table A2 reported units,"Entitlements, building permits, and completions are distinct production stages.",comparable_within_series
production_pipeline,building_permit_units,Building-permit units,06085,Santa Clara,2023,2023-12-31,annual,9311.0,housing units,CA_HCD_APR_TABLE_A2,HCD-APR-TABLE-A2-2023-portal-current,2026-08-10T17:11:13Z,d5a42e856f7a486094b1a52da7413fa582d45472ab18a6ae572bba1930a8069c,county sum of HCD APR Table A2 reported units,"Entitlements, building permits, and completions are distinct production stages.",comparable_within_series
production_pipeline,building_permit_units,Building-permit units,06085,Santa Clara,2024,2024-12-31,annual,5024.0,housing units,CA_HCD_APR_TABLE_A2,HCD-APR-TABLE-A2-2024-portal-current,2026-08-10T17:11:13Z,efedc570ed4198bb4143b012c1926c817a047bd23278b2b2b19270889b52d13b,county sum of HCD APR Table A2 reported units,"Entitlements, building permits, and completions are distinct production stages.",comparable_within_series
production_pipeline,building_permit_units,Building-permit units,06085,Santa Clara,2025,2025-12-31,annual,6154.0,housing units,CA_HCD_APR_TABLE_A2,HCD-APR-TABLE-A2-2025-portal-current,2026-08-10T17:11:13Z,e5e85e9677a374bd30beeeb7848a802f790f9425b78fe84c0ef8096e2394b297,county sum of HCD APR Table A2 reported units,"Entitlements, building permits, and completions are distinct production stages.",comparable_within_series
production_pipeline,building_permit_units,Building-permit units,06095,Solano,2018,2018-12-31,annual,663.0,housing units,CA_HCD_APR_TABLE_A2,HCD-APR-TABLE-A2-2018-portal-current,2026-08-10T17:11:13Z,2eda34f589a502ed96d65bbdc8ce37cfa225aedf755805a5453eb8c40e926d43,county sum of HCD APR Table A2 reported units,"Entitlements, building permits, and completions are distinct production stages.",comparable_within_series
production_pipeline,building_permit_units,Building-permit units,06095,Solano,2019,2019-12-31,annual,1164.0,housing units,CA_HCD_APR_TABLE_A2,HCD-APR-TABLE-A2-2019-portal-current,2026-08-10T17:11:13Z,2909761266532f15be992976ff4f8ac5e86198994135f5fd6e17f4930c1de8f6,county sum of HCD APR Table A2 reported units,"Entitlements, building permits, and completions are distinct production stages.",comparable_within_series
production_pipeline,building_permit_units,Building-permit units,06095,Solano,2020,2020-12-31,annual,1823.0,housing units,CA_HCD_APR_TABLE_A2,HCD-APR-TABLE-A2-2020-portal-current,2026-08-10T17:11:13Z,dd5239737a286de14f0cb94cb934e788a2734baa54fafb493cc326ab118f98e2,county sum of HCD APR Table A2 reported units,"Entitlements, building permits, and completions are distinct production stages.",comparable_within_series
production_pipeline,building_permit_units,Building-permit units,06095,Solano,2021,2021-12-31,annual,1708.0,housing units,CA_HCD_APR_TABLE_A2,HCD-APR-TABLE-A2-2021-portal-current,2026-08-10T17:11:13Z,5a78db14b37ff087cca9b8e7ae1d939130ba7789dbd8be26558670e88d809950,county sum of HCD APR Table A2 reported units,"Entitlements, building permits, and completions are distinct production stages.",comparable_within_series
production_pipeline,building_permit_units,Building-permit units,06095,Solano,2022,2022-12-31,annual,1636.0,housing units,CA_HCD_APR_TABLE_A2,HCD-APR-TABLE-A2-2022-portal-current,2026-08-10T17:11:13Z,60556989c07686cc4af51409c4e0761edc273bafa18a65e6a0c4fdc3ac96c4cc,county sum of HCD APR Table A2 reported units,"Entitlements, building permits, and completions are distinct production stages.",comparable_within_series
production_pipeline,building_permit_units,Building-permit units,06095,Solano,2023,2023-12-31,annual,1834.0,housing units,CA_HCD_APR_TABLE_A2,HCD-APR-TABLE-A2-2023-portal-current,2026-08-10T17:11:13Z,d5a42e856f7a486094b1a52da7413fa582d45472ab18a6ae572bba1930a8069c,county sum of HCD APR Table A2 reported units,"Entitlements, building permits, and completions are distinct production stages.",comparable_within_series
production_pipeline,building_permit_units,Building-permit units,06095,Solano,2024,2024-12-31,annual,1504.0,housing units,CA_HCD_APR_TABLE_A2,HCD-APR-TABLE-A2-2024-portal-current,2026-08-10T17:11:13Z,efedc570ed4198bb4143b012c1926c817a047bd23278b2b2b19270889b52d13b,county sum of HCD APR Table A2 reported units,"Entitlements, building permits, and completions are distinct production stages.",comparable_within_series
production_pipeline,building_permit_units,Building-permit units,06095,Solano,2025,2025-12-31,annual,1493.0,housing units,CA_HCD_APR_TABLE_A2,HCD-APR-TABLE-A2-2025-portal-current,2026-08-10T17:11:13Z,e5e85e9677a374bd30beeeb7848a802f790f9425b78fe84c0ef8096e2394b297,county sum of HCD APR Table A2 reported units,"Entitlements, building permits, and completions are distinct production stages.",comparable_within_series
production_pipeline,building_permit_units,Building-permit units,06097,Sonoma,2018,2018-12-31,annual,1836.0,housing units,CA_HCD_APR_TABLE_A2,HCD-APR-TABLE-A2-2018-portal-current,2026-08-10T17:11:13Z,2eda34f589a502ed96d65bbdc8ce37cfa225aedf755805a5453eb8c40e926d43,county sum of HCD APR Table A2 reported units,"Entitlements, building permits, and completions are distinct production stages.",comparable_within_series
production_pipeline,building_permit_units,Building-permit units,06097,Sonoma,2019,2019-12-31,annual,2253.0,housing units,CA_HCD_APR_TABLE_A2,HCD-APR-TABLE-A2-2019-portal-current,2026-08-10T17:11:13Z,2909761266532f15be992976ff4f8ac5e86198994135f5fd6e17f4930c1de8f6,county sum of HCD APR Table A2 reported units,"Entitlements, building permits, and completions are distinct production stages.",comparable_within_series
production_pipeline,building_permit_units,Building-permit units,06097,Sonoma,2020,2020-12-31,annual,1638.0,housing units,CA_HCD_APR_TABLE_A2,HCD-APR-TABLE-A2-2020-portal-current,2026-08-10T17:11:13Z,dd5239737a286de14f0cb94cb934e788a2734baa54fafb493cc326ab118f98e2,county sum of HCD APR Table A2 reported units,"Entitlements, building permits, and completions are distinct production stages.",comparable_within_series
production_pipeline,building_permit_units,Building-permit units,06097,Sonoma,2021,2021-12-31,annual,2498.0,housing units,CA_HCD_APR_TABLE_A2,HCD-APR-TABLE-A2-2021-portal-current,2026-08-10T17:11:13Z,5a78db14b37ff087cca9b8e7ae1d939130ba7789dbd8be26558670e88d809950,county sum of HCD APR Table A2 reported units,"Entitlements, building permits, and completions are distinct production stages.",comparable_within_series
production_pipeline,building_permit_units,Building-permit units,06097,Sonoma,2022,2022-12-31,annual,2926.0,housing units,CA_HCD_APR_TABLE_A2,HCD-APR-TABLE-A2-2022-portal-current,2026-08-10T17:11:13Z,60556989c07686cc4af51409c4e0761edc273bafa18a65e6a0c4fdc3ac96c4cc,county sum of HCD APR Table A2 reported units,"Entitlements, building permits, and completions are distinct production stages.",comparable_within_series
production_pipeline,building_permit_units,Building-permit units,06097,Sonoma,2023,2023-12-31,annual,3512.0,housing units,CA_HCD_APR_TABLE_A2,HCD-APR-TABLE-A2-2023-portal-current,2026-08-10T17:11:13Z,d5a42e856f7a486094b1a52da7413fa582d45472ab18a6ae572bba1930a8069c,county sum of HCD APR Table A2 reported units,"Entitlements, building permits, and completions are distinct production stages.",comparable_within_series
production_pipeline,building_permit_units,Building-permit units,06097,Sonoma,2024,2024-12-31,annual,1891.0,housing units,CA_HCD_APR_TABLE_A2,HCD-APR-TABLE-A2-2024-portal-current,2026-08-10T17:11:13Z,efedc570ed4198bb4143b012c1926c817a047bd23278b2b2b19270889b52d13b,county sum of HCD APR Table A2 reported units,"Entitlements, building permits, and completions are distinct production stages.",comparable_within_series
production_pipeline,building_permit_units,Building-permit units,06097,Sonoma,2025,2025-12-31,annual,1903.0,housing units,CA_HCD_APR_TABLE_A2,HCD-APR-TABLE-A2-2025-portal-current,2026-08-10T17:11:13Z,e5e85e9677a374bd30beeeb7848a802f790f9425b78fe84c0ef8096e2394b297,county sum of HCD APR Table A2 reported units,"Entitlements, building permits, and completions are distinct production stages.",comparable_within_series
production_pipeline,completed_units,Completed units / certificates of occupancy,06001,Alameda,2018,2018-12-31,annual,4000.0,housing units,CA_HCD_APR_TABLE_A2,HCD-APR-TABLE-A2-2018-portal-current,2026-08-10T17:11:13Z,2eda34f589a502ed96d65bbdc8ce37cfa225aedf755805a5453eb8c40e926d43,county sum of HCD APR Table A2 reported units,"Entitlements, building permits, and completions are distinct production stages.",comparable_within_series
production_pipeline,completed_units,Completed units / certificates of occupancy,06001,Alameda,2019,2019-12-31,annual,4002.0,housing units,CA_HCD_APR_TABLE_A2,HCD-APR-TABLE-A2-2019-portal-current,2026-08-10T17:11:13Z,2909761266532f15be992976ff4f8ac5e86198994135f5fd6e17f4930c1de8f6,county sum of HCD APR Table A2 reported units,"Entitlements, building permits, and completions are distinct production stages.",comparable_within_series
production_pipeline,completed_units,Completed units / certificates of occupancy,06001,Alameda,2020,2020-12-31,annual,5876.0,housing units,CA_HCD_APR_TABLE_A2,HCD-APR-TABLE-A2-2020-portal-current,2026-08-10T17:11:13Z,dd5239737a286de14f0cb94cb934e788a2734baa54fafb493cc326ab118f98e2,county sum of HCD APR Table A2 reported units,"Entitlements, building permits, and completions are distinct production stages.",comparable_within_series
production_pipeline,completed_units,Completed units / certificates of occupancy,06001,Alameda,2021,2021-12-31,annual,7257.0,housing units,CA_HCD_APR_TABLE_A2,HCD-APR-TABLE-A2-2021-portal-current,2026-08-10T17:11:13Z,5a78db14b37ff087cca9b8e7ae1d939130ba7789dbd8be26558670e88d809950,county sum of HCD APR Table A2 reported units,"Entitlements, building permits, and completions are distinct production stages.",comparable_within_series
production_pipeline,completed_units,Completed units / certificates of occupancy,06001,Alameda,2022,2022-12-31,annual,7492.0,housing units,CA_HCD_APR_TABLE_A2,HCD-APR-TABLE-A2-2022-portal-current,2026-08-10T17:11:13Z,60556989c07686cc4af51409c4e0761edc273bafa18a65e6a0c4fdc3ac96c4cc,county sum of HCD APR Table A2 reported units,"Entitlements, building permits, and completions are distinct production stages.",comparable_within_series
production_pipeline,completed_units,Completed units / certificates of occupancy,06001,Alameda,2023,2023-12-31,annual,5709.0,housing units,CA_HCD_APR_TABLE_A2,HCD-APR-TABLE-A2-2023-portal-current,2026-08-10T17:11:13Z,d5a42e856f7a486094b1a52da7413fa582d45472ab18a6ae572bba1930a8069c,county sum of HCD APR Table A2 reported units,"Entitlements, building permits, and completions are distinct production stages.",comparable_within_series
production_pipeline,completed_units,Completed units / certificates of occupancy,06001,Alameda,2024,2024-12-31,annual,5210.0,housing units,CA_HCD_APR_TABLE_A2,HCD-APR-TABLE-A2-2024-portal-current,2026-08-10T17:11:13Z,efedc570ed4198bb4143b012c1926c817a047bd23278b2b2b19270889b52d13b,county sum of HCD APR Table A2 reported units,"Entitlements, building permits, and completions are distinct production stages.",comparable_within_series
production_pipeline,completed_units,Completed units / certificates of occupancy,06001,Alameda,2025,2025-12-31,annual,4851.0,housing units,CA_HCD_APR_TABLE_A2,HCD-APR-TABLE-A2-2025-portal-current,2026-08-10T17:11:13Z,e5e85e9677a374bd30beeeb7848a802f790f9425b78fe84c0ef8096e2394b297,county sum of HCD APR Table A2 reported units,"Entitlements, building permits, and completions are distinct production stages.",comparable_within_series
production_pipeline,completed_units,Completed units / certificates of occupancy,06013,Contra Costa,2018,2018-12-31,annual,1549.0,housing units,CA_HCD_APR_TABLE_A2,HCD-APR-TABLE-A2-2018-portal-current,2026-08-10T17:11:13Z,2eda34f589a502ed96d65bbdc8ce37cfa225aedf755805a5453eb8c40e926d43,county sum of HCD APR Table A2 reported units,"Entitlements, building permits, and completions are distinct production stages.",comparable_within_series
production_pipeline,completed_units,Completed units / certificates of occupancy,06013,Contra Costa,2019,2019-12-31,annual,2289.0,housing units,CA_HCD_APR_TABLE_A2,HCD-APR-TABLE-A2-2019-portal-current,2026-08-10T17:11:13Z,2909761266532f15be992976ff4f8ac5e86198994135f5fd6e17f4930c1de8f6,county sum of HCD APR Table A2 reported units,"Entitlements, building permits, and completions are distinct production stages.",comparable_within_series
production_pipeline,completed_units,Completed units / certificates of occupancy,06013,Contra Costa,2020,2020-12-31,annual,2138.0,housing units,CA_HCD_APR_TABLE_A2,HCD-APR-TABLE-A2-2020-portal-current,2026-08-10T17:11:13Z,dd5239737a286de14f0cb94cb934e788a2734baa54fafb493cc326ab118f98e2,county sum of HCD APR Table A2 reported units,"Entitlements, building permits, and completions are distinct production stages.",comparable_within_series
production_pipeline,completed_units,Completed units / certificates of occupancy,06013,Contra Costa,2021,2021-12-31,annual,2870.0,housing units,CA_HCD_APR_TABLE_A2,HCD-APR-TABLE-A2-2021-portal-current,2026-08-10T17:11:13Z,5a78db14b37ff087cca9b8e7ae1d939130ba7789dbd8be26558670e88d809950,county sum of HCD APR Table A2 reported units,"Entitlements, building permits, and completions are distinct production stages.",comparable_within_series
production_pipeline,completed_units,Completed units / certificates of occupancy,06013,Contra Costa,2022,2022-12-31,annual,1982.0,housing units,CA_HCD_APR_TABLE_A2,HCD-APR-TABLE-A2-2022-portal-current,2026-08-10T17:11:13Z,60556989c07686cc4af51409c4e0761edc273bafa18a65e6a0c4fdc3ac96c4cc,county sum of HCD APR Table A2 reported units,"Entitlements, building permits, and completions are distinct production stages.",comparable_within_series
production_pipeline,completed_units,Completed units / certificates of occupancy,06013,Contra Costa,2023,2023-12-31,annual,2591.0,housing units,CA_HCD_APR_TABLE_A2,HCD-APR-TABLE-A2-2023-portal-current,2026-08-10T17:11:13Z,d5a42e856f7a486094b1a52da7413fa582d45472ab18a6ae572bba1930a8069c,county sum of HCD APR Table A2 reported units,"Entitlements, building permits, and completions are distinct production stages.",comparable_within_series
production_pipeline,completed_units,Completed units / certificates of occupancy,06013,Contra Costa,2024,2024-12-31,annual,2019.0,housing units,CA_HCD_APR_TABLE_A2,HCD-APR-TABLE-A2-2024-portal-current,2026-08-10T17:11:13Z,efedc570ed4198bb4143b012c1926c817a047bd23278b2b2b19270889b52d13b,county sum of HCD APR Table A2 reported units,"Entitlements, building permits, and completions are distinct production stages.",comparable_within_series
production_pipeline,completed_units,Completed units / certificates of occupancy,06013,Contra Costa,2025,2025-12-31,annual,2518.0,housing units,CA_HCD_APR_TABLE_A2,HCD-APR-TABLE-A2-2025-portal-current,2026-08-10T17:11:13Z,e5e85e9677a374bd30beeeb7848a802f790f9425b78fe84c0ef8096e2394b297,county sum of HCD APR Table A2 reported units,"Entitlements, building permits, and completions are distinct production stages.",comparable_within_series
production_pipeline,completed_units,Completed units / certificates of occupancy,06041,Marin,2018,2018-12-31,annual,97.0,housing units,CA_HCD_APR_TABLE_A2,HCD-APR-TABLE-A2-2018-portal-current,2026-08-10T17:11:13Z,2eda34f589a502ed96d65bbdc8ce37cfa225aedf755805a5453eb8c40e926d43,county sum of HCD APR Table A2 reported units,"Entitlements, building permits, and completions are distinct production stages.",comparable_within_series
production_pipeline,completed_units,Completed units / certificates of occupancy,06041,Marin,2019,2019-12-31,annual,118.0,housing units,CA_HCD_APR_TABLE_A2,HCD-APR-TABLE-A2-2019-portal-current,2026-08-10T17:11:13Z,2909761266532f15be992976ff4f8ac5e86198994135f5fd6e17f4930c1de8f6,county sum of HCD APR Table A2 reported units,"Entitlements, building permits, and completions are distinct production stages.",comparable_within_series
production_pipeline,completed_units,Completed units / certificates of occupancy,06041,Marin,2020,2020-12-31,annual,280.0,housing units,CA_HCD_APR_TABLE_A2,HCD-APR-TABLE-A2-2020-portal-current,2026-08-10T17:11:13Z,dd5239737a286de14f0cb94cb934e788a2734baa54fafb493cc326ab118f98e2,county sum of HCD APR Table A2 reported units,"Entitlements, building permits, and completions are distinct production stages.",comparable_within_series
production_pipeline,completed_units,Completed units / certificates of occupancy,06041,Marin,2021,2021-12-31,annual,260.0,housing units,CA_HCD_APR_TABLE_A2,HCD-APR-TABLE-A2-2021-portal-current,2026-08-10T17:11:13Z,5a78db14b37ff087cca9b8e7ae1d939130ba7789dbd8be26558670e88d809950,county sum of HCD APR Table A2 reported units,"Entitlements, building permits, and completions are distinct production stages.",comparable_within_series
production_pipeline,completed_units,Completed units / certificates of occupancy,06041,Marin,2022,2022-12-31,annual,276.0,housing units,CA_HCD_APR_TABLE_A2,HCD-APR-TABLE-A2-2022-portal-current,2026-08-10T17:11:13Z,60556989c07686cc4af51409c4e0761edc273bafa18a65e6a0c4fdc3ac96c4cc,county sum of HCD APR Table A2 reported units,"Entitlements, building permits, and completions are distinct production stages.",comparable_within_series
production_pipeline,completed_units,Completed units / certificates of occupancy,06041,Marin,2023,2023-12-31,annual,364.0,housing units,CA_HCD_APR_TABLE_A2,HCD-APR-TABLE-A2-2023-portal-current,2026-08-10T17:11:13Z,d5a42e856f7a486094b1a52da7413fa582d45472ab18a6ae572bba1930a8069c,county sum of HCD APR Table A2 reported units,"Entitlements, building permits, and completions are distinct production stages.",comparable_within_series
production_pipeline,completed_units,Completed units / certificates of occupancy,06041,Marin,2024,2024-12-31,annual,391.0,housing units,CA_HCD_APR_TABLE_A2,HCD-APR-TABLE-A2-2024-portal-current,2026-08-10T17:11:13Z,efedc570ed4198bb4143b012c1926c817a047bd23278b2b2b19270889b52d13b,county sum of HCD APR Table A2 reported units,"Entitlements, building permits, and completions are distinct production stages.",comparable_within_series
production_pipeline,completed_units,Completed units / certificates of occupancy,06041,Marin,2025,2025-12-31,annual,533.0,housing units,CA_HCD_APR_TABLE_A2,HCD-APR-TABLE-A2-2025-portal-current,2026-08-10T17:11:13Z,e5e85e9677a374bd30beeeb7848a802f790f9425b78fe84c0ef8096e2394b297,county sum of HCD APR Table A2 reported units,"Entitlements, building permits, and completions are distinct production stages.",comparable_within_series
production_pipeline,completed_units,Completed units / certificates of occupancy,06055,Napa,2018,2018-12-31,annual,96.0,housing units,CA_HCD_APR_TABLE_A2,HCD-APR-TABLE-A2-2018-portal-current,2026-08-10T17:11:13Z,2eda34f589a502ed96d65bbdc8ce37cfa225aedf755805a5453eb8c40e926d43,county sum of HCD APR Table A2 reported units,"Entitlements, building permits, and completions are distinct production stages.",comparable_within_series
production_pipeline,completed_units,Completed units / certificates of occupancy,06055,Napa,2019,2019-12-31,annual,167.0,housing units,CA_HCD_APR_TABLE_A2,HCD-APR-TABLE-A2-2019-portal-current,2026-08-10T17:11:13Z,2909761266532f15be992976ff4f8ac5e86198994135f5fd6e17f4930c1de8f6,county sum of HCD APR Table A2 reported units,"Entitlements, building permits, and completions are distinct production stages.",comparable_within_series
production_pipeline,completed_units,Completed units / certificates of occupancy,06055,Napa,2020,2020-12-31,annual,32.0,housing units,CA_HCD_APR_TABLE_A2,HCD-APR-TABLE-A2-2020-portal-current,2026-08-10T17:11:13Z,dd5239737a286de14f0cb94cb934e788a2734baa54fafb493cc326ab118f98e2,county sum of HCD APR Table A2 reported units,"Entitlements, building permits, and completions are distinct production stages.",comparable_within_series
production_pipeline,completed_units,Completed units / certificates of occupancy,06055,Napa,2021,2021-12-31,annual,207.0,housing units,CA_HCD_APR_TABLE_A2,HCD-APR-TABLE-A2-2021-portal-current,2026-08-10T17:11:13Z,5a78db14b37ff087cca9b8e7ae1d939130ba7789dbd8be26558670e88d809950,county sum of HCD APR Table A2 reported units,"Entitlements, building permits, and completions are distinct production stages.",comparable_within_series
production_pipeline,completed_units,Completed units / certificates of occupancy,06055,Napa,2022,2022-12-31,annual,24.0,housing units,CA_HCD_APR_TABLE_A2,HCD-APR-TABLE-A2-2022-portal-current,2026-08-10T17:11:13Z,60556989c07686cc4af51409c4e0761edc273bafa18a65e6a0c4fdc3ac96c4cc,county sum of HCD APR Table A2 reported units,"Entitlements, building permits, and completions are distinct production stages.",comparable_within_series
production_pipeline,completed_units,Completed units / certificates of occupancy,06055,Napa,2023,2023-12-31,annual,288.0,housing units,CA_HCD_APR_TABLE_A2,HCD-APR-TABLE-A2-2023-portal-current,2026-08-10T17:11:13Z,d5a42e856f7a486094b1a52da7413fa582d45472ab18a6ae572bba1930a8069c,county sum of HCD APR Table A2 reported units,"Entitlements, building permits, and completions are distinct production stages.",comparable_within_series
production_pipeline,completed_units,Completed units / certificates of occupancy,06055,Napa,2024,2024-12-31,annual,417.0,housing units,CA_HCD_APR_TABLE_A2,HCD-APR-TABLE-A2-2024-portal-current,2026-08-10T17:11:13Z,efedc570ed4198bb4143b012c1926c817a047bd23278b2b2b19270889b52d13b,county sum of HCD APR Table A2 reported units,"Entitlements, building permits, and completions are distinct production stages.",comparable_within_series
production_pipeline,completed_units,Completed units / certificates of occupancy,06055,Napa,2025,2025-12-31,annual,475.0,housing units,CA_HCD_APR_TABLE_A2,HCD-APR-TABLE-A2-2025-portal-current,2026-08-10T17:11:13Z,e5e85e9677a374bd30beeeb7848a802f790f9425b78fe84c0ef8096e2394b297,county sum of HCD APR Table A2 reported units,"Entitlements, building permits, and completions are distinct production stages.",comparable_within_series
production_pipeline,completed_units,Completed units / certificates of occupancy,06075,San Francisco,2018,2018-12-31,annual,4034.0,housing units,CA_HCD_APR_TABLE_A2,HCD-APR-TABLE-A2-2018-portal-current,2026-08-10T17:11:13Z,2eda34f589a502ed96d65bbdc8ce37cfa225aedf755805a5453eb8c40e926d43,county sum of HCD APR Table A2 reported units,"Entitlements, building permits, and completions are distinct production stages.",comparable_within_series
production_pipeline,completed_units,Completed units / certificates of occupancy,06075,San Francisco,2019,2019-12-31,annual,4475.0,housing units,CA_HCD_APR_TABLE_A2,HCD-APR-TABLE-A2-2019-portal-current,2026-08-10T17:11:13Z,2909761266532f15be992976ff4f8ac5e86198994135f5fd6e17f4930c1de8f6,county sum of HCD APR Table A2 reported units,"Entitlements, building permits, and completions are distinct production stages.",comparable_within_series
production_pipeline,completed_units,Completed units / certificates of occupancy,06075,San Francisco,2020,2020-12-31,annual,5488.0,housing units,CA_HCD_APR_TABLE_A2,HCD-APR-TABLE-A2-2020-portal-current,2026-08-10T17:11:13Z,dd5239737a286de14f0cb94cb934e788a2734baa54fafb493cc326ab118f98e2,county sum of HCD APR Table A2 reported units,"Entitlements, building permits, and completions are distinct production stages.",comparable_within_series
production_pipeline,completed_units,Completed units / certificates of occupancy,06075,San Francisco,2021,2021-12-31,annual,5600.0,housing units,CA_HCD_APR_TABLE_A2,HCD-APR-TABLE-A2-2021-portal-current,2026-08-10T17:11:13Z,5a78db14b37ff087cca9b8e7ae1d939130ba7789dbd8be26558670e88d809950,county sum of HCD APR Table A2 reported units,"Entitlements, building permits, and completions are distinct production stages.",comparable_within_series
production_pipeline,completed_units,Completed units / certificates of occupancy,06075,San Francisco,2022,2022-12-31,annual,2910.0,housing units,CA_HCD_APR_TABLE_A2,HCD-APR-TABLE-A2-2022-portal-current,2026-08-10T17:11:13Z,60556989c07686cc4af51409c4e0761edc273bafa18a65e6a0c4fdc3ac96c4cc,county sum of HCD APR Table A2 reported units,"Entitlements, building permits, and completions are distinct production stages.",comparable_within_series
production_pipeline,completed_units,Completed units / certificates of occupancy,06075,San Francisco,2023,2023-12-31,annual,2618.0,housing units,CA_HCD_APR_TABLE_A2,HCD-APR-TABLE-A2-2023-portal-current,2026-08-10T17:11:13Z,d5a42e856f7a486094b1a52da7413fa582d45472ab18a6ae572bba1930a8069c,county sum of HCD APR Table A2 reported units,"Entitlements, building permits, and completions are distinct production stages.",comparable_within_series
production_pipeline,completed_units,Completed units / certificates of occupancy,06075,San Francisco,2024,2024-12-31,annual,1735.0,housing units,CA_HCD_APR_TABLE_A2,HCD-APR-TABLE-A2-2024-portal-current,2026-08-10T17:11:13Z,efedc570ed4198bb4143b012c1926c817a047bd23278b2b2b19270889b52d13b,county sum of HCD APR Table A2 reported units,"Entitlements, building permits, and completions are distinct production stages.",comparable_within_series
production_pipeline,completed_units,Completed units / certificates of occupancy,06075,San Francisco,2025,2025-12-31,annual,2844.0,housing units,CA_HCD_APR_TABLE_A2,HCD-APR-TABLE-A2-2025-portal-current,2026-08-10T17:11:13Z,e5e85e9677a374bd30beeeb7848a802f790f9425b78fe84c0ef8096e2394b297,county sum of HCD APR Table A2 reported units,"Entitlements, building permits, and completions are distinct production stages.",comparable_within_series
production_pipeline,completed_units,Completed units / certificates of occupancy,06081,San Mateo,2018,2018-12-31,annual,1579.0,housing units,CA_HCD_APR_TABLE_A2,HCD-APR-TABLE-A2-2018-portal-current,2026-08-10T17:11:13Z,2eda34f589a502ed96d65bbdc8ce37cfa225aedf755805a5453eb8c40e926d43,county sum of HCD APR Table A2 reported units,"Entitlements, building permits, and completions are distinct production stages.",comparable_within_series
production_pipeline,completed_units,Completed units / certificates of occupancy,06081,San Mateo,2019,2019-12-31,annual,1267.0,housing units,CA_HCD_APR_TABLE_A2,HCD-APR-TABLE-A2-2019-portal-current,2026-08-10T17:11:13Z,2909761266532f15be992976ff4f8ac5e86198994135f5fd6e17f4930c1de8f6,county sum of HCD APR Table A2 reported units,"Entitlements, building permits, and completions are distinct production stages.",comparable_within_series
production_pipeline,completed_units,Completed units / certificates of occupancy,06081,San Mateo,2020,2020-12-31,annual,1831.0,housing units,CA_HCD_APR_TABLE_A2,HCD-APR-TABLE-A2-2020-portal-current,2026-08-10T17:11:13Z,dd5239737a286de14f0cb94cb934e788a2734baa54fafb493cc326ab118f98e2,county sum of HCD APR Table A2 reported units,"Entitlements, building permits, and completions are distinct production stages.",comparable_within_series
production_pipeline,completed_units,Completed units / certificates of occupancy,06081,San Mateo,2021,2021-12-31,annual,1505.0,housing units,CA_HCD_APR_TABLE_A2,HCD-APR-TABLE-A2-2021-portal-current,2026-08-10T17:11:13Z,5a78db14b37ff087cca9b8e7ae1d939130ba7789dbd8be26558670e88d809950,county sum of HCD APR Table A2 reported units,"Entitlements, building permits, and completions are distinct production stages.",comparable_within_series
production_pipeline,completed_units,Completed units / certificates of occupancy,06081,San Mateo,2022,2022-12-31,annual,1229.0,housing units,CA_HCD_APR_TABLE_A2,HCD-APR-TABLE-A2-2022-portal-current,2026-08-10T17:11:13Z,60556989c07686cc4af51409c4e0761edc273bafa18a65e6a0c4fdc3ac96c4cc,county sum of HCD APR Table A2 reported units,"Entitlements, building permits, and completions are distinct production stages.",comparable_within_series
production_pipeline,completed_units,Completed units / certificates of occupancy,06081,San Mateo,2023,2023-12-31,annual,1860.0,housing units,CA_HCD_APR_TABLE_A2,HCD-APR-TABLE-A2-2023-portal-current,2026-08-10T17:11:13Z,d5a42e856f7a486094b1a52da7413fa582d45472ab18a6ae572bba1930a8069c,county sum of HCD APR Table A2 reported units,"Entitlements, building permits, and completions are distinct production stages.",comparable_within_series
production_pipeline,completed_units,Completed units / certificates of occupancy,06081,San Mateo,2024,2024-12-31,annual,2252.0,housing units,CA_HCD_APR_TABLE_A2,HCD-APR-TABLE-A2-2024-portal-current,2026-08-10T17:11:13Z,efedc570ed4198bb4143b012c1926c817a047bd23278b2b2b19270889b52d13b,county sum of HCD APR Table A2 reported units,"Entitlements, building permits, and completions are distinct production stages.",comparable_within_series
production_pipeline,completed_units,Completed units / certificates of occupancy,06081,San Mateo,2025,2025-12-31,annual,1592.0,housing units,CA_HCD_APR_TABLE_A2,HCD-APR-TABLE-A2-2025-portal-current,2026-08-10T17:11:13Z,e5e85e9677a374bd30beeeb7848a802f790f9425b78fe84c0ef8096e2394b297,county sum of HCD APR Table A2 reported units,"Entitlements, building permits, and completions are distinct production stages.",comparable_within_series
production_pipeline,completed_units,Completed units / certificates of occupancy,06085,Santa Clara,2018,2018-12-31,annual,3515.0,housing units,CA_HCD_APR_TABLE_A2,HCD-APR-TABLE-A2-2018-portal-current,2026-08-10T17:11:13Z,2eda34f589a502ed96d65bbdc8ce37cfa225aedf755805a5453eb8c40e926d43,county sum of HCD APR Table A2 reported units,"Entitlements, building permits, and completions are distinct production stages.",comparable_within_series
production_pipeline,completed_units,Completed units / certificates of occupancy,06085,Santa Clara,2019,2019-12-31,annual,3367.0,housing units,CA_HCD_APR_TABLE_A2,HCD-APR-TABLE-A2-2019-portal-current,2026-08-10T17:11:13Z,2909761266532f15be992976ff4f8ac5e86198994135f5fd6e17f4930c1de8f6,county sum of HCD APR Table A2 reported units,"Entitlements, building permits, and completions are distinct production stages.",comparable_within_series
production_pipeline,completed_units,Completed units / certificates of occupancy,06085,Santa Clara,2020,2020-12-31,annual,5658.0,housing units,CA_HCD_APR_TABLE_A2,HCD-APR-TABLE-A2-2020-portal-current,2026-08-10T17:11:13Z,dd5239737a286de14f0cb94cb934e788a2734baa54fafb493cc326ab118f98e2,county sum of HCD APR Table A2 reported units,"Entitlements, building permits, and completions are distinct production stages.",comparable_within_series
production_pipeline,completed_units,Completed units / certificates of occupancy,06085,Santa Clara,2021,2021-12-31,annual,3882.0,housing units,CA_HCD_APR_TABLE_A2,HCD-APR-TABLE-A2-2021-portal-current,2026-08-10T17:11:13Z,5a78db14b37ff087cca9b8e7ae1d939130ba7789dbd8be26558670e88d809950,county sum of HCD APR Table A2 reported units,"Entitlements, building permits, and completions are distinct production stages.",comparable_within_series
production_pipeline,completed_units,Completed units / certificates of occupancy,06085,Santa Clara,2022,2022-12-31,annual,5313.0,housing units,CA_HCD_APR_TABLE_A2,HCD-APR-TABLE-A2-2022-portal-current,2026-08-10T17:11:13Z,60556989c07686cc4af51409c4e0761edc273bafa18a65e6a0c4fdc3ac96c4cc,county sum of HCD APR Table A2 reported units,"Entitlements, building permits, and completions are distinct production stages.",comparable_within_series
production_pipeline,completed_units,Completed units / certificates of occupancy,06085,Santa Clara,2023,2023-12-31,annual,5031.0,housing units,CA_HCD_APR_TABLE_A2,HCD-APR-TABLE-A2-2023-portal-current,2026-08-10T17:11:13Z,d5a42e856f7a486094b1a52da7413fa582d45472ab18a6ae572bba1930a8069c,county sum of HCD APR Table A2 reported units,"Entitlements, building permits, and completions are distinct production stages.",comparable_within_series
production_pipeline,completed_units,Completed units / certificates of occupancy,06085,Santa Clara,2024,2024-12-31,annual,4344.0,housing units,CA_HCD_APR_TABLE_A2,HCD-APR-TABLE-A2-2024-portal-current,2026-08-10T17:11:13Z,efedc570ed4198bb4143b012c1926c817a047bd23278b2b2b19270889b52d13b,county sum of HCD APR Table A2 reported units,"Entitlements, building permits, and completions are distinct production stages.",comparable_within_series
production_pipeline,completed_units,Completed units / certificates of occupancy,06085,Santa Clara,2025,2025-12-31,annual,9198.0,housing units,CA_HCD_APR_TABLE_A2,HCD-APR-TABLE-A2-2025-portal-current,2026-08-10T17:11:13Z,e5e85e9677a374bd30beeeb7848a802f790f9425b78fe84c0ef8096e2394b297,county sum of HCD APR Table A2 reported units,"Entitlements, building permits, and completions are distinct production stages.",comparable_within_series
production_pipeline,completed_units,Completed units / certificates of occupancy,06095,Solano,2018,2018-12-31,annual,496.0,housing units,CA_HCD_APR_TABLE_A2,HCD-APR-TABLE-A2-2018-portal-current,2026-08-10T17:11:13Z,2eda34f589a502ed96d65bbdc8ce37cfa225aedf755805a5453eb8c40e926d43,county sum of HCD APR Table A2 reported units,"Entitlements, building permits, and completions are distinct production stages.",comparable_within_series
production_pipeline,completed_units,Completed units / certificates of occupancy,06095,Solano,2019,2019-12-31,annual,822.0,housing units,CA_HCD_APR_TABLE_A2,HCD-APR-TABLE-A2-2019-portal-current,2026-08-10T17:11:13Z,2909761266532f15be992976ff4f8ac5e86198994135f5fd6e17f4930c1de8f6,county sum of HCD APR Table A2 reported units,"Entitlements, building permits, and completions are distinct production stages.",comparable_within_series
production_pipeline,completed_units,Completed units / certificates of occupancy,06095,Solano,2020,2020-12-31,annual,848.0,housing units,CA_HCD_APR_TABLE_A2,HCD-APR-TABLE-A2-2020-portal-current,2026-08-10T17:11:13Z,dd5239737a286de14f0cb94cb934e788a2734baa54fafb493cc326ab118f98e2,county sum of HCD APR Table A2 reported units,"Entitlements, building permits, and completions are distinct production stages.",comparable_within_series
production_pipeline,completed_units,Completed units / certificates of occupancy,06095,Solano,2021,2021-12-31,annual,702.0,housing units,CA_HCD_APR_TABLE_A2,HCD-APR-TABLE-A2-2021-portal-current,2026-08-10T17:11:13Z,5a78db14b37ff087cca9b8e7ae1d939130ba7789dbd8be26558670e88d809950,county sum of HCD APR Table A2 reported units,"Entitlements, building permits, and completions are distinct production stages.",comparable_within_series
production_pipeline,completed_units,Completed units / certificates of occupancy,06095,Solano,2022,2022-12-31,annual,1058.0,housing units,CA_HCD_APR_TABLE_A2,HCD-APR-TABLE-A2-2022-portal-current,2026-08-10T17:11:13Z,60556989c07686cc4af51409c4e0761edc273bafa18a65e6a0c4fdc3ac96c4cc,county sum of HCD APR Table A2 reported units,"Entitlements, building permits, and completions are distinct production stages.",comparable_within_series
production_pipeline,completed_units,Completed units / certificates of occupancy,06095,Solano,2023,2023-12-31,annual,1057.0,housing units,CA_HCD_APR_TABLE_A2,HCD-APR-TABLE-A2-2023-portal-current,2026-08-10T17:11:13Z,d5a42e856f7a486094b1a52da7413fa582d45472ab18a6ae572bba1930a8069c,county sum of HCD APR Table A2 reported units,"Entitlements, building permits, and completions are distinct production stages.",comparable_within_series
production_pipeline,completed_units,Completed units / certificates of occupancy,06095,Solano,2024,2024-12-31,annual,930.0,housing units,CA_HCD_APR_TABLE_A2,HCD-APR-TABLE-A2-2024-portal-current,2026-08-10T17:11:13Z,efedc570ed4198bb4143b012c1926c817a047bd23278b2b2b19270889b52d13b,county sum of HCD APR Table A2 reported units,"Entitlements, building permits, and completions are distinct production stages.",comparable_within_series
production_pipeline,completed_units,Completed units / certificates of occupancy,06095,Solano,2025,2025-12-31,annual,1347.0,housing units,CA_HCD_APR_TABLE_A2,HCD-APR-TABLE-A2-2025-portal-current,2026-08-10T17:11:13Z,e5e85e9677a374bd30beeeb7848a802f790f9425b78fe84c0ef8096e2394b297,county sum of HCD APR Table A2 reported units,"Entitlements, building permits, and completions are distinct production stages.",comparable_within_series
production_pipeline,completed_units,Completed units / certificates of occupancy,06097,Sonoma,2018,2018-12-31,annual,1137.0,housing units,CA_HCD_APR_TABLE_A2,HCD-APR-TABLE-A2-2018-portal-current,2026-08-10T17:11:13Z,2eda34f589a502ed96d65bbdc8ce37cfa225aedf755805a5453eb8c40e926d43,county sum of HCD APR Table A2 reported units,"Entitlements, building permits, and completions are distinct production stages.",comparable_within_series
production_pipeline,completed_units,Completed units / certificates of occupancy,06097,Sonoma,2019,2019-12-31,annual,1074.0,housing units,CA_HCD_APR_TABLE_A2,HCD-APR-TABLE-A2-2019-portal-current,2026-08-10T17:11:13Z,2909761266532f15be992976ff4f8ac5e86198994135f5fd6e17f4930c1de8f6,county sum of HCD APR Table A2 reported units,"Entitlements, building permits, and completions are distinct production stages.",comparable_within_series
production_pipeline,completed_units,Completed units / certificates of occupancy,06097,Sonoma,2020,2020-12-31,annual,1107.0,housing units,CA_HCD_APR_TABLE_A2,HCD-APR-TABLE-A2-2020-portal-current,2026-08-10T17:11:13Z,dd5239737a286de14f0cb94cb934e788a2734baa54fafb493cc326ab118f98e2,county sum of HCD APR Table A2 reported units,"Entitlements, building permits, and completions are distinct production stages.",comparable_within_series
production_pipeline,completed_units,Completed units / certificates of occupancy,06097,Sonoma,2021,2021-12-31,annual,1324.0,housing units,CA_HCD_APR_TABLE_A2,HCD-APR-TABLE-A2-2021-portal-current,2026-08-10T17:11:13Z,5a78db14b37ff087cca9b8e7ae1d939130ba7789dbd8be26558670e88d809950,county sum of HCD APR Table A2 reported units,"Entitlements, building permits, and completions are distinct production stages.",comparable_within_series
production_pipeline,completed_units,Completed units / certificates of occupancy,06097,Sonoma,2022,2022-12-31,annual,1295.0,housing units,CA_HCD_APR_TABLE_A2,HCD-APR-TABLE-A2-2022-portal-current,2026-08-10T17:11:13Z,60556989c07686cc4af51409c4e0761edc273bafa18a65e6a0c4fdc3ac96c4cc,county sum of HCD APR Table A2 reported units,"Entitlements, building permits, and completions are distinct production stages.",comparable_within_series
production_pipeline,completed_units,Completed units / certificates of occupancy,06097,Sonoma,2023,2023-12-31,annual,1604.0,housing units,CA_HCD_APR_TABLE_A2,HCD-APR-TABLE-A2-2023-portal-current,2026-08-10T17:11:13Z,d5a42e856f7a486094b1a52da7413fa582d45472ab18a6ae572bba1930a8069c,county sum of HCD APR Table A2 reported units,"Entitlements, building permits, and completions are distinct production stages.",comparable_within_series
production_pipeline,completed_units,Completed units / certificates of occupancy,06097,Sonoma,2024,2024-12-31,annual,1587.0,housing units,CA_HCD_APR_TABLE_A2,HCD-APR-TABLE-A2-2024-portal-current,2026-08-10T17:11:13Z,efedc570ed4198bb4143b012c1926c817a047bd23278b2b2b19270889b52d13b,county sum of HCD APR Table A2 reported units,"Entitlements, building permits, and completions are distinct production stages.",comparable_within_series
production_pipeline,completed_units,Completed units / certificates of occupancy,06097,Sonoma,2025,2025-12-31,annual,1690.0,housing units,CA_HCD_APR_TABLE_A2,HCD-APR-TABLE-A2-2025-portal-current,2026-08-10T17:11:13Z,e5e85e9677a374bd30beeeb7848a802f790f9425b78fe84c0ef8096e2394b297,county sum of HCD APR Table A2 reported units,"Entitlements, building permits, and completions are distinct production stages.",comparable_within_series
production_pipeline,entitled_units,Entitled units,06001,Alameda,2018,2018-12-31,annual,11380.0,housing units,CA_HCD_APR_TABLE_A2,HCD-APR-TABLE-A2-2018-portal-current,2026-08-10T17:11:13Z,2eda34f589a502ed96d65bbdc8ce37cfa225aedf755805a5453eb8c40e926d43,county sum of HCD APR Table A2 reported units,"Entitlements, building permits, and completions are distinct production stages.",comparable_within_series
production_pipeline,entitled_units,Entitled units,06001,Alameda,2019,2019-12-31,annual,9449.0,housing units,CA_HCD_APR_TABLE_A2,HCD-APR-TABLE-A2-2019-portal-current,2026-08-10T17:11:13Z,2909761266532f15be992976ff4f8ac5e86198994135f5fd6e17f4930c1de8f6,county sum of HCD APR Table A2 reported units,"Entitlements, building permits, and completions are distinct production stages.",comparable_within_series
production_pipeline,entitled_units,Entitled units,06001,Alameda,2020,2020-12-31,annual,5312.0,housing units,CA_HCD_APR_TABLE_A2,HCD-APR-TABLE-A2-2020-portal-current,2026-08-10T17:11:13Z,dd5239737a286de14f0cb94cb934e788a2734baa54fafb493cc326ab118f98e2,county sum of HCD APR Table A2 reported units,"Entitlements, building permits, and completions are distinct production stages.",comparable_within_series
production_pipeline,entitled_units,Entitled units,06001,Alameda,2021,2021-12-31,annual,8687.0,housing units,CA_HCD_APR_TABLE_A2,HCD-APR-TABLE-A2-2021-portal-current,2026-08-10T17:11:13Z,5a78db14b37ff087cca9b8e7ae1d939130ba7789dbd8be26558670e88d809950,county sum of HCD APR Table A2 reported units,"Entitlements, building permits, and completions are distinct production stages.",comparable_within_series
production_pipeline,entitled_units,Entitled units,06001,Alameda,2022,2022-12-31,annual,7517.0,housing units,CA_HCD_APR_TABLE_A2,HCD-APR-TABLE-A2-2022-portal-current,2026-08-10T17:11:13Z,60556989c07686cc4af51409c4e0761edc273bafa18a65e6a0c4fdc3ac96c4cc,county sum of HCD APR Table A2 reported units,"Entitlements, building permits, and completions are distinct production stages.",comparable_within_series
production_pipeline,entitled_units,Entitled units,06001,Alameda,2023,2023-12-31,annual,9115.0,housing units,CA_HCD_APR_TABLE_A2,HCD-APR-TABLE-A2-2023-portal-current,2026-08-10T17:11:13Z,d5a42e856f7a486094b1a52da7413fa582d45472ab18a6ae572bba1930a8069c,county sum of HCD APR Table A2 reported units,"Entitlements, building permits, and completions are distinct production stages.",comparable_within_series
production_pipeline,entitled_units,Entitled units,06001,Alameda,2024,2024-12-31,annual,11018.0,housing units,CA_HCD_APR_TABLE_A2,HCD-APR-TABLE-A2-2024-portal-current,2026-08-10T17:11:13Z,efedc570ed4198bb4143b012c1926c817a047bd23278b2b2b19270889b52d13b,county sum of HCD APR Table A2 reported units,"Entitlements, building permits, and completions are distinct production stages.",comparable_within_series
production_pipeline,entitled_units,Entitled units,06001,Alameda,2025,2025-12-31,annual,9102.0,housing units,CA_HCD_APR_TABLE_A2,HCD-APR-TABLE-A2-2025-portal-current,2026-08-10T17:11:13Z,e5e85e9677a374bd30beeeb7848a802f790f9425b78fe84c0ef8096e2394b297,county sum of HCD APR Table A2 reported units,"Entitlements, building permits, and completions are distinct production stages.",comparable_within_series
production_pipeline,entitled_units,Entitled units,06013,Contra Costa,2018,2018-12-31,annual,2045.0,housing units,CA_HCD_APR_TABLE_A2,HCD-APR-TABLE-A2-2018-portal-current,2026-08-10T17:11:13Z,2eda34f589a502ed96d65bbdc8ce37cfa225aedf755805a5453eb8c40e926d43,county sum of HCD APR Table A2 reported units,"Entitlements, building permits, and completions are distinct production stages.",comparable_within_series
production_pipeline,entitled_units,Entitled units,06013,Contra Costa,2019,2019-12-31,annual,4003.0,housing units,CA_HCD_APR_TABLE_A2,HCD-APR-TABLE-A2-2019-portal-current,2026-08-10T17:11:13Z,2909761266532f15be992976ff4f8ac5e86198994135f5fd6e17f4930c1de8f6,county sum of HCD APR Table A2 reported units,"Entitlements, building permits, and completions are distinct production stages.",comparable_within_series
production_pipeline,entitled_units,Entitled units,06013,Contra Costa,2020,2020-12-31,annual,9029.0,housing units,CA_HCD_APR_TABLE_A2,HCD-APR-TABLE-A2-2020-portal-current,2026-08-10T17:11:13Z,dd5239737a286de14f0cb94cb934e788a2734baa54fafb493cc326ab118f98e2,county sum of HCD APR Table A2 reported units,"Entitlements, building permits, and completions are distinct production stages.",comparable_within_series
production_pipeline,entitled_units,Entitled units,06013,Contra Costa,2021,2021-12-31,annual,3540.0,housing units,CA_HCD_APR_TABLE_A2,HCD-APR-TABLE-A2-2021-portal-current,2026-08-10T17:11:13Z,5a78db14b37ff087cca9b8e7ae1d939130ba7789dbd8be26558670e88d809950,county sum of HCD APR Table A2 reported units,"Entitlements, building permits, and completions are distinct production stages.",comparable_within_series
production_pipeline,entitled_units,Entitled units,06013,Contra Costa,2022,2022-12-31,annual,3877.0,housing units,CA_HCD_APR_TABLE_A2,HCD-APR-TABLE-A2-2022-portal-current,2026-08-10T17:11:13Z,60556989c07686cc4af51409c4e0761edc273bafa18a65e6a0c4fdc3ac96c4cc,county sum of HCD APR Table A2 reported units,"Entitlements, building permits, and completions are distinct production stages.",comparable_within_series
production_pipeline,entitled_units,Entitled units,06013,Contra Costa,2023,2023-12-31,annual,4224.0,housing units,CA_HCD_APR_TABLE_A2,HCD-APR-TABLE-A2-2023-portal-current,2026-08-10T17:11:13Z,d5a42e856f7a486094b1a52da7413fa582d45472ab18a6ae572bba1930a8069c,county sum of HCD APR Table A2 reported units,"Entitlements, building permits, and completions are distinct production stages.",comparable_within_series
production_pipeline,entitled_units,Entitled units,06013,Contra Costa,2024,2024-12-31,annual,4741.0,housing units,CA_HCD_APR_TABLE_A2,HCD-APR-TABLE-A2-2024-portal-current,2026-08-10T17:11:13Z,efedc570ed4198bb4143b012c1926c817a047bd23278b2b2b19270889b52d13b,county sum of HCD APR Table A2 reported units,"Entitlements, building permits, and completions are distinct production stages.",comparable_within_series
production_pipeline,entitled_units,Entitled units,06013,Contra Costa,2025,2025-12-31,annual,4560.0,housing units,CA_HCD_APR_TABLE_A2,HCD-APR-TABLE-A2-2025-portal-current,2026-08-10T17:11:13Z,e5e85e9677a374bd30beeeb7848a802f790f9425b78fe84c0ef8096e2394b297,county sum of HCD APR Table A2 reported units,"Entitlements, building permits, and completions are distinct production stages.",comparable_within_series
production_pipeline,entitled_units,Entitled units,06041,Marin,2018,2018-12-31,annual,192.0,housing units,CA_HCD_APR_TABLE_A2,HCD-APR-TABLE-A2-2018-portal-current,2026-08-10T17:11:13Z,2eda34f589a502ed96d65bbdc8ce37cfa225aedf755805a5453eb8c40e926d43,county sum of HCD APR Table A2 reported units,"Entitlements, building permits, and completions are distinct production stages.",comparable_within_series
production_pipeline,entitled_units,Entitled units,06041,Marin,2019,2019-12-31,annual,426.0,housing units,CA_HCD_APR_TABLE_A2,HCD-APR-TABLE-A2-2019-portal-current,2026-08-10T17:11:13Z,2909761266532f15be992976ff4f8ac5e86198994135f5fd6e17f4930c1de8f6,county sum of HCD APR Table A2 reported units,"Entitlements, building permits, and completions are distinct production stages.",comparable_within_series
production_pipeline,entitled_units,Entitled units,06041,Marin,2020,2020-12-31,annual,485.0,housing units,CA_HCD_APR_TABLE_A2,HCD-APR-TABLE-A2-2020-portal-current,2026-08-10T17:11:13Z,dd5239737a286de14f0cb94cb934e788a2734baa54fafb493cc326ab118f98e2,county sum of HCD APR Table A2 reported units,"Entitlements, building permits, and completions are distinct production stages.",comparable_within_series
production_pipeline,entitled_units,Entitled units,06041,Marin,2021,2021-12-31,annual,295.0,housing units,CA_HCD_APR_TABLE_A2,HCD-APR-TABLE-A2-2021-portal-current,2026-08-10T17:11:13Z,5a78db14b37ff087cca9b8e7ae1d939130ba7789dbd8be26558670e88d809950,county sum of HCD APR Table A2 reported units,"Entitlements, building permits, and completions are distinct production stages.",comparable_within_series
production_pipeline,entitled_units,Entitled units,06041,Marin,2022,2022-12-31,annual,609.0,housing units,CA_HCD_APR_TABLE_A2,HCD-APR-TABLE-A2-2022-portal-current,2026-08-10T17:11:13Z,60556989c07686cc4af51409c4e0761edc273bafa18a65e6a0c4fdc3ac96c4cc,county sum of HCD APR Table A2 reported units,"Entitlements, building permits, and completions are distinct production stages.",comparable_within_series
production_pipeline,entitled_units,Entitled units,06041,Marin,2023,2023-12-31,annual,496.0,housing units,CA_HCD_APR_TABLE_A2,HCD-APR-TABLE-A2-2023-portal-current,2026-08-10T17:11:13Z,d5a42e856f7a486094b1a52da7413fa582d45472ab18a6ae572bba1930a8069c,county sum of HCD APR Table A2 reported units,"Entitlements, building permits, and completions are distinct production stages.",comparable_within_series
production_pipeline,entitled_units,Entitled units,06041,Marin,2024,2024-12-31,annual,2931.0,housing units,CA_HCD_APR_TABLE_A2,HCD-APR-TABLE-A2-2024-portal-current,2026-08-10T17:11:13Z,efedc570ed4198bb4143b012c1926c817a047bd23278b2b2b19270889b52d13b,county sum of HCD APR Table A2 reported units,"Entitlements, building permits, and completions are distinct production stages.",comparable_within_series
production_pipeline,entitled_units,Entitled units,06041,Marin,2025,2025-12-31,annual,1947.0,housing units,CA_HCD_APR_TABLE_A2,HCD-APR-TABLE-A2-2025-portal-current,2026-08-10T17:11:13Z,e5e85e9677a374bd30beeeb7848a802f790f9425b78fe84c0ef8096e2394b297,county sum of HCD APR Table A2 reported units,"Entitlements, building permits, and completions are distinct production stages.",comparable_within_series
production_pipeline,entitled_units,Entitled units,06055,Napa,2018,2018-12-31,annual,1575.0,housing units,CA_HCD_APR_TABLE_A2,HCD-APR-TABLE-A2-2018-portal-current,2026-08-10T17:11:13Z,2eda34f589a502ed96d65bbdc8ce37cfa225aedf755805a5453eb8c40e926d43,county sum of HCD APR Table A2 reported units,"Entitlements, building permits, and completions are distinct production stages.",comparable_within_series
production_pipeline,entitled_units,Entitled units,06055,Napa,2019,2019-12-31,annual,49.0,housing units,CA_HCD_APR_TABLE_A2,HCD-APR-TABLE-A2-2019-portal-current,2026-08-10T17:11:13Z,2909761266532f15be992976ff4f8ac5e86198994135f5fd6e17f4930c1de8f6,county sum of HCD APR Table A2 reported units,"Entitlements, building permits, and completions are distinct production stages.",comparable_within_series
production_pipeline,entitled_units,Entitled units,06055,Napa,2020,2020-12-31,annual,140.0,housing units,CA_HCD_APR_TABLE_A2,HCD-APR-TABLE-A2-2020-portal-current,2026-08-10T17:11:13Z,dd5239737a286de14f0cb94cb934e788a2734baa54fafb493cc326ab118f98e2,county sum of HCD APR Table A2 reported units,"Entitlements, building permits, and completions are distinct production stages.",comparable_within_series
production_pipeline,entitled_units,Entitled units,06055,Napa,2021,2021-12-31,annual,1044.0,housing units,CA_HCD_APR_TABLE_A2,HCD-APR-TABLE-A2-2021-portal-current,2026-08-10T17:11:13Z,5a78db14b37ff087cca9b8e7ae1d939130ba7789dbd8be26558670e88d809950,county sum of HCD APR Table A2 reported units,"Entitlements, building permits, and completions are distinct production stages.",comparable_within_series
production_pipeline,entitled_units,Entitled units,06055,Napa,2022,2022-12-31,annual,912.0,housing units,CA_HCD_APR_TABLE_A2,HCD-APR-TABLE-A2-2022-portal-current,2026-08-10T17:11:13Z,60556989c07686cc4af51409c4e0761edc273bafa18a65e6a0c4fdc3ac96c4cc,county sum of HCD APR Table A2 reported units,"Entitlements, building permits, and completions are distinct production stages.",comparable_within_series
production_pipeline,entitled_units,Entitled units,06055,Napa,2023,2023-12-31,annual,686.0,housing units,CA_HCD_APR_TABLE_A2,HCD-APR-TABLE-A2-2023-portal-current,2026-08-10T17:11:13Z,d5a42e856f7a486094b1a52da7413fa582d45472ab18a6ae572bba1930a8069c,county sum of HCD APR Table A2 reported units,"Entitlements, building permits, and completions are distinct production stages.",comparable_within_series
production_pipeline,entitled_units,Entitled units,06055,Napa,2024,2024-12-31,annual,1061.0,housing units,CA_HCD_APR_TABLE_A2,HCD-APR-TABLE-A2-2024-portal-current,2026-08-10T17:11:13Z,efedc570ed4198bb4143b012c1926c817a047bd23278b2b2b19270889b52d13b,county sum of HCD APR Table A2 reported units,"Entitlements, building permits, and completions are distinct production stages.",comparable_within_series
production_pipeline,entitled_units,Entitled units,06055,Napa,2025,2025-12-31,annual,760.0,housing units,CA_HCD_APR_TABLE_A2,HCD-APR-TABLE-A2-2025-portal-current,2026-08-10T17:11:13Z,e5e85e9677a374bd30beeeb7848a802f790f9425b78fe84c0ef8096e2394b297,county sum of HCD APR Table A2 reported units,"Entitlements, building permits, and completions are distinct production stages.",comparable_within_series
production_pipeline,entitled_units,Entitled units,06075,San Francisco,2018,2018-12-31,annual,2707.0,housing units,CA_HCD_APR_TABLE_A2,HCD-APR-TABLE-A2-2018-portal-current,2026-08-10T17:11:13Z,2eda34f589a502ed96d65bbdc8ce37cfa225aedf755805a5453eb8c40e926d43,county sum of HCD APR Table A2 reported units,"Entitlements, building permits, and completions are distinct production stages.",comparable_within_series
production_pipeline,entitled_units,Entitled units,06075,San Francisco,2019,2019-12-31,annual,2715.0,housing units,CA_HCD_APR_TABLE_A2,HCD-APR-TABLE-A2-2019-portal-current,2026-08-10T17:11:13Z,2909761266532f15be992976ff4f8ac5e86198994135f5fd6e17f4930c1de8f6,county sum of HCD APR Table A2 reported units,"Entitlements, building permits, and completions are distinct production stages.",comparable_within_series
production_pipeline,entitled_units,Entitled units,06075,San Francisco,2020,2020-12-31,annual,3570.0,housing units,CA_HCD_APR_TABLE_A2,HCD-APR-TABLE-A2-2020-portal-current,2026-08-10T17:11:13Z,dd5239737a286de14f0cb94cb934e788a2734baa54fafb493cc326ab118f98e2,county sum of HCD APR Table A2 reported units,"Entitlements, building permits, and completions are distinct production stages.",comparable_within_series
production_pipeline,entitled_units,Entitled units,06075,San Francisco,2021,2021-12-31,annual,2011.0,housing units,CA_HCD_APR_TABLE_A2,HCD-APR-TABLE-A2-2021-portal-current,2026-08-10T17:11:13Z,5a78db14b37ff087cca9b8e7ae1d939130ba7789dbd8be26558670e88d809950,county sum of HCD APR Table A2 reported units,"Entitlements, building permits, and completions are distinct production stages.",comparable_within_series
production_pipeline,entitled_units,Entitled units,06075,San Francisco,2022,2022-12-31,annual,1378.0,housing units,CA_HCD_APR_TABLE_A2,HCD-APR-TABLE-A2-2022-portal-current,2026-08-10T17:11:13Z,60556989c07686cc4af51409c4e0761edc273bafa18a65e6a0c4fdc3ac96c4cc,county sum of HCD APR Table A2 reported units,"Entitlements, building permits, and completions are distinct production stages.",comparable_within_series
production_pipeline,entitled_units,Entitled units,06075,San Francisco,2023,2023-12-31,annual,2316.0,housing units,CA_HCD_APR_TABLE_A2,HCD-APR-TABLE-A2-2023-portal-current,2026-08-10T17:11:13Z,d5a42e856f7a486094b1a52da7413fa582d45472ab18a6ae572bba1930a8069c,county sum of HCD APR Table A2 reported units,"Entitlements, building permits, and completions are distinct production stages.",comparable_within_series
production_pipeline,entitled_units,Entitled units,06075,San Francisco,2024,2024-12-31,annual,7040.0,housing units,CA_HCD_APR_TABLE_A2,HCD-APR-TABLE-A2-2024-portal-current,2026-08-10T17:11:13Z,efedc570ed4198bb4143b012c1926c817a047bd23278b2b2b19270889b52d13b,county sum of HCD APR Table A2 reported units,"Entitlements, building permits, and completions are distinct production stages.",comparable_within_series
production_pipeline,entitled_units,Entitled units,06075,San Francisco,2025,2025-12-31,annual,2697.0,housing units,CA_HCD_APR_TABLE_A2,HCD-APR-TABLE-A2-2025-portal-current,2026-08-10T17:11:13Z,e5e85e9677a374bd30beeeb7848a802f790f9425b78fe84c0ef8096e2394b297,county sum of HCD APR Table A2 reported units,"Entitlements, building permits, and completions are distinct production stages.",comparable_within_series
production_pipeline,entitled_units,Entitled units,06081,San Mateo,2018,2018-12-31,annual,2786.0,housing units,CA_HCD_APR_TABLE_A2,HCD-APR-TABLE-A2-2018-portal-current,2026-08-10T17:11:13Z,2eda34f589a502ed96d65bbdc8ce37cfa225aedf755805a5453eb8c40e926d43,county sum of HCD APR Table A2 reported units,"Entitlements, building permits, and completions are distinct production stages.",comparable_within_series
production_pipeline,entitled_units,Entitled units,06081,San Mateo,2019,2019-12-31,annual,3686.0,housing units,CA_HCD_APR_TABLE_A2,HCD-APR-TABLE-A2-2019-portal-current,2026-08-10T17:11:13Z,2909761266532f15be992976ff4f8ac5e86198994135f5fd6e17f4930c1de8f6,county sum of HCD APR Table A2 reported units,"Entitlements, building permits, and completions are distinct production stages.",comparable_within_series
production_pipeline,entitled_units,Entitled units,06081,San Mateo,2020,2020-12-31,annual,5920.0,housing units,CA_HCD_APR_TABLE_A2,HCD-APR-TABLE-A2-2020-portal-current,2026-08-10T17:11:13Z,dd5239737a286de14f0cb94cb934e788a2734baa54fafb493cc326ab118f98e2,county sum of HCD APR Table A2 reported units,"Entitlements, building permits, and completions are distinct production stages.",comparable_within_series
production_pipeline,entitled_units,Entitled units,06081,San Mateo,2021,2021-12-31,annual,2097.0,housing units,CA_HCD_APR_TABLE_A2,HCD-APR-TABLE-A2-2021-portal-current,2026-08-10T17:11:13Z,5a78db14b37ff087cca9b8e7ae1d939130ba7789dbd8be26558670e88d809950,county sum of HCD APR Table A2 reported units,"Entitlements, building permits, and completions are distinct production stages.",comparable_within_series
production_pipeline,entitled_units,Entitled units,06081,San Mateo,2022,2022-12-31,annual,6078.0,housing units,CA_HCD_APR_TABLE_A2,HCD-APR-TABLE-A2-2022-portal-current,2026-08-10T17:11:13Z,60556989c07686cc4af51409c4e0761edc273bafa18a65e6a0c4fdc3ac96c4cc,county sum of HCD APR Table A2 reported units,"Entitlements, building permits, and completions are distinct production stages.",comparable_within_series
production_pipeline,entitled_units,Entitled units,06081,San Mateo,2023,2023-12-31,annual,4430.0,housing units,CA_HCD_APR_TABLE_A2,HCD-APR-TABLE-A2-2023-portal-current,2026-08-10T17:11:13Z,d5a42e856f7a486094b1a52da7413fa582d45472ab18a6ae572bba1930a8069c,county sum of HCD APR Table A2 reported units,"Entitlements, building permits, and completions are distinct production stages.",comparable_within_series
production_pipeline,entitled_units,Entitled units,06081,San Mateo,2024,2024-12-31,annual,1852.0,housing units,CA_HCD_APR_TABLE_A2,HCD-APR-TABLE-A2-2024-portal-current,2026-08-10T17:11:13Z,efedc570ed4198bb4143b012c1926c817a047bd23278b2b2b19270889b52d13b,county sum of HCD APR Table A2 reported units,"Entitlements, building permits, and completions are distinct production stages.",comparable_within_series
production_pipeline,entitled_units,Entitled units,06081,San Mateo,2025,2025-12-31,annual,3052.0,housing units,CA_HCD_APR_TABLE_A2,HCD-APR-TABLE-A2-2025-portal-current,2026-08-10T17:11:13Z,e5e85e9677a374bd30beeeb7848a802f790f9425b78fe84c0ef8096e2394b297,county sum of HCD APR Table A2 reported units,"Entitlements, building permits, and completions are distinct production stages.",comparable_within_series
production_pipeline,entitled_units,Entitled units,06085,Santa Clara,2018,2018-12-31,annual,5633.0,housing units,CA_HCD_APR_TABLE_A2,HCD-APR-TABLE-A2-2018-portal-current,2026-08-10T17:11:13Z,2eda34f589a502ed96d65bbdc8ce37cfa225aedf755805a5453eb8c40e926d43,county sum of HCD APR Table A2 reported units,"Entitlements, building permits, and completions are distinct production stages.",comparable_within_series
production_pipeline,entitled_units,Entitled units,06085,Santa Clara,2019,2019-12-31,annual,12523.0,housing units,CA_HCD_APR_TABLE_A2,HCD-APR-TABLE-A2-2019-portal-current,2026-08-10T17:11:13Z,2909761266532f15be992976ff4f8ac5e86198994135f5fd6e17f4930c1de8f6,county sum of HCD APR Table A2 reported units,"Entitlements, building permits, and completions are distinct production stages.",comparable_within_series
production_pipeline,entitled_units,Entitled units,06085,Santa Clara,2020,2020-12-31,annual,8980.0,housing units,CA_HCD_APR_TABLE_A2,HCD-APR-TABLE-A2-2020-portal-current,2026-08-10T17:11:13Z,dd5239737a286de14f0cb94cb934e788a2734baa54fafb493cc326ab118f98e2,county sum of HCD APR Table A2 reported units,"Entitlements, building permits, and completions are distinct production stages.",comparable_within_series
production_pipeline,entitled_units,Entitled units,06085,Santa Clara,2021,2021-12-31,annual,8137.0,housing units,CA_HCD_APR_TABLE_A2,HCD-APR-TABLE-A2-2021-portal-current,2026-08-10T17:11:13Z,5a78db14b37ff087cca9b8e7ae1d939130ba7789dbd8be26558670e88d809950,county sum of HCD APR Table A2 reported units,"Entitlements, building permits, and completions are distinct production stages.",comparable_within_series
production_pipeline,entitled_units,Entitled units,06085,Santa Clara,2022,2022-12-31,annual,13418.0,housing units,CA_HCD_APR_TABLE_A2,HCD-APR-TABLE-A2-2022-portal-current,2026-08-10T17:11:13Z,60556989c07686cc4af51409c4e0761edc273bafa18a65e6a0c4fdc3ac96c4cc,county sum of HCD APR Table A2 reported units,"Entitlements, building permits, and completions are distinct production stages.",comparable_within_series
production_pipeline,entitled_units,Entitled units,06085,Santa Clara,2023,2023-12-31,annual,12666.0,housing units,CA_HCD_APR_TABLE_A2,HCD-APR-TABLE-A2-2023-portal-current,2026-08-10T17:11:13Z,d5a42e856f7a486094b1a52da7413fa582d45472ab18a6ae572bba1930a8069c,county sum of HCD APR Table A2 reported units,"Entitlements, building permits, and completions are distinct production stages.",comparable_within_series
production_pipeline,entitled_units,Entitled units,06085,Santa Clara,2024,2024-12-31,annual,7598.0,housing units,CA_HCD_APR_TABLE_A2,HCD-APR-TABLE-A2-2024-portal-current,2026-08-10T17:11:13Z,efedc570ed4198bb4143b012c1926c817a047bd23278b2b2b19270889b52d13b,county sum of HCD APR Table A2 reported units,"Entitlements, building permits, and completions are distinct production stages.",comparable_within_series
production_pipeline,entitled_units,Entitled units,06085,Santa Clara,2025,2025-12-31,annual,11840.0,housing units,CA_HCD_APR_TABLE_A2,HCD-APR-TABLE-A2-2025-portal-current,2026-08-10T17:11:13Z,e5e85e9677a374bd30beeeb7848a802f790f9425b78fe84c0ef8096e2394b297,county sum of HCD APR Table A2 reported units,"Entitlements, building permits, and completions are distinct production stages.",comparable_within_series
production_pipeline,entitled_units,Entitled units,06095,Solano,2018,2018-12-31,annual,110.0,housing units,CA_HCD_APR_TABLE_A2,HCD-APR-TABLE-A2-2018-portal-current,2026-08-10T17:11:13Z,2eda34f589a502ed96d65bbdc8ce37cfa225aedf755805a5453eb8c40e926d43,county sum of HCD APR Table A2 reported units,"Entitlements, building permits, and completions are distinct production stages.",comparable_within_series
production_pipeline,entitled_units,Entitled units,06095,Solano,2019,2019-12-31,annual,513.0,housing units,CA_HCD_APR_TABLE_A2,HCD-APR-TABLE-A2-2019-portal-current,2026-08-10T17:11:13Z,2909761266532f15be992976ff4f8ac5e86198994135f5fd6e17f4930c1de8f6,county sum of HCD APR Table A2 reported units,"Entitlements, building permits, and completions are distinct production stages.",comparable_within_series
production_pipeline,entitled_units,Entitled units,06095,Solano,2020,2020-12-31,annual,1736.0,housing units,CA_HCD_APR_TABLE_A2,HCD-APR-TABLE-A2-2020-portal-current,2026-08-10T17:11:13Z,dd5239737a286de14f0cb94cb934e788a2734baa54fafb493cc326ab118f98e2,county sum of HCD APR Table A2 reported units,"Entitlements, building permits, and completions are distinct production stages.",comparable_within_series
production_pipeline,entitled_units,Entitled units,06095,Solano,2021,2021-12-31,annual,3492.0,housing units,CA_HCD_APR_TABLE_A2,HCD-APR-TABLE-A2-2021-portal-current,2026-08-10T17:11:13Z,5a78db14b37ff087cca9b8e7ae1d939130ba7789dbd8be26558670e88d809950,county sum of HCD APR Table A2 reported units,"Entitlements, building permits, and completions are distinct production stages.",comparable_within_series
production_pipeline,entitled_units,Entitled units,06095,Solano,2022,2022-12-31,annual,2404.0,housing units,CA_HCD_APR_TABLE_A2,HCD-APR-TABLE-A2-2022-portal-current,2026-08-10T17:11:13Z,60556989c07686cc4af51409c4e0761edc273bafa18a65e6a0c4fdc3ac96c4cc,county sum of HCD APR Table A2 reported units,"Entitlements, building permits, and completions are distinct production stages.",comparable_within_series
production_pipeline,entitled_units,Entitled units,06095,Solano,2023,2023-12-31,annual,2316.0,housing units,CA_HCD_APR_TABLE_A2,HCD-APR-TABLE-A2-2023-portal-current,2026-08-10T17:11:13Z,d5a42e856f7a486094b1a52da7413fa582d45472ab18a6ae572bba1930a8069c,county sum of HCD APR Table A2 reported units,"Entitlements, building permits, and completions are distinct production stages.",comparable_within_series
production_pipeline,entitled_units,Entitled units,06095,Solano,2024,2024-12-31,annual,522.0,housing units,CA_HCD_APR_TABLE_A2,HCD-APR-TABLE-A2-2024-portal-current,2026-08-10T17:11:13Z,efedc570ed4198bb4143b012c1926c817a047bd23278b2b2b19270889b52d13b,county sum of HCD APR Table A2 reported units,"Entitlements, building permits, and completions are distinct production stages.",comparable_within_series
production_pipeline,entitled_units,Entitled units,06095,Solano,2025,2025-12-31,annual,740.0,housing units,CA_HCD_APR_TABLE_A2,HCD-APR-TABLE-A2-2025-portal-current,2026-08-10T17:11:13Z,e5e85e9677a374bd30beeeb7848a802f790f9425b78fe84c0ef8096e2394b297,county sum of HCD APR Table A2 reported units,"Entitlements, building permits, and completions are distinct production stages.",comparable_within_series
production_pipeline,entitled_units,Entitled units,06097,Sonoma,2018,2018-12-31,annual,1379.0,housing units,CA_HCD_APR_TABLE_A2,HCD-APR-TABLE-A2-2018-portal-current,2026-08-10T17:11:13Z,2eda34f589a502ed96d65bbdc8ce37cfa225aedf755805a5453eb8c40e926d43,county sum of HCD APR Table A2 reported units,"Entitlements, building permits, and completions are distinct production stages.",comparable_within_series
production_pipeline,entitled_units,Entitled units,06097,Sonoma,2019,2019-12-31,annual,2174.0,housing units,CA_HCD_APR_TABLE_A2,HCD-APR-TABLE-A2-2019-portal-current,2026-08-10T17:11:13Z,2909761266532f15be992976ff4f8ac5e86198994135f5fd6e17f4930c1de8f6,county sum of HCD APR Table A2 reported units,"Entitlements, building permits, and completions are distinct production stages.",comparable_within_series
production_pipeline,entitled_units,Entitled units,06097,Sonoma,2020,2020-12-31,annual,2562.0,housing units,CA_HCD_APR_TABLE_A2,HCD-APR-TABLE-A2-2020-portal-current,2026-08-10T17:11:13Z,dd5239737a286de14f0cb94cb934e788a2734baa54fafb493cc326ab118f98e2,county sum of HCD APR Table A2 reported units,"Entitlements, building permits, and completions are distinct production stages.",comparable_within_series
production_pipeline,entitled_units,Entitled units,06097,Sonoma,2021,2021-12-31,annual,2020.0,housing units,CA_HCD_APR_TABLE_A2,HCD-APR-TABLE-A2-2021-portal-current,2026-08-10T17:11:13Z,5a78db14b37ff087cca9b8e7ae1d939130ba7789dbd8be26558670e88d809950,county sum of HCD APR Table A2 reported units,"Entitlements, building permits, and completions are distinct production stages.",comparable_within_series
production_pipeline,entitled_units,Entitled units,06097,Sonoma,2022,2022-12-31,annual,3341.0,housing units,CA_HCD_APR_TABLE_A2,HCD-APR-TABLE-A2-2022-portal-current,2026-08-10T17:11:13Z,60556989c07686cc4af51409c4e0761edc273bafa18a65e6a0c4fdc3ac96c4cc,county sum of HCD APR Table A2 reported units,"Entitlements, building permits, and completions are distinct production stages.",comparable_within_series
production_pipeline,entitled_units,Entitled units,06097,Sonoma,2023,2023-12-31,annual,2001.0,housing units,CA_HCD_APR_TABLE_A2,HCD-APR-TABLE-A2-2023-portal-current,2026-08-10T17:11:13Z,d5a42e856f7a486094b1a52da7413fa582d45472ab18a6ae572bba1930a8069c,county sum of HCD APR Table A2 reported units,"Entitlements, building permits, and completions are distinct production stages.",comparable_within_series
production_pipeline,entitled_units,Entitled units,06097,Sonoma,2024,2024-12-31,annual,1898.0,housing units,CA_HCD_APR_TABLE_A2,HCD-APR-TABLE-A2-2024-portal-current,2026-08-10T17:11:13Z,efedc570ed4198bb4143b012c1926c817a047bd23278b2b2b19270889b52d13b,county sum of HCD APR Table A2 reported units,"Entitlements, building permits, and completions are distinct production stages.",comparable_within_series
production_pipeline,entitled_units,Entitled units,06097,Sonoma,2025,2025-12-31,annual,2655.0,housing units,CA_HCD_APR_TABLE_A2,HCD-APR-TABLE-A2-2025-portal-current,2026-08-10T17:11:13Z,e5e85e9677a374bd30beeeb7848a802f790f9425b78fe84c0ef8096e2394b297,county sum of HCD APR Table A2 reported units,"Entitlements, building permits, and completions are distinct production stages.",comparable_within_series
rhna_delivery,rhna_allocation_units,Sixth-cycle RHNA allocation,06001,Alameda,2023-2025,2025-12-31,planning-cycle progress snapshot,88997.0,housing units,CA_HCD_RHNA;CA_HCD_APR_TABLE_A2,HCD-RHNA-package-metadata;HCD-RHNA-sixth-cycle;HCD-APR-TABLE-A2-2023-portal-current;HCD-APR-TABLE-A2-2024-portal-current;HCD-APR-TABLE-A2-2025-portal-current,2026-08-10T17:11:13Z,0e9ecad539daa8ffa467b43016b48304b55517a8dd2800bd1bf5c590a387217a;cb793563be4b5d4b33af4b54191222fe9fbc38ff846a49923d9f423bd1851fc9;d5a42e856f7a486094b1a52da7413fa582d45472ab18a6ae572bba1930a8069c;efedc570ed4198bb4143b012c1926c817a047bd23278b2b2b19270889b52d13b;e5e85e9677a374bd30beeeb7848a802f790f9425b78fe84c0ef8096e2394b297,published allocation or sum of annual HCD APR Table A2 units,"California tracks RHNA progress using issued building permits. Completion comparisons are supplemental descriptive evidence, not official RHNA credit.",planning_target_and_administrative_flows
rhna_delivery,rhna_allocation_units,Sixth-cycle RHNA allocation,06013,Contra Costa,2023-2025,2025-12-31,planning-cycle progress snapshot,49043.0,housing units,CA_HCD_RHNA;CA_HCD_APR_TABLE_A2,HCD-RHNA-package-metadata;HCD-RHNA-sixth-cycle;HCD-APR-TABLE-A2-2023-portal-current;HCD-APR-TABLE-A2-2024-portal-current;HCD-APR-TABLE-A2-2025-portal-current,2026-08-10T17:11:13Z,0e9ecad539daa8ffa467b43016b48304b55517a8dd2800bd1bf5c590a387217a;cb793563be4b5d4b33af4b54191222fe9fbc38ff846a49923d9f423bd1851fc9;d5a42e856f7a486094b1a52da7413fa582d45472ab18a6ae572bba1930a8069c;efedc570ed4198bb4143b012c1926c817a047bd23278b2b2b19270889b52d13b;e5e85e9677a374bd30beeeb7848a802f790f9425b78fe84c0ef8096e2394b297,published allocation or sum of annual HCD APR Table A2 units,"California tracks RHNA progress using issued building permits. Completion comparisons are supplemental descriptive evidence, not official RHNA credit.",planning_target_and_administrative_flows
rhna_delivery,rhna_allocation_units,Sixth-cycle RHNA allocation,06041,Marin,2023-2025,2025-12-31,planning-cycle progress snapshot,14405.0,housing units,CA_HCD_RHNA;CA_HCD_APR_TABLE_A2,HCD-RHNA-package-metadata;HCD-RHNA-sixth-cycle;HCD-APR-TABLE-A2-2023-portal-current;HCD-APR-TABLE-A2-2024-portal-current;HCD-APR-TABLE-A2-2025-portal-current,2026-08-10T17:11:13Z,0e9ecad539daa8ffa467b43016b48304b55517a8dd2800bd1bf5c590a387217a;cb793563be4b5d4b33af4b54191222fe9fbc38ff846a49923d9f423bd1851fc9;d5a42e856f7a486094b1a52da7413fa582d45472ab18a6ae572bba1930a8069c;efedc570ed4198bb4143b012c1926c817a047bd23278b2b2b19270889b52d13b;e5e85e9677a374bd30beeeb7848a802f790f9425b78fe84c0ef8096e2394b297,published allocation or sum of annual HCD APR Table A2 units,"California tracks RHNA progress using issued building permits. Completion comparisons are supplemental descriptive evidence, not official RHNA credit.",planning_target_and_administrative_flows
rhna_delivery,rhna_allocation_units,Sixth-cycle RHNA allocation,06055,Napa,2023-2025,2025-12-31,planning-cycle progress snapshot,3844.0,housing units,CA_HCD_RHNA;CA_HCD_APR_TABLE_A2,HCD-RHNA-package-metadata;HCD-RHNA-sixth-cycle;HCD-APR-TABLE-A2-2023-portal-current;HCD-APR-TABLE-A2-2024-portal-current;HCD-APR-TABLE-A2-2025-portal-current,2026-08-10T17:11:13Z,0e9ecad539daa8ffa467b43016b48304b55517a8dd2800bd1bf5c590a387217a;cb793563be4b5d4b33af4b54191222fe9fbc38ff846a49923d9f423bd1851fc9;d5a42e856f7a486094b1a52da7413fa582d45472ab18a6ae572bba1930a8069c;efedc570ed4198bb4143b012c1926c817a047bd23278b2b2b19270889b52d13b;e5e85e9677a374bd30beeeb7848a802f790f9425b78fe84c0ef8096e2394b297,published allocation or sum of annual HCD APR Table A2 units,"California tracks RHNA progress using issued building permits. Completion comparisons are supplemental descriptive evidence, not official RHNA credit.",planning_target_and_administrative_flows
rhna_delivery,rhna_allocation_units,Sixth-cycle RHNA allocation,06075,San Francisco,2023-2025,2025-12-31,planning-cycle progress snapshot,82069.0,housing units,CA_HCD_RHNA;CA_HCD_APR_TABLE_A2,HCD-RHNA-package-metadata;HCD-RHNA-sixth-cycle;HCD-APR-TABLE-A2-2023-portal-current;HCD-APR-TABLE-A2-2024-portal-current;HCD-APR-TABLE-A2-2025-portal-current,2026-08-10T17:11:13Z,0e9ecad539daa8ffa467b43016b48304b55517a8dd2800bd1bf5c590a387217a;cb793563be4b5d4b33af4b54191222fe9fbc38ff846a49923d9f423bd1851fc9;d5a42e856f7a486094b1a52da7413fa582d45472ab18a6ae572bba1930a8069c;efedc570ed4198bb4143b012c1926c817a047bd23278b2b2b19270889b52d13b;e5e85e9677a374bd30beeeb7848a802f790f9425b78fe84c0ef8096e2394b297,published allocation or sum of annual HCD APR Table A2 units,"California tracks RHNA progress using issued building permits. Completion comparisons are supplemental descriptive evidence, not official RHNA credit.",planning_target_and_administrative_flows
rhna_delivery,rhna_allocation_units,Sixth-cycle RHNA allocation,06081,San Mateo,2023-2025,2025-12-31,planning-cycle progress snapshot,47687.0,housing units,CA_HCD_RHNA;CA_HCD_APR_TABLE_A2,HCD-RHNA-package-metadata;HCD-RHNA-sixth-cycle;HCD-APR-TABLE-A2-2023-portal-current;HCD-APR-TABLE-A2-2024-portal-current;HCD-APR-TABLE-A2-2025-portal-current,2026-08-10T17:11:13Z,0e9ecad539daa8ffa467b43016b48304b55517a8dd2800bd1bf5c590a387217a;cb793563be4b5d4b33af4b54191222fe9fbc38ff846a49923d9f423bd1851fc9;d5a42e856f7a486094b1a52da7413fa582d45472ab18a6ae572bba1930a8069c;efedc570ed4198bb4143b012c1926c817a047bd23278b2b2b19270889b52d13b;e5e85e9677a374bd30beeeb7848a802f790f9425b78fe84c0ef8096e2394b297,published allocation or sum of annual HCD APR Table A2 units,"California tracks RHNA progress using issued building permits. Completion comparisons are supplemental descriptive evidence, not official RHNA credit.",planning_target_and_administrative_flows
rhna_delivery,rhna_allocation_units,Sixth-cycle RHNA allocation,06085,Santa Clara,2023-2025,2025-12-31,planning-cycle progress snapshot,129577.0,housing units,CA_HCD_RHNA;CA_HCD_APR_TABLE_A2,HCD-RHNA-package-metadata;HCD-RHNA-sixth-cycle;HCD-APR-TABLE-A2-2023-portal-current;HCD-APR-TABLE-A2-2024-portal-current;HCD-APR-TABLE-A2-2025-portal-current,2026-08-10T17:11:13Z,0e9ecad539daa8ffa467b43016b48304b55517a8dd2800bd1bf5c590a387217a;cb793563be4b5d4b33af4b54191222fe9fbc38ff846a49923d9f423bd1851fc9;d5a42e856f7a486094b1a52da7413fa582d45472ab18a6ae572bba1930a8069c;efedc570ed4198bb4143b012c1926c817a047bd23278b2b2b19270889b52d13b;e5e85e9677a374bd30beeeb7848a802f790f9425b78fe84c0ef8096e2394b297,published allocation or sum of annual HCD APR Table A2 units,"California tracks RHNA progress using issued building permits. Completion comparisons are supplemental descriptive evidence, not official RHNA credit.",planning_target_and_administrative_flows
rhna_delivery,rhna_allocation_units,Sixth-cycle RHNA allocation,06095,Solano,2023-2025,2025-12-31,planning-cycle progress snapshot,10992.0,housing units,CA_HCD_RHNA;CA_HCD_APR_TABLE_A2,HCD-RHNA-package-metadata;HCD-RHNA-sixth-cycle;HCD-APR-TABLE-A2-2023-portal-current;HCD-APR-TABLE-A2-2024-portal-current;HCD-APR-TABLE-A2-2025-portal-current,2026-08-10T17:11:13Z,0e9ecad539daa8ffa467b43016b48304b55517a8dd2800bd1bf5c590a387217a;cb793563be4b5d4b33af4b54191222fe9fbc38ff846a49923d9f423bd1851fc9;d5a42e856f7a486094b1a52da7413fa582d45472ab18a6ae572bba1930a8069c;efedc570ed4198bb4143b012c1926c817a047bd23278b2b2b19270889b52d13b;e5e85e9677a374bd30beeeb7848a802f790f9425b78fe84c0ef8096e2394b297,published allocation or sum of annual HCD APR Table A2 units,"California tracks RHNA progress using issued building permits. Completion comparisons are supplemental descriptive evidence, not official RHNA credit.",planning_target_and_administrative_flows
rhna_delivery,rhna_allocation_units,Sixth-cycle RHNA allocation,06097,Sonoma,2023-2025,2025-12-31,planning-cycle progress snapshot,14562.0,housing units,CA_HCD_RHNA;CA_HCD_APR_TABLE_A2,HCD-RHNA-package-metadata;HCD-RHNA-sixth-cycle;HCD-APR-TABLE-A2-2023-portal-current;HCD-APR-TABLE-A2-2024-portal-current;HCD-APR-TABLE-A2-2025-portal-current,2026-08-10T17:11:13Z,0e9ecad539daa8ffa467b43016b48304b55517a8dd2800bd1bf5c590a387217a;cb793563be4b5d4b33af4b54191222fe9fbc38ff846a49923d9f423bd1851fc9;d5a42e856f7a486094b1a52da7413fa582d45472ab18a6ae572bba1930a8069c;efedc570ed4198bb4143b012c1926c817a047bd23278b2b2b19270889b52d13b;e5e85e9677a374bd30beeeb7848a802f790f9425b78fe84c0ef8096e2394b297,published allocation or sum of annual HCD APR Table A2 units,"California tracks RHNA progress using issued building permits. Completion comparisons are supplemental descriptive evidence, not official RHNA credit.",planning_target_and_administrative_flows
rhna_delivery,rhna_completed_units,"Cumulative completed units, 2023–2025",06001,Alameda,2023-2025,2025-12-31,planning-cycle progress snapshot,15770.0,housing units,CA_HCD_RHNA;CA_HCD_APR_TABLE_A2,HCD-RHNA-package-metadata;HCD-RHNA-sixth-cycle;HCD-APR-TABLE-A2-2023-portal-current;HCD-APR-TABLE-A2-2024-portal-current;HCD-APR-TABLE-A2-2025-portal-current,2026-08-10T17:11:13Z,0e9ecad539daa8ffa467b43016b48304b55517a8dd2800bd1bf5c590a387217a;cb793563be4b5d4b33af4b54191222fe9fbc38ff846a49923d9f423bd1851fc9;d5a42e856f7a486094b1a52da7413fa582d45472ab18a6ae572bba1930a8069c;efedc570ed4198bb4143b012c1926c817a047bd23278b2b2b19270889b52d13b;e5e85e9677a374bd30beeeb7848a802f790f9425b78fe84c0ef8096e2394b297,published allocation or sum of annual HCD APR Table A2 units,"California tracks RHNA progress using issued building permits. Completion comparisons are supplemental descriptive evidence, not official RHNA credit.",planning_target_and_administrative_flows
rhna_delivery,rhna_completed_units,"Cumulative completed units, 2023–2025",06013,Contra Costa,2023-2025,2025-12-31,planning-cycle progress snapshot,7128.0,housing units,CA_HCD_RHNA;CA_HCD_APR_TABLE_A2,HCD-RHNA-package-metadata;HCD-RHNA-sixth-cycle;HCD-APR-TABLE-A2-2023-portal-current;HCD-APR-TABLE-A2-2024-portal-current;HCD-APR-TABLE-A2-2025-portal-current,2026-08-10T17:11:13Z,0e9ecad539daa8ffa467b43016b48304b55517a8dd2800bd1bf5c590a387217a;cb793563be4b5d4b33af4b54191222fe9fbc38ff846a49923d9f423bd1851fc9;d5a42e856f7a486094b1a52da7413fa582d45472ab18a6ae572bba1930a8069c;efedc570ed4198bb4143b012c1926c817a047bd23278b2b2b19270889b52d13b;e5e85e9677a374bd30beeeb7848a802f790f9425b78fe84c0ef8096e2394b297,published allocation or sum of annual HCD APR Table A2 units,"California tracks RHNA progress using issued building permits. Completion comparisons are supplemental descriptive evidence, not official RHNA credit.",planning_target_and_administrative_flows
rhna_delivery,rhna_completed_units,"Cumulative completed units, 2023–2025",06041,Marin,2023-2025,2025-12-31,planning-cycle progress snapshot,1288.0,housing units,CA_HCD_RHNA;CA_HCD_APR_TABLE_A2,HCD-RHNA-package-metadata;HCD-RHNA-sixth-cycle;HCD-APR-TABLE-A2-2023-portal-current;HCD-APR-TABLE-A2-2024-portal-current;HCD-APR-TABLE-A2-2025-portal-current,2026-08-10T17:11:13Z,0e9ecad539daa8ffa467b43016b48304b55517a8dd2800bd1bf5c590a387217a;cb793563be4b5d4b33af4b54191222fe9fbc38ff846a49923d9f423bd1851fc9;d5a42e856f7a486094b1a52da7413fa582d45472ab18a6ae572bba1930a8069c;efedc570ed4198bb4143b012c1926c817a047bd23278b2b2b19270889b52d13b;e5e85e9677a374bd30beeeb7848a802f790f9425b78fe84c0ef8096e2394b297,published allocation or sum of annual HCD APR Table A2 units,"California tracks RHNA progress using issued building permits. Completion comparisons are supplemental descriptive evidence, not official RHNA credit.",planning_target_and_administrative_flows
rhna_delivery,rhna_completed_units,"Cumulative completed units, 2023–2025",06055,Napa,2023-2025,2025-12-31,planning-cycle progress snapshot,1180.0,housing units,CA_HCD_RHNA;CA_HCD_APR_TABLE_A2,HCD-RHNA-package-metadata;HCD-RHNA-sixth-cycle;HCD-APR-TABLE-A2-2023-portal-current;HCD-APR-TABLE-A2-2024-portal-current;HCD-APR-TABLE-A2-2025-portal-current,2026-08-10T17:11:13Z,0e9ecad539daa8ffa467b43016b48304b55517a8dd2800bd1bf5c590a387217a;cb793563be4b5d4b33af4b54191222fe9fbc38ff846a49923d9f423bd1851fc9;d5a42e856f7a486094b1a52da7413fa582d45472ab18a6ae572bba1930a8069c;efedc570ed4198bb4143b012c1926c817a047bd23278b2b2b19270889b52d13b;e5e85e9677a374bd30beeeb7848a802f790f9425b78fe84c0ef8096e2394b297,published allocation or sum of annual HCD APR Table A2 units,"California tracks RHNA progress using issued building permits. Completion comparisons are supplemental descriptive evidence, not official RHNA credit.",planning_target_and_administrative_flows
rhna_delivery,rhna_completed_units,"Cumulative completed units, 2023–2025",06075,San Francisco,2023-2025,2025-12-31,planning-cycle progress snapshot,7197.0,housing units,CA_HCD_RHNA;CA_HCD_APR_TABLE_A2,HCD-RHNA-package-metadata;HCD-RHNA-sixth-cycle;HCD-APR-TABLE-A2-2023-portal-current;HCD-APR-TABLE-A2-2024-portal-current;HCD-APR-TABLE-A2-2025-portal-current,2026-08-10T17:11:13Z,0e9ecad539daa8ffa467b43016b48304b55517a8dd2800bd1bf5c590a387217a;cb793563be4b5d4b33af4b54191222fe9fbc38ff846a49923d9f423bd1851fc9;d5a42e856f7a486094b1a52da7413fa582d45472ab18a6ae572bba1930a8069c;efedc570ed4198bb4143b012c1926c817a047bd23278b2b2b19270889b52d13b;e5e85e9677a374bd30beeeb7848a802f790f9425b78fe84c0ef8096e2394b297,published allocation or sum of annual HCD APR Table A2 units,"California tracks RHNA progress using issued building permits. Completion comparisons are supplemental descriptive evidence, not official RHNA credit.",planning_target_and_administrative_flows
rhna_delivery,rhna_completed_units,"Cumulative completed units, 2023–2025",06081,San Mateo,2023-2025,2025-12-31,planning-cycle progress snapshot,5704.0,housing units,CA_HCD_RHNA;CA_HCD_APR_TABLE_A2,HCD-RHNA-package-metadata;HCD-RHNA-sixth-cycle;HCD-APR-TABLE-A2-2023-portal-current;HCD-APR-TABLE-A2-2024-portal-current;HCD-APR-TABLE-A2-2025-portal-current,2026-08-10T17:11:13Z,0e9ecad539daa8ffa467b43016b48304b55517a8dd2800bd1bf5c590a387217a;cb793563be4b5d4b33af4b54191222fe9fbc38ff846a49923d9f423bd1851fc9;d5a42e856f7a486094b1a52da7413fa582d45472ab18a6ae572bba1930a8069c;efedc570ed4198bb4143b012c1926c817a047bd23278b2b2b19270889b52d13b;e5e85e9677a374bd30beeeb7848a802f790f9425b78fe84c0ef8096e2394b297,published allocation or sum of annual HCD APR Table A2 units,"California tracks RHNA progress using issued building permits. Completion comparisons are supplemental descriptive evidence, not official RHNA credit.",planning_target_and_administrative_flows
rhna_delivery,rhna_completed_units,"Cumulative completed units, 2023–2025",06085,Santa Clara,2023-2025,2025-12-31,planning-cycle progress snapshot,18573.0,housing units,CA_HCD_RHNA;CA_HCD_APR_TABLE_A2,HCD-RHNA-package-metadata;HCD-RHNA-sixth-cycle;HCD-APR-TABLE-A2-2023-portal-current;HCD-APR-TABLE-A2-2024-portal-current;HCD-APR-TABLE-A2-2025-portal-current,2026-08-10T17:11:13Z,0e9ecad539daa8ffa467b43016b48304b55517a8dd2800bd1bf5c590a387217a;cb793563be4b5d4b33af4b54191222fe9fbc38ff846a49923d9f423bd1851fc9;d5a42e856f7a486094b1a52da7413fa582d45472ab18a6ae572bba1930a8069c;efedc570ed4198bb4143b012c1926c817a047bd23278b2b2b19270889b52d13b;e5e85e9677a374bd30beeeb7848a802f790f9425b78fe84c0ef8096e2394b297,published allocation or sum of annual HCD APR Table A2 units,"California tracks RHNA progress using issued building permits. Completion comparisons are supplemental descriptive evidence, not official RHNA credit.",planning_target_and_administrative_flows
rhna_delivery,rhna_completed_units,"Cumulative completed units, 2023–2025",06095,Solano,2023-2025,2025-12-31,planning-cycle progress snapshot,3334.0,housing units,CA_HCD_RHNA;CA_HCD_APR_TABLE_A2,HCD-RHNA-package-metadata;HCD-RHNA-sixth-cycle;HCD-APR-TABLE-A2-2023-portal-current;HCD-APR-TABLE-A2-2024-portal-current;HCD-APR-TABLE-A2-2025-portal-current,2026-08-10T17:11:13Z,0e9ecad539daa8ffa467b43016b48304b55517a8dd2800bd1bf5c590a387217a;cb793563be4b5d4b33af4b54191222fe9fbc38ff846a49923d9f423bd1851fc9;d5a42e856f7a486094b1a52da7413fa582d45472ab18a6ae572bba1930a8069c;efedc570ed4198bb4143b012c1926c817a047bd23278b2b2b19270889b52d13b;e5e85e9677a374bd30beeeb7848a802f790f9425b78fe84c0ef8096e2394b297,published allocation or sum of annual HCD APR Table A2 units,"California tracks RHNA progress using issued building permits. Completion comparisons are supplemental descriptive evidence, not official RHNA credit.",planning_target_and_administrative_flows
rhna_delivery,rhna_completed_units,"Cumulative completed units, 2023–2025",06097,Sonoma,2023-2025,2025-12-31,planning-cycle progress snapshot,4881.0,housing units,CA_HCD_RHNA;CA_HCD_APR_TABLE_A2,HCD-RHNA-package-metadata;HCD-RHNA-sixth-cycle;HCD-APR-TABLE-A2-2023-portal-current;HCD-APR-TABLE-A2-2024-portal-current;HCD-APR-TABLE-A2-2025-portal-current,2026-08-10T17:11:13Z,0e9ecad539daa8ffa467b43016b48304b55517a8dd2800bd1bf5c590a387217a;cb793563be4b5d4b33af4b54191222fe9fbc38ff846a49923d9f423bd1851fc9;d5a42e856f7a486094b1a52da7413fa582d45472ab18a6ae572bba1930a8069c;efedc570ed4198bb4143b012c1926c817a047bd23278b2b2b19270889b52d13b;e5e85e9677a374bd30beeeb7848a802f790f9425b78fe84c0ef8096e2394b297,published allocation or sum of annual HCD APR Table A2 units,"California tracks RHNA progress using issued building permits. Completion comparisons are supplemental descriptive evidence, not official RHNA credit.",planning_target_and_administrative_flows
rhna_delivery,rhna_completion_gap_units,Allocation less cumulative completions,06001,Alameda,2023-2025,2025-12-31,planning-cycle progress snapshot,73227.0,housing units,CA_HCD_RHNA;CA_HCD_APR_TABLE_A2,HCD-RHNA-package-metadata;HCD-RHNA-sixth-cycle;HCD-APR-TABLE-A2-2023-portal-current;HCD-APR-TABLE-A2-2024-portal-current;HCD-APR-TABLE-A2-2025-portal-current,2026-08-10T17:11:13Z,0e9ecad539daa8ffa467b43016b48304b55517a8dd2800bd1bf5c590a387217a;cb793563be4b5d4b33af4b54191222fe9fbc38ff846a49923d9f423bd1851fc9;d5a42e856f7a486094b1a52da7413fa582d45472ab18a6ae572bba1930a8069c;efedc570ed4198bb4143b012c1926c817a047bd23278b2b2b19270889b52d13b;e5e85e9677a374bd30beeeb7848a802f790f9425b78fe84c0ef8096e2394b297,sum of 2023–2025 HCD APR units compared with full sixth-cycle allocation,"California tracks RHNA progress using issued building permits. Completion comparisons are supplemental descriptive evidence, not official RHNA credit.",planning_target_and_administrative_flows
rhna_delivery,rhna_completion_gap_units,Allocation less cumulative completions,06013,Contra Costa,2023-2025,2025-12-31,planning-cycle progress snapshot,41915.0,housing units,CA_HCD_RHNA;CA_HCD_APR_TABLE_A2,HCD-RHNA-package-metadata;HCD-RHNA-sixth-cycle;HCD-APR-TABLE-A2-2023-portal-current;HCD-APR-TABLE-A2-2024-portal-current;HCD-APR-TABLE-A2-2025-portal-current,2026-08-10T17:11:13Z,0e9ecad539daa8ffa467b43016b48304b55517a8dd2800bd1bf5c590a387217a;cb793563be4b5d4b33af4b54191222fe9fbc38ff846a49923d9f423bd1851fc9;d5a42e856f7a486094b1a52da7413fa582d45472ab18a6ae572bba1930a8069c;efedc570ed4198bb4143b012c1926c817a047bd23278b2b2b19270889b52d13b;e5e85e9677a374bd30beeeb7848a802f790f9425b78fe84c0ef8096e2394b297,sum of 2023–2025 HCD APR units compared with full sixth-cycle allocation,"California tracks RHNA progress using issued building permits. Completion comparisons are supplemental descriptive evidence, not official RHNA credit.",planning_target_and_administrative_flows
rhna_delivery,rhna_completion_gap_units,Allocation less cumulative completions,06041,Marin,2023-2025,2025-12-31,planning-cycle progress snapshot,13117.0,housing units,CA_HCD_RHNA;CA_HCD_APR_TABLE_A2,HCD-RHNA-package-metadata;HCD-RHNA-sixth-cycle;HCD-APR-TABLE-A2-2023-portal-current;HCD-APR-TABLE-A2-2024-portal-current;HCD-APR-TABLE-A2-2025-portal-current,2026-08-10T17:11:13Z,0e9ecad539daa8ffa467b43016b48304b55517a8dd2800bd1bf5c590a387217a;cb793563be4b5d4b33af4b54191222fe9fbc38ff846a49923d9f423bd1851fc9;d5a42e856f7a486094b1a52da7413fa582d45472ab18a6ae572bba1930a8069c;efedc570ed4198bb4143b012c1926c817a047bd23278b2b2b19270889b52d13b;e5e85e9677a374bd30beeeb7848a802f790f9425b78fe84c0ef8096e2394b297,sum of 2023–2025 HCD APR units compared with full sixth-cycle allocation,"California tracks RHNA progress using issued building permits. Completion comparisons are supplemental descriptive evidence, not official RHNA credit.",planning_target_and_administrative_flows
rhna_delivery,rhna_completion_gap_units,Allocation less cumulative completions,06055,Napa,2023-2025,2025-12-31,planning-cycle progress snapshot,2664.0,housing units,CA_HCD_RHNA;CA_HCD_APR_TABLE_A2,HCD-RHNA-package-metadata;HCD-RHNA-sixth-cycle;HCD-APR-TABLE-A2-2023-portal-current;HCD-APR-TABLE-A2-2024-portal-current;HCD-APR-TABLE-A2-2025-portal-current,2026-08-10T17:11:13Z,0e9ecad539daa8ffa467b43016b48304b55517a8dd2800bd1bf5c590a387217a;cb793563be4b5d4b33af4b54191222fe9fbc38ff846a49923d9f423bd1851fc9;d5a42e856f7a486094b1a52da7413fa582d45472ab18a6ae572bba1930a8069c;efedc570ed4198bb4143b012c1926c817a047bd23278b2b2b19270889b52d13b;e5e85e9677a374bd30beeeb7848a802f790f9425b78fe84c0ef8096e2394b297,sum of 2023–2025 HCD APR units compared with full sixth-cycle allocation,"California tracks RHNA progress using issued building permits. Completion comparisons are supplemental descriptive evidence, not official RHNA credit.",planning_target_and_administrative_flows
rhna_delivery,rhna_completion_gap_units,Allocation less cumulative completions,06075,San Francisco,2023-2025,2025-12-31,planning-cycle progress snapshot,74872.0,housing units,CA_HCD_RHNA;CA_HCD_APR_TABLE_A2,HCD-RHNA-package-metadata;HCD-RHNA-sixth-cycle;HCD-APR-TABLE-A2-2023-portal-current;HCD-APR-TABLE-A2-2024-portal-current;HCD-APR-TABLE-A2-2025-portal-current,2026-08-10T17:11:13Z,0e9ecad539daa8ffa467b43016b48304b55517a8dd2800bd1bf5c590a387217a;cb793563be4b5d4b33af4b54191222fe9fbc38ff846a49923d9f423bd1851fc9;d5a42e856f7a486094b1a52da7413fa582d45472ab18a6ae572bba1930a8069c;efedc570ed4198bb4143b012c1926c817a047bd23278b2b2b19270889b52d13b;e5e85e9677a374bd30beeeb7848a802f790f9425b78fe84c0ef8096e2394b297,sum of 2023–2025 HCD APR units compared with full sixth-cycle allocation,"California tracks RHNA progress using issued building permits. Completion comparisons are supplemental descriptive evidence, not official RHNA credit.",planning_target_and_administrative_flows
rhna_delivery,rhna_completion_gap_units,Allocation less cumulative completions,06081,San Mateo,2023-2025,2025-12-31,planning-cycle progress snapshot,41983.0,housing units,CA_HCD_RHNA;CA_HCD_APR_TABLE_A2,HCD-RHNA-package-metadata;HCD-RHNA-sixth-cycle;HCD-APR-TABLE-A2-2023-portal-current;HCD-APR-TABLE-A2-2024-portal-current;HCD-APR-TABLE-A2-2025-portal-current,2026-08-10T17:11:13Z,0e9ecad539daa8ffa467b43016b48304b55517a8dd2800bd1bf5c590a387217a;cb793563be4b5d4b33af4b54191222fe9fbc38ff846a49923d9f423bd1851fc9;d5a42e856f7a486094b1a52da7413fa582d45472ab18a6ae572bba1930a8069c;efedc570ed4198bb4143b012c1926c817a047bd23278b2b2b19270889b52d13b;e5e85e9677a374bd30beeeb7848a802f790f9425b78fe84c0ef8096e2394b297,sum of 2023–2025 HCD APR units compared with full sixth-cycle allocation,"California tracks RHNA progress using issued building permits. Completion comparisons are supplemental descriptive evidence, not official RHNA credit.",planning_target_and_administrative_flows
rhna_delivery,rhna_completion_gap_units,Allocation less cumulative completions,06085,Santa Clara,2023-2025,2025-12-31,planning-cycle progress snapshot,111004.0,housing units,CA_HCD_RHNA;CA_HCD_APR_TABLE_A2,HCD-RHNA-package-metadata;HCD-RHNA-sixth-cycle;HCD-APR-TABLE-A2-2023-portal-current;HCD-APR-TABLE-A2-2024-portal-current;HCD-APR-TABLE-A2-2025-portal-current,2026-08-10T17:11:13Z,0e9ecad539daa8ffa467b43016b48304b55517a8dd2800bd1bf5c590a387217a;cb793563be4b5d4b33af4b54191222fe9fbc38ff846a49923d9f423bd1851fc9;d5a42e856f7a486094b1a52da7413fa582d45472ab18a6ae572bba1930a8069c;efedc570ed4198bb4143b012c1926c817a047bd23278b2b2b19270889b52d13b;e5e85e9677a374bd30beeeb7848a802f790f9425b78fe84c0ef8096e2394b297,sum of 2023–2025 HCD APR units compared with full sixth-cycle allocation,"California tracks RHNA progress using issued building permits. Completion comparisons are supplemental descriptive evidence, not official RHNA credit.",planning_target_and_administrative_flows
rhna_delivery,rhna_completion_gap_units,Allocation less cumulative completions,06095,Solano,2023-2025,2025-12-31,planning-cycle progress snapshot,7658.0,housing units,CA_HCD_RHNA;CA_HCD_APR_TABLE_A2,HCD-RHNA-package-metadata;HCD-RHNA-sixth-cycle;HCD-APR-TABLE-A2-2023-portal-current;HCD-APR-TABLE-A2-2024-portal-current;HCD-APR-TABLE-A2-2025-portal-current,2026-08-10T17:11:13Z,0e9ecad539daa8ffa467b43016b48304b55517a8dd2800bd1bf5c590a387217a;cb793563be4b5d4b33af4b54191222fe9fbc38ff846a49923d9f423bd1851fc9;d5a42e856f7a486094b1a52da7413fa582d45472ab18a6ae572bba1930a8069c;efedc570ed4198bb4143b012c1926c817a047bd23278b2b2b19270889b52d13b;e5e85e9677a374bd30beeeb7848a802f790f9425b78fe84c0ef8096e2394b297,sum of 2023–2025 HCD APR units compared with full sixth-cycle allocation,"California tracks RHNA progress using issued building permits. Completion comparisons are supplemental descriptive evidence, not official RHNA credit.",planning_target_and_administrative_flows
rhna_delivery,rhna_completion_gap_units,Allocation less cumulative completions,06097,Sonoma,2023-2025,2025-12-31,planning-cycle progress snapshot,9681.0,housing units,CA_HCD_RHNA;CA_HCD_APR_TABLE_A2,HCD-RHNA-package-metadata;HCD-RHNA-sixth-cycle;HCD-APR-TABLE-A2-2023-portal-current;HCD-APR-TABLE-A2-2024-portal-current;HCD-APR-TABLE-A2-2025-portal-current,2026-08-10T17:11:13Z,0e9ecad539daa8ffa467b43016b48304b55517a8dd2800bd1bf5c590a387217a;cb793563be4b5d4b33af4b54191222fe9fbc38ff846a49923d9f423bd1851fc9;d5a42e856f7a486094b1a52da7413fa582d45472ab18a6ae572bba1930a8069c;efedc570ed4198bb4143b012c1926c817a047bd23278b2b2b19270889b52d13b;e5e85e9677a374bd30beeeb7848a802f790f9425b78fe84c0ef8096e2394b297,sum of 2023–2025 HCD APR units compared with full sixth-cycle allocation,"California tracks RHNA progress using issued building permits. Completion comparisons are supplemental descriptive evidence, not official RHNA credit.",planning_target_and_administrative_flows
rhna_delivery,rhna_completion_progress_pct,Completion count as share of sixth-cycle RHNA,06001,Alameda,2023-2025,2025-12-31,planning-cycle progress snapshot,17.71969841680057,percent,CA_HCD_RHNA;CA_HCD_APR_TABLE_A2,HCD-RHNA-package-metadata;HCD-RHNA-sixth-cycle;HCD-APR-TABLE-A2-2023-portal-current;HCD-APR-TABLE-A2-2024-portal-current;HCD-APR-TABLE-A2-2025-portal-current,2026-08-10T17:11:13Z,0e9ecad539daa8ffa467b43016b48304b55517a8dd2800bd1bf5c590a387217a;cb793563be4b5d4b33af4b54191222fe9fbc38ff846a49923d9f423bd1851fc9;d5a42e856f7a486094b1a52da7413fa582d45472ab18a6ae572bba1930a8069c;efedc570ed4198bb4143b012c1926c817a047bd23278b2b2b19270889b52d13b;e5e85e9677a374bd30beeeb7848a802f790f9425b78fe84c0ef8096e2394b297,sum of 2023–2025 HCD APR units compared with full sixth-cycle allocation,"California tracks RHNA progress using issued building permits. Completion comparisons are supplemental descriptive evidence, not official RHNA credit.",planning_target_and_administrative_flows
rhna_delivery,rhna_completion_progress_pct,Completion count as share of sixth-cycle RHNA,06013,Contra Costa,2023-2025,2025-12-31,planning-cycle progress snapshot,14.53418428725812,percent,CA_HCD_RHNA;CA_HCD_APR_TABLE_A2,HCD-RHNA-package-metadata;HCD-RHNA-sixth-cycle;HCD-APR-TABLE-A2-2023-portal-current;HCD-APR-TABLE-A2-2024-portal-current;HCD-APR-TABLE-A2-2025-portal-current,2026-08-10T17:11:13Z,0e9ecad539daa8ffa467b43016b48304b55517a8dd2800bd1bf5c590a387217a;cb793563be4b5d4b33af4b54191222fe9fbc38ff846a49923d9f423bd1851fc9;d5a42e856f7a486094b1a52da7413fa582d45472ab18a6ae572bba1930a8069c;efedc570ed4198bb4143b012c1926c817a047bd23278b2b2b19270889b52d13b;e5e85e9677a374bd30beeeb7848a802f790f9425b78fe84c0ef8096e2394b297,sum of 2023–2025 HCD APR units compared with full sixth-cycle allocation,"California tracks RHNA progress using issued building permits. Completion comparisons are supplemental descriptive evidence, not official RHNA credit.",planning_target_and_administrative_flows
rhna_delivery,rhna_completion_progress_pct,Completion count as share of sixth-cycle RHNA,06041,Marin,2023-2025,2025-12-31,planning-cycle progress snapshot,8.941339812565081,percent,CA_HCD_RHNA;CA_HCD_APR_TABLE_A2,HCD-RHNA-package-metadata;HCD-RHNA-sixth-cycle;HCD-APR-TABLE-A2-2023-portal-current;HCD-APR-TABLE-A2-2024-portal-current;HCD-APR-TABLE-A2-2025-portal-current,2026-08-10T17:11:13Z,0e9ecad539daa8ffa467b43016b48304b55517a8dd2800bd1bf5c590a387217a;cb793563be4b5d4b33af4b54191222fe9fbc38ff846a49923d9f423bd1851fc9;d5a42e856f7a486094b1a52da7413fa582d45472ab18a6ae572bba1930a8069c;efedc570ed4198bb4143b012c1926c817a047bd23278b2b2b19270889b52d13b;e5e85e9677a374bd30beeeb7848a802f790f9425b78fe84c0ef8096e2394b297,sum of 2023–2025 HCD APR units compared with full sixth-cycle allocation,"California tracks RHNA progress using issued building permits. Completion comparisons are supplemental descriptive evidence, not official RHNA credit.",planning_target_and_administrative_flows
rhna_delivery,rhna_completion_progress_pct,Completion count as share of sixth-cycle RHNA,06055,Napa,2023-2025,2025-12-31,planning-cycle progress snapshot,30.697190426638915,percent,CA_HCD_RHNA;CA_HCD_APR_TABLE_A2,HCD-RHNA-package-metadata;HCD-RHNA-sixth-cycle;HCD-APR-TABLE-A2-2023-portal-current;HCD-APR-TABLE-A2-2024-portal-current;HCD-APR-TABLE-A2-2025-portal-current,2026-08-10T17:11:13Z,0e9ecad539daa8ffa467b43016b48304b55517a8dd2800bd1bf5c590a387217a;cb793563be4b5d4b33af4b54191222fe9fbc38ff846a49923d9f423bd1851fc9;d5a42e856f7a486094b1a52da7413fa582d45472ab18a6ae572bba1930a8069c;efedc570ed4198bb4143b012c1926c817a047bd23278b2b2b19270889b52d13b;e5e85e9677a374bd30beeeb7848a802f790f9425b78fe84c0ef8096e2394b297,sum of 2023–2025 HCD APR units compared with full sixth-cycle allocation,"California tracks RHNA progress using issued building permits. Completion comparisons are supplemental descriptive evidence, not official RHNA credit.",planning_target_and_administrative_flows
rhna_delivery,rhna_completion_progress_pct,Completion count as share of sixth-cycle RHNA,06075,San Francisco,2023-2025,2025-12-31,planning-cycle progress snapshot,8.769450096869708,percent,CA_HCD_RHNA;CA_HCD_APR_TABLE_A2,HCD-RHNA-package-metadata;HCD-RHNA-sixth-cycle;HCD-APR-TABLE-A2-2023-portal-current;HCD-APR-TABLE-A2-2024-portal-current;HCD-APR-TABLE-A2-2025-portal-current,2026-08-10T17:11:13Z,0e9ecad539daa8ffa467b43016b48304b55517a8dd2800bd1bf5c590a387217a;cb793563be4b5d4b33af4b54191222fe9fbc38ff846a49923d9f423bd1851fc9;d5a42e856f7a486094b1a52da7413fa582d45472ab18a6ae572bba1930a8069c;efedc570ed4198bb4143b012c1926c817a047bd23278b2b2b19270889b52d13b;e5e85e9677a374bd30beeeb7848a802f790f9425b78fe84c0ef8096e2394b297,sum of 2023–2025 HCD APR units compared with full sixth-cycle allocation,"California tracks RHNA progress using issued building permits. Completion comparisons are supplemental descriptive evidence, not official RHNA credit.",planning_target_and_administrative_flows
rhna_delivery,rhna_completion_progress_pct,Completion count as share of sixth-cycle RHNA,06081,San Mateo,2023-2025,2025-12-31,planning-cycle progress snapshot,11.961331180405562,percent,CA_HCD_RHNA;CA_HCD_APR_TABLE_A2,HCD-RHNA-package-metadata;HCD-RHNA-sixth-cycle;HCD-APR-TABLE-A2-2023-portal-current;HCD-APR-TABLE-A2-2024-portal-current;HCD-APR-TABLE-A2-2025-portal-current,2026-08-10T17:11:13Z,0e9ecad539daa8ffa467b43016b48304b55517a8dd2800bd1bf5c590a387217a;cb793563be4b5d4b33af4b54191222fe9fbc38ff846a49923d9f423bd1851fc9;d5a42e856f7a486094b1a52da7413fa582d45472ab18a6ae572bba1930a8069c;efedc570ed4198bb4143b012c1926c817a047bd23278b2b2b19270889b52d13b;e5e85e9677a374bd30beeeb7848a802f790f9425b78fe84c0ef8096e2394b297,sum of 2023–2025 HCD APR units compared with full sixth-cycle allocation,"California tracks RHNA progress using issued building permits. Completion comparisons are supplemental descriptive evidence, not official RHNA credit.",planning_target_and_administrative_flows
rhna_delivery,rhna_completion_progress_pct,Completion count as share of sixth-cycle RHNA,06085,Santa Clara,2023-2025,2025-12-31,planning-cycle progress snapshot,14.333562283429929,percent,CA_HCD_RHNA;CA_HCD_APR_TABLE_A2,HCD-RHNA-package-metadata;HCD-RHNA-sixth-cycle;HCD-APR-TABLE-A2-2023-portal-current;HCD-APR-TABLE-A2-2024-portal-current;HCD-APR-TABLE-A2-2025-portal-current,2026-08-10T17:11:13Z,0e9ecad539daa8ffa467b43016b48304b55517a8dd2800bd1bf5c590a387217a;cb793563be4b5d4b33af4b54191222fe9fbc38ff846a49923d9f423bd1851fc9;d5a42e856f7a486094b1a52da7413fa582d45472ab18a6ae572bba1930a8069c;efedc570ed4198bb4143b012c1926c817a047bd23278b2b2b19270889b52d13b;e5e85e9677a374bd30beeeb7848a802f790f9425b78fe84c0ef8096e2394b297,sum of 2023–2025 HCD APR units compared with full sixth-cycle allocation,"California tracks RHNA progress using issued building permits. Completion comparisons are supplemental descriptive evidence, not official RHNA credit.",planning_target_and_administrative_flows
rhna_delivery,rhna_completion_progress_pct,Completion count as share of sixth-cycle RHNA,06095,Solano,2023-2025,2025-12-31,planning-cycle progress snapshot,30.331149927219798,percent,CA_HCD_RHNA;CA_HCD_APR_TABLE_A2,HCD-RHNA-package-metadata;HCD-RHNA-sixth-cycle;HCD-APR-TABLE-A2-2023-portal-current;HCD-APR-TABLE-A2-2024-portal-current;HCD-APR-TABLE-A2-2025-portal-current,2026-08-10T17:11:13Z,0e9ecad539daa8ffa467b43016b48304b55517a8dd2800bd1bf5c590a387217a;cb793563be4b5d4b33af4b54191222fe9fbc38ff846a49923d9f423bd1851fc9;d5a42e856f7a486094b1a52da7413fa582d45472ab18a6ae572bba1930a8069c;efedc570ed4198bb4143b012c1926c817a047bd23278b2b2b19270889b52d13b;e5e85e9677a374bd30beeeb7848a802f790f9425b78fe84c0ef8096e2394b297,sum of 2023–2025 HCD APR units compared with full sixth-cycle allocation,"California tracks RHNA progress using issued building permits. Completion comparisons are supplemental descriptive evidence, not official RHNA credit.",planning_target_and_administrative_flows
rhna_delivery,rhna_completion_progress_pct,Completion count as share of sixth-cycle RHNA,06097,Sonoma,2023-2025,2025-12-31,planning-cycle progress snapshot,33.51874742480428,percent,CA_HCD_RHNA;CA_HCD_APR_TABLE_A2,HCD-RHNA-package-metadata;HCD-RHNA-sixth-cycle;HCD-APR-TABLE-A2-2023-portal-current;HCD-APR-TABLE-A2-2024-portal-current;HCD-APR-TABLE-A2-2025-portal-current,2026-08-10T17:11:13Z,0e9ecad539daa8ffa467b43016b48304b55517a8dd2800bd1bf5c590a387217a;cb793563be4b5d4b33af4b54191222fe9fbc38ff846a49923d9f423bd1851fc9;d5a42e856f7a486094b1a52da7413fa582d45472ab18a6ae572bba1930a8069c;efedc570ed4198bb4143b012c1926c817a047bd23278b2b2b19270889b52d13b;e5e85e9677a374bd30beeeb7848a802f790f9425b78fe84c0ef8096e2394b297,sum of 2023–2025 HCD APR units compared with full sixth-cycle allocation,"California tracks RHNA progress using issued building permits. Completion comparisons are supplemental descriptive evidence, not official RHNA credit.",planning_target_and_administrative_flows
rhna_delivery,rhna_completion_to_permit_flow_pct,Cumulative completions as share of cumulative permits,06001,Alameda,2023-2025,2025-12-31,planning-cycle progress snapshot,107.24243454607276,percent,CA_HCD_RHNA;CA_HCD_APR_TABLE_A2,HCD-RHNA-package-metadata;HCD-RHNA-sixth-cycle;HCD-APR-TABLE-A2-2023-portal-current;HCD-APR-TABLE-A2-2024-portal-current;HCD-APR-TABLE-A2-2025-portal-current,2026-08-10T17:11:13Z,0e9ecad539daa8ffa467b43016b48304b55517a8dd2800bd1bf5c590a387217a;cb793563be4b5d4b33af4b54191222fe9fbc38ff846a49923d9f423bd1851fc9;d5a42e856f7a486094b1a52da7413fa582d45472ab18a6ae572bba1930a8069c;efedc570ed4198bb4143b012c1926c817a047bd23278b2b2b19270889b52d13b;e5e85e9677a374bd30beeeb7848a802f790f9425b78fe84c0ef8096e2394b297,published allocation or sum of annual HCD APR Table A2 units,"California tracks RHNA progress using issued building permits. Completion comparisons are supplemental descriptive evidence, not official RHNA credit.",planning_target_and_administrative_flows
rhna_delivery,rhna_completion_to_permit_flow_pct,Cumulative completions as share of cumulative permits,06013,Contra Costa,2023-2025,2025-12-31,planning-cycle progress snapshot,85.4881266490765,percent,CA_HCD_RHNA;CA_HCD_APR_TABLE_A2,HCD-RHNA-package-metadata;HCD-RHNA-sixth-cycle;HCD-APR-TABLE-A2-2023-portal-current;HCD-APR-TABLE-A2-2024-portal-current;HCD-APR-TABLE-A2-2025-portal-current,2026-08-10T17:11:13Z,0e9ecad539daa8ffa467b43016b48304b55517a8dd2800bd1bf5c590a387217a;cb793563be4b5d4b33af4b54191222fe9fbc38ff846a49923d9f423bd1851fc9;d5a42e856f7a486094b1a52da7413fa582d45472ab18a6ae572bba1930a8069c;efedc570ed4198bb4143b012c1926c817a047bd23278b2b2b19270889b52d13b;e5e85e9677a374bd30beeeb7848a802f790f9425b78fe84c0ef8096e2394b297,published allocation or sum of annual HCD APR Table A2 units,"California tracks RHNA progress using issued building permits. Completion comparisons are supplemental descriptive evidence, not official RHNA credit.",planning_target_and_administrative_flows
rhna_delivery,rhna_completion_to_permit_flow_pct,Cumulative completions as share of cumulative permits,06041,Marin,2023-2025,2025-12-31,planning-cycle progress snapshot,88.95027624309392,percent,CA_HCD_RHNA;CA_HCD_APR_TABLE_A2,HCD-RHNA-package-metadata;HCD-RHNA-sixth-cycle;HCD-APR-TABLE-A2-2023-portal-current;HCD-APR-TABLE-A2-2024-portal-current;HCD-APR-TABLE-A2-2025-portal-current,2026-08-10T17:11:13Z,0e9ecad539daa8ffa467b43016b48304b55517a8dd2800bd1bf5c590a387217a;cb793563be4b5d4b33af4b54191222fe9fbc38ff846a49923d9f423bd1851fc9;d5a42e856f7a486094b1a52da7413fa582d45472ab18a6ae572bba1930a8069c;efedc570ed4198bb4143b012c1926c817a047bd23278b2b2b19270889b52d13b;e5e85e9677a374bd30beeeb7848a802f790f9425b78fe84c0ef8096e2394b297,published allocation or sum of annual HCD APR Table A2 units,"California tracks RHNA progress using issued building permits. Completion comparisons are supplemental descriptive evidence, not official RHNA credit.",planning_target_and_administrative_flows
rhna_delivery,rhna_completion_to_permit_flow_pct,Cumulative completions as share of cumulative permits,06055,Napa,2023-2025,2025-12-31,planning-cycle progress snapshot,76.57365347177158,percent,CA_HCD_RHNA;CA_HCD_APR_TABLE_A2,HCD-RHNA-package-metadata;HCD-RHNA-sixth-cycle;HCD-APR-TABLE-A2-2023-portal-current;HCD-APR-TABLE-A2-2024-portal-current;HCD-APR-TABLE-A2-2025-portal-current,2026-08-10T17:11:13Z,0e9ecad539daa8ffa467b43016b48304b55517a8dd2800bd1bf5c590a387217a;cb793563be4b5d4b33af4b54191222fe9fbc38ff846a49923d9f423bd1851fc9;d5a42e856f7a486094b1a52da7413fa582d45472ab18a6ae572bba1930a8069c;efedc570ed4198bb4143b012c1926c817a047bd23278b2b2b19270889b52d13b;e5e85e9677a374bd30beeeb7848a802f790f9425b78fe84c0ef8096e2394b297,published allocation or sum of annual HCD APR Table A2 units,"California tracks RHNA progress using issued building permits. Completion comparisons are supplemental descriptive evidence, not official RHNA credit.",planning_target_and_administrative_flows
rhna_delivery,rhna_completion_to_permit_flow_pct,Cumulative completions as share of cumulative permits,06075,San Francisco,2023-2025,2025-12-31,planning-cycle progress snapshot,118.25501150180742,percent,CA_HCD_RHNA;CA_HCD_APR_TABLE_A2,HCD-RHNA-package-metadata;HCD-RHNA-sixth-cycle;HCD-APR-TABLE-A2-2023-portal-current;HCD-APR-TABLE-A2-2024-portal-current;HCD-APR-TABLE-A2-2025-portal-current,2026-08-10T17:11:13Z,0e9ecad539daa8ffa467b43016b48304b55517a8dd2800bd1bf5c590a387217a;cb793563be4b5d4b33af4b54191222fe9fbc38ff846a49923d9f423bd1851fc9;d5a42e856f7a486094b1a52da7413fa582d45472ab18a6ae572bba1930a8069c;efedc570ed4198bb4143b012c1926c817a047bd23278b2b2b19270889b52d13b;e5e85e9677a374bd30beeeb7848a802f790f9425b78fe84c0ef8096e2394b297,published allocation or sum of annual HCD APR Table A2 units,"California tracks RHNA progress using issued building permits. Completion comparisons are supplemental descriptive evidence, not official RHNA credit.",planning_target_and_administrative_flows
rhna_delivery,rhna_completion_to_permit_flow_pct,Cumulative completions as share of cumulative permits,06081,San Mateo,2023-2025,2025-12-31,planning-cycle progress snapshot,59.69024696525743,percent,CA_HCD_RHNA;CA_HCD_APR_TABLE_A2,HCD-RHNA-package-metadata;HCD-RHNA-sixth-cycle;HCD-APR-TABLE-A2-2023-portal-current;HCD-APR-TABLE-A2-2024-portal-current;HCD-APR-TABLE-A2-2025-portal-current,2026-08-10T17:11:13Z,0e9ecad539daa8ffa467b43016b48304b55517a8dd2800bd1bf5c590a387217a;cb793563be4b5d4b33af4b54191222fe9fbc38ff846a49923d9f423bd1851fc9;d5a42e856f7a486094b1a52da7413fa582d45472ab18a6ae572bba1930a8069c;efedc570ed4198bb4143b012c1926c817a047bd23278b2b2b19270889b52d13b;e5e85e9677a374bd30beeeb7848a802f790f9425b78fe84c0ef8096e2394b297,published allocation or sum of annual HCD APR Table A2 units,"California tracks RHNA progress using issued building permits. Completion comparisons are supplemental descriptive evidence, not official RHNA credit.",planning_target_and_administrative_flows
rhna_delivery,rhna_completion_to_permit_flow_pct,Cumulative completions as share of cumulative permits,06085,Santa Clara,2023-2025,2025-12-31,planning-cycle progress snapshot,90.64864073405242,percent,CA_HCD_RHNA;CA_HCD_APR_TABLE_A2,HCD-RHNA-package-metadata;HCD-RHNA-sixth-cycle;HCD-APR-TABLE-A2-2023-portal-current;HCD-APR-TABLE-A2-2024-portal-current;HCD-APR-TABLE-A2-2025-portal-current,2026-08-10T17:11:13Z,0e9ecad539daa8ffa467b43016b48304b55517a8dd2800bd1bf5c590a387217a;cb793563be4b5d4b33af4b54191222fe9fbc38ff846a49923d9f423bd1851fc9;d5a42e856f7a486094b1a52da7413fa582d45472ab18a6ae572bba1930a8069c;efedc570ed4198bb4143b012c1926c817a047bd23278b2b2b19270889b52d13b;e5e85e9677a374bd30beeeb7848a802f790f9425b78fe84c0ef8096e2394b297,published allocation or sum of annual HCD APR Table A2 units,"California tracks RHNA progress using issued building permits. Completion comparisons are supplemental descriptive evidence, not official RHNA credit.",planning_target_and_administrative_flows
rhna_delivery,rhna_completion_to_permit_flow_pct,Cumulative completions as share of cumulative permits,06095,Solano,2023-2025,2025-12-31,planning-cycle progress snapshot,69.01262678534465,percent,CA_HCD_RHNA;CA_HCD_APR_TABLE_A2,HCD-RHNA-package-metadata;HCD-RHNA-sixth-cycle;HCD-APR-TABLE-A2-2023-portal-current;HCD-APR-TABLE-A2-2024-portal-current;HCD-APR-TABLE-A2-2025-portal-current,2026-08-10T17:11:13Z,0e9ecad539daa8ffa467b43016b48304b55517a8dd2800bd1bf5c590a387217a;cb793563be4b5d4b33af4b54191222fe9fbc38ff846a49923d9f423bd1851fc9;d5a42e856f7a486094b1a52da7413fa582d45472ab18a6ae572bba1930a8069c;efedc570ed4198bb4143b012c1926c817a047bd23278b2b2b19270889b52d13b;e5e85e9677a374bd30beeeb7848a802f790f9425b78fe84c0ef8096e2394b297,published allocation or sum of annual HCD APR Table A2 units,"California tracks RHNA progress using issued building permits. Completion comparisons are supplemental descriptive evidence, not official RHNA credit.",planning_target_and_administrative_flows
rhna_delivery,rhna_completion_to_permit_flow_pct,Cumulative completions as share of cumulative permits,06097,Sonoma,2023-2025,2025-12-31,planning-cycle progress snapshot,66.80810292909936,percent,CA_HCD_RHNA;CA_HCD_APR_TABLE_A2,HCD-RHNA-package-metadata;HCD-RHNA-sixth-cycle;HCD-APR-TABLE-A2-2023-portal-current;HCD-APR-TABLE-A2-2024-portal-current;HCD-APR-TABLE-A2-2025-portal-current,2026-08-10T17:11:13Z,0e9ecad539daa8ffa467b43016b48304b55517a8dd2800bd1bf5c590a387217a;cb793563be4b5d4b33af4b54191222fe9fbc38ff846a49923d9f423bd1851fc9;d5a42e856f7a486094b1a52da7413fa582d45472ab18a6ae572bba1930a8069c;efedc570ed4198bb4143b012c1926c817a047bd23278b2b2b19270889b52d13b;e5e85e9677a374bd30beeeb7848a802f790f9425b78fe84c0ef8096e2394b297,published allocation or sum of annual HCD APR Table A2 units,"California tracks RHNA progress using issued building permits. Completion comparisons are supplemental descriptive evidence, not official RHNA credit.",planning_target_and_administrative_flows
rhna_delivery,rhna_permit_gap_units,Allocation less cumulative permits,06001,Alameda,2023-2025,2025-12-31,planning-cycle progress snapshot,74292.0,housing units,CA_HCD_RHNA;CA_HCD_APR_TABLE_A2,HCD-RHNA-package-metadata;HCD-RHNA-sixth-cycle;HCD-APR-TABLE-A2-2023-portal-current;HCD-APR-TABLE-A2-2024-portal-current;HCD-APR-TABLE-A2-2025-portal-current,2026-08-10T17:11:13Z,0e9ecad539daa8ffa467b43016b48304b55517a8dd2800bd1bf5c590a387217a;cb793563be4b5d4b33af4b54191222fe9fbc38ff846a49923d9f423bd1851fc9;d5a42e856f7a486094b1a52da7413fa582d45472ab18a6ae572bba1930a8069c;efedc570ed4198bb4143b012c1926c817a047bd23278b2b2b19270889b52d13b;e5e85e9677a374bd30beeeb7848a802f790f9425b78fe84c0ef8096e2394b297,sum of 2023–2025 HCD APR units compared with full sixth-cycle allocation,"California tracks RHNA progress using issued building permits. Completion comparisons are supplemental descriptive evidence, not official RHNA credit.",planning_target_and_administrative_flows
rhna_delivery,rhna_permit_gap_units,Allocation less cumulative permits,06013,Contra Costa,2023-2025,2025-12-31,planning-cycle progress snapshot,40705.0,housing units,CA_HCD_RHNA;CA_HCD_APR_TABLE_A2,HCD-RHNA-package-metadata;HCD-RHNA-sixth-cycle;HCD-APR-TABLE-A2-2023-portal-current;HCD-APR-TABLE-A2-2024-portal-current;HCD-APR-TABLE-A2-2025-portal-current,2026-08-10T17:11:13Z,0e9ecad539daa8ffa467b43016b48304b55517a8dd2800bd1bf5c590a387217a;cb793563be4b5d4b33af4b54191222fe9fbc38ff846a49923d9f423bd1851fc9;d5a42e856f7a486094b1a52da7413fa582d45472ab18a6ae572bba1930a8069c;efedc570ed4198bb4143b012c1926c817a047bd23278b2b2b19270889b52d13b;e5e85e9677a374bd30beeeb7848a802f790f9425b78fe84c0ef8096e2394b297,sum of 2023–2025 HCD APR units compared with full sixth-cycle allocation,"California tracks RHNA progress using issued building permits. Completion comparisons are supplemental descriptive evidence, not official RHNA credit.",planning_target_and_administrative_flows
rhna_delivery,rhna_permit_gap_units,Allocation less cumulative permits,06041,Marin,2023-2025,2025-12-31,planning-cycle progress snapshot,12957.0,housing units,CA_HCD_RHNA;CA_HCD_APR_TABLE_A2,HCD-RHNA-package-metadata;HCD-RHNA-sixth-cycle;HCD-APR-TABLE-A2-2023-portal-current;HCD-APR-TABLE-A2-2024-portal-current;HCD-APR-TABLE-A2-2025-portal-current,2026-08-10T17:11:13Z,0e9ecad539daa8ffa467b43016b48304b55517a8dd2800bd1bf5c590a387217a;cb793563be4b5d4b33af4b54191222fe9fbc38ff846a49923d9f423bd1851fc9;d5a42e856f7a486094b1a52da7413fa582d45472ab18a6ae572bba1930a8069c;efedc570ed4198bb4143b012c1926c817a047bd23278b2b2b19270889b52d13b;e5e85e9677a374bd30beeeb7848a802f790f9425b78fe84c0ef8096e2394b297,sum of 2023–2025 HCD APR units compared with full sixth-cycle allocation,"California tracks RHNA progress using issued building permits. Completion comparisons are supplemental descriptive evidence, not official RHNA credit.",planning_target_and_administrative_flows
rhna_delivery,rhna_permit_gap_units,Allocation less cumulative permits,06055,Napa,2023-2025,2025-12-31,planning-cycle progress snapshot,2303.0,housing units,CA_HCD_RHNA;CA_HCD_APR_TABLE_A2,HCD-RHNA-package-metadata;HCD-RHNA-sixth-cycle;HCD-APR-TABLE-A2-2023-portal-current;HCD-APR-TABLE-A2-2024-portal-current;HCD-APR-TABLE-A2-2025-portal-current,2026-08-10T17:11:13Z,0e9ecad539daa8ffa467b43016b48304b55517a8dd2800bd1bf5c590a387217a;cb793563be4b5d4b33af4b54191222fe9fbc38ff846a49923d9f423bd1851fc9;d5a42e856f7a486094b1a52da7413fa582d45472ab18a6ae572bba1930a8069c;efedc570ed4198bb4143b012c1926c817a047bd23278b2b2b19270889b52d13b;e5e85e9677a374bd30beeeb7848a802f790f9425b78fe84c0ef8096e2394b297,sum of 2023–2025 HCD APR units compared with full sixth-cycle allocation,"California tracks RHNA progress using issued building permits. Completion comparisons are supplemental descriptive evidence, not official RHNA credit.",planning_target_and_administrative_flows
rhna_delivery,rhna_permit_gap_units,Allocation less cumulative permits,06075,San Francisco,2023-2025,2025-12-31,planning-cycle progress snapshot,75983.0,housing units,CA_HCD_RHNA;CA_HCD_APR_TABLE_A2,HCD-RHNA-package-metadata;HCD-RHNA-sixth-cycle;HCD-APR-TABLE-A2-2023-portal-current;HCD-APR-TABLE-A2-2024-portal-current;HCD-APR-TABLE-A2-2025-portal-current,2026-08-10T17:11:13Z,0e9ecad539daa8ffa467b43016b48304b55517a8dd2800bd1bf5c590a387217a;cb793563be4b5d4b33af4b54191222fe9fbc38ff846a49923d9f423bd1851fc9;d5a42e856f7a486094b1a52da7413fa582d45472ab18a6ae572bba1930a8069c;efedc570ed4198bb4143b012c1926c817a047bd23278b2b2b19270889b52d13b;e5e85e9677a374bd30beeeb7848a802f790f9425b78fe84c0ef8096e2394b297,sum of 2023–2025 HCD APR units compared with full sixth-cycle allocation,"California tracks RHNA progress using issued building permits. Completion comparisons are supplemental descriptive evidence, not official RHNA credit.",planning_target_and_administrative_flows
rhna_delivery,rhna_permit_gap_units,Allocation less cumulative permits,06081,San Mateo,2023-2025,2025-12-31,planning-cycle progress snapshot,38131.0,housing units,CA_HCD_RHNA;CA_HCD_APR_TABLE_A2,HCD-RHNA-package-metadata;HCD-RHNA-sixth-cycle;HCD-APR-TABLE-A2-2023-portal-current;HCD-APR-TABLE-A2-2024-portal-current;HCD-APR-TABLE-A2-2025-portal-current,2026-08-10T17:11:13Z,0e9ecad539daa8ffa467b43016b48304b55517a8dd2800bd1bf5c590a387217a;cb793563be4b5d4b33af4b54191222fe9fbc38ff846a49923d9f423bd1851fc9;d5a42e856f7a486094b1a52da7413fa582d45472ab18a6ae572bba1930a8069c;efedc570ed4198bb4143b012c1926c817a047bd23278b2b2b19270889b52d13b;e5e85e9677a374bd30beeeb7848a802f790f9425b78fe84c0ef8096e2394b297,sum of 2023–2025 HCD APR units compared with full sixth-cycle allocation,"California tracks RHNA progress using issued building permits. Completion comparisons are supplemental descriptive evidence, not official RHNA credit.",planning_target_and_administrative_flows
rhna_delivery,rhna_permit_gap_units,Allocation less cumulative permits,06085,Santa Clara,2023-2025,2025-12-31,planning-cycle progress snapshot,109088.0,housing units,CA_HCD_RHNA;CA_HCD_APR_TABLE_A2,HCD-RHNA-package-metadata;HCD-RHNA-sixth-cycle;HCD-APR-TABLE-A2-2023-portal-current;HCD-APR-TABLE-A2-2024-portal-current;HCD-APR-TABLE-A2-2025-portal-current,2026-08-10T17:11:13Z,0e9ecad539daa8ffa467b43016b48304b55517a8dd2800bd1bf5c590a387217a;cb793563be4b5d4b33af4b54191222fe9fbc38ff846a49923d9f423bd1851fc9;d5a42e856f7a486094b1a52da7413fa582d45472ab18a6ae572bba1930a8069c;efedc570ed4198bb4143b012c1926c817a047bd23278b2b2b19270889b52d13b;e5e85e9677a374bd30beeeb7848a802f790f9425b78fe84c0ef8096e2394b297,sum of 2023–2025 HCD APR units compared with full sixth-cycle allocation,"California tracks RHNA progress using issued building permits. Completion comparisons are supplemental descriptive evidence, not official RHNA credit.",planning_target_and_administrative_flows
rhna_delivery,rhna_permit_gap_units,Allocation less cumulative permits,06095,Solano,2023-2025,2025-12-31,planning-cycle progress snapshot,6161.0,housing units,CA_HCD_RHNA;CA_HCD_APR_TABLE_A2,HCD-RHNA-package-metadata;HCD-RHNA-sixth-cycle;HCD-APR-TABLE-A2-2023-portal-current;HCD-APR-TABLE-A2-2024-portal-current;HCD-APR-TABLE-A2-2025-portal-current,2026-08-10T17:11:13Z,0e9ecad539daa8ffa467b43016b48304b55517a8dd2800bd1bf5c590a387217a;cb793563be4b5d4b33af4b54191222fe9fbc38ff846a49923d9f423bd1851fc9;d5a42e856f7a486094b1a52da7413fa582d45472ab18a6ae572bba1930a8069c;efedc570ed4198bb4143b012c1926c817a047bd23278b2b2b19270889b52d13b;e5e85e9677a374bd30beeeb7848a802f790f9425b78fe84c0ef8096e2394b297,sum of 2023–2025 HCD APR units compared with full sixth-cycle allocation,"California tracks RHNA progress using issued building permits. Completion comparisons are supplemental descriptive evidence, not official RHNA credit.",planning_target_and_administrative_flows
rhna_delivery,rhna_permit_gap_units,Allocation less cumulative permits,06097,Sonoma,2023-2025,2025-12-31,planning-cycle progress snapshot,7256.0,housing units,CA_HCD_RHNA;CA_HCD_APR_TABLE_A2,HCD-RHNA-package-metadata;HCD-RHNA-sixth-cycle;HCD-APR-TABLE-A2-2023-portal-current;HCD-APR-TABLE-A2-2024-portal-current;HCD-APR-TABLE-A2-2025-portal-current,2026-08-10T17:11:13Z,0e9ecad539daa8ffa467b43016b48304b55517a8dd2800bd1bf5c590a387217a;cb793563be4b5d4b33af4b54191222fe9fbc38ff846a49923d9f423bd1851fc9;d5a42e856f7a486094b1a52da7413fa582d45472ab18a6ae572bba1930a8069c;efedc570ed4198bb4143b012c1926c817a047bd23278b2b2b19270889b52d13b;e5e85e9677a374bd30beeeb7848a802f790f9425b78fe84c0ef8096e2394b297,sum of 2023–2025 HCD APR units compared with full sixth-cycle allocation,"California tracks RHNA progress using issued building permits. Completion comparisons are supplemental descriptive evidence, not official RHNA credit.",planning_target_and_administrative_flows
rhna_delivery,rhna_permit_progress_pct,Permit progress toward sixth-cycle RHNA,06001,Alameda,2023-2025,2025-12-31,planning-cycle progress snapshot,16.523028866141555,percent,CA_HCD_RHNA;CA_HCD_APR_TABLE_A2,HCD-RHNA-package-metadata;HCD-RHNA-sixth-cycle;HCD-APR-TABLE-A2-2023-portal-current;HCD-APR-TABLE-A2-2024-portal-current;HCD-APR-TABLE-A2-2025-portal-current,2026-08-10T17:11:13Z,0e9ecad539daa8ffa467b43016b48304b55517a8dd2800bd1bf5c590a387217a;cb793563be4b5d4b33af4b54191222fe9fbc38ff846a49923d9f423bd1851fc9;d5a42e856f7a486094b1a52da7413fa582d45472ab18a6ae572bba1930a8069c;efedc570ed4198bb4143b012c1926c817a047bd23278b2b2b19270889b52d13b;e5e85e9677a374bd30beeeb7848a802f790f9425b78fe84c0ef8096e2394b297,sum of 2023–2025 HCD APR units compared with full sixth-cycle allocation,"California tracks RHNA progress using issued building permits. Completion comparisons are supplemental descriptive evidence, not official RHNA credit.",planning_target_and_administrative_flows
rhna_delivery,rhna_permit_progress_pct,Permit progress toward sixth-cycle RHNA,06013,Contra Costa,2023-2025,2025-12-31,planning-cycle progress snapshot,17.001406928613665,percent,CA_HCD_RHNA;CA_HCD_APR_TABLE_A2,HCD-RHNA-package-metadata;HCD-RHNA-sixth-cycle;HCD-APR-TABLE-A2-2023-portal-current;HCD-APR-TABLE-A2-2024-portal-current;HCD-APR-TABLE-A2-2025-portal-current,2026-08-10T17:11:13Z,0e9ecad539daa8ffa467b43016b48304b55517a8dd2800bd1bf5c590a387217a;cb793563be4b5d4b33af4b54191222fe9fbc38ff846a49923d9f423bd1851fc9;d5a42e856f7a486094b1a52da7413fa582d45472ab18a6ae572bba1930a8069c;efedc570ed4198bb4143b012c1926c817a047bd23278b2b2b19270889b52d13b;e5e85e9677a374bd30beeeb7848a802f790f9425b78fe84c0ef8096e2394b297,sum of 2023–2025 HCD APR units compared with full sixth-cycle allocation,"California tracks RHNA progress using issued building permits. Completion comparisons are supplemental descriptive evidence, not official RHNA credit.",planning_target_and_administrative_flows
rhna_delivery,rhna_permit_progress_pct,Permit progress toward sixth-cycle RHNA,06041,Marin,2023-2025,2025-12-31,planning-cycle progress snapshot,10.05206525511975,percent,CA_HCD_RHNA;CA_HCD_APR_TABLE_A2,HCD-RHNA-package-metadata;HCD-RHNA-sixth-cycle;HCD-APR-TABLE-A2-2023-portal-current;HCD-APR-TABLE-A2-2024-portal-current;HCD-APR-TABLE-A2-2025-portal-current,2026-08-10T17:11:13Z,0e9ecad539daa8ffa467b43016b48304b55517a8dd2800bd1bf5c590a387217a;cb793563be4b5d4b33af4b54191222fe9fbc38ff846a49923d9f423bd1851fc9;d5a42e856f7a486094b1a52da7413fa582d45472ab18a6ae572bba1930a8069c;efedc570ed4198bb4143b012c1926c817a047bd23278b2b2b19270889b52d13b;e5e85e9677a374bd30beeeb7848a802f790f9425b78fe84c0ef8096e2394b297,sum of 2023–2025 HCD APR units compared with full sixth-cycle allocation,"California tracks RHNA progress using issued building permits. Completion comparisons are supplemental descriptive evidence, not official RHNA credit.",planning_target_and_administrative_flows
rhna_delivery,rhna_permit_progress_pct,Permit progress toward sixth-cycle RHNA,06055,Napa,2023-2025,2025-12-31,planning-cycle progress snapshot,40.08844953173777,percent,CA_HCD_RHNA;CA_HCD_APR_TABLE_A2,HCD-RHNA-package-metadata;HCD-RHNA-sixth-cycle;HCD-APR-TABLE-A2-2023-portal-current;HCD-APR-TABLE-A2-2024-portal-current;HCD-APR-TABLE-A2-2025-portal-current,2026-08-10T17:11:13Z,0e9ecad539daa8ffa467b43016b48304b55517a8dd2800bd1bf5c590a387217a;cb793563be4b5d4b33af4b54191222fe9fbc38ff846a49923d9f423bd1851fc9;d5a42e856f7a486094b1a52da7413fa582d45472ab18a6ae572bba1930a8069c;efedc570ed4198bb4143b012c1926c817a047bd23278b2b2b19270889b52d13b;e5e85e9677a374bd30beeeb7848a802f790f9425b78fe84c0ef8096e2394b297,sum of 2023–2025 HCD APR units compared with full sixth-cycle allocation,"California tracks RHNA progress using issued building permits. Completion comparisons are supplemental descriptive evidence, not official RHNA credit.",planning_target_and_administrative_flows
rhna_delivery,rhna_permit_progress_pct,Permit progress toward sixth-cycle RHNA,06075,San Francisco,2023-2025,2025-12-31,planning-cycle progress snapshot,7.415711169869256,percent,CA_HCD_RHNA;CA_HCD_APR_TABLE_A2,HCD-RHNA-package-metadata;HCD-RHNA-sixth-cycle;HCD-APR-TABLE-A2-2023-portal-current;HCD-APR-TABLE-A2-2024-portal-current;HCD-APR-TABLE-A2-2025-portal-current,2026-08-10T17:11:13Z,0e9ecad539daa8ffa467b43016b48304b55517a8dd2800bd1bf5c590a387217a;cb793563be4b5d4b33af4b54191222fe9fbc38ff846a49923d9f423bd1851fc9;d5a42e856f7a486094b1a52da7413fa582d45472ab18a6ae572bba1930a8069c;efedc570ed4198bb4143b012c1926c817a047bd23278b2b2b19270889b52d13b;e5e85e9677a374bd30beeeb7848a802f790f9425b78fe84c0ef8096e2394b297,sum of 2023–2025 HCD APR units compared with full sixth-cycle allocation,"California tracks RHNA progress using issued building permits. Completion comparisons are supplemental descriptive evidence, not official RHNA credit.",planning_target_and_administrative_flows
rhna_delivery,rhna_permit_progress_pct,Permit progress toward sixth-cycle RHNA,06081,San Mateo,2023-2025,2025-12-31,planning-cycle progress snapshot,20.03900434080567,percent,CA_HCD_RHNA;CA_HCD_APR_TABLE_A2,HCD-RHNA-package-metadata;HCD-RHNA-sixth-cycle;HCD-APR-TABLE-A2-2023-portal-current;HCD-APR-TABLE-A2-2024-portal-current;HCD-APR-TABLE-A2-2025-portal-current,2026-08-10T17:11:13Z,0e9ecad539daa8ffa467b43016b48304b55517a8dd2800bd1bf5c590a387217a;cb793563be4b5d4b33af4b54191222fe9fbc38ff846a49923d9f423bd1851fc9;d5a42e856f7a486094b1a52da7413fa582d45472ab18a6ae572bba1930a8069c;efedc570ed4198bb4143b012c1926c817a047bd23278b2b2b19270889b52d13b;e5e85e9677a374bd30beeeb7848a802f790f9425b78fe84c0ef8096e2394b297,sum of 2023–2025 HCD APR units compared with full sixth-cycle allocation,"California tracks RHNA progress using issued building permits. Completion comparisons are supplemental descriptive evidence, not official RHNA credit.",planning_target_and_administrative_flows
rhna_delivery,rhna_permit_progress_pct,Permit progress toward sixth-cycle RHNA,06085,Santa Clara,2023-2025,2025-12-31,planning-cycle progress snapshot,15.812219761223057,percent,CA_HCD_RHNA;CA_HCD_APR_TABLE_A2,HCD-RHNA-package-metadata;HCD-RHNA-sixth-cycle;HCD-APR-TABLE-A2-2023-portal-current;HCD-APR-TABLE-A2-2024-portal-current;HCD-APR-TABLE-A2-2025-portal-current,2026-08-10T17:11:13Z,0e9ecad539daa8ffa467b43016b48304b55517a8dd2800bd1bf5c590a387217a;cb793563be4b5d4b33af4b54191222fe9fbc38ff846a49923d9f423bd1851fc9;d5a42e856f7a486094b1a52da7413fa582d45472ab18a6ae572bba1930a8069c;efedc570ed4198bb4143b012c1926c817a047bd23278b2b2b19270889b52d13b;e5e85e9677a374bd30beeeb7848a802f790f9425b78fe84c0ef8096e2394b297,sum of 2023–2025 HCD APR units compared with full sixth-cycle allocation,"California tracks RHNA progress using issued building permits. Completion comparisons are supplemental descriptive evidence, not official RHNA credit.",planning_target_and_administrative_flows
rhna_delivery,rhna_permit_progress_pct,Permit progress toward sixth-cycle RHNA,06095,Solano,2023-2025,2025-12-31,planning-cycle progress snapshot,43.95014556040756,percent,CA_HCD_RHNA;CA_HCD_APR_TABLE_A2,HCD-RHNA-package-metadata;HCD-RHNA-sixth-cycle;HCD-APR-TABLE-A2-2023-portal-current;HCD-APR-TABLE-A2-2024-portal-current;HCD-APR-TABLE-A2-2025-portal-current,2026-08-10T17:11:13Z,0e9ecad539daa8ffa467b43016b48304b55517a8dd2800bd1bf5c590a387217a;cb793563be4b5d4b33af4b54191222fe9fbc38ff846a49923d9f423bd1851fc9;d5a42e856f7a486094b1a52da7413fa582d45472ab18a6ae572bba1930a8069c;efedc570ed4198bb4143b012c1926c817a047bd23278b2b2b19270889b52d13b;e5e85e9677a374bd30beeeb7848a802f790f9425b78fe84c0ef8096e2394b297,sum of 2023–2025 HCD APR units compared with full sixth-cycle allocation,"California tracks RHNA progress using issued building permits. Completion comparisons are supplemental descriptive evidence, not official RHNA credit.",planning_target_and_administrative_flows
rhna_delivery,rhna_permit_progress_pct,Permit progress toward sixth-cycle RHNA,06097,Sonoma,2023-2025,2025-12-31,planning-cycle progress snapshot,50.17167971432496,percent,CA_HCD_RHNA;CA_HCD_APR_TABLE_A2,HCD-RHNA-package-metadata;HCD-RHNA-sixth-cycle;HCD-APR-TABLE-A2-2023-portal-current;HCD-APR-TABLE-A2-2024-portal-current;HCD-APR-TABLE-A2-2025-portal-current,2026-08-10T17:11:13Z,0e9ecad539daa8ffa467b43016b48304b55517a8dd2800bd1bf5c590a387217a;cb793563be4b5d4b33af4b54191222fe9fbc38ff846a49923d9f423bd1851fc9;d5a42e856f7a486094b1a52da7413fa582d45472ab18a6ae572bba1930a8069c;efedc570ed4198bb4143b012c1926c817a047bd23278b2b2b19270889b52d13b;e5e85e9677a374bd30beeeb7848a802f790f9425b78fe84c0ef8096e2394b297,sum of 2023–2025 HCD APR units compared with full sixth-cycle allocation,"California tracks RHNA progress using issued building permits. Completion comparisons are supplemental descriptive evidence, not official RHNA credit.",planning_target_and_administrative_flows
rhna_delivery,rhna_permitted_units,"Cumulative building-permit units, 2023–2025",06001,Alameda,2023-2025,2025-12-31,planning-cycle progress snapshot,14705.0,housing units,CA_HCD_RHNA;CA_HCD_APR_TABLE_A2,HCD-RHNA-package-metadata;HCD-RHNA-sixth-cycle;HCD-APR-TABLE-A2-2023-portal-current;HCD-APR-TABLE-A2-2024-portal-current;HCD-APR-TABLE-A2-2025-portal-current,2026-08-10T17:11:13Z,0e9ecad539daa8ffa467b43016b48304b55517a8dd2800bd1bf5c590a387217a;cb793563be4b5d4b33af4b54191222fe9fbc38ff846a49923d9f423bd1851fc9;d5a42e856f7a486094b1a52da7413fa582d45472ab18a6ae572bba1930a8069c;efedc570ed4198bb4143b012c1926c817a047bd23278b2b2b19270889b52d13b;e5e85e9677a374bd30beeeb7848a802f790f9425b78fe84c0ef8096e2394b297,published allocation or sum of annual HCD APR Table A2 units,"California tracks RHNA progress using issued building permits. Completion comparisons are supplemental descriptive evidence, not official RHNA credit.",planning_target_and_administrative_flows
rhna_delivery,rhna_permitted_units,"Cumulative building-permit units, 2023–2025",06013,Contra Costa,2023-2025,2025-12-31,planning-cycle progress snapshot,8338.0,housing units,CA_HCD_RHNA;CA_HCD_APR_TABLE_A2,HCD-RHNA-package-metadata;HCD-RHNA-sixth-cycle;HCD-APR-TABLE-A2-2023-portal-current;HCD-APR-TABLE-A2-2024-portal-current;HCD-APR-TABLE-A2-2025-portal-current,2026-08-10T17:11:13Z,0e9ecad539daa8ffa467b43016b48304b55517a8dd2800bd1bf5c590a387217a;cb793563be4b5d4b33af4b54191222fe9fbc38ff846a49923d9f423bd1851fc9;d5a42e856f7a486094b1a52da7413fa582d45472ab18a6ae572bba1930a8069c;efedc570ed4198bb4143b012c1926c817a047bd23278b2b2b19270889b52d13b;e5e85e9677a374bd30beeeb7848a802f790f9425b78fe84c0ef8096e2394b297,published allocation or sum of annual HCD APR Table A2 units,"California tracks RHNA progress using issued building permits. Completion comparisons are supplemental descriptive evidence, not official RHNA credit.",planning_target_and_administrative_flows
rhna_delivery,rhna_permitted_units,"Cumulative building-permit units, 2023–2025",06041,Marin,2023-2025,2025-12-31,planning-cycle progress snapshot,1448.0,housing units,CA_HCD_RHNA;CA_HCD_APR_TABLE_A2,HCD-RHNA-package-metadata;HCD-RHNA-sixth-cycle;HCD-APR-TABLE-A2-2023-portal-current;HCD-APR-TABLE-A2-2024-portal-current;HCD-APR-TABLE-A2-2025-portal-current,2026-08-10T17:11:13Z,0e9ecad539daa8ffa467b43016b48304b55517a8dd2800bd1bf5c590a387217a;cb793563be4b5d4b33af4b54191222fe9fbc38ff846a49923d9f423bd1851fc9;d5a42e856f7a486094b1a52da7413fa582d45472ab18a6ae572bba1930a8069c;efedc570ed4198bb4143b012c1926c817a047bd23278b2b2b19270889b52d13b;e5e85e9677a374bd30beeeb7848a802f790f9425b78fe84c0ef8096e2394b297,published allocation or sum of annual HCD APR Table A2 units,"California tracks RHNA progress using issued building permits. Completion comparisons are supplemental descriptive evidence, not official RHNA credit.",planning_target_and_administrative_flows
rhna_delivery,rhna_permitted_units,"Cumulative building-permit units, 2023–2025",06055,Napa,2023-2025,2025-12-31,planning-cycle progress snapshot,1541.0,housing units,CA_HCD_RHNA;CA_HCD_APR_TABLE_A2,HCD-RHNA-package-metadata;HCD-RHNA-sixth-cycle;HCD-APR-TABLE-A2-2023-portal-current;HCD-APR-TABLE-A2-2024-portal-current;HCD-APR-TABLE-A2-2025-portal-current,2026-08-10T17:11:13Z,0e9ecad539daa8ffa467b43016b48304b55517a8dd2800bd1bf5c590a387217a;cb793563be4b5d4b33af4b54191222fe9fbc38ff846a49923d9f423bd1851fc9;d5a42e856f7a486094b1a52da7413fa582d45472ab18a6ae572bba1930a8069c;efedc570ed4198bb4143b012c1926c817a047bd23278b2b2b19270889b52d13b;e5e85e9677a374bd30beeeb7848a802f790f9425b78fe84c0ef8096e2394b297,published allocation or sum of annual HCD APR Table A2 units,"California tracks RHNA progress using issued building permits. Completion comparisons are supplemental descriptive evidence, not official RHNA credit.",planning_target_and_administrative_flows
rhna_delivery,rhna_permitted_units,"Cumulative building-permit units, 2023–2025",06075,San Francisco,2023-2025,2025-12-31,planning-cycle progress snapshot,6086.0,housing units,CA_HCD_RHNA;CA_HCD_APR_TABLE_A2,HCD-RHNA-package-metadata;HCD-RHNA-sixth-cycle;HCD-APR-TABLE-A2-2023-portal-current;HCD-APR-TABLE-A2-2024-portal-current;HCD-APR-TABLE-A2-2025-portal-current,2026-08-10T17:11:13Z,0e9ecad539daa8ffa467b43016b48304b55517a8dd2800bd1bf5c590a387217a;cb793563be4b5d4b33af4b54191222fe9fbc38ff846a49923d9f423bd1851fc9;d5a42e856f7a486094b1a52da7413fa582d45472ab18a6ae572bba1930a8069c;efedc570ed4198bb4143b012c1926c817a047bd23278b2b2b19270889b52d13b;e5e85e9677a374bd30beeeb7848a802f790f9425b78fe84c0ef8096e2394b297,published allocation or sum of annual HCD APR Table A2 units,"California tracks RHNA progress using issued building permits. Completion comparisons are supplemental descriptive evidence, not official RHNA credit.",planning_target_and_administrative_flows
rhna_delivery,rhna_permitted_units,"Cumulative building-permit units, 2023–2025",06081,San Mateo,2023-2025,2025-12-31,planning-cycle progress snapshot,9556.0,housing units,CA_HCD_RHNA;CA_HCD_APR_TABLE_A2,HCD-RHNA-package-metadata;HCD-RHNA-sixth-cycle;HCD-APR-TABLE-A2-2023-portal-current;HCD-APR-TABLE-A2-2024-portal-current;HCD-APR-TABLE-A2-2025-portal-current,2026-08-10T17:11:13Z,0e9ecad539daa8ffa467b43016b48304b55517a8dd2800bd1bf5c590a387217a;cb793563be4b5d4b33af4b54191222fe9fbc38ff846a49923d9f423bd1851fc9;d5a42e856f7a486094b1a52da7413fa582d45472ab18a6ae572bba1930a8069c;efedc570ed4198bb4143b012c1926c817a047bd23278b2b2b19270889b52d13b;e5e85e9677a374bd30beeeb7848a802f790f9425b78fe84c0ef8096e2394b297,published allocation or sum of annual HCD APR Table A2 units,"California tracks RHNA progress using issued building permits. Completion comparisons are supplemental descriptive evidence, not official RHNA credit.",planning_target_and_administrative_flows
rhna_delivery,rhna_permitted_units,"Cumulative building-permit units, 2023–2025",06085,Santa Clara,2023-2025,2025-12-31,planning-cycle progress snapshot,20489.0,housing units,CA_HCD_RHNA;CA_HCD_APR_TABLE_A2,HCD-RHNA-package-metadata;HCD-RHNA-sixth-cycle;HCD-APR-TABLE-A2-2023-portal-current;HCD-APR-TABLE-A2-2024-portal-current;HCD-APR-TABLE-A2-2025-portal-current,2026-08-10T17:11:13Z,0e9ecad539daa8ffa467b43016b48304b55517a8dd2800bd1bf5c590a387217a;cb793563be4b5d4b33af4b54191222fe9fbc38ff846a49923d9f423bd1851fc9;d5a42e856f7a486094b1a52da7413fa582d45472ab18a6ae572bba1930a8069c;efedc570ed4198bb4143b012c1926c817a047bd23278b2b2b19270889b52d13b;e5e85e9677a374bd30beeeb7848a802f790f9425b78fe84c0ef8096e2394b297,published allocation or sum of annual HCD APR Table A2 units,"California tracks RHNA progress using issued building permits. Completion comparisons are supplemental descriptive evidence, not official RHNA credit.",planning_target_and_administrative_flows
rhna_delivery,rhna_permitted_units,"Cumulative building-permit units, 2023–2025",06095,Solano,2023-2025,2025-12-31,planning-cycle progress snapshot,4831.0,housing units,CA_HCD_RHNA;CA_HCD_APR_TABLE_A2,HCD-RHNA-package-metadata;HCD-RHNA-sixth-cycle;HCD-APR-TABLE-A2-2023-portal-current;HCD-APR-TABLE-A2-2024-portal-current;HCD-APR-TABLE-A2-2025-portal-current,2026-08-10T17:11:13Z,0e9ecad539daa8ffa467b43016b48304b55517a8dd2800bd1bf5c590a387217a;cb793563be4b5d4b33af4b54191222fe9fbc38ff846a49923d9f423bd1851fc9;d5a42e856f7a486094b1a52da7413fa582d45472ab18a6ae572bba1930a8069c;efedc570ed4198bb4143b012c1926c817a047bd23278b2b2b19270889b52d13b;e5e85e9677a374bd30beeeb7848a802f790f9425b78fe84c0ef8096e2394b297,published allocation or sum of annual HCD APR Table A2 units,"California tracks RHNA progress using issued building permits. Completion comparisons are supplemental descriptive evidence, not official RHNA credit.",planning_target_and_administrative_flows
rhna_delivery,rhna_permitted_units,"Cumulative building-permit units, 2023–2025",06097,Sonoma,2023-2025,2025-12-31,planning-cycle progress snapshot,7306.0,housing units,CA_HCD_RHNA;CA_HCD_APR_TABLE_A2,HCD-RHNA-package-metadata;HCD-RHNA-sixth-cycle;HCD-APR-TABLE-A2-2023-portal-current;HCD-APR-TABLE-A2-2024-portal-current;HCD-APR-TABLE-A2-2025-portal-current,2026-08-10T17:11:13Z,0e9ecad539daa8ffa467b43016b48304b55517a8dd2800bd1bf5c590a387217a;cb793563be4b5d4b33af4b54191222fe9fbc38ff846a49923d9f423bd1851fc9;d5a42e856f7a486094b1a52da7413fa582d45472ab18a6ae572bba1930a8069c;efedc570ed4198bb4143b012c1926c817a047bd23278b2b2b19270889b52d13b;e5e85e9677a374bd30beeeb7848a802f790f9425b78fe84c0ef8096e2394b297,published allocation or sum of annual HCD APR Table A2 units,"California tracks RHNA progress using issued building permits. Completion comparisons are supplemental descriptive evidence, not official RHNA credit.",planning_target_and_administrative_flows
zoning_and_rezoning,lower_intensity_share_of_residential_zoning_pct,Lower-intensity categories as share of residential-labeled mapped area,06001,Alameda,2021-2023 local source vintages,2024-12-19,irregular compiled inventory,56.52102486174632,percent,CA_LCI_STATEWIDE_ZONING,California-Statewide-Zoning-North-v2024-12-19,2026-08-10T17:11:13Z,fae60397b9b7a6dcf51132defc0aaa06561f0bdd85eabbe225122d97547daa7a,county sum of dataset-provided polygon area and transparent category shares,"Compiled zoning categories are descriptive, source vintages vary by jurisdiction, and mapped area is not legal development capacity.",single_compiled_inventory_not_current_policy_score
zoning_and_rezoning,lower_intensity_share_of_residential_zoning_pct,Lower-intensity categories as share of residential-labeled mapped area,06013,Contra Costa,2021-2023 local source vintages,2024-12-19,irregular compiled inventory,88.52732475023326,percent,CA_LCI_STATEWIDE_ZONING,California-Statewide-Zoning-North-v2024-12-19,2026-08-10T17:11:13Z,fae60397b9b7a6dcf51132defc0aaa06561f0bdd85eabbe225122d97547daa7a,county sum of dataset-provided polygon area and transparent category shares,"Compiled zoning categories are descriptive, source vintages vary by jurisdiction, and mapped area is not legal development capacity.",single_compiled_inventory_not_current_policy_score
zoning_and_rezoning,lower_intensity_share_of_residential_zoning_pct,Lower-intensity categories as share of residential-labeled mapped area,06041,Marin,2021-2023 local source vintages,2024-12-19,irregular compiled inventory,97.79687836130093,percent,CA_LCI_STATEWIDE_ZONING,California-Statewide-Zoning-North-v2024-12-19,2026-08-10T17:11:13Z,fae60397b9b7a6dcf51132defc0aaa06561f0bdd85eabbe225122d97547daa7a,county sum of dataset-provided polygon area and transparent category shares,"Compiled zoning categories are descriptive, source vintages vary by jurisdiction, and mapped area is not legal development capacity.",single_compiled_inventory_not_current_policy_score
zoning_and_rezoning,lower_intensity_share_of_residential_zoning_pct,Lower-intensity categories as share of residential-labeled mapped area,06055,Napa,2021-2023 local source vintages,2024-12-19,irregular compiled inventory,68.3898908566266,percent,CA_LCI_STATEWIDE_ZONING,California-Statewide-Zoning-North-v2024-12-19,2026-08-10T17:11:13Z,fae60397b9b7a6dcf51132defc0aaa06561f0bdd85eabbe225122d97547daa7a,county sum of dataset-provided polygon area and transparent category shares,"Compiled zoning categories are descriptive, source vintages vary by jurisdiction, and mapped area is not legal development capacity.",single_compiled_inventory_not_current_policy_score
zoning_and_rezoning,lower_intensity_share_of_residential_zoning_pct,Lower-intensity categories as share of residential-labeled mapped area,06075,San Francisco,2021-2023 local source vintages,2024-12-19,irregular compiled inventory,0.09483470489354623,percent,CA_LCI_STATEWIDE_ZONING,California-Statewide-Zoning-North-v2024-12-19,2026-08-10T17:11:13Z,fae60397b9b7a6dcf51132defc0aaa06561f0bdd85eabbe225122d97547daa7a,county sum of dataset-provided polygon area and transparent category shares,"Compiled zoning categories are descriptive, source vintages vary by jurisdiction, and mapped area is not legal development capacity.",single_compiled_inventory_not_current_policy_score
zoning_and_rezoning,lower_intensity_share_of_residential_zoning_pct,Lower-intensity categories as share of residential-labeled mapped area,06081,San Mateo,2021-2023 local source vintages,2024-12-19,irregular compiled inventory,77.02909177556158,percent,CA_LCI_STATEWIDE_ZONING,California-Statewide-Zoning-North-v2024-12-19,2026-08-10T17:11:13Z,fae60397b9b7a6dcf51132defc0aaa06561f0bdd85eabbe225122d97547daa7a,county sum of dataset-provided polygon area and transparent category shares,"Compiled zoning categories are descriptive, source vintages vary by jurisdiction, and mapped area is not legal development capacity.",single_compiled_inventory_not_current_policy_score
zoning_and_rezoning,lower_intensity_share_of_residential_zoning_pct,Lower-intensity categories as share of residential-labeled mapped area,06085,Santa Clara,2021-2023 local source vintages,2024-12-19,irregular compiled inventory,94.07915337101856,percent,CA_LCI_STATEWIDE_ZONING,California-Statewide-Zoning-North-v2024-12-19,2026-08-10T17:11:13Z,fae60397b9b7a6dcf51132defc0aaa06561f0bdd85eabbe225122d97547daa7a,county sum of dataset-provided polygon area and transparent category shares,"Compiled zoning categories are descriptive, source vintages vary by jurisdiction, and mapped area is not legal development capacity.",single_compiled_inventory_not_current_policy_score
zoning_and_rezoning,lower_intensity_share_of_residential_zoning_pct,Lower-intensity categories as share of residential-labeled mapped area,06095,Solano,2021-2023 local source vintages,2024-12-19,irregular compiled inventory,73.40518145220722,percent,CA_LCI_STATEWIDE_ZONING,California-Statewide-Zoning-North-v2024-12-19,2026-08-10T17:11:13Z,fae60397b9b7a6dcf51132defc0aaa06561f0bdd85eabbe225122d97547daa7a,county sum of dataset-provided polygon area and transparent category shares,"Compiled zoning categories are descriptive, source vintages vary by jurisdiction, and mapped area is not legal development capacity.",single_compiled_inventory_not_current_policy_score
zoning_and_rezoning,lower_intensity_share_of_residential_zoning_pct,Lower-intensity categories as share of residential-labeled mapped area,06097,Sonoma,2021-2023 local source vintages,2024-12-19,irregular compiled inventory,98.71549351397555,percent,CA_LCI_STATEWIDE_ZONING,California-Statewide-Zoning-North-v2024-12-19,2026-08-10T17:11:13Z,fae60397b9b7a6dcf51132defc0aaa06561f0bdd85eabbe225122d97547daa7a,county sum of dataset-provided polygon area and transparent category shares,"Compiled zoning categories are descriptive, source vintages vary by jurisdiction, and mapped area is not legal development capacity.",single_compiled_inventory_not_current_policy_score
zoning_and_rezoning,mapped_zoning_area_sq_km,Mapped zoning polygon area,06001,Alameda,2021-2023 local source vintages,2024-12-19,irregular compiled inventory,3172.742284894531,square kilometers,CA_LCI_STATEWIDE_ZONING,California-Statewide-Zoning-North-v2024-12-19,2026-08-10T17:11:13Z,fae60397b9b7a6dcf51132defc0aaa06561f0bdd85eabbe225122d97547daa7a,county sum of dataset-provided polygon area and transparent category shares,"Compiled zoning categories are descriptive, source vintages vary by jurisdiction, and mapped area is not legal development capacity.",single_compiled_inventory_not_current_policy_score
zoning_and_rezoning,mapped_zoning_area_sq_km,Mapped zoning polygon area,06013,Contra Costa,2021-2023 local source vintages,2024-12-19,irregular compiled inventory,3000.9963535273437,square kilometers,CA_LCI_STATEWIDE_ZONING,California-Statewide-Zoning-North-v2024-12-19,2026-08-10T17:11:13Z,fae60397b9b7a6dcf51132defc0aaa06561f0bdd85eabbe225122d97547daa7a,county sum of dataset-provided polygon area and transparent category shares,"Compiled zoning categories are descriptive, source vintages vary by jurisdiction, and mapped area is not legal development capacity.",single_compiled_inventory_not_current_policy_score
zoning_and_rezoning,mapped_zoning_area_sq_km,Mapped zoning polygon area,06041,Marin,2021-2023 local source vintages,2024-12-19,irregular compiled inventory,2452.385594300781,square kilometers,CA_LCI_STATEWIDE_ZONING,California-Statewide-Zoning-North-v2024-12-19,2026-08-10T17:11:13Z,fae60397b9b7a6dcf51132defc0aaa06561f0bdd85eabbe225122d97547daa7a,county sum of dataset-provided polygon area and transparent category shares,"Compiled zoning categories are descriptive, source vintages vary by jurisdiction, and mapped area is not legal development capacity.",single_compiled_inventory_not_current_policy_score
zoning_and_rezoning,mapped_zoning_area_sq_km,Mapped zoning polygon area,06055,Napa,2021-2023 local source vintages,2024-12-19,irregular compiled inventory,3338.7792184882815,square kilometers,CA_LCI_STATEWIDE_ZONING,California-Statewide-Zoning-North-v2024-12-19,2026-08-10T17:11:13Z,fae60397b9b7a6dcf51132defc0aaa06561f0bdd85eabbe225122d97547daa7a,county sum of dataset-provided polygon area and transparent category shares,"Compiled zoning categories are descriptive, source vintages vary by jurisdiction, and mapped area is not legal development capacity.",single_compiled_inventory_not_current_policy_score
zoning_and_rezoning,mapped_zoning_area_sq_km,Mapped zoning polygon area,06075,San Francisco,2021-2023 local source vintages,2024-12-19,irregular compiled inventory,195.387077875,square kilometers,CA_LCI_STATEWIDE_ZONING,California-Statewide-Zoning-North-v2024-12-19,2026-08-10T17:11:13Z,fae60397b9b7a6dcf51132defc0aaa06561f0bdd85eabbe225122d97547daa7a,county sum of dataset-provided polygon area and transparent category shares,"Compiled zoning categories are descriptive, source vintages vary by jurisdiction, and mapped area is not legal development capacity.",single_compiled_inventory_not_current_policy_score
zoning_and_rezoning,mapped_zoning_area_sq_km,Mapped zoning polygon area,06081,San Mateo,2021-2023 local source vintages,2024-12-19,irregular compiled inventory,1926.0411446523437,square kilometers,CA_LCI_STATEWIDE_ZONING,California-Statewide-Zoning-North-v2024-12-19,2026-08-10T17:11:13Z,fae60397b9b7a6dcf51132defc0aaa06561f0bdd85eabbe225122d97547daa7a,county sum of dataset-provided polygon area and transparent category shares,"Compiled zoning categories are descriptive, source vintages vary by jurisdiction, and mapped area is not legal development capacity.",single_compiled_inventory_not_current_policy_score
zoning_and_rezoning,mapped_zoning_area_sq_km,Mapped zoning polygon area,06085,Santa Clara,2021-2023 local source vintages,2024-12-19,irregular compiled inventory,5136.271462580902,square kilometers,CA_LCI_STATEWIDE_ZONING,California-Statewide-Zoning-North-v2024-12-19,2026-08-10T17:11:13Z,fae60397b9b7a6dcf51132defc0aaa06561f0bdd85eabbe225122d97547daa7a,county sum of dataset-provided polygon area and transparent category shares,"Compiled zoning categories are descriptive, source vintages vary by jurisdiction, and mapped area is not legal development capacity.",single_compiled_inventory_not_current_policy_score
zoning_and_rezoning,mapped_zoning_area_sq_km,Mapped zoning polygon area,06095,Solano,2021-2023 local source vintages,2024-12-19,irregular compiled inventory,3712.520885171875,square kilometers,CA_LCI_STATEWIDE_ZONING,California-Statewide-Zoning-North-v2024-12-19,2026-08-10T17:11:13Z,fae60397b9b7a6dcf51132defc0aaa06561f0bdd85eabbe225122d97547daa7a,county sum of dataset-provided polygon area and transparent category shares,"Compiled zoning categories are descriptive, source vintages vary by jurisdiction, and mapped area is not legal development capacity.",single_compiled_inventory_not_current_policy_score
zoning_and_rezoning,mapped_zoning_area_sq_km,Mapped zoning polygon area,06097,Sonoma,2021-2023 local source vintages,2024-12-19,irregular compiled inventory,6578.9744435,square kilometers,CA_LCI_STATEWIDE_ZONING,California-Statewide-Zoning-North-v2024-12-19,2026-08-10T17:11:13Z,fae60397b9b7a6dcf51132defc0aaa06561f0bdd85eabbe225122d97547daa7a,county sum of dataset-provided polygon area and transparent category shares,"Compiled zoning categories are descriptive, source vintages vary by jurisdiction, and mapped area is not legal development capacity.",single_compiled_inventory_not_current_policy_score
zoning_and_rezoning,mixed_use_share_of_mapped_zoning_pct,Mixed-use category as share of mapped area,06001,Alameda,2021-2023 local source vintages,2024-12-19,irregular compiled inventory,0.8446129239804707,percent,CA_LCI_STATEWIDE_ZONING,California-Statewide-Zoning-North-v2024-12-19,2026-08-10T17:11:13Z,fae60397b9b7a6dcf51132defc0aaa06561f0bdd85eabbe225122d97547daa7a,county sum of dataset-provided polygon area and transparent category shares,"Compiled zoning categories are descriptive, source vintages vary by jurisdiction, and mapped area is not legal development capacity.",single_compiled_inventory_not_current_policy_score
zoning_and_rezoning,mixed_use_share_of_mapped_zoning_pct,Mixed-use category as share of mapped area,06013,Contra Costa,2021-2023 local source vintages,2024-12-19,irregular compiled inventory,0.5459396553141536,percent,CA_LCI_STATEWIDE_ZONING,California-Statewide-Zoning-North-v2024-12-19,2026-08-10T17:11:13Z,fae60397b9b7a6dcf51132defc0aaa06561f0bdd85eabbe225122d97547daa7a,county sum of dataset-provided polygon area and transparent category shares,"Compiled zoning categories are descriptive, source vintages vary by jurisdiction, and mapped area is not legal development capacity.",single_compiled_inventory_not_current_policy_score
zoning_and_rezoning,mixed_use_share_of_mapped_zoning_pct,Mixed-use category as share of mapped area,06041,Marin,2021-2023 local source vintages,2024-12-19,irregular compiled inventory,0.2724599249297026,percent,CA_LCI_STATEWIDE_ZONING,California-Statewide-Zoning-North-v2024-12-19,2026-08-10T17:11:13Z,fae60397b9b7a6dcf51132defc0aaa06561f0bdd85eabbe225122d97547daa7a,county sum of dataset-provided polygon area and transparent category shares,"Compiled zoning categories are descriptive, source vintages vary by jurisdiction, and mapped area is not legal development capacity.",single_compiled_inventory_not_current_policy_score
zoning_and_rezoning,mixed_use_share_of_mapped_zoning_pct,Mixed-use category as share of mapped area,06055,Napa,2021-2023 local source vintages,2024-12-19,irregular compiled inventory,0.03562895614680265,percent,CA_LCI_STATEWIDE_ZONING,California-Statewide-Zoning-North-v2024-12-19,2026-08-10T17:11:13Z,fae60397b9b7a6dcf51132defc0aaa06561f0bdd85eabbe225122d97547daa7a,county sum of dataset-provided polygon area and transparent category shares,"Compiled zoning categories are descriptive, source vintages vary by jurisdiction, and mapped area is not legal development capacity.",single_compiled_inventory_not_current_policy_score
zoning_and_rezoning,mixed_use_share_of_mapped_zoning_pct,Mixed-use category as share of mapped area,06075,San Francisco,2021-2023 local source vintages,2024-12-19,irregular compiled inventory,11.422806390229146,percent,CA_LCI_STATEWIDE_ZONING,California-Statewide-Zoning-North-v2024-12-19,2026-08-10T17:11:13Z,fae60397b9b7a6dcf51132defc0aaa06561f0bdd85eabbe225122d97547daa7a,county sum of dataset-provided polygon area and transparent category shares,"Compiled zoning categories are descriptive, source vintages vary by jurisdiction, and mapped area is not legal development capacity.",single_compiled_inventory_not_current_policy_score
zoning_and_rezoning,mixed_use_share_of_mapped_zoning_pct,Mixed-use category as share of mapped area,06081,San Mateo,2021-2023 local source vintages,2024-12-19,irregular compiled inventory,0.7571419909704734,percent,CA_LCI_STATEWIDE_ZONING,California-Statewide-Zoning-North-v2024-12-19,2026-08-10T17:11:13Z,fae60397b9b7a6dcf51132defc0aaa06561f0bdd85eabbe225122d97547daa7a,county sum of dataset-provided polygon area and transparent category shares,"Compiled zoning categories are descriptive, source vintages vary by jurisdiction, and mapped area is not legal development capacity.",single_compiled_inventory_not_current_policy_score
zoning_and_rezoning,mixed_use_share_of_mapped_zoning_pct,Mixed-use category as share of mapped area,06085,Santa Clara,2021-2023 local source vintages,2024-12-19,irregular compiled inventory,0.2807798867868751,percent,CA_LCI_STATEWIDE_ZONING,California-Statewide-Zoning-North-v2024-12-19,2026-08-10T17:11:13Z,fae60397b9b7a6dcf51132defc0aaa06561f0bdd85eabbe225122d97547daa7a,county sum of dataset-provided polygon area and transparent category shares,"Compiled zoning categories are descriptive, source vintages vary by jurisdiction, and mapped area is not legal development capacity.",single_compiled_inventory_not_current_policy_score
zoning_and_rezoning,mixed_use_share_of_mapped_zoning_pct,Mixed-use category as share of mapped area,06095,Solano,2021-2023 local source vintages,2024-12-19,irregular compiled inventory,0.14479938332811226,percent,CA_LCI_STATEWIDE_ZONING,California-Statewide-Zoning-North-v2024-12-19,2026-08-10T17:11:13Z,fae60397b9b7a6dcf51132defc0aaa06561f0bdd85eabbe225122d97547daa7a,county sum of dataset-provided polygon area and transparent category shares,"Compiled zoning categories are descriptive, source vintages vary by jurisdiction, and mapped area is not legal development capacity.",single_compiled_inventory_not_current_policy_score
zoning_and_rezoning,mixed_use_share_of_mapped_zoning_pct,Mixed-use category as share of mapped area,06097,Sonoma,2021-2023 local source vintages,2024-12-19,irregular compiled inventory,0.1017571935459746,percent,CA_LCI_STATEWIDE_ZONING,California-Statewide-Zoning-North-v2024-12-19,2026-08-10T17:11:13Z,fae60397b9b7a6dcf51132defc0aaa06561f0bdd85eabbe225122d97547daa7a,county sum of dataset-provided polygon area and transparent category shares,"Compiled zoning categories are descriptive, source vintages vary by jurisdiction, and mapped area is not legal development capacity.",single_compiled_inventory_not_current_policy_score
zoning_and_rezoning,multifamily_share_of_residential_zoning_pct,Multi-family category as share of residential-labeled mapped area,06001,Alameda,2021-2023 local source vintages,2024-12-19,irregular compiled inventory,10.014296816616207,percent,CA_LCI_STATEWIDE_ZONING,California-Statewide-Zoning-North-v2024-12-19,2026-08-10T17:11:13Z,fae60397b9b7a6dcf51132defc0aaa06561f0bdd85eabbe225122d97547daa7a,county sum of dataset-provided polygon area and transparent category shares,"Compiled zoning categories are descriptive, source vintages vary by jurisdiction, and mapped area is not legal development capacity.",single_compiled_inventory_not_current_policy_score
zoning_and_rezoning,multifamily_share_of_residential_zoning_pct,Multi-family category as share of residential-labeled mapped area,06013,Contra Costa,2021-2023 local source vintages,2024-12-19,irregular compiled inventory,6.420266646355276,percent,CA_LCI_STATEWIDE_ZONING,California-Statewide-Zoning-North-v2024-12-19,2026-08-10T17:11:13Z,fae60397b9b7a6dcf51132defc0aaa06561f0bdd85eabbe225122d97547daa7a,county sum of dataset-provided polygon area and transparent category shares,"Compiled zoning categories are descriptive, source vintages vary by jurisdiction, and mapped area is not legal development capacity.",single_compiled_inventory_not_current_policy_score
zoning_and_rezoning,multifamily_share_of_residential_zoning_pct,Multi-family category as share of residential-labeled mapped area,06041,Marin,2021-2023 local source vintages,2024-12-19,irregular compiled inventory,1.6937905136859406,percent,CA_LCI_STATEWIDE_ZONING,California-Statewide-Zoning-North-v2024-12-19,2026-08-10T17:11:13Z,fae60397b9b7a6dcf51132defc0aaa06561f0bdd85eabbe225122d97547daa7a,county sum of dataset-provided polygon area and transparent category shares,"Compiled zoning categories are descriptive, source vintages vary by jurisdiction, and mapped area is not legal development capacity.",single_compiled_inventory_not_current_policy_score
zoning_and_rezoning,multifamily_share_of_residential_zoning_pct,Multi-family category as share of residential-labeled mapped area,06055,Napa,2021-2023 local source vintages,2024-12-19,irregular compiled inventory,6.931062056282563,percent,CA_LCI_STATEWIDE_ZONING,California-Statewide-Zoning-North-v2024-12-19,2026-08-10T17:11:13Z,fae60397b9b7a6dcf51132defc0aaa06561f0bdd85eabbe225122d97547daa7a,county sum of dataset-provided polygon area and transparent category shares,"Compiled zoning categories are descriptive, source vintages vary by jurisdiction, and mapped area is not legal development capacity.",single_compiled_inventory_not_current_policy_score
zoning_and_rezoning,multifamily_share_of_residential_zoning_pct,Multi-family category as share of residential-labeled mapped area,06075,San Francisco,2021-2023 local source vintages,2024-12-19,irregular compiled inventory,10.817134299456145,percent,CA_LCI_STATEWIDE_ZONING,California-Statewide-Zoning-North-v2024-12-19,2026-08-10T17:11:13Z,fae60397b9b7a6dcf51132defc0aaa06561f0bdd85eabbe225122d97547daa7a,county sum of dataset-provided polygon area and transparent category shares,"Compiled zoning categories are descriptive, source vintages vary by jurisdiction, and mapped area is not legal development capacity.",single_compiled_inventory_not_current_policy_score
zoning_and_rezoning,multifamily_share_of_residential_zoning_pct,Multi-family category as share of residential-labeled mapped area,06081,San Mateo,2021-2023 local source vintages,2024-12-19,irregular compiled inventory,6.476008600537041,percent,CA_LCI_STATEWIDE_ZONING,California-Statewide-Zoning-North-v2024-12-19,2026-08-10T17:11:13Z,fae60397b9b7a6dcf51132defc0aaa06561f0bdd85eabbe225122d97547daa7a,county sum of dataset-provided polygon area and transparent category shares,"Compiled zoning categories are descriptive, source vintages vary by jurisdiction, and mapped area is not legal development capacity.",single_compiled_inventory_not_current_policy_score
zoning_and_rezoning,multifamily_share_of_residential_zoning_pct,Multi-family category as share of residential-labeled mapped area,06085,Santa Clara,2021-2023 local source vintages,2024-12-19,irregular compiled inventory,3.5603462310872405,percent,CA_LCI_STATEWIDE_ZONING,California-Statewide-Zoning-North-v2024-12-19,2026-08-10T17:11:13Z,fae60397b9b7a6dcf51132defc0aaa06561f0bdd85eabbe225122d97547daa7a,county sum of dataset-provided polygon area and transparent category shares,"Compiled zoning categories are descriptive, source vintages vary by jurisdiction, and mapped area is not legal development capacity.",single_compiled_inventory_not_current_policy_score
zoning_and_rezoning,multifamily_share_of_residential_zoning_pct,Multi-family category as share of residential-labeled mapped area,06095,Solano,2021-2023 local source vintages,2024-12-19,irregular compiled inventory,6.854238077725245,percent,CA_LCI_STATEWIDE_ZONING,California-Statewide-Zoning-North-v2024-12-19,2026-08-10T17:11:13Z,fae60397b9b7a6dcf51132defc0aaa06561f0bdd85eabbe225122d97547daa7a,county sum of dataset-provided polygon area and transparent category shares,"Compiled zoning categories are descriptive, source vintages vary by jurisdiction, and mapped area is not legal development capacity.",single_compiled_inventory_not_current_policy_score
zoning_and_rezoning,multifamily_share_of_residential_zoning_pct,Multi-family category as share of residential-labeled mapped area,06097,Sonoma,2021-2023 local source vintages,2024-12-19,irregular compiled inventory,0.5891143846875845,percent,CA_LCI_STATEWIDE_ZONING,California-Statewide-Zoning-North-v2024-12-19,2026-08-10T17:11:13Z,fae60397b9b7a6dcf51132defc0aaa06561f0bdd85eabbe225122d97547daa7a,county sum of dataset-provided polygon area and transparent category shares,"Compiled zoning categories are descriptive, source vintages vary by jurisdiction, and mapped area is not legal development capacity.",single_compiled_inventory_not_current_policy_score
zoning_and_rezoning,reported_rezone_acres,Reported Table C parcel area,06001,Alameda,2018,2018-12-31,annual administrative reporting,47.58,acres,CA_HCD_APR_TABLE_C,HCD-APR-TABLE-C-portal-current,2026-08-10T17:11:13Z,c09281d5e563a43685f6d665e807001f4d32a8eb4b47ced00e83f3e066d8ba26,county sum of HCD APR Table C records,"Table C is required only for specified shortfall, unaccommodated-need, or no-net-loss circumstances. Zero records do not mean no rezoning occurred.",conditional_reporting_universe
zoning_and_rezoning,reported_rezone_acres,Reported Table C parcel area,06001,Alameda,2019,2019-12-31,annual administrative reporting,2.46,acres,CA_HCD_APR_TABLE_C,HCD-APR-TABLE-C-portal-current,2026-08-10T17:11:13Z,c09281d5e563a43685f6d665e807001f4d32a8eb4b47ced00e83f3e066d8ba26,county sum of HCD APR Table C records,"Table C is required only for specified shortfall, unaccommodated-need, or no-net-loss circumstances. Zero records do not mean no rezoning occurred.",conditional_reporting_universe
zoning_and_rezoning,reported_rezone_acres,Reported Table C parcel area,06001,Alameda,2020,2020-12-31,annual administrative reporting,2.46,acres,CA_HCD_APR_TABLE_C,HCD-APR-TABLE-C-portal-current,2026-08-10T17:11:13Z,c09281d5e563a43685f6d665e807001f4d32a8eb4b47ced00e83f3e066d8ba26,county sum of HCD APR Table C records,"Table C is required only for specified shortfall, unaccommodated-need, or no-net-loss circumstances. Zero records do not mean no rezoning occurred.",conditional_reporting_universe
zoning_and_rezoning,reported_rezone_acres,Reported Table C parcel area,06001,Alameda,2021,2021-12-31,annual administrative reporting,0,acres,CA_HCD_APR_TABLE_C,HCD-APR-TABLE-C-portal-current,2026-08-10T17:11:13Z,c09281d5e563a43685f6d665e807001f4d32a8eb4b47ced00e83f3e066d8ba26,county sum of HCD APR Table C records,"Table C is required only for specified shortfall, unaccommodated-need, or no-net-loss circumstances. Zero records do not mean no rezoning occurred.",conditional_reporting_universe
zoning_and_rezoning,reported_rezone_acres,Reported Table C parcel area,06001,Alameda,2022,2022-12-31,annual administrative reporting,0,acres,CA_HCD_APR_TABLE_C,HCD-APR-TABLE-C-portal-current,2026-08-10T17:11:13Z,c09281d5e563a43685f6d665e807001f4d32a8eb4b47ced00e83f3e066d8ba26,county sum of HCD APR Table C records,"Table C is required only for specified shortfall, unaccommodated-need, or no-net-loss circumstances. Zero records do not mean no rezoning occurred.",conditional_reporting_universe
zoning_and_rezoning,reported_rezone_acres,Reported Table C parcel area,06001,Alameda,2023,2023-12-31,annual administrative reporting,0,acres,CA_HCD_APR_TABLE_C,HCD-APR-TABLE-C-portal-current,2026-08-10T17:11:13Z,c09281d5e563a43685f6d665e807001f4d32a8eb4b47ced00e83f3e066d8ba26,county sum of HCD APR Table C records,"Table C is required only for specified shortfall, unaccommodated-need, or no-net-loss circumstances. Zero records do not mean no rezoning occurred.",conditional_reporting_universe
zoning_and_rezoning,reported_rezone_acres,Reported Table C parcel area,06001,Alameda,2024,2024-12-31,annual administrative reporting,9.15,acres,CA_HCD_APR_TABLE_C,HCD-APR-TABLE-C-portal-current,2026-08-10T17:11:13Z,c09281d5e563a43685f6d665e807001f4d32a8eb4b47ced00e83f3e066d8ba26,county sum of HCD APR Table C records,"Table C is required only for specified shortfall, unaccommodated-need, or no-net-loss circumstances. Zero records do not mean no rezoning occurred.",conditional_reporting_universe
zoning_and_rezoning,reported_rezone_acres,Reported Table C parcel area,06001,Alameda,2025,2025-12-31,annual administrative reporting,9.15,acres,CA_HCD_APR_TABLE_C,HCD-APR-TABLE-C-portal-current,2026-08-10T17:11:13Z,c09281d5e563a43685f6d665e807001f4d32a8eb4b47ced00e83f3e066d8ba26,county sum of HCD APR Table C records,"Table C is required only for specified shortfall, unaccommodated-need, or no-net-loss circumstances. Zero records do not mean no rezoning occurred.",conditional_reporting_universe
zoning_and_rezoning,reported_rezone_acres,Reported Table C parcel area,06013,Contra Costa,2018,2018-12-31,annual administrative reporting,0,acres,CA_HCD_APR_TABLE_C,HCD-APR-TABLE-C-portal-current,2026-08-10T17:11:13Z,c09281d5e563a43685f6d665e807001f4d32a8eb4b47ced00e83f3e066d8ba26,county sum of HCD APR Table C records,"Table C is required only for specified shortfall, unaccommodated-need, or no-net-loss circumstances. Zero records do not mean no rezoning occurred.",conditional_reporting_universe
zoning_and_rezoning,reported_rezone_acres,Reported Table C parcel area,06013,Contra Costa,2019,2019-12-31,annual administrative reporting,0,acres,CA_HCD_APR_TABLE_C,HCD-APR-TABLE-C-portal-current,2026-08-10T17:11:13Z,c09281d5e563a43685f6d665e807001f4d32a8eb4b47ced00e83f3e066d8ba26,county sum of HCD APR Table C records,"Table C is required only for specified shortfall, unaccommodated-need, or no-net-loss circumstances. Zero records do not mean no rezoning occurred.",conditional_reporting_universe
zoning_and_rezoning,reported_rezone_acres,Reported Table C parcel area,06013,Contra Costa,2020,2020-12-31,annual administrative reporting,0,acres,CA_HCD_APR_TABLE_C,HCD-APR-TABLE-C-portal-current,2026-08-10T17:11:13Z,c09281d5e563a43685f6d665e807001f4d32a8eb4b47ced00e83f3e066d8ba26,county sum of HCD APR Table C records,"Table C is required only for specified shortfall, unaccommodated-need, or no-net-loss circumstances. Zero records do not mean no rezoning occurred.",conditional_reporting_universe
zoning_and_rezoning,reported_rezone_acres,Reported Table C parcel area,06013,Contra Costa,2021,2021-12-31,annual administrative reporting,0,acres,CA_HCD_APR_TABLE_C,HCD-APR-TABLE-C-portal-current,2026-08-10T17:11:13Z,c09281d5e563a43685f6d665e807001f4d32a8eb4b47ced00e83f3e066d8ba26,county sum of HCD APR Table C records,"Table C is required only for specified shortfall, unaccommodated-need, or no-net-loss circumstances. Zero records do not mean no rezoning occurred.",conditional_reporting_universe
zoning_and_rezoning,reported_rezone_acres,Reported Table C parcel area,06013,Contra Costa,2022,2022-12-31,annual administrative reporting,0,acres,CA_HCD_APR_TABLE_C,HCD-APR-TABLE-C-portal-current,2026-08-10T17:11:13Z,c09281d5e563a43685f6d665e807001f4d32a8eb4b47ced00e83f3e066d8ba26,county sum of HCD APR Table C records,"Table C is required only for specified shortfall, unaccommodated-need, or no-net-loss circumstances. Zero records do not mean no rezoning occurred.",conditional_reporting_universe
zoning_and_rezoning,reported_rezone_acres,Reported Table C parcel area,06013,Contra Costa,2023,2023-12-31,annual administrative reporting,686.345,acres,CA_HCD_APR_TABLE_C,HCD-APR-TABLE-C-portal-current,2026-08-10T17:11:13Z,c09281d5e563a43685f6d665e807001f4d32a8eb4b47ced00e83f3e066d8ba26,county sum of HCD APR Table C records,"Table C is required only for specified shortfall, unaccommodated-need, or no-net-loss circumstances. Zero records do not mean no rezoning occurred.",conditional_reporting_universe
zoning_and_rezoning,reported_rezone_acres,Reported Table C parcel area,06013,Contra Costa,2024,2024-12-31,annual administrative reporting,0,acres,CA_HCD_APR_TABLE_C,HCD-APR-TABLE-C-portal-current,2026-08-10T17:11:13Z,c09281d5e563a43685f6d665e807001f4d32a8eb4b47ced00e83f3e066d8ba26,county sum of HCD APR Table C records,"Table C is required only for specified shortfall, unaccommodated-need, or no-net-loss circumstances. Zero records do not mean no rezoning occurred.",conditional_reporting_universe
zoning_and_rezoning,reported_rezone_acres,Reported Table C parcel area,06013,Contra Costa,2025,2025-12-31,annual administrative reporting,69.31,acres,CA_HCD_APR_TABLE_C,HCD-APR-TABLE-C-portal-current,2026-08-10T17:11:13Z,c09281d5e563a43685f6d665e807001f4d32a8eb4b47ced00e83f3e066d8ba26,county sum of HCD APR Table C records,"Table C is required only for specified shortfall, unaccommodated-need, or no-net-loss circumstances. Zero records do not mean no rezoning occurred.",conditional_reporting_universe
zoning_and_rezoning,reported_rezone_acres,Reported Table C parcel area,06041,Marin,2018,2018-12-31,annual administrative reporting,0,acres,CA_HCD_APR_TABLE_C,HCD-APR-TABLE-C-portal-current,2026-08-10T17:11:13Z,c09281d5e563a43685f6d665e807001f4d32a8eb4b47ced00e83f3e066d8ba26,county sum of HCD APR Table C records,"Table C is required only for specified shortfall, unaccommodated-need, or no-net-loss circumstances. Zero records do not mean no rezoning occurred.",conditional_reporting_universe
zoning_and_rezoning,reported_rezone_acres,Reported Table C parcel area,06041,Marin,2019,2019-12-31,annual administrative reporting,0,acres,CA_HCD_APR_TABLE_C,HCD-APR-TABLE-C-portal-current,2026-08-10T17:11:13Z,c09281d5e563a43685f6d665e807001f4d32a8eb4b47ced00e83f3e066d8ba26,county sum of HCD APR Table C records,"Table C is required only for specified shortfall, unaccommodated-need, or no-net-loss circumstances. Zero records do not mean no rezoning occurred.",conditional_reporting_universe
zoning_and_rezoning,reported_rezone_acres,Reported Table C parcel area,06041,Marin,2020,2020-12-31,annual administrative reporting,0,acres,CA_HCD_APR_TABLE_C,HCD-APR-TABLE-C-portal-current,2026-08-10T17:11:13Z,c09281d5e563a43685f6d665e807001f4d32a8eb4b47ced00e83f3e066d8ba26,county sum of HCD APR Table C records,"Table C is required only for specified shortfall, unaccommodated-need, or no-net-loss circumstances. Zero records do not mean no rezoning occurred.",conditional_reporting_universe
zoning_and_rezoning,reported_rezone_acres,Reported Table C parcel area,06041,Marin,2021,2021-12-31,annual administrative reporting,0,acres,CA_HCD_APR_TABLE_C,HCD-APR-TABLE-C-portal-current,2026-08-10T17:11:13Z,c09281d5e563a43685f6d665e807001f4d32a8eb4b47ced00e83f3e066d8ba26,county sum of HCD APR Table C records,"Table C is required only for specified shortfall, unaccommodated-need, or no-net-loss circumstances. Zero records do not mean no rezoning occurred.",conditional_reporting_universe
zoning_and_rezoning,reported_rezone_acres,Reported Table C parcel area,06041,Marin,2022,2022-12-31,annual administrative reporting,0,acres,CA_HCD_APR_TABLE_C,HCD-APR-TABLE-C-portal-current,2026-08-10T17:11:13Z,c09281d5e563a43685f6d665e807001f4d32a8eb4b47ced00e83f3e066d8ba26,county sum of HCD APR Table C records,"Table C is required only for specified shortfall, unaccommodated-need, or no-net-loss circumstances. Zero records do not mean no rezoning occurred.",conditional_reporting_universe
zoning_and_rezoning,reported_rezone_acres,Reported Table C parcel area,06041,Marin,2023,2023-12-31,annual administrative reporting,46.68,acres,CA_HCD_APR_TABLE_C,HCD-APR-TABLE-C-portal-current,2026-08-10T17:11:13Z,c09281d5e563a43685f6d665e807001f4d32a8eb4b47ced00e83f3e066d8ba26,county sum of HCD APR Table C records,"Table C is required only for specified shortfall, unaccommodated-need, or no-net-loss circumstances. Zero records do not mean no rezoning occurred.",conditional_reporting_universe
zoning_and_rezoning,reported_rezone_acres,Reported Table C parcel area,06041,Marin,2024,2024-12-31,annual administrative reporting,53.623001076,acres,CA_HCD_APR_TABLE_C,HCD-APR-TABLE-C-portal-current,2026-08-10T17:11:13Z,c09281d5e563a43685f6d665e807001f4d32a8eb4b47ced00e83f3e066d8ba26,county sum of HCD APR Table C records,"Table C is required only for specified shortfall, unaccommodated-need, or no-net-loss circumstances. Zero records do not mean no rezoning occurred.",conditional_reporting_universe
zoning_and_rezoning,reported_rezone_acres,Reported Table C parcel area,06041,Marin,2025,2025-12-31,annual administrative reporting,36.4357273307578,acres,CA_HCD_APR_TABLE_C,HCD-APR-TABLE-C-portal-current,2026-08-10T17:11:13Z,c09281d5e563a43685f6d665e807001f4d32a8eb4b47ced00e83f3e066d8ba26,county sum of HCD APR Table C records,"Table C is required only for specified shortfall, unaccommodated-need, or no-net-loss circumstances. Zero records do not mean no rezoning occurred.",conditional_reporting_universe
zoning_and_rezoning,reported_rezone_acres,Reported Table C parcel area,06055,Napa,2018,2018-12-31,annual administrative reporting,0,acres,CA_HCD_APR_TABLE_C,HCD-APR-TABLE-C-portal-current,2026-08-10T17:11:13Z,c09281d5e563a43685f6d665e807001f4d32a8eb4b47ced00e83f3e066d8ba26,county sum of HCD APR Table C records,"Table C is required only for specified shortfall, unaccommodated-need, or no-net-loss circumstances. Zero records do not mean no rezoning occurred.",conditional_reporting_universe
zoning_and_rezoning,reported_rezone_acres,Reported Table C parcel area,06055,Napa,2019,2019-12-31,annual administrative reporting,0,acres,CA_HCD_APR_TABLE_C,HCD-APR-TABLE-C-portal-current,2026-08-10T17:11:13Z,c09281d5e563a43685f6d665e807001f4d32a8eb4b47ced00e83f3e066d8ba26,county sum of HCD APR Table C records,"Table C is required only for specified shortfall, unaccommodated-need, or no-net-loss circumstances. Zero records do not mean no rezoning occurred.",conditional_reporting_universe
zoning_and_rezoning,reported_rezone_acres,Reported Table C parcel area,06055,Napa,2020,2020-12-31,annual administrative reporting,0,acres,CA_HCD_APR_TABLE_C,HCD-APR-TABLE-C-portal-current,2026-08-10T17:11:13Z,c09281d5e563a43685f6d665e807001f4d32a8eb4b47ced00e83f3e066d8ba26,county sum of HCD APR Table C records,"Table C is required only for specified shortfall, unaccommodated-need, or no-net-loss circumstances. Zero records do not mean no rezoning occurred.",conditional_reporting_universe
zoning_and_rezoning,reported_rezone_acres,Reported Table C parcel area,06055,Napa,2021,2021-12-31,annual administrative reporting,0,acres,CA_HCD_APR_TABLE_C,HCD-APR-TABLE-C-portal-current,2026-08-10T17:11:13Z,c09281d5e563a43685f6d665e807001f4d32a8eb4b47ced00e83f3e066d8ba26,county sum of HCD APR Table C records,"Table C is required only for specified shortfall, unaccommodated-need, or no-net-loss circumstances. Zero records do not mean no rezoning occurred.",conditional_reporting_universe
zoning_and_rezoning,reported_rezone_acres,Reported Table C parcel area,06055,Napa,2022,2022-12-31,annual administrative reporting,0,acres,CA_HCD_APR_TABLE_C,HCD-APR-TABLE-C-portal-current,2026-08-10T17:11:13Z,c09281d5e563a43685f6d665e807001f4d32a8eb4b47ced00e83f3e066d8ba26,county sum of HCD APR Table C records,"Table C is required only for specified shortfall, unaccommodated-need, or no-net-loss circumstances. Zero records do not mean no rezoning occurred.",conditional_reporting_universe
zoning_and_rezoning,reported_rezone_acres,Reported Table C parcel area,06055,Napa,2023,2023-12-31,annual administrative reporting,0,acres,CA_HCD_APR_TABLE_C,HCD-APR-TABLE-C-portal-current,2026-08-10T17:11:13Z,c09281d5e563a43685f6d665e807001f4d32a8eb4b47ced00e83f3e066d8ba26,county sum of HCD APR Table C records,"Table C is required only for specified shortfall, unaccommodated-need, or no-net-loss circumstances. Zero records do not mean no rezoning occurred.",conditional_reporting_universe
zoning_and_rezoning,reported_rezone_acres,Reported Table C parcel area,06055,Napa,2024,2024-12-31,annual administrative reporting,0,acres,CA_HCD_APR_TABLE_C,HCD-APR-TABLE-C-portal-current,2026-08-10T17:11:13Z,c09281d5e563a43685f6d665e807001f4d32a8eb4b47ced00e83f3e066d8ba26,county sum of HCD APR Table C records,"Table C is required only for specified shortfall, unaccommodated-need, or no-net-loss circumstances. Zero records do not mean no rezoning occurred.",conditional_reporting_universe
zoning_and_rezoning,reported_rezone_acres,Reported Table C parcel area,06055,Napa,2025,2025-12-31,annual administrative reporting,0.21,acres,CA_HCD_APR_TABLE_C,HCD-APR-TABLE-C-portal-current,2026-08-10T17:11:13Z,c09281d5e563a43685f6d665e807001f4d32a8eb4b47ced00e83f3e066d8ba26,county sum of HCD APR Table C records,"Table C is required only for specified shortfall, unaccommodated-need, or no-net-loss circumstances. Zero records do not mean no rezoning occurred.",conditional_reporting_universe
zoning_and_rezoning,reported_rezone_acres,Reported Table C parcel area,06075,San Francisco,2018,2018-12-31,annual administrative reporting,0,acres,CA_HCD_APR_TABLE_C,HCD-APR-TABLE-C-portal-current,2026-08-10T17:11:13Z,c09281d5e563a43685f6d665e807001f4d32a8eb4b47ced00e83f3e066d8ba26,county sum of HCD APR Table C records,"Table C is required only for specified shortfall, unaccommodated-need, or no-net-loss circumstances. Zero records do not mean no rezoning occurred.",conditional_reporting_universe
zoning_and_rezoning,reported_rezone_acres,Reported Table C parcel area,06075,San Francisco,2019,2019-12-31,annual administrative reporting,0,acres,CA_HCD_APR_TABLE_C,HCD-APR-TABLE-C-portal-current,2026-08-10T17:11:13Z,c09281d5e563a43685f6d665e807001f4d32a8eb4b47ced00e83f3e066d8ba26,county sum of HCD APR Table C records,"Table C is required only for specified shortfall, unaccommodated-need, or no-net-loss circumstances. Zero records do not mean no rezoning occurred.",conditional_reporting_universe
zoning_and_rezoning,reported_rezone_acres,Reported Table C parcel area,06075,San Francisco,2020,2020-12-31,annual administrative reporting,0,acres,CA_HCD_APR_TABLE_C,HCD-APR-TABLE-C-portal-current,2026-08-10T17:11:13Z,c09281d5e563a43685f6d665e807001f4d32a8eb4b47ced00e83f3e066d8ba26,county sum of HCD APR Table C records,"Table C is required only for specified shortfall, unaccommodated-need, or no-net-loss circumstances. Zero records do not mean no rezoning occurred.",conditional_reporting_universe
zoning_and_rezoning,reported_rezone_acres,Reported Table C parcel area,06075,San Francisco,2021,2021-12-31,annual administrative reporting,0,acres,CA_HCD_APR_TABLE_C,HCD-APR-TABLE-C-portal-current,2026-08-10T17:11:13Z,c09281d5e563a43685f6d665e807001f4d32a8eb4b47ced00e83f3e066d8ba26,county sum of HCD APR Table C records,"Table C is required only for specified shortfall, unaccommodated-need, or no-net-loss circumstances. Zero records do not mean no rezoning occurred.",conditional_reporting_universe
zoning_and_rezoning,reported_rezone_acres,Reported Table C parcel area,06075,San Francisco,2022,2022-12-31,annual administrative reporting,0,acres,CA_HCD_APR_TABLE_C,HCD-APR-TABLE-C-portal-current,2026-08-10T17:11:13Z,c09281d5e563a43685f6d665e807001f4d32a8eb4b47ced00e83f3e066d8ba26,county sum of HCD APR Table C records,"Table C is required only for specified shortfall, unaccommodated-need, or no-net-loss circumstances. Zero records do not mean no rezoning occurred.",conditional_reporting_universe
zoning_and_rezoning,reported_rezone_acres,Reported Table C parcel area,06075,San Francisco,2023,2023-12-31,annual administrative reporting,0,acres,CA_HCD_APR_TABLE_C,HCD-APR-TABLE-C-portal-current,2026-08-10T17:11:13Z,c09281d5e563a43685f6d665e807001f4d32a8eb4b47ced00e83f3e066d8ba26,county sum of HCD APR Table C records,"Table C is required only for specified shortfall, unaccommodated-need, or no-net-loss circumstances. Zero records do not mean no rezoning occurred.",conditional_reporting_universe
zoning_and_rezoning,reported_rezone_acres,Reported Table C parcel area,06075,San Francisco,2024,2024-12-31,annual administrative reporting,0,acres,CA_HCD_APR_TABLE_C,HCD-APR-TABLE-C-portal-current,2026-08-10T17:11:13Z,c09281d5e563a43685f6d665e807001f4d32a8eb4b47ced00e83f3e066d8ba26,county sum of HCD APR Table C records,"Table C is required only for specified shortfall, unaccommodated-need, or no-net-loss circumstances. Zero records do not mean no rezoning occurred.",conditional_reporting_universe
zoning_and_rezoning,reported_rezone_acres,Reported Table C parcel area,06075,San Francisco,2025,2025-12-31,annual administrative reporting,3883.5090868381412,acres,CA_HCD_APR_TABLE_C,HCD-APR-TABLE-C-portal-current,2026-08-10T17:11:13Z,c09281d5e563a43685f6d665e807001f4d32a8eb4b47ced00e83f3e066d8ba26,county sum of HCD APR Table C records,"Table C is required only for specified shortfall, unaccommodated-need, or no-net-loss circumstances. Zero records do not mean no rezoning occurred.",conditional_reporting_universe
zoning_and_rezoning,reported_rezone_acres,Reported Table C parcel area,06081,San Mateo,2018,2018-12-31,annual administrative reporting,11.71,acres,CA_HCD_APR_TABLE_C,HCD-APR-TABLE-C-portal-current,2026-08-10T17:11:13Z,c09281d5e563a43685f6d665e807001f4d32a8eb4b47ced00e83f3e066d8ba26,county sum of HCD APR Table C records,"Table C is required only for specified shortfall, unaccommodated-need, or no-net-loss circumstances. Zero records do not mean no rezoning occurred.",conditional_reporting_universe
zoning_and_rezoning,reported_rezone_acres,Reported Table C parcel area,06081,San Mateo,2019,2019-12-31,annual administrative reporting,10.71,acres,CA_HCD_APR_TABLE_C,HCD-APR-TABLE-C-portal-current,2026-08-10T17:11:13Z,c09281d5e563a43685f6d665e807001f4d32a8eb4b47ced00e83f3e066d8ba26,county sum of HCD APR Table C records,"Table C is required only for specified shortfall, unaccommodated-need, or no-net-loss circumstances. Zero records do not mean no rezoning occurred.",conditional_reporting_universe
zoning_and_rezoning,reported_rezone_acres,Reported Table C parcel area,06081,San Mateo,2020,2020-12-31,annual administrative reporting,10.71,acres,CA_HCD_APR_TABLE_C,HCD-APR-TABLE-C-portal-current,2026-08-10T17:11:13Z,c09281d5e563a43685f6d665e807001f4d32a8eb4b47ced00e83f3e066d8ba26,county sum of HCD APR Table C records,"Table C is required only for specified shortfall, unaccommodated-need, or no-net-loss circumstances. Zero records do not mean no rezoning occurred.",conditional_reporting_universe
zoning_and_rezoning,reported_rezone_acres,Reported Table C parcel area,06081,San Mateo,2021,2021-12-31,annual administrative reporting,0,acres,CA_HCD_APR_TABLE_C,HCD-APR-TABLE-C-portal-current,2026-08-10T17:11:13Z,c09281d5e563a43685f6d665e807001f4d32a8eb4b47ced00e83f3e066d8ba26,county sum of HCD APR Table C records,"Table C is required only for specified shortfall, unaccommodated-need, or no-net-loss circumstances. Zero records do not mean no rezoning occurred.",conditional_reporting_universe
zoning_and_rezoning,reported_rezone_acres,Reported Table C parcel area,06081,San Mateo,2022,2022-12-31,annual administrative reporting,0,acres,CA_HCD_APR_TABLE_C,HCD-APR-TABLE-C-portal-current,2026-08-10T17:11:13Z,c09281d5e563a43685f6d665e807001f4d32a8eb4b47ced00e83f3e066d8ba26,county sum of HCD APR Table C records,"Table C is required only for specified shortfall, unaccommodated-need, or no-net-loss circumstances. Zero records do not mean no rezoning occurred.",conditional_reporting_universe
zoning_and_rezoning,reported_rezone_acres,Reported Table C parcel area,06081,San Mateo,2023,2023-12-31,annual administrative reporting,199.27,acres,CA_HCD_APR_TABLE_C,HCD-APR-TABLE-C-portal-current,2026-08-10T17:11:13Z,c09281d5e563a43685f6d665e807001f4d32a8eb4b47ced00e83f3e066d8ba26,county sum of HCD APR Table C records,"Table C is required only for specified shortfall, unaccommodated-need, or no-net-loss circumstances. Zero records do not mean no rezoning occurred.",conditional_reporting_universe
zoning_and_rezoning,reported_rezone_acres,Reported Table C parcel area,06081,San Mateo,2024,2024-12-31,annual administrative reporting,229.46957,acres,CA_HCD_APR_TABLE_C,HCD-APR-TABLE-C-portal-current,2026-08-10T17:11:13Z,c09281d5e563a43685f6d665e807001f4d32a8eb4b47ced00e83f3e066d8ba26,county sum of HCD APR Table C records,"Table C is required only for specified shortfall, unaccommodated-need, or no-net-loss circumstances. Zero records do not mean no rezoning occurred.",conditional_reporting_universe
zoning_and_rezoning,reported_rezone_acres,Reported Table C parcel area,06081,San Mateo,2025,2025-12-31,annual administrative reporting,182.6,acres,CA_HCD_APR_TABLE_C,HCD-APR-TABLE-C-portal-current,2026-08-10T17:11:13Z,c09281d5e563a43685f6d665e807001f4d32a8eb4b47ced00e83f3e066d8ba26,county sum of HCD APR Table C records,"Table C is required only for specified shortfall, unaccommodated-need, or no-net-loss circumstances. Zero records do not mean no rezoning occurred.",conditional_reporting_universe
zoning_and_rezoning,reported_rezone_acres,Reported Table C parcel area,06085,Santa Clara,2018,2018-12-31,annual administrative reporting,146.05,acres,CA_HCD_APR_TABLE_C,HCD-APR-TABLE-C-portal-current,2026-08-10T17:11:13Z,c09281d5e563a43685f6d665e807001f4d32a8eb4b47ced00e83f3e066d8ba26,county sum of HCD APR Table C records,"Table C is required only for specified shortfall, unaccommodated-need, or no-net-loss circumstances. Zero records do not mean no rezoning occurred.",conditional_reporting_universe
zoning_and_rezoning,reported_rezone_acres,Reported Table C parcel area,06085,Santa Clara,2019,2019-12-31,annual administrative reporting,0,acres,CA_HCD_APR_TABLE_C,HCD-APR-TABLE-C-portal-current,2026-08-10T17:11:13Z,c09281d5e563a43685f6d665e807001f4d32a8eb4b47ced00e83f3e066d8ba26,county sum of HCD APR Table C records,"Table C is required only for specified shortfall, unaccommodated-need, or no-net-loss circumstances. Zero records do not mean no rezoning occurred.",conditional_reporting_universe
zoning_and_rezoning,reported_rezone_acres,Reported Table C parcel area,06085,Santa Clara,2020,2020-12-31,annual administrative reporting,0,acres,CA_HCD_APR_TABLE_C,HCD-APR-TABLE-C-portal-current,2026-08-10T17:11:13Z,c09281d5e563a43685f6d665e807001f4d32a8eb4b47ced00e83f3e066d8ba26,county sum of HCD APR Table C records,"Table C is required only for specified shortfall, unaccommodated-need, or no-net-loss circumstances. Zero records do not mean no rezoning occurred.",conditional_reporting_universe
zoning_and_rezoning,reported_rezone_acres,Reported Table C parcel area,06085,Santa Clara,2021,2021-12-31,annual administrative reporting,0,acres,CA_HCD_APR_TABLE_C,HCD-APR-TABLE-C-portal-current,2026-08-10T17:11:13Z,c09281d5e563a43685f6d665e807001f4d32a8eb4b47ced00e83f3e066d8ba26,county sum of HCD APR Table C records,"Table C is required only for specified shortfall, unaccommodated-need, or no-net-loss circumstances. Zero records do not mean no rezoning occurred.",conditional_reporting_universe
zoning_and_rezoning,reported_rezone_acres,Reported Table C parcel area,06085,Santa Clara,2022,2022-12-31,annual administrative reporting,0,acres,CA_HCD_APR_TABLE_C,HCD-APR-TABLE-C-portal-current,2026-08-10T17:11:13Z,c09281d5e563a43685f6d665e807001f4d32a8eb4b47ced00e83f3e066d8ba26,county sum of HCD APR Table C records,"Table C is required only for specified shortfall, unaccommodated-need, or no-net-loss circumstances. Zero records do not mean no rezoning occurred.",conditional_reporting_universe
zoning_and_rezoning,reported_rezone_acres,Reported Table C parcel area,06085,Santa Clara,2023,2023-12-31,annual administrative reporting,387.5,acres,CA_HCD_APR_TABLE_C,HCD-APR-TABLE-C-portal-current,2026-08-10T17:11:13Z,c09281d5e563a43685f6d665e807001f4d32a8eb4b47ced00e83f3e066d8ba26,county sum of HCD APR Table C records,"Table C is required only for specified shortfall, unaccommodated-need, or no-net-loss circumstances. Zero records do not mean no rezoning occurred.",conditional_reporting_universe
zoning_and_rezoning,reported_rezone_acres,Reported Table C parcel area,06085,Santa Clara,2024,2024-12-31,annual administrative reporting,238.33,acres,CA_HCD_APR_TABLE_C,HCD-APR-TABLE-C-portal-current,2026-08-10T17:11:13Z,c09281d5e563a43685f6d665e807001f4d32a8eb4b47ced00e83f3e066d8ba26,county sum of HCD APR Table C records,"Table C is required only for specified shortfall, unaccommodated-need, or no-net-loss circumstances. Zero records do not mean no rezoning occurred.",conditional_reporting_universe
zoning_and_rezoning,reported_rezone_acres,Reported Table C parcel area,06085,Santa Clara,2025,2025-12-31,annual administrative reporting,64.75999999999999,acres,CA_HCD_APR_TABLE_C,HCD-APR-TABLE-C-portal-current,2026-08-10T17:11:13Z,c09281d5e563a43685f6d665e807001f4d32a8eb4b47ced00e83f3e066d8ba26,county sum of HCD APR Table C records,"Table C is required only for specified shortfall, unaccommodated-need, or no-net-loss circumstances. Zero records do not mean no rezoning occurred.",conditional_reporting_universe
zoning_and_rezoning,reported_rezone_acres,Reported Table C parcel area,06095,Solano,2018,2018-12-31,annual administrative reporting,13.21,acres,CA_HCD_APR_TABLE_C,HCD-APR-TABLE-C-portal-current,2026-08-10T17:11:13Z,c09281d5e563a43685f6d665e807001f4d32a8eb4b47ced00e83f3e066d8ba26,county sum of HCD APR Table C records,"Table C is required only for specified shortfall, unaccommodated-need, or no-net-loss circumstances. Zero records do not mean no rezoning occurred.",conditional_reporting_universe
zoning_and_rezoning,reported_rezone_acres,Reported Table C parcel area,06095,Solano,2019,2019-12-31,annual administrative reporting,5.85,acres,CA_HCD_APR_TABLE_C,HCD-APR-TABLE-C-portal-current,2026-08-10T17:11:13Z,c09281d5e563a43685f6d665e807001f4d32a8eb4b47ced00e83f3e066d8ba26,county sum of HCD APR Table C records,"Table C is required only for specified shortfall, unaccommodated-need, or no-net-loss circumstances. Zero records do not mean no rezoning occurred.",conditional_reporting_universe
zoning_and_rezoning,reported_rezone_acres,Reported Table C parcel area,06095,Solano,2020,2020-12-31,annual administrative reporting,0,acres,CA_HCD_APR_TABLE_C,HCD-APR-TABLE-C-portal-current,2026-08-10T17:11:13Z,c09281d5e563a43685f6d665e807001f4d32a8eb4b47ced00e83f3e066d8ba26,county sum of HCD APR Table C records,"Table C is required only for specified shortfall, unaccommodated-need, or no-net-loss circumstances. Zero records do not mean no rezoning occurred.",conditional_reporting_universe
zoning_and_rezoning,reported_rezone_acres,Reported Table C parcel area,06095,Solano,2021,2021-12-31,annual administrative reporting,13.21,acres,CA_HCD_APR_TABLE_C,HCD-APR-TABLE-C-portal-current,2026-08-10T17:11:13Z,c09281d5e563a43685f6d665e807001f4d32a8eb4b47ced00e83f3e066d8ba26,county sum of HCD APR Table C records,"Table C is required only for specified shortfall, unaccommodated-need, or no-net-loss circumstances. Zero records do not mean no rezoning occurred.",conditional_reporting_universe
zoning_and_rezoning,reported_rezone_acres,Reported Table C parcel area,06095,Solano,2022,2022-12-31,annual administrative reporting,0,acres,CA_HCD_APR_TABLE_C,HCD-APR-TABLE-C-portal-current,2026-08-10T17:11:13Z,c09281d5e563a43685f6d665e807001f4d32a8eb4b47ced00e83f3e066d8ba26,county sum of HCD APR Table C records,"Table C is required only for specified shortfall, unaccommodated-need, or no-net-loss circumstances. Zero records do not mean no rezoning occurred.",conditional_reporting_universe
zoning_and_rezoning,reported_rezone_acres,Reported Table C parcel area,06095,Solano,2023,2023-12-31,annual administrative reporting,62.76,acres,CA_HCD_APR_TABLE_C,HCD-APR-TABLE-C-portal-current,2026-08-10T17:11:13Z,c09281d5e563a43685f6d665e807001f4d32a8eb4b47ced00e83f3e066d8ba26,county sum of HCD APR Table C records,"Table C is required only for specified shortfall, unaccommodated-need, or no-net-loss circumstances. Zero records do not mean no rezoning occurred.",conditional_reporting_universe
zoning_and_rezoning,reported_rezone_acres,Reported Table C parcel area,06095,Solano,2024,2024-12-31,annual administrative reporting,60.76,acres,CA_HCD_APR_TABLE_C,HCD-APR-TABLE-C-portal-current,2026-08-10T17:11:13Z,c09281d5e563a43685f6d665e807001f4d32a8eb4b47ced00e83f3e066d8ba26,county sum of HCD APR Table C records,"Table C is required only for specified shortfall, unaccommodated-need, or no-net-loss circumstances. Zero records do not mean no rezoning occurred.",conditional_reporting_universe
zoning_and_rezoning,reported_rezone_acres,Reported Table C parcel area,06095,Solano,2025,2025-12-31,annual administrative reporting,18.0,acres,CA_HCD_APR_TABLE_C,HCD-APR-TABLE-C-portal-current,2026-08-10T17:11:13Z,c09281d5e563a43685f6d665e807001f4d32a8eb4b47ced00e83f3e066d8ba26,county sum of HCD APR Table C records,"Table C is required only for specified shortfall, unaccommodated-need, or no-net-loss circumstances. Zero records do not mean no rezoning occurred.",conditional_reporting_universe
zoning_and_rezoning,reported_rezone_acres,Reported Table C parcel area,06097,Sonoma,2018,2018-12-31,annual administrative reporting,0,acres,CA_HCD_APR_TABLE_C,HCD-APR-TABLE-C-portal-current,2026-08-10T17:11:13Z,c09281d5e563a43685f6d665e807001f4d32a8eb4b47ced00e83f3e066d8ba26,county sum of HCD APR Table C records,"Table C is required only for specified shortfall, unaccommodated-need, or no-net-loss circumstances. Zero records do not mean no rezoning occurred.",conditional_reporting_universe
zoning_and_rezoning,reported_rezone_acres,Reported Table C parcel area,06097,Sonoma,2019,2019-12-31,annual administrative reporting,0,acres,CA_HCD_APR_TABLE_C,HCD-APR-TABLE-C-portal-current,2026-08-10T17:11:13Z,c09281d5e563a43685f6d665e807001f4d32a8eb4b47ced00e83f3e066d8ba26,county sum of HCD APR Table C records,"Table C is required only for specified shortfall, unaccommodated-need, or no-net-loss circumstances. Zero records do not mean no rezoning occurred.",conditional_reporting_universe
zoning_and_rezoning,reported_rezone_acres,Reported Table C parcel area,06097,Sonoma,2020,2020-12-31,annual administrative reporting,0,acres,CA_HCD_APR_TABLE_C,HCD-APR-TABLE-C-portal-current,2026-08-10T17:11:13Z,c09281d5e563a43685f6d665e807001f4d32a8eb4b47ced00e83f3e066d8ba26,county sum of HCD APR Table C records,"Table C is required only for specified shortfall, unaccommodated-need, or no-net-loss circumstances. Zero records do not mean no rezoning occurred.",conditional_reporting_universe
zoning_and_rezoning,reported_rezone_acres,Reported Table C parcel area,06097,Sonoma,2021,2021-12-31,annual administrative reporting,0,acres,CA_HCD_APR_TABLE_C,HCD-APR-TABLE-C-portal-current,2026-08-10T17:11:13Z,c09281d5e563a43685f6d665e807001f4d32a8eb4b47ced00e83f3e066d8ba26,county sum of HCD APR Table C records,"Table C is required only for specified shortfall, unaccommodated-need, or no-net-loss circumstances. Zero records do not mean no rezoning occurred.",conditional_reporting_universe
zoning_and_rezoning,reported_rezone_acres,Reported Table C parcel area,06097,Sonoma,2022,2022-12-31,annual administrative reporting,0,acres,CA_HCD_APR_TABLE_C,HCD-APR-TABLE-C-portal-current,2026-08-10T17:11:13Z,c09281d5e563a43685f6d665e807001f4d32a8eb4b47ced00e83f3e066d8ba26,county sum of HCD APR Table C records,"Table C is required only for specified shortfall, unaccommodated-need, or no-net-loss circumstances. Zero records do not mean no rezoning occurred.",conditional_reporting_universe
zoning_and_rezoning,reported_rezone_acres,Reported Table C parcel area,06097,Sonoma,2023,2023-12-31,annual administrative reporting,32.6,acres,CA_HCD_APR_TABLE_C,HCD-APR-TABLE-C-portal-current,2026-08-10T17:11:13Z,c09281d5e563a43685f6d665e807001f4d32a8eb4b47ced00e83f3e066d8ba26,county sum of HCD APR Table C records,"Table C is required only for specified shortfall, unaccommodated-need, or no-net-loss circumstances. Zero records do not mean no rezoning occurred.",conditional_reporting_universe
zoning_and_rezoning,reported_rezone_acres,Reported Table C parcel area,06097,Sonoma,2024,2024-12-31,annual administrative reporting,0,acres,CA_HCD_APR_TABLE_C,HCD-APR-TABLE-C-portal-current,2026-08-10T17:11:13Z,c09281d5e563a43685f6d665e807001f4d32a8eb4b47ced00e83f3e066d8ba26,county sum of HCD APR Table C records,"Table C is required only for specified shortfall, unaccommodated-need, or no-net-loss circumstances. Zero records do not mean no rezoning occurred.",conditional_reporting_universe
zoning_and_rezoning,reported_rezone_acres,Reported Table C parcel area,06097,Sonoma,2025,2025-12-31,annual administrative reporting,2.8,acres,CA_HCD_APR_TABLE_C,HCD-APR-TABLE-C-portal-current,2026-08-10T17:11:13Z,c09281d5e563a43685f6d665e807001f4d32a8eb4b47ced00e83f3e066d8ba26,county sum of HCD APR Table C records,"Table C is required only for specified shortfall, unaccommodated-need, or no-net-loss circumstances. Zero records do not mean no rezoning occurred.",conditional_reporting_universe
zoning_and_rezoning,reported_rezone_lower_income_capacity,Reported lower-income capacity on Table C sites,06001,Alameda,2018,2018-12-31,annual administrative reporting,313.0,housing units,CA_HCD_APR_TABLE_C,HCD-APR-TABLE-C-portal-current,2026-08-10T17:11:13Z,c09281d5e563a43685f6d665e807001f4d32a8eb4b47ced00e83f3e066d8ba26,county sum of HCD APR Table C records,"Table C is required only for specified shortfall, unaccommodated-need, or no-net-loss circumstances. Zero records do not mean no rezoning occurred.",conditional_reporting_universe
zoning_and_rezoning,reported_rezone_lower_income_capacity,Reported lower-income capacity on Table C sites,06001,Alameda,2019,2019-12-31,annual administrative reporting,159.0,housing units,CA_HCD_APR_TABLE_C,HCD-APR-TABLE-C-portal-current,2026-08-10T17:11:13Z,c09281d5e563a43685f6d665e807001f4d32a8eb4b47ced00e83f3e066d8ba26,county sum of HCD APR Table C records,"Table C is required only for specified shortfall, unaccommodated-need, or no-net-loss circumstances. Zero records do not mean no rezoning occurred.",conditional_reporting_universe
zoning_and_rezoning,reported_rezone_lower_income_capacity,Reported lower-income capacity on Table C sites,06001,Alameda,2020,2020-12-31,annual administrative reporting,159.0,housing units,CA_HCD_APR_TABLE_C,HCD-APR-TABLE-C-portal-current,2026-08-10T17:11:13Z,c09281d5e563a43685f6d665e807001f4d32a8eb4b47ced00e83f3e066d8ba26,county sum of HCD APR Table C records,"Table C is required only for specified shortfall, unaccommodated-need, or no-net-loss circumstances. Zero records do not mean no rezoning occurred.",conditional_reporting_universe
zoning_and_rezoning,reported_rezone_lower_income_capacity,Reported lower-income capacity on Table C sites,06001,Alameda,2021,2021-12-31,annual administrative reporting,0,housing units,CA_HCD_APR_TABLE_C,HCD-APR-TABLE-C-portal-current,2026-08-10T17:11:13Z,c09281d5e563a43685f6d665e807001f4d32a8eb4b47ced00e83f3e066d8ba26,county sum of HCD APR Table C records,"Table C is required only for specified shortfall, unaccommodated-need, or no-net-loss circumstances. Zero records do not mean no rezoning occurred.",conditional_reporting_universe
zoning_and_rezoning,reported_rezone_lower_income_capacity,Reported lower-income capacity on Table C sites,06001,Alameda,2022,2022-12-31,annual administrative reporting,0,housing units,CA_HCD_APR_TABLE_C,HCD-APR-TABLE-C-portal-current,2026-08-10T17:11:13Z,c09281d5e563a43685f6d665e807001f4d32a8eb4b47ced00e83f3e066d8ba26,county sum of HCD APR Table C records,"Table C is required only for specified shortfall, unaccommodated-need, or no-net-loss circumstances. Zero records do not mean no rezoning occurred.",conditional_reporting_universe
zoning_and_rezoning,reported_rezone_lower_income_capacity,Reported lower-income capacity on Table C sites,06001,Alameda,2023,2023-12-31,annual administrative reporting,0,housing units,CA_HCD_APR_TABLE_C,HCD-APR-TABLE-C-portal-current,2026-08-10T17:11:13Z,c09281d5e563a43685f6d665e807001f4d32a8eb4b47ced00e83f3e066d8ba26,county sum of HCD APR Table C records,"Table C is required only for specified shortfall, unaccommodated-need, or no-net-loss circumstances. Zero records do not mean no rezoning occurred.",conditional_reporting_universe
zoning_and_rezoning,reported_rezone_lower_income_capacity,Reported lower-income capacity on Table C sites,06001,Alameda,2024,2024-12-31,annual administrative reporting,612.0,housing units,CA_HCD_APR_TABLE_C,HCD-APR-TABLE-C-portal-current,2026-08-10T17:11:13Z,c09281d5e563a43685f6d665e807001f4d32a8eb4b47ced00e83f3e066d8ba26,county sum of HCD APR Table C records,"Table C is required only for specified shortfall, unaccommodated-need, or no-net-loss circumstances. Zero records do not mean no rezoning occurred.",conditional_reporting_universe
zoning_and_rezoning,reported_rezone_lower_income_capacity,Reported lower-income capacity on Table C sites,06001,Alameda,2025,2025-12-31,annual administrative reporting,612.0,housing units,CA_HCD_APR_TABLE_C,HCD-APR-TABLE-C-portal-current,2026-08-10T17:11:13Z,c09281d5e563a43685f6d665e807001f4d32a8eb4b47ced00e83f3e066d8ba26,county sum of HCD APR Table C records,"Table C is required only for specified shortfall, unaccommodated-need, or no-net-loss circumstances. Zero records do not mean no rezoning occurred.",conditional_reporting_universe
zoning_and_rezoning,reported_rezone_lower_income_capacity,Reported lower-income capacity on Table C sites,06013,Contra Costa,2018,2018-12-31,annual administrative reporting,0,housing units,CA_HCD_APR_TABLE_C,HCD-APR-TABLE-C-portal-current,2026-08-10T17:11:13Z,c09281d5e563a43685f6d665e807001f4d32a8eb4b47ced00e83f3e066d8ba26,county sum of HCD APR Table C records,"Table C is required only for specified shortfall, unaccommodated-need, or no-net-loss circumstances. Zero records do not mean no rezoning occurred.",conditional_reporting_universe
zoning_and_rezoning,reported_rezone_lower_income_capacity,Reported lower-income capacity on Table C sites,06013,Contra Costa,2019,2019-12-31,annual administrative reporting,0,housing units,CA_HCD_APR_TABLE_C,HCD-APR-TABLE-C-portal-current,2026-08-10T17:11:13Z,c09281d5e563a43685f6d665e807001f4d32a8eb4b47ced00e83f3e066d8ba26,county sum of HCD APR Table C records,"Table C is required only for specified shortfall, unaccommodated-need, or no-net-loss circumstances. Zero records do not mean no rezoning occurred.",conditional_reporting_universe
zoning_and_rezoning,reported_rezone_lower_income_capacity,Reported lower-income capacity on Table C sites,06013,Contra Costa,2020,2020-12-31,annual administrative reporting,0,housing units,CA_HCD_APR_TABLE_C,HCD-APR-TABLE-C-portal-current,2026-08-10T17:11:13Z,c09281d5e563a43685f6d665e807001f4d32a8eb4b47ced00e83f3e066d8ba26,county sum of HCD APR Table C records,"Table C is required only for specified shortfall, unaccommodated-need, or no-net-loss circumstances. Zero records do not mean no rezoning occurred.",conditional_reporting_universe
zoning_and_rezoning,reported_rezone_lower_income_capacity,Reported lower-income capacity on Table C sites,06013,Contra Costa,2021,2021-12-31,annual administrative reporting,0,housing units,CA_HCD_APR_TABLE_C,HCD-APR-TABLE-C-portal-current,2026-08-10T17:11:13Z,c09281d5e563a43685f6d665e807001f4d32a8eb4b47ced00e83f3e066d8ba26,county sum of HCD APR Table C records,"Table C is required only for specified shortfall, unaccommodated-need, or no-net-loss circumstances. Zero records do not mean no rezoning occurred.",conditional_reporting_universe
zoning_and_rezoning,reported_rezone_lower_income_capacity,Reported lower-income capacity on Table C sites,06013,Contra Costa,2022,2022-12-31,annual administrative reporting,0,housing units,CA_HCD_APR_TABLE_C,HCD-APR-TABLE-C-portal-current,2026-08-10T17:11:13Z,c09281d5e563a43685f6d665e807001f4d32a8eb4b47ced00e83f3e066d8ba26,county sum of HCD APR Table C records,"Table C is required only for specified shortfall, unaccommodated-need, or no-net-loss circumstances. Zero records do not mean no rezoning occurred.",conditional_reporting_universe
zoning_and_rezoning,reported_rezone_lower_income_capacity,Reported lower-income capacity on Table C sites,06013,Contra Costa,2023,2023-12-31,annual administrative reporting,1662.0,housing units,CA_HCD_APR_TABLE_C,HCD-APR-TABLE-C-portal-current,2026-08-10T17:11:13Z,c09281d5e563a43685f6d665e807001f4d32a8eb4b47ced00e83f3e066d8ba26,county sum of HCD APR Table C records,"Table C is required only for specified shortfall, unaccommodated-need, or no-net-loss circumstances. Zero records do not mean no rezoning occurred.",conditional_reporting_universe
zoning_and_rezoning,reported_rezone_lower_income_capacity,Reported lower-income capacity on Table C sites,06013,Contra Costa,2024,2024-12-31,annual administrative reporting,0,housing units,CA_HCD_APR_TABLE_C,HCD-APR-TABLE-C-portal-current,2026-08-10T17:11:13Z,c09281d5e563a43685f6d665e807001f4d32a8eb4b47ced00e83f3e066d8ba26,county sum of HCD APR Table C records,"Table C is required only for specified shortfall, unaccommodated-need, or no-net-loss circumstances. Zero records do not mean no rezoning occurred.",conditional_reporting_universe
zoning_and_rezoning,reported_rezone_lower_income_capacity,Reported lower-income capacity on Table C sites,06013,Contra Costa,2025,2025-12-31,annual administrative reporting,1287.0,housing units,CA_HCD_APR_TABLE_C,HCD-APR-TABLE-C-portal-current,2026-08-10T17:11:13Z,c09281d5e563a43685f6d665e807001f4d32a8eb4b47ced00e83f3e066d8ba26,county sum of HCD APR Table C records,"Table C is required only for specified shortfall, unaccommodated-need, or no-net-loss circumstances. Zero records do not mean no rezoning occurred.",conditional_reporting_universe
zoning_and_rezoning,reported_rezone_lower_income_capacity,Reported lower-income capacity on Table C sites,06041,Marin,2018,2018-12-31,annual administrative reporting,0,housing units,CA_HCD_APR_TABLE_C,HCD-APR-TABLE-C-portal-current,2026-08-10T17:11:13Z,c09281d5e563a43685f6d665e807001f4d32a8eb4b47ced00e83f3e066d8ba26,county sum of HCD APR Table C records,"Table C is required only for specified shortfall, unaccommodated-need, or no-net-loss circumstances. Zero records do not mean no rezoning occurred.",conditional_reporting_universe
zoning_and_rezoning,reported_rezone_lower_income_capacity,Reported lower-income capacity on Table C sites,06041,Marin,2019,2019-12-31,annual administrative reporting,0,housing units,CA_HCD_APR_TABLE_C,HCD-APR-TABLE-C-portal-current,2026-08-10T17:11:13Z,c09281d5e563a43685f6d665e807001f4d32a8eb4b47ced00e83f3e066d8ba26,county sum of HCD APR Table C records,"Table C is required only for specified shortfall, unaccommodated-need, or no-net-loss circumstances. Zero records do not mean no rezoning occurred.",conditional_reporting_universe
zoning_and_rezoning,reported_rezone_lower_income_capacity,Reported lower-income capacity on Table C sites,06041,Marin,2020,2020-12-31,annual administrative reporting,0,housing units,CA_HCD_APR_TABLE_C,HCD-APR-TABLE-C-portal-current,2026-08-10T17:11:13Z,c09281d5e563a43685f6d665e807001f4d32a8eb4b47ced00e83f3e066d8ba26,county sum of HCD APR Table C records,"Table C is required only for specified shortfall, unaccommodated-need, or no-net-loss circumstances. Zero records do not mean no rezoning occurred.",conditional_reporting_universe
zoning_and_rezoning,reported_rezone_lower_income_capacity,Reported lower-income capacity on Table C sites,06041,Marin,2021,2021-12-31,annual administrative reporting,0,housing units,CA_HCD_APR_TABLE_C,HCD-APR-TABLE-C-portal-current,2026-08-10T17:11:13Z,c09281d5e563a43685f6d665e807001f4d32a8eb4b47ced00e83f3e066d8ba26,county sum of HCD APR Table C records,"Table C is required only for specified shortfall, unaccommodated-need, or no-net-loss circumstances. Zero records do not mean no rezoning occurred.",conditional_reporting_universe
zoning_and_rezoning,reported_rezone_lower_income_capacity,Reported lower-income capacity on Table C sites,06041,Marin,2022,2022-12-31,annual administrative reporting,0,housing units,CA_HCD_APR_TABLE_C,HCD-APR-TABLE-C-portal-current,2026-08-10T17:11:13Z,c09281d5e563a43685f6d665e807001f4d32a8eb4b47ced00e83f3e066d8ba26,county sum of HCD APR Table C records,"Table C is required only for specified shortfall, unaccommodated-need, or no-net-loss circumstances. Zero records do not mean no rezoning occurred.",conditional_reporting_universe
zoning_and_rezoning,reported_rezone_lower_income_capacity,Reported lower-income capacity on Table C sites,06041,Marin,2023,2023-12-31,annual administrative reporting,513.0,housing units,CA_HCD_APR_TABLE_C,HCD-APR-TABLE-C-portal-current,2026-08-10T17:11:13Z,c09281d5e563a43685f6d665e807001f4d32a8eb4b47ced00e83f3e066d8ba26,county sum of HCD APR Table C records,"Table C is required only for specified shortfall, unaccommodated-need, or no-net-loss circumstances. Zero records do not mean no rezoning occurred.",conditional_reporting_universe
zoning_and_rezoning,reported_rezone_lower_income_capacity,Reported lower-income capacity on Table C sites,06041,Marin,2024,2024-12-31,annual administrative reporting,451.0,housing units,CA_HCD_APR_TABLE_C,HCD-APR-TABLE-C-portal-current,2026-08-10T17:11:13Z,c09281d5e563a43685f6d665e807001f4d32a8eb4b47ced00e83f3e066d8ba26,county sum of HCD APR Table C records,"Table C is required only for specified shortfall, unaccommodated-need, or no-net-loss circumstances. Zero records do not mean no rezoning occurred.",conditional_reporting_universe
zoning_and_rezoning,reported_rezone_lower_income_capacity,Reported lower-income capacity on Table C sites,06041,Marin,2025,2025-12-31,annual administrative reporting,370.0,housing units,CA_HCD_APR_TABLE_C,HCD-APR-TABLE-C-portal-current,2026-08-10T17:11:13Z,c09281d5e563a43685f6d665e807001f4d32a8eb4b47ced00e83f3e066d8ba26,county sum of HCD APR Table C records,"Table C is required only for specified shortfall, unaccommodated-need, or no-net-loss circumstances. Zero records do not mean no rezoning occurred.",conditional_reporting_universe
zoning_and_rezoning,reported_rezone_lower_income_capacity,Reported lower-income capacity on Table C sites,06055,Napa,2018,2018-12-31,annual administrative reporting,0,housing units,CA_HCD_APR_TABLE_C,HCD-APR-TABLE-C-portal-current,2026-08-10T17:11:13Z,c09281d5e563a43685f6d665e807001f4d32a8eb4b47ced00e83f3e066d8ba26,county sum of HCD APR Table C records,"Table C is required only for specified shortfall, unaccommodated-need, or no-net-loss circumstances. Zero records do not mean no rezoning occurred.",conditional_reporting_universe
zoning_and_rezoning,reported_rezone_lower_income_capacity,Reported lower-income capacity on Table C sites,06055,Napa,2019,2019-12-31,annual administrative reporting,0,housing units,CA_HCD_APR_TABLE_C,HCD-APR-TABLE-C-portal-current,2026-08-10T17:11:13Z,c09281d5e563a43685f6d665e807001f4d32a8eb4b47ced00e83f3e066d8ba26,county sum of HCD APR Table C records,"Table C is required only for specified shortfall, unaccommodated-need, or no-net-loss circumstances. Zero records do not mean no rezoning occurred.",conditional_reporting_universe
zoning_and_rezoning,reported_rezone_lower_income_capacity,Reported lower-income capacity on Table C sites,06055,Napa,2020,2020-12-31,annual administrative reporting,0,housing units,CA_HCD_APR_TABLE_C,HCD-APR-TABLE-C-portal-current,2026-08-10T17:11:13Z,c09281d5e563a43685f6d665e807001f4d32a8eb4b47ced00e83f3e066d8ba26,county sum of HCD APR Table C records,"Table C is required only for specified shortfall, unaccommodated-need, or no-net-loss circumstances. Zero records do not mean no rezoning occurred.",conditional_reporting_universe
zoning_and_rezoning,reported_rezone_lower_income_capacity,Reported lower-income capacity on Table C sites,06055,Napa,2021,2021-12-31,annual administrative reporting,0,housing units,CA_HCD_APR_TABLE_C,HCD-APR-TABLE-C-portal-current,2026-08-10T17:11:13Z,c09281d5e563a43685f6d665e807001f4d32a8eb4b47ced00e83f3e066d8ba26,county sum of HCD APR Table C records,"Table C is required only for specified shortfall, unaccommodated-need, or no-net-loss circumstances. Zero records do not mean no rezoning occurred.",conditional_reporting_universe
zoning_and_rezoning,reported_rezone_lower_income_capacity,Reported lower-income capacity on Table C sites,06055,Napa,2022,2022-12-31,annual administrative reporting,0,housing units,CA_HCD_APR_TABLE_C,HCD-APR-TABLE-C-portal-current,2026-08-10T17:11:13Z,c09281d5e563a43685f6d665e807001f4d32a8eb4b47ced00e83f3e066d8ba26,county sum of HCD APR Table C records,"Table C is required only for specified shortfall, unaccommodated-need, or no-net-loss circumstances. Zero records do not mean no rezoning occurred.",conditional_reporting_universe
zoning_and_rezoning,reported_rezone_lower_income_capacity,Reported lower-income capacity on Table C sites,06055,Napa,2023,2023-12-31,annual administrative reporting,0,housing units,CA_HCD_APR_TABLE_C,HCD-APR-TABLE-C-portal-current,2026-08-10T17:11:13Z,c09281d5e563a43685f6d665e807001f4d32a8eb4b47ced00e83f3e066d8ba26,county sum of HCD APR Table C records,"Table C is required only for specified shortfall, unaccommodated-need, or no-net-loss circumstances. Zero records do not mean no rezoning occurred.",conditional_reporting_universe
zoning_and_rezoning,reported_rezone_lower_income_capacity,Reported lower-income capacity on Table C sites,06055,Napa,2024,2024-12-31,annual administrative reporting,0,housing units,CA_HCD_APR_TABLE_C,HCD-APR-TABLE-C-portal-current,2026-08-10T17:11:13Z,c09281d5e563a43685f6d665e807001f4d32a8eb4b47ced00e83f3e066d8ba26,county sum of HCD APR Table C records,"Table C is required only for specified shortfall, unaccommodated-need, or no-net-loss circumstances. Zero records do not mean no rezoning occurred.",conditional_reporting_universe
zoning_and_rezoning,reported_rezone_lower_income_capacity,Reported lower-income capacity on Table C sites,06055,Napa,2025,2025-12-31,annual administrative reporting,0,housing units,CA_HCD_APR_TABLE_C,HCD-APR-TABLE-C-portal-current,2026-08-10T17:11:13Z,c09281d5e563a43685f6d665e807001f4d32a8eb4b47ced00e83f3e066d8ba26,county sum of HCD APR Table C records,"Table C is required only for specified shortfall, unaccommodated-need, or no-net-loss circumstances. Zero records do not mean no rezoning occurred.",conditional_reporting_universe
zoning_and_rezoning,reported_rezone_lower_income_capacity,Reported lower-income capacity on Table C sites,06075,San Francisco,2018,2018-12-31,annual administrative reporting,0,housing units,CA_HCD_APR_TABLE_C,HCD-APR-TABLE-C-portal-current,2026-08-10T17:11:13Z,c09281d5e563a43685f6d665e807001f4d32a8eb4b47ced00e83f3e066d8ba26,county sum of HCD APR Table C records,"Table C is required only for specified shortfall, unaccommodated-need, or no-net-loss circumstances. Zero records do not mean no rezoning occurred.",conditional_reporting_universe
zoning_and_rezoning,reported_rezone_lower_income_capacity,Reported lower-income capacity on Table C sites,06075,San Francisco,2019,2019-12-31,annual administrative reporting,0,housing units,CA_HCD_APR_TABLE_C,HCD-APR-TABLE-C-portal-current,2026-08-10T17:11:13Z,c09281d5e563a43685f6d665e807001f4d32a8eb4b47ced00e83f3e066d8ba26,county sum of HCD APR Table C records,"Table C is required only for specified shortfall, unaccommodated-need, or no-net-loss circumstances. Zero records do not mean no rezoning occurred.",conditional_reporting_universe
zoning_and_rezoning,reported_rezone_lower_income_capacity,Reported lower-income capacity on Table C sites,06075,San Francisco,2020,2020-12-31,annual administrative reporting,0,housing units,CA_HCD_APR_TABLE_C,HCD-APR-TABLE-C-portal-current,2026-08-10T17:11:13Z,c09281d5e563a43685f6d665e807001f4d32a8eb4b47ced00e83f3e066d8ba26,county sum of HCD APR Table C records,"Table C is required only for specified shortfall, unaccommodated-need, or no-net-loss circumstances. Zero records do not mean no rezoning occurred.",conditional_reporting_universe
zoning_and_rezoning,reported_rezone_lower_income_capacity,Reported lower-income capacity on Table C sites,06075,San Francisco,2021,2021-12-31,annual administrative reporting,0,housing units,CA_HCD_APR_TABLE_C,HCD-APR-TABLE-C-portal-current,2026-08-10T17:11:13Z,c09281d5e563a43685f6d665e807001f4d32a8eb4b47ced00e83f3e066d8ba26,county sum of HCD APR Table C records,"Table C is required only for specified shortfall, unaccommodated-need, or no-net-loss circumstances. Zero records do not mean no rezoning occurred.",conditional_reporting_universe
zoning_and_rezoning,reported_rezone_lower_income_capacity,Reported lower-income capacity on Table C sites,06075,San Francisco,2022,2022-12-31,annual administrative reporting,0,housing units,CA_HCD_APR_TABLE_C,HCD-APR-TABLE-C-portal-current,2026-08-10T17:11:13Z,c09281d5e563a43685f6d665e807001f4d32a8eb4b47ced00e83f3e066d8ba26,county sum of HCD APR Table C records,"Table C is required only for specified shortfall, unaccommodated-need, or no-net-loss circumstances. Zero records do not mean no rezoning occurred.",conditional_reporting_universe
zoning_and_rezoning,reported_rezone_lower_income_capacity,Reported lower-income capacity on Table C sites,06075,San Francisco,2023,2023-12-31,annual administrative reporting,0,housing units,CA_HCD_APR_TABLE_C,HCD-APR-TABLE-C-portal-current,2026-08-10T17:11:13Z,c09281d5e563a43685f6d665e807001f4d32a8eb4b47ced00e83f3e066d8ba26,county sum of HCD APR Table C records,"Table C is required only for specified shortfall, unaccommodated-need, or no-net-loss circumstances. Zero records do not mean no rezoning occurred.",conditional_reporting_universe
zoning_and_rezoning,reported_rezone_lower_income_capacity,Reported lower-income capacity on Table C sites,06075,San Francisco,2024,2024-12-31,annual administrative reporting,0,housing units,CA_HCD_APR_TABLE_C,HCD-APR-TABLE-C-portal-current,2026-08-10T17:11:13Z,c09281d5e563a43685f6d665e807001f4d32a8eb4b47ced00e83f3e066d8ba26,county sum of HCD APR Table C records,"Table C is required only for specified shortfall, unaccommodated-need, or no-net-loss circumstances. Zero records do not mean no rezoning occurred.",conditional_reporting_universe
zoning_and_rezoning,reported_rezone_lower_income_capacity,Reported lower-income capacity on Table C sites,06075,San Francisco,2025,2025-12-31,annual administrative reporting,33776.0,housing units,CA_HCD_APR_TABLE_C,HCD-APR-TABLE-C-portal-current,2026-08-10T17:11:13Z,c09281d5e563a43685f6d665e807001f4d32a8eb4b47ced00e83f3e066d8ba26,county sum of HCD APR Table C records,"Table C is required only for specified shortfall, unaccommodated-need, or no-net-loss circumstances. Zero records do not mean no rezoning occurred.",conditional_reporting_universe
zoning_and_rezoning,reported_rezone_lower_income_capacity,Reported lower-income capacity on Table C sites,06081,San Mateo,2018,2018-12-31,annual administrative reporting,300.0,housing units,CA_HCD_APR_TABLE_C,HCD-APR-TABLE-C-portal-current,2026-08-10T17:11:13Z,c09281d5e563a43685f6d665e807001f4d32a8eb4b47ced00e83f3e066d8ba26,county sum of HCD APR Table C records,"Table C is required only for specified shortfall, unaccommodated-need, or no-net-loss circumstances. Zero records do not mean no rezoning occurred.",conditional_reporting_universe
zoning_and_rezoning,reported_rezone_lower_income_capacity,Reported lower-income capacity on Table C sites,06081,San Mateo,2019,2019-12-31,annual administrative reporting,298.0,housing units,CA_HCD_APR_TABLE_C,HCD-APR-TABLE-C-portal-current,2026-08-10T17:11:13Z,c09281d5e563a43685f6d665e807001f4d32a8eb4b47ced00e83f3e066d8ba26,county sum of HCD APR Table C records,"Table C is required only for specified shortfall, unaccommodated-need, or no-net-loss circumstances. Zero records do not mean no rezoning occurred.",conditional_reporting_universe
zoning_and_rezoning,reported_rezone_lower_income_capacity,Reported lower-income capacity on Table C sites,06081,San Mateo,2020,2020-12-31,annual administrative reporting,298.0,housing units,CA_HCD_APR_TABLE_C,HCD-APR-TABLE-C-portal-current,2026-08-10T17:11:13Z,c09281d5e563a43685f6d665e807001f4d32a8eb4b47ced00e83f3e066d8ba26,county sum of HCD APR Table C records,"Table C is required only for specified shortfall, unaccommodated-need, or no-net-loss circumstances. Zero records do not mean no rezoning occurred.",conditional_reporting_universe
zoning_and_rezoning,reported_rezone_lower_income_capacity,Reported lower-income capacity on Table C sites,06081,San Mateo,2021,2021-12-31,annual administrative reporting,0,housing units,CA_HCD_APR_TABLE_C,HCD-APR-TABLE-C-portal-current,2026-08-10T17:11:13Z,c09281d5e563a43685f6d665e807001f4d32a8eb4b47ced00e83f3e066d8ba26,county sum of HCD APR Table C records,"Table C is required only for specified shortfall, unaccommodated-need, or no-net-loss circumstances. Zero records do not mean no rezoning occurred.",conditional_reporting_universe
zoning_and_rezoning,reported_rezone_lower_income_capacity,Reported lower-income capacity on Table C sites,06081,San Mateo,2022,2022-12-31,annual administrative reporting,0,housing units,CA_HCD_APR_TABLE_C,HCD-APR-TABLE-C-portal-current,2026-08-10T17:11:13Z,c09281d5e563a43685f6d665e807001f4d32a8eb4b47ced00e83f3e066d8ba26,county sum of HCD APR Table C records,"Table C is required only for specified shortfall, unaccommodated-need, or no-net-loss circumstances. Zero records do not mean no rezoning occurred.",conditional_reporting_universe
zoning_and_rezoning,reported_rezone_lower_income_capacity,Reported lower-income capacity on Table C sites,06081,San Mateo,2023,2023-12-31,annual administrative reporting,1265.0,housing units,CA_HCD_APR_TABLE_C,HCD-APR-TABLE-C-portal-current,2026-08-10T17:11:13Z,c09281d5e563a43685f6d665e807001f4d32a8eb4b47ced00e83f3e066d8ba26,county sum of HCD APR Table C records,"Table C is required only for specified shortfall, unaccommodated-need, or no-net-loss circumstances. Zero records do not mean no rezoning occurred.",conditional_reporting_universe
zoning_and_rezoning,reported_rezone_lower_income_capacity,Reported lower-income capacity on Table C sites,06081,San Mateo,2024,2024-12-31,annual administrative reporting,2957.0,housing units,CA_HCD_APR_TABLE_C,HCD-APR-TABLE-C-portal-current,2026-08-10T17:11:13Z,c09281d5e563a43685f6d665e807001f4d32a8eb4b47ced00e83f3e066d8ba26,county sum of HCD APR Table C records,"Table C is required only for specified shortfall, unaccommodated-need, or no-net-loss circumstances. Zero records do not mean no rezoning occurred.",conditional_reporting_universe
zoning_and_rezoning,reported_rezone_lower_income_capacity,Reported lower-income capacity on Table C sites,06081,San Mateo,2025,2025-12-31,annual administrative reporting,1842.0,housing units,CA_HCD_APR_TABLE_C,HCD-APR-TABLE-C-portal-current,2026-08-10T17:11:13Z,c09281d5e563a43685f6d665e807001f4d32a8eb4b47ced00e83f3e066d8ba26,county sum of HCD APR Table C records,"Table C is required only for specified shortfall, unaccommodated-need, or no-net-loss circumstances. Zero records do not mean no rezoning occurred.",conditional_reporting_universe
zoning_and_rezoning,reported_rezone_lower_income_capacity,Reported lower-income capacity on Table C sites,06085,Santa Clara,2018,2018-12-31,annual administrative reporting,641.0,housing units,CA_HCD_APR_TABLE_C,HCD-APR-TABLE-C-portal-current,2026-08-10T17:11:13Z,c09281d5e563a43685f6d665e807001f4d32a8eb4b47ced00e83f3e066d8ba26,county sum of HCD APR Table C records,"Table C is required only for specified shortfall, unaccommodated-need, or no-net-loss circumstances. Zero records do not mean no rezoning occurred.",conditional_reporting_universe
zoning_and_rezoning,reported_rezone_lower_income_capacity,Reported lower-income capacity on Table C sites,06085,Santa Clara,2019,2019-12-31,annual administrative reporting,0,housing units,CA_HCD_APR_TABLE_C,HCD-APR-TABLE-C-portal-current,2026-08-10T17:11:13Z,c09281d5e563a43685f6d665e807001f4d32a8eb4b47ced00e83f3e066d8ba26,county sum of HCD APR Table C records,"Table C is required only for specified shortfall, unaccommodated-need, or no-net-loss circumstances. Zero records do not mean no rezoning occurred.",conditional_reporting_universe
zoning_and_rezoning,reported_rezone_lower_income_capacity,Reported lower-income capacity on Table C sites,06085,Santa Clara,2020,2020-12-31,annual administrative reporting,0,housing units,CA_HCD_APR_TABLE_C,HCD-APR-TABLE-C-portal-current,2026-08-10T17:11:13Z,c09281d5e563a43685f6d665e807001f4d32a8eb4b47ced00e83f3e066d8ba26,county sum of HCD APR Table C records,"Table C is required only for specified shortfall, unaccommodated-need, or no-net-loss circumstances. Zero records do not mean no rezoning occurred.",conditional_reporting_universe
zoning_and_rezoning,reported_rezone_lower_income_capacity,Reported lower-income capacity on Table C sites,06085,Santa Clara,2021,2021-12-31,annual administrative reporting,0,housing units,CA_HCD_APR_TABLE_C,HCD-APR-TABLE-C-portal-current,2026-08-10T17:11:13Z,c09281d5e563a43685f6d665e807001f4d32a8eb4b47ced00e83f3e066d8ba26,county sum of HCD APR Table C records,"Table C is required only for specified shortfall, unaccommodated-need, or no-net-loss circumstances. Zero records do not mean no rezoning occurred.",conditional_reporting_universe
zoning_and_rezoning,reported_rezone_lower_income_capacity,Reported lower-income capacity on Table C sites,06085,Santa Clara,2022,2022-12-31,annual administrative reporting,0,housing units,CA_HCD_APR_TABLE_C,HCD-APR-TABLE-C-portal-current,2026-08-10T17:11:13Z,c09281d5e563a43685f6d665e807001f4d32a8eb4b47ced00e83f3e066d8ba26,county sum of HCD APR Table C records,"Table C is required only for specified shortfall, unaccommodated-need, or no-net-loss circumstances. Zero records do not mean no rezoning occurred.",conditional_reporting_universe
zoning_and_rezoning,reported_rezone_lower_income_capacity,Reported lower-income capacity on Table C sites,06085,Santa Clara,2023,2023-12-31,annual administrative reporting,7053.0,housing units,CA_HCD_APR_TABLE_C,HCD-APR-TABLE-C-portal-current,2026-08-10T17:11:13Z,c09281d5e563a43685f6d665e807001f4d32a8eb4b47ced00e83f3e066d8ba26,county sum of HCD APR Table C records,"Table C is required only for specified shortfall, unaccommodated-need, or no-net-loss circumstances. Zero records do not mean no rezoning occurred.",conditional_reporting_universe
zoning_and_rezoning,reported_rezone_lower_income_capacity,Reported lower-income capacity on Table C sites,06085,Santa Clara,2024,2024-12-31,annual administrative reporting,6619.0,housing units,CA_HCD_APR_TABLE_C,HCD-APR-TABLE-C-portal-current,2026-08-10T17:11:13Z,c09281d5e563a43685f6d665e807001f4d32a8eb4b47ced00e83f3e066d8ba26,county sum of HCD APR Table C records,"Table C is required only for specified shortfall, unaccommodated-need, or no-net-loss circumstances. Zero records do not mean no rezoning occurred.",conditional_reporting_universe
zoning_and_rezoning,reported_rezone_lower_income_capacity,Reported lower-income capacity on Table C sites,06085,Santa Clara,2025,2025-12-31,annual administrative reporting,1212.0,housing units,CA_HCD_APR_TABLE_C,HCD-APR-TABLE-C-portal-current,2026-08-10T17:11:13Z,c09281d5e563a43685f6d665e807001f4d32a8eb4b47ced00e83f3e066d8ba26,county sum of HCD APR Table C records,"Table C is required only for specified shortfall, unaccommodated-need, or no-net-loss circumstances. Zero records do not mean no rezoning occurred.",conditional_reporting_universe
zoning_and_rezoning,reported_rezone_lower_income_capacity,Reported lower-income capacity on Table C sites,06095,Solano,2018,2018-12-31,annual administrative reporting,0,housing units,CA_HCD_APR_TABLE_C,HCD-APR-TABLE-C-portal-current,2026-08-10T17:11:13Z,c09281d5e563a43685f6d665e807001f4d32a8eb4b47ced00e83f3e066d8ba26,county sum of HCD APR Table C records,"Table C is required only for specified shortfall, unaccommodated-need, or no-net-loss circumstances. Zero records do not mean no rezoning occurred.",conditional_reporting_universe
zoning_and_rezoning,reported_rezone_lower_income_capacity,Reported lower-income capacity on Table C sites,06095,Solano,2019,2019-12-31,annual administrative reporting,117.0,housing units,CA_HCD_APR_TABLE_C,HCD-APR-TABLE-C-portal-current,2026-08-10T17:11:13Z,c09281d5e563a43685f6d665e807001f4d32a8eb4b47ced00e83f3e066d8ba26,county sum of HCD APR Table C records,"Table C is required only for specified shortfall, unaccommodated-need, or no-net-loss circumstances. Zero records do not mean no rezoning occurred.",conditional_reporting_universe
zoning_and_rezoning,reported_rezone_lower_income_capacity,Reported lower-income capacity on Table C sites,06095,Solano,2020,2020-12-31,annual administrative reporting,0,housing units,CA_HCD_APR_TABLE_C,HCD-APR-TABLE-C-portal-current,2026-08-10T17:11:13Z,c09281d5e563a43685f6d665e807001f4d32a8eb4b47ced00e83f3e066d8ba26,county sum of HCD APR Table C records,"Table C is required only for specified shortfall, unaccommodated-need, or no-net-loss circumstances. Zero records do not mean no rezoning occurred.",conditional_reporting_universe
zoning_and_rezoning,reported_rezone_lower_income_capacity,Reported lower-income capacity on Table C sites,06095,Solano,2021,2021-12-31,annual administrative reporting,322.0,housing units,CA_HCD_APR_TABLE_C,HCD-APR-TABLE-C-portal-current,2026-08-10T17:11:13Z,c09281d5e563a43685f6d665e807001f4d32a8eb4b47ced00e83f3e066d8ba26,county sum of HCD APR Table C records,"Table C is required only for specified shortfall, unaccommodated-need, or no-net-loss circumstances. Zero records do not mean no rezoning occurred.",conditional_reporting_universe
zoning_and_rezoning,reported_rezone_lower_income_capacity,Reported lower-income capacity on Table C sites,06095,Solano,2022,2022-12-31,annual administrative reporting,0,housing units,CA_HCD_APR_TABLE_C,HCD-APR-TABLE-C-portal-current,2026-08-10T17:11:13Z,c09281d5e563a43685f6d665e807001f4d32a8eb4b47ced00e83f3e066d8ba26,county sum of HCD APR Table C records,"Table C is required only for specified shortfall, unaccommodated-need, or no-net-loss circumstances. Zero records do not mean no rezoning occurred.",conditional_reporting_universe
zoning_and_rezoning,reported_rezone_lower_income_capacity,Reported lower-income capacity on Table C sites,06095,Solano,2023,2023-12-31,annual administrative reporting,870.0,housing units,CA_HCD_APR_TABLE_C,HCD-APR-TABLE-C-portal-current,2026-08-10T17:11:13Z,c09281d5e563a43685f6d665e807001f4d32a8eb4b47ced00e83f3e066d8ba26,county sum of HCD APR Table C records,"Table C is required only for specified shortfall, unaccommodated-need, or no-net-loss circumstances. Zero records do not mean no rezoning occurred.",conditional_reporting_universe
zoning_and_rezoning,reported_rezone_lower_income_capacity,Reported lower-income capacity on Table C sites,06095,Solano,2024,2024-12-31,annual administrative reporting,725.0,housing units,CA_HCD_APR_TABLE_C,HCD-APR-TABLE-C-portal-current,2026-08-10T17:11:13Z,c09281d5e563a43685f6d665e807001f4d32a8eb4b47ced00e83f3e066d8ba26,county sum of HCD APR Table C records,"Table C is required only for specified shortfall, unaccommodated-need, or no-net-loss circumstances. Zero records do not mean no rezoning occurred.",conditional_reporting_universe
zoning_and_rezoning,reported_rezone_lower_income_capacity,Reported lower-income capacity on Table C sites,06095,Solano,2025,2025-12-31,annual administrative reporting,449.0,housing units,CA_HCD_APR_TABLE_C,HCD-APR-TABLE-C-portal-current,2026-08-10T17:11:13Z,c09281d5e563a43685f6d665e807001f4d32a8eb4b47ced00e83f3e066d8ba26,county sum of HCD APR Table C records,"Table C is required only for specified shortfall, unaccommodated-need, or no-net-loss circumstances. Zero records do not mean no rezoning occurred.",conditional_reporting_universe
zoning_and_rezoning,reported_rezone_lower_income_capacity,Reported lower-income capacity on Table C sites,06097,Sonoma,2018,2018-12-31,annual administrative reporting,0,housing units,CA_HCD_APR_TABLE_C,HCD-APR-TABLE-C-portal-current,2026-08-10T17:11:13Z,c09281d5e563a43685f6d665e807001f4d32a8eb4b47ced00e83f3e066d8ba26,county sum of HCD APR Table C records,"Table C is required only for specified shortfall, unaccommodated-need, or no-net-loss circumstances. Zero records do not mean no rezoning occurred.",conditional_reporting_universe
zoning_and_rezoning,reported_rezone_lower_income_capacity,Reported lower-income capacity on Table C sites,06097,Sonoma,2019,2019-12-31,annual administrative reporting,0,housing units,CA_HCD_APR_TABLE_C,HCD-APR-TABLE-C-portal-current,2026-08-10T17:11:13Z,c09281d5e563a43685f6d665e807001f4d32a8eb4b47ced00e83f3e066d8ba26,county sum of HCD APR Table C records,"Table C is required only for specified shortfall, unaccommodated-need, or no-net-loss circumstances. Zero records do not mean no rezoning occurred.",conditional_reporting_universe
zoning_and_rezoning,reported_rezone_lower_income_capacity,Reported lower-income capacity on Table C sites,06097,Sonoma,2020,2020-12-31,annual administrative reporting,0,housing units,CA_HCD_APR_TABLE_C,HCD-APR-TABLE-C-portal-current,2026-08-10T17:11:13Z,c09281d5e563a43685f6d665e807001f4d32a8eb4b47ced00e83f3e066d8ba26,county sum of HCD APR Table C records,"Table C is required only for specified shortfall, unaccommodated-need, or no-net-loss circumstances. Zero records do not mean no rezoning occurred.",conditional_reporting_universe
zoning_and_rezoning,reported_rezone_lower_income_capacity,Reported lower-income capacity on Table C sites,06097,Sonoma,2021,2021-12-31,annual administrative reporting,0,housing units,CA_HCD_APR_TABLE_C,HCD-APR-TABLE-C-portal-current,2026-08-10T17:11:13Z,c09281d5e563a43685f6d665e807001f4d32a8eb4b47ced00e83f3e066d8ba26,county sum of HCD APR Table C records,"Table C is required only for specified shortfall, unaccommodated-need, or no-net-loss circumstances. Zero records do not mean no rezoning occurred.",conditional_reporting_universe
zoning_and_rezoning,reported_rezone_lower_income_capacity,Reported lower-income capacity on Table C sites,06097,Sonoma,2022,2022-12-31,annual administrative reporting,0,housing units,CA_HCD_APR_TABLE_C,HCD-APR-TABLE-C-portal-current,2026-08-10T17:11:13Z,c09281d5e563a43685f6d665e807001f4d32a8eb4b47ced00e83f3e066d8ba26,county sum of HCD APR Table C records,"Table C is required only for specified shortfall, unaccommodated-need, or no-net-loss circumstances. Zero records do not mean no rezoning occurred.",conditional_reporting_universe
zoning_and_rezoning,reported_rezone_lower_income_capacity,Reported lower-income capacity on Table C sites,06097,Sonoma,2023,2023-12-31,annual administrative reporting,194.0,housing units,CA_HCD_APR_TABLE_C,HCD-APR-TABLE-C-portal-current,2026-08-10T17:11:13Z,c09281d5e563a43685f6d665e807001f4d32a8eb4b47ced00e83f3e066d8ba26,county sum of HCD APR Table C records,"Table C is required only for specified shortfall, unaccommodated-need, or no-net-loss circumstances. Zero records do not mean no rezoning occurred.",conditional_reporting_universe
zoning_and_rezoning,reported_rezone_lower_income_capacity,Reported lower-income capacity on Table C sites,06097,Sonoma,2024,2024-12-31,annual administrative reporting,0,housing units,CA_HCD_APR_TABLE_C,HCD-APR-TABLE-C-portal-current,2026-08-10T17:11:13Z,c09281d5e563a43685f6d665e807001f4d32a8eb4b47ced00e83f3e066d8ba26,county sum of HCD APR Table C records,"Table C is required only for specified shortfall, unaccommodated-need, or no-net-loss circumstances. Zero records do not mean no rezoning occurred.",conditional_reporting_universe
zoning_and_rezoning,reported_rezone_lower_income_capacity,Reported lower-income capacity on Table C sites,06097,Sonoma,2025,2025-12-31,annual administrative reporting,140.0,housing units,CA_HCD_APR_TABLE_C,HCD-APR-TABLE-C-portal-current,2026-08-10T17:11:13Z,c09281d5e563a43685f6d665e807001f4d32a8eb4b47ced00e83f3e066d8ba26,county sum of HCD APR Table C records,"Table C is required only for specified shortfall, unaccommodated-need, or no-net-loss circumstances. Zero records do not mean no rezoning occurred.",conditional_reporting_universe
zoning_and_rezoning,reported_rezone_realistic_capacity,Reported realistic capacity on Table C sites,06001,Alameda,2018,2018-12-31,annual administrative reporting,670.0,housing units,CA_HCD_APR_TABLE_C,HCD-APR-TABLE-C-portal-current,2026-08-10T17:11:13Z,c09281d5e563a43685f6d665e807001f4d32a8eb4b47ced00e83f3e066d8ba26,county sum of HCD APR Table C records,"Table C is required only for specified shortfall, unaccommodated-need, or no-net-loss circumstances. Zero records do not mean no rezoning occurred.",conditional_reporting_universe
zoning_and_rezoning,reported_rezone_realistic_capacity,Reported realistic capacity on Table C sites,06001,Alameda,2019,2019-12-31,annual administrative reporting,159.0,housing units,CA_HCD_APR_TABLE_C,HCD-APR-TABLE-C-portal-current,2026-08-10T17:11:13Z,c09281d5e563a43685f6d665e807001f4d32a8eb4b47ced00e83f3e066d8ba26,county sum of HCD APR Table C records,"Table C is required only for specified shortfall, unaccommodated-need, or no-net-loss circumstances. Zero records do not mean no rezoning occurred.",conditional_reporting_universe
zoning_and_rezoning,reported_rezone_realistic_capacity,Reported realistic capacity on Table C sites,06001,Alameda,2020,2020-12-31,annual administrative reporting,159.0,housing units,CA_HCD_APR_TABLE_C,HCD-APR-TABLE-C-portal-current,2026-08-10T17:11:13Z,c09281d5e563a43685f6d665e807001f4d32a8eb4b47ced00e83f3e066d8ba26,county sum of HCD APR Table C records,"Table C is required only for specified shortfall, unaccommodated-need, or no-net-loss circumstances. Zero records do not mean no rezoning occurred.",conditional_reporting_universe
zoning_and_rezoning,reported_rezone_realistic_capacity,Reported realistic capacity on Table C sites,06001,Alameda,2021,2021-12-31,annual administrative reporting,0,housing units,CA_HCD_APR_TABLE_C,HCD-APR-TABLE-C-portal-current,2026-08-10T17:11:13Z,c09281d5e563a43685f6d665e807001f4d32a8eb4b47ced00e83f3e066d8ba26,county sum of HCD APR Table C records,"Table C is required only for specified shortfall, unaccommodated-need, or no-net-loss circumstances. Zero records do not mean no rezoning occurred.",conditional_reporting_universe
zoning_and_rezoning,reported_rezone_realistic_capacity,Reported realistic capacity on Table C sites,06001,Alameda,2022,2022-12-31,annual administrative reporting,0,housing units,CA_HCD_APR_TABLE_C,HCD-APR-TABLE-C-portal-current,2026-08-10T17:11:13Z,c09281d5e563a43685f6d665e807001f4d32a8eb4b47ced00e83f3e066d8ba26,county sum of HCD APR Table C records,"Table C is required only for specified shortfall, unaccommodated-need, or no-net-loss circumstances. Zero records do not mean no rezoning occurred.",conditional_reporting_universe
zoning_and_rezoning,reported_rezone_realistic_capacity,Reported realistic capacity on Table C sites,06001,Alameda,2023,2023-12-31,annual administrative reporting,0,housing units,CA_HCD_APR_TABLE_C,HCD-APR-TABLE-C-portal-current,2026-08-10T17:11:13Z,c09281d5e563a43685f6d665e807001f4d32a8eb4b47ced00e83f3e066d8ba26,county sum of HCD APR Table C records,"Table C is required only for specified shortfall, unaccommodated-need, or no-net-loss circumstances. Zero records do not mean no rezoning occurred.",conditional_reporting_universe
zoning_and_rezoning,reported_rezone_realistic_capacity,Reported realistic capacity on Table C sites,06001,Alameda,2024,2024-12-31,annual administrative reporting,732.0,housing units,CA_HCD_APR_TABLE_C,HCD-APR-TABLE-C-portal-current,2026-08-10T17:11:13Z,c09281d5e563a43685f6d665e807001f4d32a8eb4b47ced00e83f3e066d8ba26,county sum of HCD APR Table C records,"Table C is required only for specified shortfall, unaccommodated-need, or no-net-loss circumstances. Zero records do not mean no rezoning occurred.",conditional_reporting_universe
zoning_and_rezoning,reported_rezone_realistic_capacity,Reported realistic capacity on Table C sites,06001,Alameda,2025,2025-12-31,annual administrative reporting,732.0,housing units,CA_HCD_APR_TABLE_C,HCD-APR-TABLE-C-portal-current,2026-08-10T17:11:13Z,c09281d5e563a43685f6d665e807001f4d32a8eb4b47ced00e83f3e066d8ba26,county sum of HCD APR Table C records,"Table C is required only for specified shortfall, unaccommodated-need, or no-net-loss circumstances. Zero records do not mean no rezoning occurred.",conditional_reporting_universe
zoning_and_rezoning,reported_rezone_realistic_capacity,Reported realistic capacity on Table C sites,06013,Contra Costa,2018,2018-12-31,annual administrative reporting,0,housing units,CA_HCD_APR_TABLE_C,HCD-APR-TABLE-C-portal-current,2026-08-10T17:11:13Z,c09281d5e563a43685f6d665e807001f4d32a8eb4b47ced00e83f3e066d8ba26,county sum of HCD APR Table C records,"Table C is required only for specified shortfall, unaccommodated-need, or no-net-loss circumstances. Zero records do not mean no rezoning occurred.",conditional_reporting_universe
zoning_and_rezoning,reported_rezone_realistic_capacity,Reported realistic capacity on Table C sites,06013,Contra Costa,2019,2019-12-31,annual administrative reporting,0,housing units,CA_HCD_APR_TABLE_C,HCD-APR-TABLE-C-portal-current,2026-08-10T17:11:13Z,c09281d5e563a43685f6d665e807001f4d32a8eb4b47ced00e83f3e066d8ba26,county sum of HCD APR Table C records,"Table C is required only for specified shortfall, unaccommodated-need, or no-net-loss circumstances. Zero records do not mean no rezoning occurred.",conditional_reporting_universe
zoning_and_rezoning,reported_rezone_realistic_capacity,Reported realistic capacity on Table C sites,06013,Contra Costa,2020,2020-12-31,annual administrative reporting,0,housing units,CA_HCD_APR_TABLE_C,HCD-APR-TABLE-C-portal-current,2026-08-10T17:11:13Z,c09281d5e563a43685f6d665e807001f4d32a8eb4b47ced00e83f3e066d8ba26,county sum of HCD APR Table C records,"Table C is required only for specified shortfall, unaccommodated-need, or no-net-loss circumstances. Zero records do not mean no rezoning occurred.",conditional_reporting_universe
zoning_and_rezoning,reported_rezone_realistic_capacity,Reported realistic capacity on Table C sites,06013,Contra Costa,2021,2021-12-31,annual administrative reporting,0,housing units,CA_HCD_APR_TABLE_C,HCD-APR-TABLE-C-portal-current,2026-08-10T17:11:13Z,c09281d5e563a43685f6d665e807001f4d32a8eb4b47ced00e83f3e066d8ba26,county sum of HCD APR Table C records,"Table C is required only for specified shortfall, unaccommodated-need, or no-net-loss circumstances. Zero records do not mean no rezoning occurred.",conditional_reporting_universe
zoning_and_rezoning,reported_rezone_realistic_capacity,Reported realistic capacity on Table C sites,06013,Contra Costa,2022,2022-12-31,annual administrative reporting,0,housing units,CA_HCD_APR_TABLE_C,HCD-APR-TABLE-C-portal-current,2026-08-10T17:11:13Z,c09281d5e563a43685f6d665e807001f4d32a8eb4b47ced00e83f3e066d8ba26,county sum of HCD APR Table C records,"Table C is required only for specified shortfall, unaccommodated-need, or no-net-loss circumstances. Zero records do not mean no rezoning occurred.",conditional_reporting_universe
zoning_and_rezoning,reported_rezone_realistic_capacity,Reported realistic capacity on Table C sites,06013,Contra Costa,2023,2023-12-31,annual administrative reporting,3503.0,housing units,CA_HCD_APR_TABLE_C,HCD-APR-TABLE-C-portal-current,2026-08-10T17:11:13Z,c09281d5e563a43685f6d665e807001f4d32a8eb4b47ced00e83f3e066d8ba26,county sum of HCD APR Table C records,"Table C is required only for specified shortfall, unaccommodated-need, or no-net-loss circumstances. Zero records do not mean no rezoning occurred.",conditional_reporting_universe
zoning_and_rezoning,reported_rezone_realistic_capacity,Reported realistic capacity on Table C sites,06013,Contra Costa,2024,2024-12-31,annual administrative reporting,0,housing units,CA_HCD_APR_TABLE_C,HCD-APR-TABLE-C-portal-current,2026-08-10T17:11:13Z,c09281d5e563a43685f6d665e807001f4d32a8eb4b47ced00e83f3e066d8ba26,county sum of HCD APR Table C records,"Table C is required only for specified shortfall, unaccommodated-need, or no-net-loss circumstances. Zero records do not mean no rezoning occurred.",conditional_reporting_universe
zoning_and_rezoning,reported_rezone_realistic_capacity,Reported realistic capacity on Table C sites,06013,Contra Costa,2025,2025-12-31,annual administrative reporting,1942.0,housing units,CA_HCD_APR_TABLE_C,HCD-APR-TABLE-C-portal-current,2026-08-10T17:11:13Z,c09281d5e563a43685f6d665e807001f4d32a8eb4b47ced00e83f3e066d8ba26,county sum of HCD APR Table C records,"Table C is required only for specified shortfall, unaccommodated-need, or no-net-loss circumstances. Zero records do not mean no rezoning occurred.",conditional_reporting_universe
zoning_and_rezoning,reported_rezone_realistic_capacity,Reported realistic capacity on Table C sites,06041,Marin,2018,2018-12-31,annual administrative reporting,0,housing units,CA_HCD_APR_TABLE_C,HCD-APR-TABLE-C-portal-current,2026-08-10T17:11:13Z,c09281d5e563a43685f6d665e807001f4d32a8eb4b47ced00e83f3e066d8ba26,county sum of HCD APR Table C records,"Table C is required only for specified shortfall, unaccommodated-need, or no-net-loss circumstances. Zero records do not mean no rezoning occurred.",conditional_reporting_universe
zoning_and_rezoning,reported_rezone_realistic_capacity,Reported realistic capacity on Table C sites,06041,Marin,2019,2019-12-31,annual administrative reporting,0,housing units,CA_HCD_APR_TABLE_C,HCD-APR-TABLE-C-portal-current,2026-08-10T17:11:13Z,c09281d5e563a43685f6d665e807001f4d32a8eb4b47ced00e83f3e066d8ba26,county sum of HCD APR Table C records,"Table C is required only for specified shortfall, unaccommodated-need, or no-net-loss circumstances. Zero records do not mean no rezoning occurred.",conditional_reporting_universe
zoning_and_rezoning,reported_rezone_realistic_capacity,Reported realistic capacity on Table C sites,06041,Marin,2020,2020-12-31,annual administrative reporting,0,housing units,CA_HCD_APR_TABLE_C,HCD-APR-TABLE-C-portal-current,2026-08-10T17:11:13Z,c09281d5e563a43685f6d665e807001f4d32a8eb4b47ced00e83f3e066d8ba26,county sum of HCD APR Table C records,"Table C is required only for specified shortfall, unaccommodated-need, or no-net-loss circumstances. Zero records do not mean no rezoning occurred.",conditional_reporting_universe
zoning_and_rezoning,reported_rezone_realistic_capacity,Reported realistic capacity on Table C sites,06041,Marin,2021,2021-12-31,annual administrative reporting,0,housing units,CA_HCD_APR_TABLE_C,HCD-APR-TABLE-C-portal-current,2026-08-10T17:11:13Z,c09281d5e563a43685f6d665e807001f4d32a8eb4b47ced00e83f3e066d8ba26,county sum of HCD APR Table C records,"Table C is required only for specified shortfall, unaccommodated-need, or no-net-loss circumstances. Zero records do not mean no rezoning occurred.",conditional_reporting_universe
zoning_and_rezoning,reported_rezone_realistic_capacity,Reported realistic capacity on Table C sites,06041,Marin,2022,2022-12-31,annual administrative reporting,0,housing units,CA_HCD_APR_TABLE_C,HCD-APR-TABLE-C-portal-current,2026-08-10T17:11:13Z,c09281d5e563a43685f6d665e807001f4d32a8eb4b47ced00e83f3e066d8ba26,county sum of HCD APR Table C records,"Table C is required only for specified shortfall, unaccommodated-need, or no-net-loss circumstances. Zero records do not mean no rezoning occurred.",conditional_reporting_universe
zoning_and_rezoning,reported_rezone_realistic_capacity,Reported realistic capacity on Table C sites,06041,Marin,2023,2023-12-31,annual administrative reporting,968.0,housing units,CA_HCD_APR_TABLE_C,HCD-APR-TABLE-C-portal-current,2026-08-10T17:11:13Z,c09281d5e563a43685f6d665e807001f4d32a8eb4b47ced00e83f3e066d8ba26,county sum of HCD APR Table C records,"Table C is required only for specified shortfall, unaccommodated-need, or no-net-loss circumstances. Zero records do not mean no rezoning occurred.",conditional_reporting_universe
zoning_and_rezoning,reported_rezone_realistic_capacity,Reported realistic capacity on Table C sites,06041,Marin,2024,2024-12-31,annual administrative reporting,30856.0,housing units,CA_HCD_APR_TABLE_C,HCD-APR-TABLE-C-portal-current,2026-08-10T17:11:13Z,c09281d5e563a43685f6d665e807001f4d32a8eb4b47ced00e83f3e066d8ba26,county sum of HCD APR Table C records,"Table C is required only for specified shortfall, unaccommodated-need, or no-net-loss circumstances. Zero records do not mean no rezoning occurred.",conditional_reporting_universe
zoning_and_rezoning,reported_rezone_realistic_capacity,Reported realistic capacity on Table C sites,06041,Marin,2025,2025-12-31,annual administrative reporting,702.0,housing units,CA_HCD_APR_TABLE_C,HCD-APR-TABLE-C-portal-current,2026-08-10T17:11:13Z,c09281d5e563a43685f6d665e807001f4d32a8eb4b47ced00e83f3e066d8ba26,county sum of HCD APR Table C records,"Table C is required only for specified shortfall, unaccommodated-need, or no-net-loss circumstances. Zero records do not mean no rezoning occurred.",conditional_reporting_universe
zoning_and_rezoning,reported_rezone_realistic_capacity,Reported realistic capacity on Table C sites,06055,Napa,2018,2018-12-31,annual administrative reporting,0,housing units,CA_HCD_APR_TABLE_C,HCD-APR-TABLE-C-portal-current,2026-08-10T17:11:13Z,c09281d5e563a43685f6d665e807001f4d32a8eb4b47ced00e83f3e066d8ba26,county sum of HCD APR Table C records,"Table C is required only for specified shortfall, unaccommodated-need, or no-net-loss circumstances. Zero records do not mean no rezoning occurred.",conditional_reporting_universe
zoning_and_rezoning,reported_rezone_realistic_capacity,Reported realistic capacity on Table C sites,06055,Napa,2019,2019-12-31,annual administrative reporting,0,housing units,CA_HCD_APR_TABLE_C,HCD-APR-TABLE-C-portal-current,2026-08-10T17:11:13Z,c09281d5e563a43685f6d665e807001f4d32a8eb4b47ced00e83f3e066d8ba26,county sum of HCD APR Table C records,"Table C is required only for specified shortfall, unaccommodated-need, or no-net-loss circumstances. Zero records do not mean no rezoning occurred.",conditional_reporting_universe
zoning_and_rezoning,reported_rezone_realistic_capacity,Reported realistic capacity on Table C sites,06055,Napa,2020,2020-12-31,annual administrative reporting,0,housing units,CA_HCD_APR_TABLE_C,HCD-APR-TABLE-C-portal-current,2026-08-10T17:11:13Z,c09281d5e563a43685f6d665e807001f4d32a8eb4b47ced00e83f3e066d8ba26,county sum of HCD APR Table C records,"Table C is required only for specified shortfall, unaccommodated-need, or no-net-loss circumstances. Zero records do not mean no rezoning occurred.",conditional_reporting_universe
zoning_and_rezoning,reported_rezone_realistic_capacity,Reported realistic capacity on Table C sites,06055,Napa,2021,2021-12-31,annual administrative reporting,0,housing units,CA_HCD_APR_TABLE_C,HCD-APR-TABLE-C-portal-current,2026-08-10T17:11:13Z,c09281d5e563a43685f6d665e807001f4d32a8eb4b47ced00e83f3e066d8ba26,county sum of HCD APR Table C records,"Table C is required only for specified shortfall, unaccommodated-need, or no-net-loss circumstances. Zero records do not mean no rezoning occurred.",conditional_reporting_universe
zoning_and_rezoning,reported_rezone_realistic_capacity,Reported realistic capacity on Table C sites,06055,Napa,2022,2022-12-31,annual administrative reporting,0,housing units,CA_HCD_APR_TABLE_C,HCD-APR-TABLE-C-portal-current,2026-08-10T17:11:13Z,c09281d5e563a43685f6d665e807001f4d32a8eb4b47ced00e83f3e066d8ba26,county sum of HCD APR Table C records,"Table C is required only for specified shortfall, unaccommodated-need, or no-net-loss circumstances. Zero records do not mean no rezoning occurred.",conditional_reporting_universe
zoning_and_rezoning,reported_rezone_realistic_capacity,Reported realistic capacity on Table C sites,06055,Napa,2023,2023-12-31,annual administrative reporting,0,housing units,CA_HCD_APR_TABLE_C,HCD-APR-TABLE-C-portal-current,2026-08-10T17:11:13Z,c09281d5e563a43685f6d665e807001f4d32a8eb4b47ced00e83f3e066d8ba26,county sum of HCD APR Table C records,"Table C is required only for specified shortfall, unaccommodated-need, or no-net-loss circumstances. Zero records do not mean no rezoning occurred.",conditional_reporting_universe
zoning_and_rezoning,reported_rezone_realistic_capacity,Reported realistic capacity on Table C sites,06055,Napa,2024,2024-12-31,annual administrative reporting,0,housing units,CA_HCD_APR_TABLE_C,HCD-APR-TABLE-C-portal-current,2026-08-10T17:11:13Z,c09281d5e563a43685f6d665e807001f4d32a8eb4b47ced00e83f3e066d8ba26,county sum of HCD APR Table C records,"Table C is required only for specified shortfall, unaccommodated-need, or no-net-loss circumstances. Zero records do not mean no rezoning occurred.",conditional_reporting_universe
zoning_and_rezoning,reported_rezone_realistic_capacity,Reported realistic capacity on Table C sites,06055,Napa,2025,2025-12-31,annual administrative reporting,4.0,housing units,CA_HCD_APR_TABLE_C,HCD-APR-TABLE-C-portal-current,2026-08-10T17:11:13Z,c09281d5e563a43685f6d665e807001f4d32a8eb4b47ced00e83f3e066d8ba26,county sum of HCD APR Table C records,"Table C is required only for specified shortfall, unaccommodated-need, or no-net-loss circumstances. Zero records do not mean no rezoning occurred.",conditional_reporting_universe
zoning_and_rezoning,reported_rezone_realistic_capacity,Reported realistic capacity on Table C sites,06075,San Francisco,2018,2018-12-31,annual administrative reporting,0,housing units,CA_HCD_APR_TABLE_C,HCD-APR-TABLE-C-portal-current,2026-08-10T17:11:13Z,c09281d5e563a43685f6d665e807001f4d32a8eb4b47ced00e83f3e066d8ba26,county sum of HCD APR Table C records,"Table C is required only for specified shortfall, unaccommodated-need, or no-net-loss circumstances. Zero records do not mean no rezoning occurred.",conditional_reporting_universe
zoning_and_rezoning,reported_rezone_realistic_capacity,Reported realistic capacity on Table C sites,06075,San Francisco,2019,2019-12-31,annual administrative reporting,0,housing units,CA_HCD_APR_TABLE_C,HCD-APR-TABLE-C-portal-current,2026-08-10T17:11:13Z,c09281d5e563a43685f6d665e807001f4d32a8eb4b47ced00e83f3e066d8ba26,county sum of HCD APR Table C records,"Table C is required only for specified shortfall, unaccommodated-need, or no-net-loss circumstances. Zero records do not mean no rezoning occurred.",conditional_reporting_universe
zoning_and_rezoning,reported_rezone_realistic_capacity,Reported realistic capacity on Table C sites,06075,San Francisco,2020,2020-12-31,annual administrative reporting,0,housing units,CA_HCD_APR_TABLE_C,HCD-APR-TABLE-C-portal-current,2026-08-10T17:11:13Z,c09281d5e563a43685f6d665e807001f4d32a8eb4b47ced00e83f3e066d8ba26,county sum of HCD APR Table C records,"Table C is required only for specified shortfall, unaccommodated-need, or no-net-loss circumstances. Zero records do not mean no rezoning occurred.",conditional_reporting_universe
zoning_and_rezoning,reported_rezone_realistic_capacity,Reported realistic capacity on Table C sites,06075,San Francisco,2021,2021-12-31,annual administrative reporting,0,housing units,CA_HCD_APR_TABLE_C,HCD-APR-TABLE-C-portal-current,2026-08-10T17:11:13Z,c09281d5e563a43685f6d665e807001f4d32a8eb4b47ced00e83f3e066d8ba26,county sum of HCD APR Table C records,"Table C is required only for specified shortfall, unaccommodated-need, or no-net-loss circumstances. Zero records do not mean no rezoning occurred.",conditional_reporting_universe
zoning_and_rezoning,reported_rezone_realistic_capacity,Reported realistic capacity on Table C sites,06075,San Francisco,2022,2022-12-31,annual administrative reporting,0,housing units,CA_HCD_APR_TABLE_C,HCD-APR-TABLE-C-portal-current,2026-08-10T17:11:13Z,c09281d5e563a43685f6d665e807001f4d32a8eb4b47ced00e83f3e066d8ba26,county sum of HCD APR Table C records,"Table C is required only for specified shortfall, unaccommodated-need, or no-net-loss circumstances. Zero records do not mean no rezoning occurred.",conditional_reporting_universe
zoning_and_rezoning,reported_rezone_realistic_capacity,Reported realistic capacity on Table C sites,06075,San Francisco,2023,2023-12-31,annual administrative reporting,0,housing units,CA_HCD_APR_TABLE_C,HCD-APR-TABLE-C-portal-current,2026-08-10T17:11:13Z,c09281d5e563a43685f6d665e807001f4d32a8eb4b47ced00e83f3e066d8ba26,county sum of HCD APR Table C records,"Table C is required only for specified shortfall, unaccommodated-need, or no-net-loss circumstances. Zero records do not mean no rezoning occurred.",conditional_reporting_universe
zoning_and_rezoning,reported_rezone_realistic_capacity,Reported realistic capacity on Table C sites,06075,San Francisco,2024,2024-12-31,annual administrative reporting,0,housing units,CA_HCD_APR_TABLE_C,HCD-APR-TABLE-C-portal-current,2026-08-10T17:11:13Z,c09281d5e563a43685f6d665e807001f4d32a8eb4b47ced00e83f3e066d8ba26,county sum of HCD APR Table C records,"Table C is required only for specified shortfall, unaccommodated-need, or no-net-loss circumstances. Zero records do not mean no rezoning occurred.",conditional_reporting_universe
zoning_and_rezoning,reported_rezone_realistic_capacity,Reported realistic capacity on Table C sites,06075,San Francisco,2025,2025-12-31,annual administrative reporting,64653.40814419354,housing units,CA_HCD_APR_TABLE_C,HCD-APR-TABLE-C-portal-current,2026-08-10T17:11:13Z,c09281d5e563a43685f6d665e807001f4d32a8eb4b47ced00e83f3e066d8ba26,county sum of HCD APR Table C records,"Table C is required only for specified shortfall, unaccommodated-need, or no-net-loss circumstances. Zero records do not mean no rezoning occurred.",conditional_reporting_universe
zoning_and_rezoning,reported_rezone_realistic_capacity,Reported realistic capacity on Table C sites,06081,San Mateo,2018,2018-12-31,annual administrative reporting,302.0,housing units,CA_HCD_APR_TABLE_C,HCD-APR-TABLE-C-portal-current,2026-08-10T17:11:13Z,c09281d5e563a43685f6d665e807001f4d32a8eb4b47ced00e83f3e066d8ba26,county sum of HCD APR Table C records,"Table C is required only for specified shortfall, unaccommodated-need, or no-net-loss circumstances. Zero records do not mean no rezoning occurred.",conditional_reporting_universe
zoning_and_rezoning,reported_rezone_realistic_capacity,Reported realistic capacity on Table C sites,06081,San Mateo,2019,2019-12-31,annual administrative reporting,298.0,housing units,CA_HCD_APR_TABLE_C,HCD-APR-TABLE-C-portal-current,2026-08-10T17:11:13Z,c09281d5e563a43685f6d665e807001f4d32a8eb4b47ced00e83f3e066d8ba26,county sum of HCD APR Table C records,"Table C is required only for specified shortfall, unaccommodated-need, or no-net-loss circumstances. Zero records do not mean no rezoning occurred.",conditional_reporting_universe
zoning_and_rezoning,reported_rezone_realistic_capacity,Reported realistic capacity on Table C sites,06081,San Mateo,2020,2020-12-31,annual administrative reporting,298.0,housing units,CA_HCD_APR_TABLE_C,HCD-APR-TABLE-C-portal-current,2026-08-10T17:11:13Z,c09281d5e563a43685f6d665e807001f4d32a8eb4b47ced00e83f3e066d8ba26,county sum of HCD APR Table C records,"Table C is required only for specified shortfall, unaccommodated-need, or no-net-loss circumstances. Zero records do not mean no rezoning occurred.",conditional_reporting_universe
zoning_and_rezoning,reported_rezone_realistic_capacity,Reported realistic capacity on Table C sites,06081,San Mateo,2021,2021-12-31,annual administrative reporting,0,housing units,CA_HCD_APR_TABLE_C,HCD-APR-TABLE-C-portal-current,2026-08-10T17:11:13Z,c09281d5e563a43685f6d665e807001f4d32a8eb4b47ced00e83f3e066d8ba26,county sum of HCD APR Table C records,"Table C is required only for specified shortfall, unaccommodated-need, or no-net-loss circumstances. Zero records do not mean no rezoning occurred.",conditional_reporting_universe
zoning_and_rezoning,reported_rezone_realistic_capacity,Reported realistic capacity on Table C sites,06081,San Mateo,2022,2022-12-31,annual administrative reporting,0,housing units,CA_HCD_APR_TABLE_C,HCD-APR-TABLE-C-portal-current,2026-08-10T17:11:13Z,c09281d5e563a43685f6d665e807001f4d32a8eb4b47ced00e83f3e066d8ba26,county sum of HCD APR Table C records,"Table C is required only for specified shortfall, unaccommodated-need, or no-net-loss circumstances. Zero records do not mean no rezoning occurred.",conditional_reporting_universe
zoning_and_rezoning,reported_rezone_realistic_capacity,Reported realistic capacity on Table C sites,06081,San Mateo,2023,2023-12-31,annual administrative reporting,1861.0,housing units,CA_HCD_APR_TABLE_C,HCD-APR-TABLE-C-portal-current,2026-08-10T17:11:13Z,c09281d5e563a43685f6d665e807001f4d32a8eb4b47ced00e83f3e066d8ba26,county sum of HCD APR Table C records,"Table C is required only for specified shortfall, unaccommodated-need, or no-net-loss circumstances. Zero records do not mean no rezoning occurred.",conditional_reporting_universe
zoning_and_rezoning,reported_rezone_realistic_capacity,Reported realistic capacity on Table C sites,06081,San Mateo,2024,2024-12-31,annual administrative reporting,5808.0,housing units,CA_HCD_APR_TABLE_C,HCD-APR-TABLE-C-portal-current,2026-08-10T17:11:13Z,c09281d5e563a43685f6d665e807001f4d32a8eb4b47ced00e83f3e066d8ba26,county sum of HCD APR Table C records,"Table C is required only for specified shortfall, unaccommodated-need, or no-net-loss circumstances. Zero records do not mean no rezoning occurred.",conditional_reporting_universe
zoning_and_rezoning,reported_rezone_realistic_capacity,Reported realistic capacity on Table C sites,06081,San Mateo,2025,2025-12-31,annual administrative reporting,3127.0,housing units,CA_HCD_APR_TABLE_C,HCD-APR-TABLE-C-portal-current,2026-08-10T17:11:13Z,c09281d5e563a43685f6d665e807001f4d32a8eb4b47ced00e83f3e066d8ba26,county sum of HCD APR Table C records,"Table C is required only for specified shortfall, unaccommodated-need, or no-net-loss circumstances. Zero records do not mean no rezoning occurred.",conditional_reporting_universe
zoning_and_rezoning,reported_rezone_realistic_capacity,Reported realistic capacity on Table C sites,06085,Santa Clara,2018,2018-12-31,annual administrative reporting,8584.0,housing units,CA_HCD_APR_TABLE_C,HCD-APR-TABLE-C-portal-current,2026-08-10T17:11:13Z,c09281d5e563a43685f6d665e807001f4d32a8eb4b47ced00e83f3e066d8ba26,county sum of HCD APR Table C records,"Table C is required only for specified shortfall, unaccommodated-need, or no-net-loss circumstances. Zero records do not mean no rezoning occurred.",conditional_reporting_universe
zoning_and_rezoning,reported_rezone_realistic_capacity,Reported realistic capacity on Table C sites,06085,Santa Clara,2019,2019-12-31,annual administrative reporting,0,housing units,CA_HCD_APR_TABLE_C,HCD-APR-TABLE-C-portal-current,2026-08-10T17:11:13Z,c09281d5e563a43685f6d665e807001f4d32a8eb4b47ced00e83f3e066d8ba26,county sum of HCD APR Table C records,"Table C is required only for specified shortfall, unaccommodated-need, or no-net-loss circumstances. Zero records do not mean no rezoning occurred.",conditional_reporting_universe
zoning_and_rezoning,reported_rezone_realistic_capacity,Reported realistic capacity on Table C sites,06085,Santa Clara,2020,2020-12-31,annual administrative reporting,0,housing units,CA_HCD_APR_TABLE_C,HCD-APR-TABLE-C-portal-current,2026-08-10T17:11:13Z,c09281d5e563a43685f6d665e807001f4d32a8eb4b47ced00e83f3e066d8ba26,county sum of HCD APR Table C records,"Table C is required only for specified shortfall, unaccommodated-need, or no-net-loss circumstances. Zero records do not mean no rezoning occurred.",conditional_reporting_universe
zoning_and_rezoning,reported_rezone_realistic_capacity,Reported realistic capacity on Table C sites,06085,Santa Clara,2021,2021-12-31,annual administrative reporting,0,housing units,CA_HCD_APR_TABLE_C,HCD-APR-TABLE-C-portal-current,2026-08-10T17:11:13Z,c09281d5e563a43685f6d665e807001f4d32a8eb4b47ced00e83f3e066d8ba26,county sum of HCD APR Table C records,"Table C is required only for specified shortfall, unaccommodated-need, or no-net-loss circumstances. Zero records do not mean no rezoning occurred.",conditional_reporting_universe
zoning_and_rezoning,reported_rezone_realistic_capacity,Reported realistic capacity on Table C sites,06085,Santa Clara,2022,2022-12-31,annual administrative reporting,0,housing units,CA_HCD_APR_TABLE_C,HCD-APR-TABLE-C-portal-current,2026-08-10T17:11:13Z,c09281d5e563a43685f6d665e807001f4d32a8eb4b47ced00e83f3e066d8ba26,county sum of HCD APR Table C records,"Table C is required only for specified shortfall, unaccommodated-need, or no-net-loss circumstances. Zero records do not mean no rezoning occurred.",conditional_reporting_universe
zoning_and_rezoning,reported_rezone_realistic_capacity,Reported realistic capacity on Table C sites,06085,Santa Clara,2023,2023-12-31,annual administrative reporting,17767.0,housing units,CA_HCD_APR_TABLE_C,HCD-APR-TABLE-C-portal-current,2026-08-10T17:11:13Z,c09281d5e563a43685f6d665e807001f4d32a8eb4b47ced00e83f3e066d8ba26,county sum of HCD APR Table C records,"Table C is required only for specified shortfall, unaccommodated-need, or no-net-loss circumstances. Zero records do not mean no rezoning occurred.",conditional_reporting_universe
zoning_and_rezoning,reported_rezone_realistic_capacity,Reported realistic capacity on Table C sites,06085,Santa Clara,2024,2024-12-31,annual administrative reporting,14398.0,housing units,CA_HCD_APR_TABLE_C,HCD-APR-TABLE-C-portal-current,2026-08-10T17:11:13Z,c09281d5e563a43685f6d665e807001f4d32a8eb4b47ced00e83f3e066d8ba26,county sum of HCD APR Table C records,"Table C is required only for specified shortfall, unaccommodated-need, or no-net-loss circumstances. Zero records do not mean no rezoning occurred.",conditional_reporting_universe
zoning_and_rezoning,reported_rezone_realistic_capacity,Reported realistic capacity on Table C sites,06085,Santa Clara,2025,2025-12-31,annual administrative reporting,1911.0,housing units,CA_HCD_APR_TABLE_C,HCD-APR-TABLE-C-portal-current,2026-08-10T17:11:13Z,c09281d5e563a43685f6d665e807001f4d32a8eb4b47ced00e83f3e066d8ba26,county sum of HCD APR Table C records,"Table C is required only for specified shortfall, unaccommodated-need, or no-net-loss circumstances. Zero records do not mean no rezoning occurred.",conditional_reporting_universe
zoning_and_rezoning,reported_rezone_realistic_capacity,Reported realistic capacity on Table C sites,06095,Solano,2018,2018-12-31,annual administrative reporting,322.0,housing units,CA_HCD_APR_TABLE_C,HCD-APR-TABLE-C-portal-current,2026-08-10T17:11:13Z,c09281d5e563a43685f6d665e807001f4d32a8eb4b47ced00e83f3e066d8ba26,county sum of HCD APR Table C records,"Table C is required only for specified shortfall, unaccommodated-need, or no-net-loss circumstances. Zero records do not mean no rezoning occurred.",conditional_reporting_universe
zoning_and_rezoning,reported_rezone_realistic_capacity,Reported realistic capacity on Table C sites,06095,Solano,2019,2019-12-31,annual administrative reporting,117.0,housing units,CA_HCD_APR_TABLE_C,HCD-APR-TABLE-C-portal-current,2026-08-10T17:11:13Z,c09281d5e563a43685f6d665e807001f4d32a8eb4b47ced00e83f3e066d8ba26,county sum of HCD APR Table C records,"Table C is required only for specified shortfall, unaccommodated-need, or no-net-loss circumstances. Zero records do not mean no rezoning occurred.",conditional_reporting_universe
zoning_and_rezoning,reported_rezone_realistic_capacity,Reported realistic capacity on Table C sites,06095,Solano,2020,2020-12-31,annual administrative reporting,0,housing units,CA_HCD_APR_TABLE_C,HCD-APR-TABLE-C-portal-current,2026-08-10T17:11:13Z,c09281d5e563a43685f6d665e807001f4d32a8eb4b47ced00e83f3e066d8ba26,county sum of HCD APR Table C records,"Table C is required only for specified shortfall, unaccommodated-need, or no-net-loss circumstances. Zero records do not mean no rezoning occurred.",conditional_reporting_universe
zoning_and_rezoning,reported_rezone_realistic_capacity,Reported realistic capacity on Table C sites,06095,Solano,2021,2021-12-31,annual administrative reporting,322.0,housing units,CA_HCD_APR_TABLE_C,HCD-APR-TABLE-C-portal-current,2026-08-10T17:11:13Z,c09281d5e563a43685f6d665e807001f4d32a8eb4b47ced00e83f3e066d8ba26,county sum of HCD APR Table C records,"Table C is required only for specified shortfall, unaccommodated-need, or no-net-loss circumstances. Zero records do not mean no rezoning occurred.",conditional_reporting_universe
zoning_and_rezoning,reported_rezone_realistic_capacity,Reported realistic capacity on Table C sites,06095,Solano,2022,2022-12-31,annual administrative reporting,0,housing units,CA_HCD_APR_TABLE_C,HCD-APR-TABLE-C-portal-current,2026-08-10T17:11:13Z,c09281d5e563a43685f6d665e807001f4d32a8eb4b47ced00e83f3e066d8ba26,county sum of HCD APR Table C records,"Table C is required only for specified shortfall, unaccommodated-need, or no-net-loss circumstances. Zero records do not mean no rezoning occurred.",conditional_reporting_universe
zoning_and_rezoning,reported_rezone_realistic_capacity,Reported realistic capacity on Table C sites,06095,Solano,2023,2023-12-31,annual administrative reporting,1432.0,housing units,CA_HCD_APR_TABLE_C,HCD-APR-TABLE-C-portal-current,2026-08-10T17:11:13Z,c09281d5e563a43685f6d665e807001f4d32a8eb4b47ced00e83f3e066d8ba26,county sum of HCD APR Table C records,"Table C is required only for specified shortfall, unaccommodated-need, or no-net-loss circumstances. Zero records do not mean no rezoning occurred.",conditional_reporting_universe
zoning_and_rezoning,reported_rezone_realistic_capacity,Reported realistic capacity on Table C sites,06095,Solano,2024,2024-12-31,annual administrative reporting,1384.0,housing units,CA_HCD_APR_TABLE_C,HCD-APR-TABLE-C-portal-current,2026-08-10T17:11:13Z,c09281d5e563a43685f6d665e807001f4d32a8eb4b47ced00e83f3e066d8ba26,county sum of HCD APR Table C records,"Table C is required only for specified shortfall, unaccommodated-need, or no-net-loss circumstances. Zero records do not mean no rezoning occurred.",conditional_reporting_universe
zoning_and_rezoning,reported_rezone_realistic_capacity,Reported realistic capacity on Table C sites,06095,Solano,2025,2025-12-31,annual administrative reporting,449.0,housing units,CA_HCD_APR_TABLE_C,HCD-APR-TABLE-C-portal-current,2026-08-10T17:11:13Z,c09281d5e563a43685f6d665e807001f4d32a8eb4b47ced00e83f3e066d8ba26,county sum of HCD APR Table C records,"Table C is required only for specified shortfall, unaccommodated-need, or no-net-loss circumstances. Zero records do not mean no rezoning occurred.",conditional_reporting_universe
zoning_and_rezoning,reported_rezone_realistic_capacity,Reported realistic capacity on Table C sites,06097,Sonoma,2018,2018-12-31,annual administrative reporting,0,housing units,CA_HCD_APR_TABLE_C,HCD-APR-TABLE-C-portal-current,2026-08-10T17:11:13Z,c09281d5e563a43685f6d665e807001f4d32a8eb4b47ced00e83f3e066d8ba26,county sum of HCD APR Table C records,"Table C is required only for specified shortfall, unaccommodated-need, or no-net-loss circumstances. Zero records do not mean no rezoning occurred.",conditional_reporting_universe
zoning_and_rezoning,reported_rezone_realistic_capacity,Reported realistic capacity on Table C sites,06097,Sonoma,2019,2019-12-31,annual administrative reporting,0,housing units,CA_HCD_APR_TABLE_C,HCD-APR-TABLE-C-portal-current,2026-08-10T17:11:13Z,c09281d5e563a43685f6d665e807001f4d32a8eb4b47ced00e83f3e066d8ba26,county sum of HCD APR Table C records,"Table C is required only for specified shortfall, unaccommodated-need, or no-net-loss circumstances. Zero records do not mean no rezoning occurred.",conditional_reporting_universe
zoning_and_rezoning,reported_rezone_realistic_capacity,Reported realistic capacity on Table C sites,06097,Sonoma,2020,2020-12-31,annual administrative reporting,0,housing units,CA_HCD_APR_TABLE_C,HCD-APR-TABLE-C-portal-current,2026-08-10T17:11:13Z,c09281d5e563a43685f6d665e807001f4d32a8eb4b47ced00e83f3e066d8ba26,county sum of HCD APR Table C records,"Table C is required only for specified shortfall, unaccommodated-need, or no-net-loss circumstances. Zero records do not mean no rezoning occurred.",conditional_reporting_universe
zoning_and_rezoning,reported_rezone_realistic_capacity,Reported realistic capacity on Table C sites,06097,Sonoma,2021,2021-12-31,annual administrative reporting,0,housing units,CA_HCD_APR_TABLE_C,HCD-APR-TABLE-C-portal-current,2026-08-10T17:11:13Z,c09281d5e563a43685f6d665e807001f4d32a8eb4b47ced00e83f3e066d8ba26,county sum of HCD APR Table C records,"Table C is required only for specified shortfall, unaccommodated-need, or no-net-loss circumstances. Zero records do not mean no rezoning occurred.",conditional_reporting_universe
zoning_and_rezoning,reported_rezone_realistic_capacity,Reported realistic capacity on Table C sites,06097,Sonoma,2022,2022-12-31,annual administrative reporting,0,housing units,CA_HCD_APR_TABLE_C,HCD-APR-TABLE-C-portal-current,2026-08-10T17:11:13Z,c09281d5e563a43685f6d665e807001f4d32a8eb4b47ced00e83f3e066d8ba26,county sum of HCD APR Table C records,"Table C is required only for specified shortfall, unaccommodated-need, or no-net-loss circumstances. Zero records do not mean no rezoning occurred.",conditional_reporting_universe
zoning_and_rezoning,reported_rezone_realistic_capacity,Reported realistic capacity on Table C sites,06097,Sonoma,2023,2023-12-31,annual administrative reporting,685.0,housing units,CA_HCD_APR_TABLE_C,HCD-APR-TABLE-C-portal-current,2026-08-10T17:11:13Z,c09281d5e563a43685f6d665e807001f4d32a8eb4b47ced00e83f3e066d8ba26,county sum of HCD APR Table C records,"Table C is required only for specified shortfall, unaccommodated-need, or no-net-loss circumstances. Zero records do not mean no rezoning occurred.",conditional_reporting_universe
zoning_and_rezoning,reported_rezone_realistic_capacity,Reported realistic capacity on Table C sites,06097,Sonoma,2024,2024-12-31,annual administrative reporting,0,housing units,CA_HCD_APR_TABLE_C,HCD-APR-TABLE-C-portal-current,2026-08-10T17:11:13Z,c09281d5e563a43685f6d665e807001f4d32a8eb4b47ced00e83f3e066d8ba26,county sum of HCD APR Table C records,"Table C is required only for specified shortfall, unaccommodated-need, or no-net-loss circumstances. Zero records do not mean no rezoning occurred.",conditional_reporting_universe
zoning_and_rezoning,reported_rezone_realistic_capacity,Reported realistic capacity on Table C sites,06097,Sonoma,2025,2025-12-31,annual administrative reporting,1.6,housing units,CA_HCD_APR_TABLE_C,HCD-APR-TABLE-C-portal-current,2026-08-10T17:11:13Z,c09281d5e563a43685f6d665e807001f4d32a8eb4b47ced00e83f3e066d8ba26,county sum of HCD APR Table C records,"Table C is required only for specified shortfall, unaccommodated-need, or no-net-loss circumstances. Zero records do not mean no rezoning occurred.",conditional_reporting_universe
zoning_and_rezoning,reported_rezone_site_records,Reported Table C site records,06001,Alameda,2018,2018-12-31,annual administrative reporting,16.0,records,CA_HCD_APR_TABLE_C,HCD-APR-TABLE-C-portal-current,2026-08-10T17:11:13Z,c09281d5e563a43685f6d665e807001f4d32a8eb4b47ced00e83f3e066d8ba26,county sum of HCD APR Table C records,"Table C is required only for specified shortfall, unaccommodated-need, or no-net-loss circumstances. Zero records do not mean no rezoning occurred.",conditional_reporting_universe
zoning_and_rezoning,reported_rezone_site_records,Reported Table C site records,06001,Alameda,2019,2019-12-31,annual administrative reporting,1.0,records,CA_HCD_APR_TABLE_C,HCD-APR-TABLE-C-portal-current,2026-08-10T17:11:13Z,c09281d5e563a43685f6d665e807001f4d32a8eb4b47ced00e83f3e066d8ba26,county sum of HCD APR Table C records,"Table C is required only for specified shortfall, unaccommodated-need, or no-net-loss circumstances. Zero records do not mean no rezoning occurred.",conditional_reporting_universe
zoning_and_rezoning,reported_rezone_site_records,Reported Table C site records,06001,Alameda,2020,2020-12-31,annual administrative reporting,1.0,records,CA_HCD_APR_TABLE_C,HCD-APR-TABLE-C-portal-current,2026-08-10T17:11:13Z,c09281d5e563a43685f6d665e807001f4d32a8eb4b47ced00e83f3e066d8ba26,county sum of HCD APR Table C records,"Table C is required only for specified shortfall, unaccommodated-need, or no-net-loss circumstances. Zero records do not mean no rezoning occurred.",conditional_reporting_universe
zoning_and_rezoning,reported_rezone_site_records,Reported Table C site records,06001,Alameda,2021,2021-12-31,annual administrative reporting,0,records,CA_HCD_APR_TABLE_C,HCD-APR-TABLE-C-portal-current,2026-08-10T17:11:13Z,c09281d5e563a43685f6d665e807001f4d32a8eb4b47ced00e83f3e066d8ba26,county sum of HCD APR Table C records,"Table C is required only for specified shortfall, unaccommodated-need, or no-net-loss circumstances. Zero records do not mean no rezoning occurred.",conditional_reporting_universe
zoning_and_rezoning,reported_rezone_site_records,Reported Table C site records,06001,Alameda,2022,2022-12-31,annual administrative reporting,0,records,CA_HCD_APR_TABLE_C,HCD-APR-TABLE-C-portal-current,2026-08-10T17:11:13Z,c09281d5e563a43685f6d665e807001f4d32a8eb4b47ced00e83f3e066d8ba26,county sum of HCD APR Table C records,"Table C is required only for specified shortfall, unaccommodated-need, or no-net-loss circumstances. Zero records do not mean no rezoning occurred.",conditional_reporting_universe
zoning_and_rezoning,reported_rezone_site_records,Reported Table C site records,06001,Alameda,2023,2023-12-31,annual administrative reporting,0,records,CA_HCD_APR_TABLE_C,HCD-APR-TABLE-C-portal-current,2026-08-10T17:11:13Z,c09281d5e563a43685f6d665e807001f4d32a8eb4b47ced00e83f3e066d8ba26,county sum of HCD APR Table C records,"Table C is required only for specified shortfall, unaccommodated-need, or no-net-loss circumstances. Zero records do not mean no rezoning occurred.",conditional_reporting_universe
zoning_and_rezoning,reported_rezone_site_records,Reported Table C site records,06001,Alameda,2024,2024-12-31,annual administrative reporting,1.0,records,CA_HCD_APR_TABLE_C,HCD-APR-TABLE-C-portal-current,2026-08-10T17:11:13Z,c09281d5e563a43685f6d665e807001f4d32a8eb4b47ced00e83f3e066d8ba26,county sum of HCD APR Table C records,"Table C is required only for specified shortfall, unaccommodated-need, or no-net-loss circumstances. Zero records do not mean no rezoning occurred.",conditional_reporting_universe
zoning_and_rezoning,reported_rezone_site_records,Reported Table C site records,06001,Alameda,2025,2025-12-31,annual administrative reporting,1.0,records,CA_HCD_APR_TABLE_C,HCD-APR-TABLE-C-portal-current,2026-08-10T17:11:13Z,c09281d5e563a43685f6d665e807001f4d32a8eb4b47ced00e83f3e066d8ba26,county sum of HCD APR Table C records,"Table C is required only for specified shortfall, unaccommodated-need, or no-net-loss circumstances. Zero records do not mean no rezoning occurred.",conditional_reporting_universe
zoning_and_rezoning,reported_rezone_site_records,Reported Table C site records,06013,Contra Costa,2018,2018-12-31,annual administrative reporting,0,records,CA_HCD_APR_TABLE_C,HCD-APR-TABLE-C-portal-current,2026-08-10T17:11:13Z,c09281d5e563a43685f6d665e807001f4d32a8eb4b47ced00e83f3e066d8ba26,county sum of HCD APR Table C records,"Table C is required only for specified shortfall, unaccommodated-need, or no-net-loss circumstances. Zero records do not mean no rezoning occurred.",conditional_reporting_universe
zoning_and_rezoning,reported_rezone_site_records,Reported Table C site records,06013,Contra Costa,2019,2019-12-31,annual administrative reporting,0,records,CA_HCD_APR_TABLE_C,HCD-APR-TABLE-C-portal-current,2026-08-10T17:11:13Z,c09281d5e563a43685f6d665e807001f4d32a8eb4b47ced00e83f3e066d8ba26,county sum of HCD APR Table C records,"Table C is required only for specified shortfall, unaccommodated-need, or no-net-loss circumstances. Zero records do not mean no rezoning occurred.",conditional_reporting_universe
zoning_and_rezoning,reported_rezone_site_records,Reported Table C site records,06013,Contra Costa,2020,2020-12-31,annual administrative reporting,0,records,CA_HCD_APR_TABLE_C,HCD-APR-TABLE-C-portal-current,2026-08-10T17:11:13Z,c09281d5e563a43685f6d665e807001f4d32a8eb4b47ced00e83f3e066d8ba26,county sum of HCD APR Table C records,"Table C is required only for specified shortfall, unaccommodated-need, or no-net-loss circumstances. Zero records do not mean no rezoning occurred.",conditional_reporting_universe
zoning_and_rezoning,reported_rezone_site_records,Reported Table C site records,06013,Contra Costa,2021,2021-12-31,annual administrative reporting,0,records,CA_HCD_APR_TABLE_C,HCD-APR-TABLE-C-portal-current,2026-08-10T17:11:13Z,c09281d5e563a43685f6d665e807001f4d32a8eb4b47ced00e83f3e066d8ba26,county sum of HCD APR Table C records,"Table C is required only for specified shortfall, unaccommodated-need, or no-net-loss circumstances. Zero records do not mean no rezoning occurred.",conditional_reporting_universe
zoning_and_rezoning,reported_rezone_site_records,Reported Table C site records,06013,Contra Costa,2022,2022-12-31,annual administrative reporting,0,records,CA_HCD_APR_TABLE_C,HCD-APR-TABLE-C-portal-current,2026-08-10T17:11:13Z,c09281d5e563a43685f6d665e807001f4d32a8eb4b47ced00e83f3e066d8ba26,county sum of HCD APR Table C records,"Table C is required only for specified shortfall, unaccommodated-need, or no-net-loss circumstances. Zero records do not mean no rezoning occurred.",conditional_reporting_universe
zoning_and_rezoning,reported_rezone_site_records,Reported Table C site records,06013,Contra Costa,2023,2023-12-31,annual administrative reporting,105.0,records,CA_HCD_APR_TABLE_C,HCD-APR-TABLE-C-portal-current,2026-08-10T17:11:13Z,c09281d5e563a43685f6d665e807001f4d32a8eb4b47ced00e83f3e066d8ba26,county sum of HCD APR Table C records,"Table C is required only for specified shortfall, unaccommodated-need, or no-net-loss circumstances. Zero records do not mean no rezoning occurred.",conditional_reporting_universe
zoning_and_rezoning,reported_rezone_site_records,Reported Table C site records,06013,Contra Costa,2024,2024-12-31,annual administrative reporting,0,records,CA_HCD_APR_TABLE_C,HCD-APR-TABLE-C-portal-current,2026-08-10T17:11:13Z,c09281d5e563a43685f6d665e807001f4d32a8eb4b47ced00e83f3e066d8ba26,county sum of HCD APR Table C records,"Table C is required only for specified shortfall, unaccommodated-need, or no-net-loss circumstances. Zero records do not mean no rezoning occurred.",conditional_reporting_universe
zoning_and_rezoning,reported_rezone_site_records,Reported Table C site records,06013,Contra Costa,2025,2025-12-31,annual administrative reporting,49.0,records,CA_HCD_APR_TABLE_C,HCD-APR-TABLE-C-portal-current,2026-08-10T17:11:13Z,c09281d5e563a43685f6d665e807001f4d32a8eb4b47ced00e83f3e066d8ba26,county sum of HCD APR Table C records,"Table C is required only for specified shortfall, unaccommodated-need, or no-net-loss circumstances. Zero records do not mean no rezoning occurred.",conditional_reporting_universe
zoning_and_rezoning,reported_rezone_site_records,Reported Table C site records,06041,Marin,2018,2018-12-31,annual administrative reporting,0,records,CA_HCD_APR_TABLE_C,HCD-APR-TABLE-C-portal-current,2026-08-10T17:11:13Z,c09281d5e563a43685f6d665e807001f4d32a8eb4b47ced00e83f3e066d8ba26,county sum of HCD APR Table C records,"Table C is required only for specified shortfall, unaccommodated-need, or no-net-loss circumstances. Zero records do not mean no rezoning occurred.",conditional_reporting_universe
zoning_and_rezoning,reported_rezone_site_records,Reported Table C site records,06041,Marin,2019,2019-12-31,annual administrative reporting,0,records,CA_HCD_APR_TABLE_C,HCD-APR-TABLE-C-portal-current,2026-08-10T17:11:13Z,c09281d5e563a43685f6d665e807001f4d32a8eb4b47ced00e83f3e066d8ba26,county sum of HCD APR Table C records,"Table C is required only for specified shortfall, unaccommodated-need, or no-net-loss circumstances. Zero records do not mean no rezoning occurred.",conditional_reporting_universe
zoning_and_rezoning,reported_rezone_site_records,Reported Table C site records,06041,Marin,2020,2020-12-31,annual administrative reporting,0,records,CA_HCD_APR_TABLE_C,HCD-APR-TABLE-C-portal-current,2026-08-10T17:11:13Z,c09281d5e563a43685f6d665e807001f4d32a8eb4b47ced00e83f3e066d8ba26,county sum of HCD APR Table C records,"Table C is required only for specified shortfall, unaccommodated-need, or no-net-loss circumstances. Zero records do not mean no rezoning occurred.",conditional_reporting_universe
zoning_and_rezoning,reported_rezone_site_records,Reported Table C site records,06041,Marin,2021,2021-12-31,annual administrative reporting,0,records,CA_HCD_APR_TABLE_C,HCD-APR-TABLE-C-portal-current,2026-08-10T17:11:13Z,c09281d5e563a43685f6d665e807001f4d32a8eb4b47ced00e83f3e066d8ba26,county sum of HCD APR Table C records,"Table C is required only for specified shortfall, unaccommodated-need, or no-net-loss circumstances. Zero records do not mean no rezoning occurred.",conditional_reporting_universe
zoning_and_rezoning,reported_rezone_site_records,Reported Table C site records,06041,Marin,2022,2022-12-31,annual administrative reporting,0,records,CA_HCD_APR_TABLE_C,HCD-APR-TABLE-C-portal-current,2026-08-10T17:11:13Z,c09281d5e563a43685f6d665e807001f4d32a8eb4b47ced00e83f3e066d8ba26,county sum of HCD APR Table C records,"Table C is required only for specified shortfall, unaccommodated-need, or no-net-loss circumstances. Zero records do not mean no rezoning occurred.",conditional_reporting_universe
zoning_and_rezoning,reported_rezone_site_records,Reported Table C site records,06041,Marin,2023,2023-12-31,annual administrative reporting,142.0,records,CA_HCD_APR_TABLE_C,HCD-APR-TABLE-C-portal-current,2026-08-10T17:11:13Z,c09281d5e563a43685f6d665e807001f4d32a8eb4b47ced00e83f3e066d8ba26,county sum of HCD APR Table C records,"Table C is required only for specified shortfall, unaccommodated-need, or no-net-loss circumstances. Zero records do not mean no rezoning occurred.",conditional_reporting_universe
zoning_and_rezoning,reported_rezone_site_records,Reported Table C site records,06041,Marin,2024,2024-12-31,annual administrative reporting,84.0,records,CA_HCD_APR_TABLE_C,HCD-APR-TABLE-C-portal-current,2026-08-10T17:11:13Z,c09281d5e563a43685f6d665e807001f4d32a8eb4b47ced00e83f3e066d8ba26,county sum of HCD APR Table C records,"Table C is required only for specified shortfall, unaccommodated-need, or no-net-loss circumstances. Zero records do not mean no rezoning occurred.",conditional_reporting_universe
zoning_and_rezoning,reported_rezone_site_records,Reported Table C site records,06041,Marin,2025,2025-12-31,annual administrative reporting,76.0,records,CA_HCD_APR_TABLE_C,HCD-APR-TABLE-C-portal-current,2026-08-10T17:11:13Z,c09281d5e563a43685f6d665e807001f4d32a8eb4b47ced00e83f3e066d8ba26,county sum of HCD APR Table C records,"Table C is required only for specified shortfall, unaccommodated-need, or no-net-loss circumstances. Zero records do not mean no rezoning occurred.",conditional_reporting_universe
zoning_and_rezoning,reported_rezone_site_records,Reported Table C site records,06055,Napa,2018,2018-12-31,annual administrative reporting,0,records,CA_HCD_APR_TABLE_C,HCD-APR-TABLE-C-portal-current,2026-08-10T17:11:13Z,c09281d5e563a43685f6d665e807001f4d32a8eb4b47ced00e83f3e066d8ba26,county sum of HCD APR Table C records,"Table C is required only for specified shortfall, unaccommodated-need, or no-net-loss circumstances. Zero records do not mean no rezoning occurred.",conditional_reporting_universe
zoning_and_rezoning,reported_rezone_site_records,Reported Table C site records,06055,Napa,2019,2019-12-31,annual administrative reporting,0,records,CA_HCD_APR_TABLE_C,HCD-APR-TABLE-C-portal-current,2026-08-10T17:11:13Z,c09281d5e563a43685f6d665e807001f4d32a8eb4b47ced00e83f3e066d8ba26,county sum of HCD APR Table C records,"Table C is required only for specified shortfall, unaccommodated-need, or no-net-loss circumstances. Zero records do not mean no rezoning occurred.",conditional_reporting_universe
zoning_and_rezoning,reported_rezone_site_records,Reported Table C site records,06055,Napa,2020,2020-12-31,annual administrative reporting,0,records,CA_HCD_APR_TABLE_C,HCD-APR-TABLE-C-portal-current,2026-08-10T17:11:13Z,c09281d5e563a43685f6d665e807001f4d32a8eb4b47ced00e83f3e066d8ba26,county sum of HCD APR Table C records,"Table C is required only for specified shortfall, unaccommodated-need, or no-net-loss circumstances. Zero records do not mean no rezoning occurred.",conditional_reporting_universe
zoning_and_rezoning,reported_rezone_site_records,Reported Table C site records,06055,Napa,2021,2021-12-31,annual administrative reporting,0,records,CA_HCD_APR_TABLE_C,HCD-APR-TABLE-C-portal-current,2026-08-10T17:11:13Z,c09281d5e563a43685f6d665e807001f4d32a8eb4b47ced00e83f3e066d8ba26,county sum of HCD APR Table C records,"Table C is required only for specified shortfall, unaccommodated-need, or no-net-loss circumstances. Zero records do not mean no rezoning occurred.",conditional_reporting_universe
zoning_and_rezoning,reported_rezone_site_records,Reported Table C site records,06055,Napa,2022,2022-12-31,annual administrative reporting,0,records,CA_HCD_APR_TABLE_C,HCD-APR-TABLE-C-portal-current,2026-08-10T17:11:13Z,c09281d5e563a43685f6d665e807001f4d32a8eb4b47ced00e83f3e066d8ba26,county sum of HCD APR Table C records,"Table C is required only for specified shortfall, unaccommodated-need, or no-net-loss circumstances. Zero records do not mean no rezoning occurred.",conditional_reporting_universe
zoning_and_rezoning,reported_rezone_site_records,Reported Table C site records,06055,Napa,2023,2023-12-31,annual administrative reporting,0,records,CA_HCD_APR_TABLE_C,HCD-APR-TABLE-C-portal-current,2026-08-10T17:11:13Z,c09281d5e563a43685f6d665e807001f4d32a8eb4b47ced00e83f3e066d8ba26,county sum of HCD APR Table C records,"Table C is required only for specified shortfall, unaccommodated-need, or no-net-loss circumstances. Zero records do not mean no rezoning occurred.",conditional_reporting_universe
zoning_and_rezoning,reported_rezone_site_records,Reported Table C site records,06055,Napa,2024,2024-12-31,annual administrative reporting,0,records,CA_HCD_APR_TABLE_C,HCD-APR-TABLE-C-portal-current,2026-08-10T17:11:13Z,c09281d5e563a43685f6d665e807001f4d32a8eb4b47ced00e83f3e066d8ba26,county sum of HCD APR Table C records,"Table C is required only for specified shortfall, unaccommodated-need, or no-net-loss circumstances. Zero records do not mean no rezoning occurred.",conditional_reporting_universe
zoning_and_rezoning,reported_rezone_site_records,Reported Table C site records,06055,Napa,2025,2025-12-31,annual administrative reporting,1.0,records,CA_HCD_APR_TABLE_C,HCD-APR-TABLE-C-portal-current,2026-08-10T17:11:13Z,c09281d5e563a43685f6d665e807001f4d32a8eb4b47ced00e83f3e066d8ba26,county sum of HCD APR Table C records,"Table C is required only for specified shortfall, unaccommodated-need, or no-net-loss circumstances. Zero records do not mean no rezoning occurred.",conditional_reporting_universe
zoning_and_rezoning,reported_rezone_site_records,Reported Table C site records,06075,San Francisco,2018,2018-12-31,annual administrative reporting,0,records,CA_HCD_APR_TABLE_C,HCD-APR-TABLE-C-portal-current,2026-08-10T17:11:13Z,c09281d5e563a43685f6d665e807001f4d32a8eb4b47ced00e83f3e066d8ba26,county sum of HCD APR Table C records,"Table C is required only for specified shortfall, unaccommodated-need, or no-net-loss circumstances. Zero records do not mean no rezoning occurred.",conditional_reporting_universe
zoning_and_rezoning,reported_rezone_site_records,Reported Table C site records,06075,San Francisco,2019,2019-12-31,annual administrative reporting,0,records,CA_HCD_APR_TABLE_C,HCD-APR-TABLE-C-portal-current,2026-08-10T17:11:13Z,c09281d5e563a43685f6d665e807001f4d32a8eb4b47ced00e83f3e066d8ba26,county sum of HCD APR Table C records,"Table C is required only for specified shortfall, unaccommodated-need, or no-net-loss circumstances. Zero records do not mean no rezoning occurred.",conditional_reporting_universe
zoning_and_rezoning,reported_rezone_site_records,Reported Table C site records,06075,San Francisco,2020,2020-12-31,annual administrative reporting,0,records,CA_HCD_APR_TABLE_C,HCD-APR-TABLE-C-portal-current,2026-08-10T17:11:13Z,c09281d5e563a43685f6d665e807001f4d32a8eb4b47ced00e83f3e066d8ba26,county sum of HCD APR Table C records,"Table C is required only for specified shortfall, unaccommodated-need, or no-net-loss circumstances. Zero records do not mean no rezoning occurred.",conditional_reporting_universe
zoning_and_rezoning,reported_rezone_site_records,Reported Table C site records,06075,San Francisco,2021,2021-12-31,annual administrative reporting,0,records,CA_HCD_APR_TABLE_C,HCD-APR-TABLE-C-portal-current,2026-08-10T17:11:13Z,c09281d5e563a43685f6d665e807001f4d32a8eb4b47ced00e83f3e066d8ba26,county sum of HCD APR Table C records,"Table C is required only for specified shortfall, unaccommodated-need, or no-net-loss circumstances. Zero records do not mean no rezoning occurred.",conditional_reporting_universe
zoning_and_rezoning,reported_rezone_site_records,Reported Table C site records,06075,San Francisco,2022,2022-12-31,annual administrative reporting,0,records,CA_HCD_APR_TABLE_C,HCD-APR-TABLE-C-portal-current,2026-08-10T17:11:13Z,c09281d5e563a43685f6d665e807001f4d32a8eb4b47ced00e83f3e066d8ba26,county sum of HCD APR Table C records,"Table C is required only for specified shortfall, unaccommodated-need, or no-net-loss circumstances. Zero records do not mean no rezoning occurred.",conditional_reporting_universe
zoning_and_rezoning,reported_rezone_site_records,Reported Table C site records,06075,San Francisco,2023,2023-12-31,annual administrative reporting,0,records,CA_HCD_APR_TABLE_C,HCD-APR-TABLE-C-portal-current,2026-08-10T17:11:13Z,c09281d5e563a43685f6d665e807001f4d32a8eb4b47ced00e83f3e066d8ba26,county sum of HCD APR Table C records,"Table C is required only for specified shortfall, unaccommodated-need, or no-net-loss circumstances. Zero records do not mean no rezoning occurred.",conditional_reporting_universe
zoning_and_rezoning,reported_rezone_site_records,Reported Table C site records,06075,San Francisco,2024,2024-12-31,annual administrative reporting,0,records,CA_HCD_APR_TABLE_C,HCD-APR-TABLE-C-portal-current,2026-08-10T17:11:13Z,c09281d5e563a43685f6d665e807001f4d32a8eb4b47ced00e83f3e066d8ba26,county sum of HCD APR Table C records,"Table C is required only for specified shortfall, unaccommodated-need, or no-net-loss circumstances. Zero records do not mean no rezoning occurred.",conditional_reporting_universe
zoning_and_rezoning,reported_rezone_site_records,Reported Table C site records,06075,San Francisco,2025,2025-12-31,annual administrative reporting,48397.0,records,CA_HCD_APR_TABLE_C,HCD-APR-TABLE-C-portal-current,2026-08-10T17:11:13Z,c09281d5e563a43685f6d665e807001f4d32a8eb4b47ced00e83f3e066d8ba26,county sum of HCD APR Table C records,"Table C is required only for specified shortfall, unaccommodated-need, or no-net-loss circumstances. Zero records do not mean no rezoning occurred.",conditional_reporting_universe
zoning_and_rezoning,reported_rezone_site_records,Reported Table C site records,06081,San Mateo,2018,2018-12-31,annual administrative reporting,7.0,records,CA_HCD_APR_TABLE_C,HCD-APR-TABLE-C-portal-current,2026-08-10T17:11:13Z,c09281d5e563a43685f6d665e807001f4d32a8eb4b47ced00e83f3e066d8ba26,county sum of HCD APR Table C records,"Table C is required only for specified shortfall, unaccommodated-need, or no-net-loss circumstances. Zero records do not mean no rezoning occurred.",conditional_reporting_universe
zoning_and_rezoning,reported_rezone_site_records,Reported Table C site records,06081,San Mateo,2019,2019-12-31,annual administrative reporting,6.0,records,CA_HCD_APR_TABLE_C,HCD-APR-TABLE-C-portal-current,2026-08-10T17:11:13Z,c09281d5e563a43685f6d665e807001f4d32a8eb4b47ced00e83f3e066d8ba26,county sum of HCD APR Table C records,"Table C is required only for specified shortfall, unaccommodated-need, or no-net-loss circumstances. Zero records do not mean no rezoning occurred.",conditional_reporting_universe
zoning_and_rezoning,reported_rezone_site_records,Reported Table C site records,06081,San Mateo,2020,2020-12-31,annual administrative reporting,6.0,records,CA_HCD_APR_TABLE_C,HCD-APR-TABLE-C-portal-current,2026-08-10T17:11:13Z,c09281d5e563a43685f6d665e807001f4d32a8eb4b47ced00e83f3e066d8ba26,county sum of HCD APR Table C records,"Table C is required only for specified shortfall, unaccommodated-need, or no-net-loss circumstances. Zero records do not mean no rezoning occurred.",conditional_reporting_universe
zoning_and_rezoning,reported_rezone_site_records,Reported Table C site records,06081,San Mateo,2021,2021-12-31,annual administrative reporting,0,records,CA_HCD_APR_TABLE_C,HCD-APR-TABLE-C-portal-current,2026-08-10T17:11:13Z,c09281d5e563a43685f6d665e807001f4d32a8eb4b47ced00e83f3e066d8ba26,county sum of HCD APR Table C records,"Table C is required only for specified shortfall, unaccommodated-need, or no-net-loss circumstances. Zero records do not mean no rezoning occurred.",conditional_reporting_universe
zoning_and_rezoning,reported_rezone_site_records,Reported Table C site records,06081,San Mateo,2022,2022-12-31,annual administrative reporting,0,records,CA_HCD_APR_TABLE_C,HCD-APR-TABLE-C-portal-current,2026-08-10T17:11:13Z,c09281d5e563a43685f6d665e807001f4d32a8eb4b47ced00e83f3e066d8ba26,county sum of HCD APR Table C records,"Table C is required only for specified shortfall, unaccommodated-need, or no-net-loss circumstances. Zero records do not mean no rezoning occurred.",conditional_reporting_universe
zoning_and_rezoning,reported_rezone_site_records,Reported Table C site records,06081,San Mateo,2023,2023-12-31,annual administrative reporting,39.0,records,CA_HCD_APR_TABLE_C,HCD-APR-TABLE-C-portal-current,2026-08-10T17:11:13Z,c09281d5e563a43685f6d665e807001f4d32a8eb4b47ced00e83f3e066d8ba26,county sum of HCD APR Table C records,"Table C is required only for specified shortfall, unaccommodated-need, or no-net-loss circumstances. Zero records do not mean no rezoning occurred.",conditional_reporting_universe
zoning_and_rezoning,reported_rezone_site_records,Reported Table C site records,06081,San Mateo,2024,2024-12-31,annual administrative reporting,86.0,records,CA_HCD_APR_TABLE_C,HCD-APR-TABLE-C-portal-current,2026-08-10T17:11:13Z,c09281d5e563a43685f6d665e807001f4d32a8eb4b47ced00e83f3e066d8ba26,county sum of HCD APR Table C records,"Table C is required only for specified shortfall, unaccommodated-need, or no-net-loss circumstances. Zero records do not mean no rezoning occurred.",conditional_reporting_universe
zoning_and_rezoning,reported_rezone_site_records,Reported Table C site records,06081,San Mateo,2025,2025-12-31,annual administrative reporting,45.0,records,CA_HCD_APR_TABLE_C,HCD-APR-TABLE-C-portal-current,2026-08-10T17:11:13Z,c09281d5e563a43685f6d665e807001f4d32a8eb4b47ced00e83f3e066d8ba26,county sum of HCD APR Table C records,"Table C is required only for specified shortfall, unaccommodated-need, or no-net-loss circumstances. Zero records do not mean no rezoning occurred.",conditional_reporting_universe
zoning_and_rezoning,reported_rezone_site_records,Reported Table C site records,06085,Santa Clara,2018,2018-12-31,annual administrative reporting,39.0,records,CA_HCD_APR_TABLE_C,HCD-APR-TABLE-C-portal-current,2026-08-10T17:11:13Z,c09281d5e563a43685f6d665e807001f4d32a8eb4b47ced00e83f3e066d8ba26,county sum of HCD APR Table C records,"Table C is required only for specified shortfall, unaccommodated-need, or no-net-loss circumstances. Zero records do not mean no rezoning occurred.",conditional_reporting_universe
zoning_and_rezoning,reported_rezone_site_records,Reported Table C site records,06085,Santa Clara,2019,2019-12-31,annual administrative reporting,0,records,CA_HCD_APR_TABLE_C,HCD-APR-TABLE-C-portal-current,2026-08-10T17:11:13Z,c09281d5e563a43685f6d665e807001f4d32a8eb4b47ced00e83f3e066d8ba26,county sum of HCD APR Table C records,"Table C is required only for specified shortfall, unaccommodated-need, or no-net-loss circumstances. Zero records do not mean no rezoning occurred.",conditional_reporting_universe
zoning_and_rezoning,reported_rezone_site_records,Reported Table C site records,06085,Santa Clara,2020,2020-12-31,annual administrative reporting,0,records,CA_HCD_APR_TABLE_C,HCD-APR-TABLE-C-portal-current,2026-08-10T17:11:13Z,c09281d5e563a43685f6d665e807001f4d32a8eb4b47ced00e83f3e066d8ba26,county sum of HCD APR Table C records,"Table C is required only for specified shortfall, unaccommodated-need, or no-net-loss circumstances. Zero records do not mean no rezoning occurred.",conditional_reporting_universe
zoning_and_rezoning,reported_rezone_site_records,Reported Table C site records,06085,Santa Clara,2021,2021-12-31,annual administrative reporting,0,records,CA_HCD_APR_TABLE_C,HCD-APR-TABLE-C-portal-current,2026-08-10T17:11:13Z,c09281d5e563a43685f6d665e807001f4d32a8eb4b47ced00e83f3e066d8ba26,county sum of HCD APR Table C records,"Table C is required only for specified shortfall, unaccommodated-need, or no-net-loss circumstances. Zero records do not mean no rezoning occurred.",conditional_reporting_universe
zoning_and_rezoning,reported_rezone_site_records,Reported Table C site records,06085,Santa Clara,2022,2022-12-31,annual administrative reporting,0,records,CA_HCD_APR_TABLE_C,HCD-APR-TABLE-C-portal-current,2026-08-10T17:11:13Z,c09281d5e563a43685f6d665e807001f4d32a8eb4b47ced00e83f3e066d8ba26,county sum of HCD APR Table C records,"Table C is required only for specified shortfall, unaccommodated-need, or no-net-loss circumstances. Zero records do not mean no rezoning occurred.",conditional_reporting_universe
zoning_and_rezoning,reported_rezone_site_records,Reported Table C site records,06085,Santa Clara,2023,2023-12-31,annual administrative reporting,599.0,records,CA_HCD_APR_TABLE_C,HCD-APR-TABLE-C-portal-current,2026-08-10T17:11:13Z,c09281d5e563a43685f6d665e807001f4d32a8eb4b47ced00e83f3e066d8ba26,county sum of HCD APR Table C records,"Table C is required only for specified shortfall, unaccommodated-need, or no-net-loss circumstances. Zero records do not mean no rezoning occurred.",conditional_reporting_universe
zoning_and_rezoning,reported_rezone_site_records,Reported Table C site records,06085,Santa Clara,2024,2024-12-31,annual administrative reporting,105.0,records,CA_HCD_APR_TABLE_C,HCD-APR-TABLE-C-portal-current,2026-08-10T17:11:13Z,c09281d5e563a43685f6d665e807001f4d32a8eb4b47ced00e83f3e066d8ba26,county sum of HCD APR Table C records,"Table C is required only for specified shortfall, unaccommodated-need, or no-net-loss circumstances. Zero records do not mean no rezoning occurred.",conditional_reporting_universe
zoning_and_rezoning,reported_rezone_site_records,Reported Table C site records,06085,Santa Clara,2025,2025-12-31,annual administrative reporting,22.0,records,CA_HCD_APR_TABLE_C,HCD-APR-TABLE-C-portal-current,2026-08-10T17:11:13Z,c09281d5e563a43685f6d665e807001f4d32a8eb4b47ced00e83f3e066d8ba26,county sum of HCD APR Table C records,"Table C is required only for specified shortfall, unaccommodated-need, or no-net-loss circumstances. Zero records do not mean no rezoning occurred.",conditional_reporting_universe
zoning_and_rezoning,reported_rezone_site_records,Reported Table C site records,06095,Solano,2018,2018-12-31,annual administrative reporting,4.0,records,CA_HCD_APR_TABLE_C,HCD-APR-TABLE-C-portal-current,2026-08-10T17:11:13Z,c09281d5e563a43685f6d665e807001f4d32a8eb4b47ced00e83f3e066d8ba26,county sum of HCD APR Table C records,"Table C is required only for specified shortfall, unaccommodated-need, or no-net-loss circumstances. Zero records do not mean no rezoning occurred.",conditional_reporting_universe
zoning_and_rezoning,reported_rezone_site_records,Reported Table C site records,06095,Solano,2019,2019-12-31,annual administrative reporting,2.0,records,CA_HCD_APR_TABLE_C,HCD-APR-TABLE-C-portal-current,2026-08-10T17:11:13Z,c09281d5e563a43685f6d665e807001f4d32a8eb4b47ced00e83f3e066d8ba26,county sum of HCD APR Table C records,"Table C is required only for specified shortfall, unaccommodated-need, or no-net-loss circumstances. Zero records do not mean no rezoning occurred.",conditional_reporting_universe
zoning_and_rezoning,reported_rezone_site_records,Reported Table C site records,06095,Solano,2020,2020-12-31,annual administrative reporting,0,records,CA_HCD_APR_TABLE_C,HCD-APR-TABLE-C-portal-current,2026-08-10T17:11:13Z,c09281d5e563a43685f6d665e807001f4d32a8eb4b47ced00e83f3e066d8ba26,county sum of HCD APR Table C records,"Table C is required only for specified shortfall, unaccommodated-need, or no-net-loss circumstances. Zero records do not mean no rezoning occurred.",conditional_reporting_universe
zoning_and_rezoning,reported_rezone_site_records,Reported Table C site records,06095,Solano,2021,2021-12-31,annual administrative reporting,4.0,records,CA_HCD_APR_TABLE_C,HCD-APR-TABLE-C-portal-current,2026-08-10T17:11:13Z,c09281d5e563a43685f6d665e807001f4d32a8eb4b47ced00e83f3e066d8ba26,county sum of HCD APR Table C records,"Table C is required only for specified shortfall, unaccommodated-need, or no-net-loss circumstances. Zero records do not mean no rezoning occurred.",conditional_reporting_universe
zoning_and_rezoning,reported_rezone_site_records,Reported Table C site records,06095,Solano,2022,2022-12-31,annual administrative reporting,0,records,CA_HCD_APR_TABLE_C,HCD-APR-TABLE-C-portal-current,2026-08-10T17:11:13Z,c09281d5e563a43685f6d665e807001f4d32a8eb4b47ced00e83f3e066d8ba26,county sum of HCD APR Table C records,"Table C is required only for specified shortfall, unaccommodated-need, or no-net-loss circumstances. Zero records do not mean no rezoning occurred.",conditional_reporting_universe
zoning_and_rezoning,reported_rezone_site_records,Reported Table C site records,06095,Solano,2023,2023-12-31,annual administrative reporting,16.0,records,CA_HCD_APR_TABLE_C,HCD-APR-TABLE-C-portal-current,2026-08-10T17:11:13Z,c09281d5e563a43685f6d665e807001f4d32a8eb4b47ced00e83f3e066d8ba26,county sum of HCD APR Table C records,"Table C is required only for specified shortfall, unaccommodated-need, or no-net-loss circumstances. Zero records do not mean no rezoning occurred.",conditional_reporting_universe
zoning_and_rezoning,reported_rezone_site_records,Reported Table C site records,06095,Solano,2024,2024-12-31,annual administrative reporting,15.0,records,CA_HCD_APR_TABLE_C,HCD-APR-TABLE-C-portal-current,2026-08-10T17:11:13Z,c09281d5e563a43685f6d665e807001f4d32a8eb4b47ced00e83f3e066d8ba26,county sum of HCD APR Table C records,"Table C is required only for specified shortfall, unaccommodated-need, or no-net-loss circumstances. Zero records do not mean no rezoning occurred.",conditional_reporting_universe
zoning_and_rezoning,reported_rezone_site_records,Reported Table C site records,06095,Solano,2025,2025-12-31,annual administrative reporting,7.0,records,CA_HCD_APR_TABLE_C,HCD-APR-TABLE-C-portal-current,2026-08-10T17:11:13Z,c09281d5e563a43685f6d665e807001f4d32a8eb4b47ced00e83f3e066d8ba26,county sum of HCD APR Table C records,"Table C is required only for specified shortfall, unaccommodated-need, or no-net-loss circumstances. Zero records do not mean no rezoning occurred.",conditional_reporting_universe
zoning_and_rezoning,reported_rezone_site_records,Reported Table C site records,06097,Sonoma,2018,2018-12-31,annual administrative reporting,0,records,CA_HCD_APR_TABLE_C,HCD-APR-TABLE-C-portal-current,2026-08-10T17:11:13Z,c09281d5e563a43685f6d665e807001f4d32a8eb4b47ced00e83f3e066d8ba26,county sum of HCD APR Table C records,"Table C is required only for specified shortfall, unaccommodated-need, or no-net-loss circumstances. Zero records do not mean no rezoning occurred.",conditional_reporting_universe
zoning_and_rezoning,reported_rezone_site_records,Reported Table C site records,06097,Sonoma,2019,2019-12-31,annual administrative reporting,0,records,CA_HCD_APR_TABLE_C,HCD-APR-TABLE-C-portal-current,2026-08-10T17:11:13Z,c09281d5e563a43685f6d665e807001f4d32a8eb4b47ced00e83f3e066d8ba26,county sum of HCD APR Table C records,"Table C is required only for specified shortfall, unaccommodated-need, or no-net-loss circumstances. Zero records do not mean no rezoning occurred.",conditional_reporting_universe
zoning_and_rezoning,reported_rezone_site_records,Reported Table C site records,06097,Sonoma,2020,2020-12-31,annual administrative reporting,0,records,CA_HCD_APR_TABLE_C,HCD-APR-TABLE-C-portal-current,2026-08-10T17:11:13Z,c09281d5e563a43685f6d665e807001f4d32a8eb4b47ced00e83f3e066d8ba26,county sum of HCD APR Table C records,"Table C is required only for specified shortfall, unaccommodated-need, or no-net-loss circumstances. Zero records do not mean no rezoning occurred.",conditional_reporting_universe
zoning_and_rezoning,reported_rezone_site_records,Reported Table C site records,06097,Sonoma,2021,2021-12-31,annual administrative reporting,0,records,CA_HCD_APR_TABLE_C,HCD-APR-TABLE-C-portal-current,2026-08-10T17:11:13Z,c09281d5e563a43685f6d665e807001f4d32a8eb4b47ced00e83f3e066d8ba26,county sum of HCD APR Table C records,"Table C is required only for specified shortfall, unaccommodated-need, or no-net-loss circumstances. Zero records do not mean no rezoning occurred.",conditional_reporting_universe
zoning_and_rezoning,reported_rezone_site_records,Reported Table C site records,06097,Sonoma,2022,2022-12-31,annual administrative reporting,0,records,CA_HCD_APR_TABLE_C,HCD-APR-TABLE-C-portal-current,2026-08-10T17:11:13Z,c09281d5e563a43685f6d665e807001f4d32a8eb4b47ced00e83f3e066d8ba26,county sum of HCD APR Table C records,"Table C is required only for specified shortfall, unaccommodated-need, or no-net-loss circumstances. Zero records do not mean no rezoning occurred.",conditional_reporting_universe
zoning_and_rezoning,reported_rezone_site_records,Reported Table C site records,06097,Sonoma,2023,2023-12-31,annual administrative reporting,6.0,records,CA_HCD_APR_TABLE_C,HCD-APR-TABLE-C-portal-current,2026-08-10T17:11:13Z,c09281d5e563a43685f6d665e807001f4d32a8eb4b47ced00e83f3e066d8ba26,county sum of HCD APR Table C records,"Table C is required only for specified shortfall, unaccommodated-need, or no-net-loss circumstances. Zero records do not mean no rezoning occurred.",conditional_reporting_universe
zoning_and_rezoning,reported_rezone_site_records,Reported Table C site records,06097,Sonoma,2024,2024-12-31,annual administrative reporting,0,records,CA_HCD_APR_TABLE_C,HCD-APR-TABLE-C-portal-current,2026-08-10T17:11:13Z,c09281d5e563a43685f6d665e807001f4d32a8eb4b47ced00e83f3e066d8ba26,county sum of HCD APR Table C records,"Table C is required only for specified shortfall, unaccommodated-need, or no-net-loss circumstances. Zero records do not mean no rezoning occurred.",conditional_reporting_universe
zoning_and_rezoning,reported_rezone_site_records,Reported Table C site records,06097,Sonoma,2025,2025-12-31,annual administrative reporting,2.0,records,CA_HCD_APR_TABLE_C,HCD-APR-TABLE-C-portal-current,2026-08-10T17:11:13Z,c09281d5e563a43685f6d665e807001f4d32a8eb4b47ced00e83f3e066d8ba26,county sum of HCD APR Table C records,"Table C is required only for specified shortfall, unaccommodated-need, or no-net-loss circumstances. Zero records do not mean no rezoning occurred.",conditional_reporting_universe
zoning_and_rezoning,residential_labeled_zoning_area_sq_km,Residential-labeled mapped zoning area,06001,Alameda,2021-2023 local source vintages,2024-12-19,irregular compiled inventory,464.97997259765623,square kilometers,CA_LCI_STATEWIDE_ZONING,California-Statewide-Zoning-North-v2024-12-19,2026-08-10T17:11:13Z,fae60397b9b7a6dcf51132defc0aaa06561f0bdd85eabbe225122d97547daa7a,county sum of dataset-provided polygon area and transparent category shares,"Compiled zoning categories are descriptive, source vintages vary by jurisdiction, and mapped area is not legal development capacity.",single_compiled_inventory_not_current_policy_score
zoning_and_rezoning,residential_labeled_zoning_area_sq_km,Residential-labeled mapped zoning area,06013,Contra Costa,2021-2023 local source vintages,2024-12-19,irregular compiled inventory,485.5620894296875,square kilometers,CA_LCI_STATEWIDE_ZONING,California-Statewide-Zoning-North-v2024-12-19,2026-08-10T17:11:13Z,fae60397b9b7a6dcf51132defc0aaa06561f0bdd85eabbe225122d97547daa7a,county sum of dataset-provided polygon area and transparent category shares,"Compiled zoning categories are descriptive, source vintages vary by jurisdiction, and mapped area is not legal development capacity.",single_compiled_inventory_not_current_policy_score
zoning_and_rezoning,residential_labeled_zoning_area_sq_km,Residential-labeled mapped zoning area,06041,Marin,2021-2023 local source vintages,2024-12-19,irregular compiled inventory,436.49065921484373,square kilometers,CA_LCI_STATEWIDE_ZONING,California-Statewide-Zoning-North-v2024-12-19,2026-08-10T17:11:13Z,fae60397b9b7a6dcf51132defc0aaa06561f0bdd85eabbe225122d97547daa7a,county sum of dataset-provided polygon area and transparent category shares,"Compiled zoning categories are descriptive, source vintages vary by jurisdiction, and mapped area is not legal development capacity.",single_compiled_inventory_not_current_policy_score
zoning_and_rezoning,residential_labeled_zoning_area_sq_km,Residential-labeled mapped zoning area,06055,Napa,2021-2023 local source vintages,2024-12-19,irregular compiled inventory,89.80527787109375,square kilometers,CA_LCI_STATEWIDE_ZONING,California-Statewide-Zoning-North-v2024-12-19,2026-08-10T17:11:13Z,fae60397b9b7a6dcf51132defc0aaa06561f0bdd85eabbe225122d97547daa7a,county sum of dataset-provided polygon area and transparent category shares,"Compiled zoning categories are descriptive, source vintages vary by jurisdiction, and mapped area is not legal development capacity.",single_compiled_inventory_not_current_policy_score
zoning_and_rezoning,residential_labeled_zoning_area_sq_km,Residential-labeled mapped zoning area,06075,San Francisco,2021-2023 local source vintages,2024-12-19,irregular compiled inventory,83.67637794921875,square kilometers,CA_LCI_STATEWIDE_ZONING,California-Statewide-Zoning-North-v2024-12-19,2026-08-10T17:11:13Z,fae60397b9b7a6dcf51132defc0aaa06561f0bdd85eabbe225122d97547daa7a,county sum of dataset-provided polygon area and transparent category shares,"Compiled zoning categories are descriptive, source vintages vary by jurisdiction, and mapped area is not legal development capacity.",single_compiled_inventory_not_current_policy_score
zoning_and_rezoning,residential_labeled_zoning_area_sq_km,Residential-labeled mapped zoning area,06081,San Mateo,2021-2023 local source vintages,2024-12-19,irregular compiled inventory,340.93543030859377,square kilometers,CA_LCI_STATEWIDE_ZONING,California-Statewide-Zoning-North-v2024-12-19,2026-08-10T17:11:13Z,fae60397b9b7a6dcf51132defc0aaa06561f0bdd85eabbe225122d97547daa7a,county sum of dataset-provided polygon area and transparent category shares,"Compiled zoning categories are descriptive, source vintages vary by jurisdiction, and mapped area is not legal development capacity.",single_compiled_inventory_not_current_policy_score
zoning_and_rezoning,residential_labeled_zoning_area_sq_km,Residential-labeled mapped zoning area,06085,Santa Clara,2021-2023 local source vintages,2024-12-19,irregular compiled inventory,1639.5788079065755,square kilometers,CA_LCI_STATEWIDE_ZONING,California-Statewide-Zoning-North-v2024-12-19,2026-08-10T17:11:13Z,fae60397b9b7a6dcf51132defc0aaa06561f0bdd85eabbe225122d97547daa7a,county sum of dataset-provided polygon area and transparent category shares,"Compiled zoning categories are descriptive, source vintages vary by jurisdiction, and mapped area is not legal development capacity.",single_compiled_inventory_not_current_policy_score
zoning_and_rezoning,residential_labeled_zoning_area_sq_km,Residential-labeled mapped zoning area,06095,Solano,2021-2023 local source vintages,2024-12-19,irregular compiled inventory,266.7781075234375,square kilometers,CA_LCI_STATEWIDE_ZONING,California-Statewide-Zoning-North-v2024-12-19,2026-08-10T17:11:13Z,fae60397b9b7a6dcf51132defc0aaa06561f0bdd85eabbe225122d97547daa7a,county sum of dataset-provided polygon area and transparent category shares,"Compiled zoning categories are descriptive, source vintages vary by jurisdiction, and mapped area is not legal development capacity.",single_compiled_inventory_not_current_policy_score
zoning_and_rezoning,residential_labeled_zoning_area_sq_km,Residential-labeled mapped zoning area,06097,Sonoma,2021-2023 local source vintages,2024-12-19,irregular compiled inventory,1958.428472234375,square kilometers,CA_LCI_STATEWIDE_ZONING,California-Statewide-Zoning-North-v2024-12-19,2026-08-10T17:11:13Z,fae60397b9b7a6dcf51132defc0aaa06561f0bdd85eabbe225122d97547daa7a,county sum of dataset-provided polygon area and transparent category shares,"Compiled zoning categories are descriptive, source vintages vary by jurisdiction, and mapped area is not legal development capacity.",single_compiled_inventory_not_current_policy_score
