domain,metric_id,metric_name,county_fips,county_name,period,period_end,frequency,value,unit,source_ids,source_releases,retrieved_at,raw_sha256s,calculation,notes,comparability_status
accessory_dwelling_units,adu_building_permit_units,ADU building-permit units,06001,Alameda,2025,2025-12-31,annual,1393.0,housing units,CA_HCD_APR_TABLE_A2,HCD-APR-TABLE-A2-2025-portal-current,2026-08-10T17:11:13Z,e5e85e9677a374bd30beeeb7848a802f790f9425b78fe84c0ef8096e2394b297,county sum of HCD APR Table A2 reported units,"Entitlements, building permits, and completions are distinct production stages.",comparable_within_series
accessory_dwelling_units,adu_building_permit_units,ADU building-permit units,06013,Contra Costa,2025,2025-12-31,annual,747.0,housing units,CA_HCD_APR_TABLE_A2,HCD-APR-TABLE-A2-2025-portal-current,2026-08-10T17:11:13Z,e5e85e9677a374bd30beeeb7848a802f790f9425b78fe84c0ef8096e2394b297,county sum of HCD APR Table A2 reported units,"Entitlements, building permits, and completions are distinct production stages.",comparable_within_series
accessory_dwelling_units,adu_building_permit_units,ADU building-permit units,06041,Marin,2025,2025-12-31,annual,349.0,housing units,CA_HCD_APR_TABLE_A2,HCD-APR-TABLE-A2-2025-portal-current,2026-08-10T17:11:13Z,e5e85e9677a374bd30beeeb7848a802f790f9425b78fe84c0ef8096e2394b297,county sum of HCD APR Table A2 reported units,"Entitlements, building permits, and completions are distinct production stages.",comparable_within_series
accessory_dwelling_units,adu_building_permit_units,ADU building-permit units,06055,Napa,2025,2025-12-31,annual,131.0,housing units,CA_HCD_APR_TABLE_A2,HCD-APR-TABLE-A2-2025-portal-current,2026-08-10T17:11:13Z,e5e85e9677a374bd30beeeb7848a802f790f9425b78fe84c0ef8096e2394b297,county sum of HCD APR Table A2 reported units,"Entitlements, building permits, and completions are distinct production stages.",comparable_within_series
accessory_dwelling_units,adu_building_permit_units,ADU building-permit units,06075,San Francisco,2025,2025-12-31,annual,171.0,housing units,CA_HCD_APR_TABLE_A2,HCD-APR-TABLE-A2-2025-portal-current,2026-08-10T17:11:13Z,e5e85e9677a374bd30beeeb7848a802f790f9425b78fe84c0ef8096e2394b297,county sum of HCD APR Table A2 reported units,"Entitlements, building permits, and completions are distinct production stages.",comparable_within_series
accessory_dwelling_units,adu_building_permit_units,ADU building-permit units,06081,San Mateo,2025,2025-12-31,annual,858.0,housing units,CA_HCD_APR_TABLE_A2,HCD-APR-TABLE-A2-2025-portal-current,2026-08-10T17:11:13Z,e5e85e9677a374bd30beeeb7848a802f790f9425b78fe84c0ef8096e2394b297,county sum of HCD APR Table A2 reported units,"Entitlements, building permits, and completions are distinct production stages.",comparable_within_series
accessory_dwelling_units,adu_building_permit_units,ADU building-permit units,06085,Santa Clara,2025,2025-12-31,annual,1937.0,housing units,CA_HCD_APR_TABLE_A2,HCD-APR-TABLE-A2-2025-portal-current,2026-08-10T17:11:13Z,e5e85e9677a374bd30beeeb7848a802f790f9425b78fe84c0ef8096e2394b297,county sum of HCD APR Table A2 reported units,"Entitlements, building permits, and completions are distinct production stages.",comparable_within_series
accessory_dwelling_units,adu_building_permit_units,ADU building-permit units,06095,Solano,2025,2025-12-31,annual,127.0,housing units,CA_HCD_APR_TABLE_A2,HCD-APR-TABLE-A2-2025-portal-current,2026-08-10T17:11:13Z,e5e85e9677a374bd30beeeb7848a802f790f9425b78fe84c0ef8096e2394b297,county sum of HCD APR Table A2 reported units,"Entitlements, building permits, and completions are distinct production stages.",comparable_within_series
accessory_dwelling_units,adu_building_permit_units,ADU building-permit units,06097,Sonoma,2025,2025-12-31,annual,259.0,housing units,CA_HCD_APR_TABLE_A2,HCD-APR-TABLE-A2-2025-portal-current,2026-08-10T17:11:13Z,e5e85e9677a374bd30beeeb7848a802f790f9425b78fe84c0ef8096e2394b297,county sum of HCD APR Table A2 reported units,"Entitlements, building permits, and completions are distinct production stages.",comparable_within_series
accessory_dwelling_units,adu_completed_units,ADU completed units,06001,Alameda,2025,2025-12-31,annual,876.0,housing units,CA_HCD_APR_TABLE_A2,HCD-APR-TABLE-A2-2025-portal-current,2026-08-10T17:11:13Z,e5e85e9677a374bd30beeeb7848a802f790f9425b78fe84c0ef8096e2394b297,county sum of HCD APR Table A2 reported units,"Entitlements, building permits, and completions are distinct production stages.",comparable_within_series
accessory_dwelling_units,adu_completed_units,ADU completed units,06013,Contra Costa,2025,2025-12-31,annual,463.0,housing units,CA_HCD_APR_TABLE_A2,HCD-APR-TABLE-A2-2025-portal-current,2026-08-10T17:11:13Z,e5e85e9677a374bd30beeeb7848a802f790f9425b78fe84c0ef8096e2394b297,county sum of HCD APR Table A2 reported units,"Entitlements, building permits, and completions are distinct production stages.",comparable_within_series
accessory_dwelling_units,adu_completed_units,ADU completed units,06041,Marin,2025,2025-12-31,annual,205.0,housing units,CA_HCD_APR_TABLE_A2,HCD-APR-TABLE-A2-2025-portal-current,2026-08-10T17:11:13Z,e5e85e9677a374bd30beeeb7848a802f790f9425b78fe84c0ef8096e2394b297,county sum of HCD APR Table A2 reported units,"Entitlements, building permits, and completions are distinct production stages.",comparable_within_series
accessory_dwelling_units,adu_completed_units,ADU completed units,06055,Napa,2025,2025-12-31,annual,107.0,housing units,CA_HCD_APR_TABLE_A2,HCD-APR-TABLE-A2-2025-portal-current,2026-08-10T17:11:13Z,e5e85e9677a374bd30beeeb7848a802f790f9425b78fe84c0ef8096e2394b297,county sum of HCD APR Table A2 reported units,"Entitlements, building permits, and completions are distinct production stages.",comparable_within_series
accessory_dwelling_units,adu_completed_units,ADU completed units,06075,San Francisco,2025,2025-12-31,annual,218.0,housing units,CA_HCD_APR_TABLE_A2,HCD-APR-TABLE-A2-2025-portal-current,2026-08-10T17:11:13Z,e5e85e9677a374bd30beeeb7848a802f790f9425b78fe84c0ef8096e2394b297,county sum of HCD APR Table A2 reported units,"Entitlements, building permits, and completions are distinct production stages.",comparable_within_series
accessory_dwelling_units,adu_completed_units,ADU completed units,06081,San Mateo,2025,2025-12-31,annual,483.0,housing units,CA_HCD_APR_TABLE_A2,HCD-APR-TABLE-A2-2025-portal-current,2026-08-10T17:11:13Z,e5e85e9677a374bd30beeeb7848a802f790f9425b78fe84c0ef8096e2394b297,county sum of HCD APR Table A2 reported units,"Entitlements, building permits, and completions are distinct production stages.",comparable_within_series
accessory_dwelling_units,adu_completed_units,ADU completed units,06085,Santa Clara,2025,2025-12-31,annual,1232.0,housing units,CA_HCD_APR_TABLE_A2,HCD-APR-TABLE-A2-2025-portal-current,2026-08-10T17:11:13Z,e5e85e9677a374bd30beeeb7848a802f790f9425b78fe84c0ef8096e2394b297,county sum of HCD APR Table A2 reported units,"Entitlements, building permits, and completions are distinct production stages.",comparable_within_series
accessory_dwelling_units,adu_completed_units,ADU completed units,06095,Solano,2025,2025-12-31,annual,170.0,housing units,CA_HCD_APR_TABLE_A2,HCD-APR-TABLE-A2-2025-portal-current,2026-08-10T17:11:13Z,e5e85e9677a374bd30beeeb7848a802f790f9425b78fe84c0ef8096e2394b297,county sum of HCD APR Table A2 reported units,"Entitlements, building permits, and completions are distinct production stages.",comparable_within_series
accessory_dwelling_units,adu_completed_units,ADU completed units,06097,Sonoma,2025,2025-12-31,annual,318.0,housing units,CA_HCD_APR_TABLE_A2,HCD-APR-TABLE-A2-2025-portal-current,2026-08-10T17:11:13Z,e5e85e9677a374bd30beeeb7848a802f790f9425b78fe84c0ef8096e2394b297,county sum of HCD APR Table A2 reported units,"Entitlements, building permits, and completions are distinct production stages.",comparable_within_series
accessory_dwelling_units,adu_entitled_units,ADU entitled units,06001,Alameda,2025,2025-12-31,annual,833.0,housing units,CA_HCD_APR_TABLE_A2,HCD-APR-TABLE-A2-2025-portal-current,2026-08-10T17:11:13Z,e5e85e9677a374bd30beeeb7848a802f790f9425b78fe84c0ef8096e2394b297,county sum of HCD APR Table A2 reported units,"Entitlements, building permits, and completions are distinct production stages.",comparable_within_series
accessory_dwelling_units,adu_entitled_units,ADU entitled units,06013,Contra Costa,2025,2025-12-31,annual,659.0,housing units,CA_HCD_APR_TABLE_A2,HCD-APR-TABLE-A2-2025-portal-current,2026-08-10T17:11:13Z,e5e85e9677a374bd30beeeb7848a802f790f9425b78fe84c0ef8096e2394b297,county sum of HCD APR Table A2 reported units,"Entitlements, building permits, and completions are distinct production stages.",comparable_within_series
accessory_dwelling_units,adu_entitled_units,ADU entitled units,06041,Marin,2025,2025-12-31,annual,186.0,housing units,CA_HCD_APR_TABLE_A2,HCD-APR-TABLE-A2-2025-portal-current,2026-08-10T17:11:13Z,e5e85e9677a374bd30beeeb7848a802f790f9425b78fe84c0ef8096e2394b297,county sum of HCD APR Table A2 reported units,"Entitlements, building permits, and completions are distinct production stages.",comparable_within_series
accessory_dwelling_units,adu_entitled_units,ADU entitled units,06055,Napa,2025,2025-12-31,annual,26.0,housing units,CA_HCD_APR_TABLE_A2,HCD-APR-TABLE-A2-2025-portal-current,2026-08-10T17:11:13Z,e5e85e9677a374bd30beeeb7848a802f790f9425b78fe84c0ef8096e2394b297,county sum of HCD APR Table A2 reported units,"Entitlements, building permits, and completions are distinct production stages.",comparable_within_series
accessory_dwelling_units,adu_entitled_units,ADU entitled units,06075,San Francisco,2025,2025-12-31,annual,116.0,housing units,CA_HCD_APR_TABLE_A2,HCD-APR-TABLE-A2-2025-portal-current,2026-08-10T17:11:13Z,e5e85e9677a374bd30beeeb7848a802f790f9425b78fe84c0ef8096e2394b297,county sum of HCD APR Table A2 reported units,"Entitlements, building permits, and completions are distinct production stages.",comparable_within_series
accessory_dwelling_units,adu_entitled_units,ADU entitled units,06081,San Mateo,2025,2025-12-31,annual,269.0,housing units,CA_HCD_APR_TABLE_A2,HCD-APR-TABLE-A2-2025-portal-current,2026-08-10T17:11:13Z,e5e85e9677a374bd30beeeb7848a802f790f9425b78fe84c0ef8096e2394b297,county sum of HCD APR Table A2 reported units,"Entitlements, building permits, and completions are distinct production stages.",comparable_within_series
accessory_dwelling_units,adu_entitled_units,ADU entitled units,06085,Santa Clara,2025,2025-12-31,annual,519.0,housing units,CA_HCD_APR_TABLE_A2,HCD-APR-TABLE-A2-2025-portal-current,2026-08-10T17:11:13Z,e5e85e9677a374bd30beeeb7848a802f790f9425b78fe84c0ef8096e2394b297,county sum of HCD APR Table A2 reported units,"Entitlements, building permits, and completions are distinct production stages.",comparable_within_series
accessory_dwelling_units,adu_entitled_units,ADU entitled units,06095,Solano,2025,2025-12-31,annual,23.0,housing units,CA_HCD_APR_TABLE_A2,HCD-APR-TABLE-A2-2025-portal-current,2026-08-10T17:11:13Z,e5e85e9677a374bd30beeeb7848a802f790f9425b78fe84c0ef8096e2394b297,county sum of HCD APR Table A2 reported units,"Entitlements, building permits, and completions are distinct production stages.",comparable_within_series
accessory_dwelling_units,adu_entitled_units,ADU entitled units,06097,Sonoma,2025,2025-12-31,annual,32.0,housing units,CA_HCD_APR_TABLE_A2,HCD-APR-TABLE-A2-2025-portal-current,2026-08-10T17:11:13Z,e5e85e9677a374bd30beeeb7848a802f790f9425b78fe84c0ef8096e2394b297,county sum of HCD APR Table A2 reported units,"Entitlements, building permits, and completions are distinct production stages.",comparable_within_series
production_pipeline,annual_completion_to_permit_flow_pct,Annual completion-to-permit flow ratio,06001,Alameda,2025,2025-12-31,annual,97.02,percent,CA_HCD_APR_TABLE_A2,HCD-APR-TABLE-A2-2025-portal-current,2026-08-10T17:11:13Z,e5e85e9677a374bd30beeeb7848a802f790f9425b78fe84c0ef8096e2394b297,completed units reported in year / building-permit units reported in same year * 100,"This is a same-year flow ratio, not a cohort completion probability. Permits and completions can refer to different projects.",comparable_within_series
production_pipeline,annual_completion_to_permit_flow_pct,Annual completion-to-permit flow ratio,06013,Contra Costa,2025,2025-12-31,annual,94.34245035593855,percent,CA_HCD_APR_TABLE_A2,HCD-APR-TABLE-A2-2025-portal-current,2026-08-10T17:11:13Z,e5e85e9677a374bd30beeeb7848a802f790f9425b78fe84c0ef8096e2394b297,completed units reported in year / building-permit units reported in same year * 100,"This is a same-year flow ratio, not a cohort completion probability. Permits and completions can refer to different projects.",comparable_within_series
production_pipeline,annual_completion_to_permit_flow_pct,Annual completion-to-permit flow ratio,06041,Marin,2025,2025-12-31,annual,109.67078189300412,percent,CA_HCD_APR_TABLE_A2,HCD-APR-TABLE-A2-2025-portal-current,2026-08-10T17:11:13Z,e5e85e9677a374bd30beeeb7848a802f790f9425b78fe84c0ef8096e2394b297,completed units reported in year / building-permit units reported in same year * 100,"This is a same-year flow ratio, not a cohort completion probability. Permits and completions can refer to different projects.",comparable_within_series
production_pipeline,annual_completion_to_permit_flow_pct,Annual completion-to-permit flow ratio,06055,Napa,2025,2025-12-31,annual,107.95454545454545,percent,CA_HCD_APR_TABLE_A2,HCD-APR-TABLE-A2-2025-portal-current,2026-08-10T17:11:13Z,e5e85e9677a374bd30beeeb7848a802f790f9425b78fe84c0ef8096e2394b297,completed units reported in year / building-permit units reported in same year * 100,"This is a same-year flow ratio, not a cohort completion probability. Permits and completions can refer to different projects.",comparable_within_series
production_pipeline,annual_completion_to_permit_flow_pct,Annual completion-to-permit flow ratio,06075,San Francisco,2025,2025-12-31,annual,145.1761102603369,percent,CA_HCD_APR_TABLE_A2,HCD-APR-TABLE-A2-2025-portal-current,2026-08-10T17:11:13Z,e5e85e9677a374bd30beeeb7848a802f790f9425b78fe84c0ef8096e2394b297,completed units reported in year / building-permit units reported in same year * 100,"This is a same-year flow ratio, not a cohort completion probability. Permits and completions can refer to different projects.",comparable_within_series
production_pipeline,annual_completion_to_permit_flow_pct,Annual completion-to-permit flow ratio,06081,San Mateo,2025,2025-12-31,annual,39.929771758214194,percent,CA_HCD_APR_TABLE_A2,HCD-APR-TABLE-A2-2025-portal-current,2026-08-10T17:11:13Z,e5e85e9677a374bd30beeeb7848a802f790f9425b78fe84c0ef8096e2394b297,completed units reported in year / building-permit units reported in same year * 100,"This is a same-year flow ratio, not a cohort completion probability. Permits and completions can refer to different projects.",comparable_within_series
production_pipeline,annual_completion_to_permit_flow_pct,Annual completion-to-permit flow ratio,06085,Santa Clara,2025,2025-12-31,annual,149.46376340591485,percent,CA_HCD_APR_TABLE_A2,HCD-APR-TABLE-A2-2025-portal-current,2026-08-10T17:11:13Z,e5e85e9677a374bd30beeeb7848a802f790f9425b78fe84c0ef8096e2394b297,completed units reported in year / building-permit units reported in same year * 100,"This is a same-year flow ratio, not a cohort completion probability. Permits and completions can refer to different projects.",comparable_within_series
production_pipeline,annual_completion_to_permit_flow_pct,Annual completion-to-permit flow ratio,06095,Solano,2025,2025-12-31,annual,90.22103148024112,percent,CA_HCD_APR_TABLE_A2,HCD-APR-TABLE-A2-2025-portal-current,2026-08-10T17:11:13Z,e5e85e9677a374bd30beeeb7848a802f790f9425b78fe84c0ef8096e2394b297,completed units reported in year / building-permit units reported in same year * 100,"This is a same-year flow ratio, not a cohort completion probability. Permits and completions can refer to different projects.",comparable_within_series
production_pipeline,annual_completion_to_permit_flow_pct,Annual completion-to-permit flow ratio,06097,Sonoma,2025,2025-12-31,annual,88.80714661061482,percent,CA_HCD_APR_TABLE_A2,HCD-APR-TABLE-A2-2025-portal-current,2026-08-10T17:11:13Z,e5e85e9677a374bd30beeeb7848a802f790f9425b78fe84c0ef8096e2394b297,completed units reported in year / building-permit units reported in same year * 100,"This is a same-year flow ratio, not a cohort completion probability. Permits and completions can refer to different projects.",comparable_within_series
housing_applications,application_approved_projects,Application records reported approved,06001,Alameda,2025,2025-12-31,annual,489.0,records,CA_HCD_APR_TABLE_A,HCD-APR-TABLE-A-2025-portal-current,2026-08-10T17:11:13Z,bec330a57d4f495f88b52cfed29d66223ec2d61b4ca4ae2e3feeef22faf62af2,county sum or count of HCD APR Table A records,Application status is sparsely populated before 2021; a record is not necessarily a unique project.,comparable_within_series
housing_applications,application_approved_projects,Application records reported approved,06013,Contra Costa,2025,2025-12-31,annual,487.0,records,CA_HCD_APR_TABLE_A,HCD-APR-TABLE-A-2025-portal-current,2026-08-10T17:11:13Z,bec330a57d4f495f88b52cfed29d66223ec2d61b4ca4ae2e3feeef22faf62af2,county sum or count of HCD APR Table A records,Application status is sparsely populated before 2021; a record is not necessarily a unique project.,comparable_within_series
housing_applications,application_approved_projects,Application records reported approved,06041,Marin,2025,2025-12-31,annual,147.0,records,CA_HCD_APR_TABLE_A,HCD-APR-TABLE-A-2025-portal-current,2026-08-10T17:11:13Z,bec330a57d4f495f88b52cfed29d66223ec2d61b4ca4ae2e3feeef22faf62af2,county sum or count of HCD APR Table A records,Application status is sparsely populated before 2021; a record is not necessarily a unique project.,comparable_within_series
housing_applications,application_approved_projects,Application records reported approved,06055,Napa,2025,2025-12-31,annual,38.0,records,CA_HCD_APR_TABLE_A,HCD-APR-TABLE-A-2025-portal-current,2026-08-10T17:11:13Z,bec330a57d4f495f88b52cfed29d66223ec2d61b4ca4ae2e3feeef22faf62af2,county sum or count of HCD APR Table A records,Application status is sparsely populated before 2021; a record is not necessarily a unique project.,comparable_within_series
housing_applications,application_approved_projects,Application records reported approved,06075,San Francisco,2025,2025-12-31,annual,340.0,records,CA_HCD_APR_TABLE_A,HCD-APR-TABLE-A-2025-portal-current,2026-08-10T17:11:13Z,bec330a57d4f495f88b52cfed29d66223ec2d61b4ca4ae2e3feeef22faf62af2,county sum or count of HCD APR Table A records,Application status is sparsely populated before 2021; a record is not necessarily a unique project.,comparable_within_series
housing_applications,application_approved_projects,Application records reported approved,06081,San Mateo,2025,2025-12-31,annual,580.0,records,CA_HCD_APR_TABLE_A,HCD-APR-TABLE-A-2025-portal-current,2026-08-10T17:11:13Z,bec330a57d4f495f88b52cfed29d66223ec2d61b4ca4ae2e3feeef22faf62af2,county sum or count of HCD APR Table A records,Application status is sparsely populated before 2021; a record is not necessarily a unique project.,comparable_within_series
housing_applications,application_approved_projects,Application records reported approved,06085,Santa Clara,2025,2025-12-31,annual,932.0,records,CA_HCD_APR_TABLE_A,HCD-APR-TABLE-A-2025-portal-current,2026-08-10T17:11:13Z,bec330a57d4f495f88b52cfed29d66223ec2d61b4ca4ae2e3feeef22faf62af2,county sum or count of HCD APR Table A records,Application status is sparsely populated before 2021; a record is not necessarily a unique project.,comparable_within_series
housing_applications,application_approved_projects,Application records reported approved,06095,Solano,2025,2025-12-31,annual,82.0,records,CA_HCD_APR_TABLE_A,HCD-APR-TABLE-A-2025-portal-current,2026-08-10T17:11:13Z,bec330a57d4f495f88b52cfed29d66223ec2d61b4ca4ae2e3feeef22faf62af2,county sum or count of HCD APR Table A records,Application status is sparsely populated before 2021; a record is not necessarily a unique project.,comparable_within_series
housing_applications,application_approved_projects,Application records reported approved,06097,Sonoma,2025,2025-12-31,annual,188.0,records,CA_HCD_APR_TABLE_A,HCD-APR-TABLE-A-2025-portal-current,2026-08-10T17:11:13Z,bec330a57d4f495f88b52cfed29d66223ec2d61b4ca4ae2e3feeef22faf62af2,county sum or count of HCD APR Table A records,Application status is sparsely populated before 2021; a record is not necessarily a unique project.,comparable_within_series
housing_applications,application_approved_units,Units approved in residential applications,06001,Alameda,2025,2025-12-31,annual,2210.0,housing units,CA_HCD_APR_TABLE_A,HCD-APR-TABLE-A-2025-portal-current,2026-08-10T17:11:13Z,bec330a57d4f495f88b52cfed29d66223ec2d61b4ca4ae2e3feeef22faf62af2,county sum or count of HCD APR Table A records,HCD APR application-stage administrative data aggregated to county.,comparable_within_series
housing_applications,application_approved_units,Units approved in residential applications,06013,Contra Costa,2025,2025-12-31,annual,3527.0,housing units,CA_HCD_APR_TABLE_A,HCD-APR-TABLE-A-2025-portal-current,2026-08-10T17:11:13Z,bec330a57d4f495f88b52cfed29d66223ec2d61b4ca4ae2e3feeef22faf62af2,county sum or count of HCD APR Table A records,HCD APR application-stage administrative data aggregated to county.,comparable_within_series
housing_applications,application_approved_units,Units approved in residential applications,06041,Marin,2025,2025-12-31,annual,818.0,housing units,CA_HCD_APR_TABLE_A,HCD-APR-TABLE-A-2025-portal-current,2026-08-10T17:11:13Z,bec330a57d4f495f88b52cfed29d66223ec2d61b4ca4ae2e3feeef22faf62af2,county sum or count of HCD APR Table A records,HCD APR application-stage administrative data aggregated to county.,comparable_within_series
housing_applications,application_approved_units,Units approved in residential applications,06055,Napa,2025,2025-12-31,annual,237.0,housing units,CA_HCD_APR_TABLE_A,HCD-APR-TABLE-A-2025-portal-current,2026-08-10T17:11:13Z,bec330a57d4f495f88b52cfed29d66223ec2d61b4ca4ae2e3feeef22faf62af2,county sum or count of HCD APR Table A records,HCD APR application-stage administrative data aggregated to county.,comparable_within_series
housing_applications,application_approved_units,Units approved in residential applications,06075,San Francisco,2025,2025-12-31,annual,9881.0,housing units,CA_HCD_APR_TABLE_A,HCD-APR-TABLE-A-2025-portal-current,2026-08-10T17:11:13Z,bec330a57d4f495f88b52cfed29d66223ec2d61b4ca4ae2e3feeef22faf62af2,county sum or count of HCD APR Table A records,HCD APR application-stage administrative data aggregated to county.,comparable_within_series
housing_applications,application_approved_units,Units approved in residential applications,06081,San Mateo,2025,2025-12-31,annual,2067.0,housing units,CA_HCD_APR_TABLE_A,HCD-APR-TABLE-A-2025-portal-current,2026-08-10T17:11:13Z,bec330a57d4f495f88b52cfed29d66223ec2d61b4ca4ae2e3feeef22faf62af2,county sum or count of HCD APR Table A records,HCD APR application-stage administrative data aggregated to county.,comparable_within_series
housing_applications,application_approved_units,Units approved in residential applications,06085,Santa Clara,2025,2025-12-31,annual,6166.0,housing units,CA_HCD_APR_TABLE_A,HCD-APR-TABLE-A-2025-portal-current,2026-08-10T17:11:13Z,bec330a57d4f495f88b52cfed29d66223ec2d61b4ca4ae2e3feeef22faf62af2,county sum or count of HCD APR Table A records,HCD APR application-stage administrative data aggregated to county.,comparable_within_series
housing_applications,application_approved_units,Units approved in residential applications,06095,Solano,2025,2025-12-31,annual,1213.0,housing units,CA_HCD_APR_TABLE_A,HCD-APR-TABLE-A-2025-portal-current,2026-08-10T17:11:13Z,bec330a57d4f495f88b52cfed29d66223ec2d61b4ca4ae2e3feeef22faf62af2,county sum or count of HCD APR Table A records,HCD APR application-stage administrative data aggregated to county.,comparable_within_series
housing_applications,application_approved_units,Units approved in residential applications,06097,Sonoma,2025,2025-12-31,annual,964.0,housing units,CA_HCD_APR_TABLE_A,HCD-APR-TABLE-A-2025-portal-current,2026-08-10T17:11:13Z,bec330a57d4f495f88b52cfed29d66223ec2d61b4ca4ae2e3feeef22faf62af2,county sum or count of HCD APR Table A records,HCD APR application-stage administrative data aggregated to county.,comparable_within_series
housing_applications,application_decision_approval_share_pct,Approved share of decided application records,06001,Alameda,2025,2025-12-31,annual,99.59266802443992,percent,CA_HCD_APR_TABLE_A,HCD-APR-TABLE-A-2025-portal-current,2026-08-10T17:11:13Z,bec330a57d4f495f88b52cfed29d66223ec2d61b4ca4ae2e3feeef22faf62af2,approved application records / (approved + disapproved records) * 100; pending and withdrawn excluded,Application status is sparsely populated before 2021; a record is not necessarily a unique project.,comparable_within_series
housing_applications,application_decision_approval_share_pct,Approved share of decided application records,06013,Contra Costa,2025,2025-12-31,annual,100.0,percent,CA_HCD_APR_TABLE_A,HCD-APR-TABLE-A-2025-portal-current,2026-08-10T17:11:13Z,bec330a57d4f495f88b52cfed29d66223ec2d61b4ca4ae2e3feeef22faf62af2,approved application records / (approved + disapproved records) * 100; pending and withdrawn excluded,Application status is sparsely populated before 2021; a record is not necessarily a unique project.,comparable_within_series
housing_applications,application_decision_approval_share_pct,Approved share of decided application records,06041,Marin,2025,2025-12-31,annual,99.32432432432432,percent,CA_HCD_APR_TABLE_A,HCD-APR-TABLE-A-2025-portal-current,2026-08-10T17:11:13Z,bec330a57d4f495f88b52cfed29d66223ec2d61b4ca4ae2e3feeef22faf62af2,approved application records / (approved + disapproved records) * 100; pending and withdrawn excluded,Application status is sparsely populated before 2021; a record is not necessarily a unique project.,comparable_within_series
housing_applications,application_decision_approval_share_pct,Approved share of decided application records,06055,Napa,2025,2025-12-31,annual,100.0,percent,CA_HCD_APR_TABLE_A,HCD-APR-TABLE-A-2025-portal-current,2026-08-10T17:11:13Z,bec330a57d4f495f88b52cfed29d66223ec2d61b4ca4ae2e3feeef22faf62af2,approved application records / (approved + disapproved records) * 100; pending and withdrawn excluded,Application status is sparsely populated before 2021; a record is not necessarily a unique project.,comparable_within_series
housing_applications,application_decision_approval_share_pct,Approved share of decided application records,06075,San Francisco,2025,2025-12-31,annual,100.0,percent,CA_HCD_APR_TABLE_A,HCD-APR-TABLE-A-2025-portal-current,2026-08-10T17:11:13Z,bec330a57d4f495f88b52cfed29d66223ec2d61b4ca4ae2e3feeef22faf62af2,approved application records / (approved + disapproved records) * 100; pending and withdrawn excluded,Application status is sparsely populated before 2021; a record is not necessarily a unique project.,comparable_within_series
housing_applications,application_decision_approval_share_pct,Approved share of decided application records,06081,San Mateo,2025,2025-12-31,annual,99.48542024013722,percent,CA_HCD_APR_TABLE_A,HCD-APR-TABLE-A-2025-portal-current,2026-08-10T17:11:13Z,bec330a57d4f495f88b52cfed29d66223ec2d61b4ca4ae2e3feeef22faf62af2,approved application records / (approved + disapproved records) * 100; pending and withdrawn excluded,Application status is sparsely populated before 2021; a record is not necessarily a unique project.,comparable_within_series
housing_applications,application_decision_approval_share_pct,Approved share of decided application records,06085,Santa Clara,2025,2025-12-31,annual,100.0,percent,CA_HCD_APR_TABLE_A,HCD-APR-TABLE-A-2025-portal-current,2026-08-10T17:11:13Z,bec330a57d4f495f88b52cfed29d66223ec2d61b4ca4ae2e3feeef22faf62af2,approved application records / (approved + disapproved records) * 100; pending and withdrawn excluded,Application status is sparsely populated before 2021; a record is not necessarily a unique project.,comparable_within_series
housing_applications,application_decision_approval_share_pct,Approved share of decided application records,06095,Solano,2025,2025-12-31,annual,100.0,percent,CA_HCD_APR_TABLE_A,HCD-APR-TABLE-A-2025-portal-current,2026-08-10T17:11:13Z,bec330a57d4f495f88b52cfed29d66223ec2d61b4ca4ae2e3feeef22faf62af2,approved application records / (approved + disapproved records) * 100; pending and withdrawn excluded,Application status is sparsely populated before 2021; a record is not necessarily a unique project.,comparable_within_series
housing_applications,application_decision_approval_share_pct,Approved share of decided application records,06097,Sonoma,2025,2025-12-31,annual,100.0,percent,CA_HCD_APR_TABLE_A,HCD-APR-TABLE-A-2025-portal-current,2026-08-10T17:11:13Z,bec330a57d4f495f88b52cfed29d66223ec2d61b4ca4ae2e3feeef22faf62af2,approved application records / (approved + disapproved records) * 100; pending and withdrawn excluded,Application status is sparsely populated before 2021; a record is not necessarily a unique project.,comparable_within_series
housing_applications,application_disapproved_units,Units disapproved in residential applications,06001,Alameda,2025,2025-12-31,annual,6.0,housing units,CA_HCD_APR_TABLE_A,HCD-APR-TABLE-A-2025-portal-current,2026-08-10T17:11:13Z,bec330a57d4f495f88b52cfed29d66223ec2d61b4ca4ae2e3feeef22faf62af2,county sum or count of HCD APR Table A records,HCD APR application-stage administrative data aggregated to county.,comparable_within_series
housing_applications,application_disapproved_units,Units disapproved in residential applications,06013,Contra Costa,2025,2025-12-31,annual,0.0,housing units,CA_HCD_APR_TABLE_A,HCD-APR-TABLE-A-2025-portal-current,2026-08-10T17:11:13Z,bec330a57d4f495f88b52cfed29d66223ec2d61b4ca4ae2e3feeef22faf62af2,county sum or count of HCD APR Table A records,HCD APR application-stage administrative data aggregated to county.,comparable_within_series
housing_applications,application_disapproved_units,Units disapproved in residential applications,06041,Marin,2025,2025-12-31,annual,2.0,housing units,CA_HCD_APR_TABLE_A,HCD-APR-TABLE-A-2025-portal-current,2026-08-10T17:11:13Z,bec330a57d4f495f88b52cfed29d66223ec2d61b4ca4ae2e3feeef22faf62af2,county sum or count of HCD APR Table A records,HCD APR application-stage administrative data aggregated to county.,comparable_within_series
housing_applications,application_disapproved_units,Units disapproved in residential applications,06055,Napa,2025,2025-12-31,annual,0.0,housing units,CA_HCD_APR_TABLE_A,HCD-APR-TABLE-A-2025-portal-current,2026-08-10T17:11:13Z,bec330a57d4f495f88b52cfed29d66223ec2d61b4ca4ae2e3feeef22faf62af2,county sum or count of HCD APR Table A records,HCD APR application-stage administrative data aggregated to county.,comparable_within_series
housing_applications,application_disapproved_units,Units disapproved in residential applications,06075,San Francisco,2025,2025-12-31,annual,0.0,housing units,CA_HCD_APR_TABLE_A,HCD-APR-TABLE-A-2025-portal-current,2026-08-10T17:11:13Z,bec330a57d4f495f88b52cfed29d66223ec2d61b4ca4ae2e3feeef22faf62af2,county sum or count of HCD APR Table A records,HCD APR application-stage administrative data aggregated to county.,comparable_within_series
housing_applications,application_disapproved_units,Units disapproved in residential applications,06081,San Mateo,2025,2025-12-31,annual,0.0,housing units,CA_HCD_APR_TABLE_A,HCD-APR-TABLE-A-2025-portal-current,2026-08-10T17:11:13Z,bec330a57d4f495f88b52cfed29d66223ec2d61b4ca4ae2e3feeef22faf62af2,county sum or count of HCD APR Table A records,HCD APR application-stage administrative data aggregated to county.,comparable_within_series
housing_applications,application_disapproved_units,Units disapproved in residential applications,06085,Santa Clara,2025,2025-12-31,annual,0.0,housing units,CA_HCD_APR_TABLE_A,HCD-APR-TABLE-A-2025-portal-current,2026-08-10T17:11:13Z,bec330a57d4f495f88b52cfed29d66223ec2d61b4ca4ae2e3feeef22faf62af2,county sum or count of HCD APR Table A records,HCD APR application-stage administrative data aggregated to county.,comparable_within_series
housing_applications,application_disapproved_units,Units disapproved in residential applications,06095,Solano,2025,2025-12-31,annual,0.0,housing units,CA_HCD_APR_TABLE_A,HCD-APR-TABLE-A-2025-portal-current,2026-08-10T17:11:13Z,bec330a57d4f495f88b52cfed29d66223ec2d61b4ca4ae2e3feeef22faf62af2,county sum or count of HCD APR Table A records,HCD APR application-stage administrative data aggregated to county.,comparable_within_series
housing_applications,application_disapproved_units,Units disapproved in residential applications,06097,Sonoma,2025,2025-12-31,annual,0.0,housing units,CA_HCD_APR_TABLE_A,HCD-APR-TABLE-A-2025-portal-current,2026-08-10T17:11:13Z,bec330a57d4f495f88b52cfed29d66223ec2d61b4ca4ae2e3feeef22faf62af2,county sum or count of HCD APR Table A records,HCD APR application-stage administrative data aggregated to county.,comparable_within_series
housing_applications,application_pending_projects,Application records reported pending,06001,Alameda,2025,2025-12-31,annual,329.0,records,CA_HCD_APR_TABLE_A,HCD-APR-TABLE-A-2025-portal-current,2026-08-10T17:11:13Z,bec330a57d4f495f88b52cfed29d66223ec2d61b4ca4ae2e3feeef22faf62af2,county sum or count of HCD APR Table A records,Application status is sparsely populated before 2021; a record is not necessarily a unique project.,comparable_within_series
housing_applications,application_pending_projects,Application records reported pending,06013,Contra Costa,2025,2025-12-31,annual,233.0,records,CA_HCD_APR_TABLE_A,HCD-APR-TABLE-A-2025-portal-current,2026-08-10T17:11:13Z,bec330a57d4f495f88b52cfed29d66223ec2d61b4ca4ae2e3feeef22faf62af2,county sum or count of HCD APR Table A records,Application status is sparsely populated before 2021; a record is not necessarily a unique project.,comparable_within_series
housing_applications,application_pending_projects,Application records reported pending,06041,Marin,2025,2025-12-31,annual,185.0,records,CA_HCD_APR_TABLE_A,HCD-APR-TABLE-A-2025-portal-current,2026-08-10T17:11:13Z,bec330a57d4f495f88b52cfed29d66223ec2d61b4ca4ae2e3feeef22faf62af2,county sum or count of HCD APR Table A records,Application status is sparsely populated before 2021; a record is not necessarily a unique project.,comparable_within_series
housing_applications,application_pending_projects,Application records reported pending,06055,Napa,2025,2025-12-31,annual,96.0,records,CA_HCD_APR_TABLE_A,HCD-APR-TABLE-A-2025-portal-current,2026-08-10T17:11:13Z,bec330a57d4f495f88b52cfed29d66223ec2d61b4ca4ae2e3feeef22faf62af2,county sum or count of HCD APR Table A records,Application status is sparsely populated before 2021; a record is not necessarily a unique project.,comparable_within_series
housing_applications,application_pending_projects,Application records reported pending,06075,San Francisco,2025,2025-12-31,annual,23.0,records,CA_HCD_APR_TABLE_A,HCD-APR-TABLE-A-2025-portal-current,2026-08-10T17:11:13Z,bec330a57d4f495f88b52cfed29d66223ec2d61b4ca4ae2e3feeef22faf62af2,county sum or count of HCD APR Table A records,Application status is sparsely populated before 2021; a record is not necessarily a unique project.,comparable_within_series
housing_applications,application_pending_projects,Application records reported pending,06081,San Mateo,2025,2025-12-31,annual,349.0,records,CA_HCD_APR_TABLE_A,HCD-APR-TABLE-A-2025-portal-current,2026-08-10T17:11:13Z,bec330a57d4f495f88b52cfed29d66223ec2d61b4ca4ae2e3feeef22faf62af2,county sum or count of HCD APR Table A records,Application status is sparsely populated before 2021; a record is not necessarily a unique project.,comparable_within_series
housing_applications,application_pending_projects,Application records reported pending,06085,Santa Clara,2025,2025-12-31,annual,997.0,records,CA_HCD_APR_TABLE_A,HCD-APR-TABLE-A-2025-portal-current,2026-08-10T17:11:13Z,bec330a57d4f495f88b52cfed29d66223ec2d61b4ca4ae2e3feeef22faf62af2,county sum or count of HCD APR Table A records,Application status is sparsely populated before 2021; a record is not necessarily a unique project.,comparable_within_series
housing_applications,application_pending_projects,Application records reported pending,06095,Solano,2025,2025-12-31,annual,67.0,records,CA_HCD_APR_TABLE_A,HCD-APR-TABLE-A-2025-portal-current,2026-08-10T17:11:13Z,bec330a57d4f495f88b52cfed29d66223ec2d61b4ca4ae2e3feeef22faf62af2,county sum or count of HCD APR Table A records,Application status is sparsely populated before 2021; a record is not necessarily a unique project.,comparable_within_series
housing_applications,application_pending_projects,Application records reported pending,06097,Sonoma,2025,2025-12-31,annual,32.0,records,CA_HCD_APR_TABLE_A,HCD-APR-TABLE-A-2025-portal-current,2026-08-10T17:11:13Z,bec330a57d4f495f88b52cfed29d66223ec2d61b4ca4ae2e3feeef22faf62af2,county sum or count of HCD APR Table A records,Application status is sparsely populated before 2021; a record is not necessarily a unique project.,comparable_within_series
housing_applications,application_project_records,Residential application records,06001,Alameda,2025,2025-12-31,annual,822.0,records,CA_HCD_APR_TABLE_A,HCD-APR-TABLE-A-2025-portal-current,2026-08-10T17:11:13Z,bec330a57d4f495f88b52cfed29d66223ec2d61b4ca4ae2e3feeef22faf62af2,county sum or count of HCD APR Table A records,Application status is sparsely populated before 2021; a record is not necessarily a unique project.,comparable_within_series
housing_applications,application_project_records,Residential application records,06013,Contra Costa,2025,2025-12-31,annual,726.0,records,CA_HCD_APR_TABLE_A,HCD-APR-TABLE-A-2025-portal-current,2026-08-10T17:11:13Z,bec330a57d4f495f88b52cfed29d66223ec2d61b4ca4ae2e3feeef22faf62af2,county sum or count of HCD APR Table A records,Application status is sparsely populated before 2021; a record is not necessarily a unique project.,comparable_within_series
housing_applications,application_project_records,Residential application records,06041,Marin,2025,2025-12-31,annual,338.0,records,CA_HCD_APR_TABLE_A,HCD-APR-TABLE-A-2025-portal-current,2026-08-10T17:11:13Z,bec330a57d4f495f88b52cfed29d66223ec2d61b4ca4ae2e3feeef22faf62af2,county sum or count of HCD APR Table A records,Application status is sparsely populated before 2021; a record is not necessarily a unique project.,comparable_within_series
housing_applications,application_project_records,Residential application records,06055,Napa,2025,2025-12-31,annual,135.0,records,CA_HCD_APR_TABLE_A,HCD-APR-TABLE-A-2025-portal-current,2026-08-10T17:11:13Z,bec330a57d4f495f88b52cfed29d66223ec2d61b4ca4ae2e3feeef22faf62af2,county sum or count of HCD APR Table A records,Application status is sparsely populated before 2021; a record is not necessarily a unique project.,comparable_within_series
housing_applications,application_project_records,Residential application records,06075,San Francisco,2025,2025-12-31,annual,368.0,records,CA_HCD_APR_TABLE_A,HCD-APR-TABLE-A-2025-portal-current,2026-08-10T17:11:13Z,bec330a57d4f495f88b52cfed29d66223ec2d61b4ca4ae2e3feeef22faf62af2,county sum or count of HCD APR Table A records,Application status is sparsely populated before 2021; a record is not necessarily a unique project.,comparable_within_series
housing_applications,application_project_records,Residential application records,06081,San Mateo,2025,2025-12-31,annual,941.0,records,CA_HCD_APR_TABLE_A,HCD-APR-TABLE-A-2025-portal-current,2026-08-10T17:11:13Z,bec330a57d4f495f88b52cfed29d66223ec2d61b4ca4ae2e3feeef22faf62af2,county sum or count of HCD APR Table A records,Application status is sparsely populated before 2021; a record is not necessarily a unique project.,comparable_within_series
housing_applications,application_project_records,Residential application records,06085,Santa Clara,2025,2025-12-31,annual,1933.0,records,CA_HCD_APR_TABLE_A,HCD-APR-TABLE-A-2025-portal-current,2026-08-10T17:11:13Z,bec330a57d4f495f88b52cfed29d66223ec2d61b4ca4ae2e3feeef22faf62af2,county sum or count of HCD APR Table A records,Application status is sparsely populated before 2021; a record is not necessarily a unique project.,comparable_within_series
housing_applications,application_project_records,Residential application records,06095,Solano,2025,2025-12-31,annual,150.0,records,CA_HCD_APR_TABLE_A,HCD-APR-TABLE-A-2025-portal-current,2026-08-10T17:11:13Z,bec330a57d4f495f88b52cfed29d66223ec2d61b4ca4ae2e3feeef22faf62af2,county sum or count of HCD APR Table A records,Application status is sparsely populated before 2021; a record is not necessarily a unique project.,comparable_within_series
housing_applications,application_project_records,Residential application records,06097,Sonoma,2025,2025-12-31,annual,220.0,records,CA_HCD_APR_TABLE_A,HCD-APR-TABLE-A-2025-portal-current,2026-08-10T17:11:13Z,bec330a57d4f495f88b52cfed29d66223ec2d61b4ca4ae2e3feeef22faf62af2,county sum or count of HCD APR Table A records,Application status is sparsely populated before 2021; a record is not necessarily a unique project.,comparable_within_series
housing_applications,application_proposed_units,Units proposed in residential applications,06001,Alameda,2025,2025-12-31,annual,3958.0,housing units,CA_HCD_APR_TABLE_A,HCD-APR-TABLE-A-2025-portal-current,2026-08-10T17:11:13Z,bec330a57d4f495f88b52cfed29d66223ec2d61b4ca4ae2e3feeef22faf62af2,county sum or count of HCD APR Table A records,HCD APR application-stage administrative data aggregated to county.,comparable_within_series
housing_applications,application_proposed_units,Units proposed in residential applications,06013,Contra Costa,2025,2025-12-31,annual,6961.0,housing units,CA_HCD_APR_TABLE_A,HCD-APR-TABLE-A-2025-portal-current,2026-08-10T17:11:13Z,bec330a57d4f495f88b52cfed29d66223ec2d61b4ca4ae2e3feeef22faf62af2,county sum or count of HCD APR Table A records,HCD APR application-stage administrative data aggregated to county.,comparable_within_series
housing_applications,application_proposed_units,Units proposed in residential applications,06041,Marin,2025,2025-12-31,annual,2240.0,housing units,CA_HCD_APR_TABLE_A,HCD-APR-TABLE-A-2025-portal-current,2026-08-10T17:11:13Z,bec330a57d4f495f88b52cfed29d66223ec2d61b4ca4ae2e3feeef22faf62af2,county sum or count of HCD APR Table A records,HCD APR application-stage administrative data aggregated to county.,comparable_within_series
housing_applications,application_proposed_units,Units proposed in residential applications,06055,Napa,2025,2025-12-31,annual,431.0,housing units,CA_HCD_APR_TABLE_A,HCD-APR-TABLE-A-2025-portal-current,2026-08-10T17:11:13Z,bec330a57d4f495f88b52cfed29d66223ec2d61b4ca4ae2e3feeef22faf62af2,county sum or count of HCD APR Table A records,HCD APR application-stage administrative data aggregated to county.,comparable_within_series
housing_applications,application_proposed_units,Units proposed in residential applications,06075,San Francisco,2025,2025-12-31,annual,9462.0,housing units,CA_HCD_APR_TABLE_A,HCD-APR-TABLE-A-2025-portal-current,2026-08-10T17:11:13Z,bec330a57d4f495f88b52cfed29d66223ec2d61b4ca4ae2e3feeef22faf62af2,county sum or count of HCD APR Table A records,HCD APR application-stage administrative data aggregated to county.,comparable_within_series
housing_applications,application_proposed_units,Units proposed in residential applications,06081,San Mateo,2025,2025-12-31,annual,4551.0,housing units,CA_HCD_APR_TABLE_A,HCD-APR-TABLE-A-2025-portal-current,2026-08-10T17:11:13Z,bec330a57d4f495f88b52cfed29d66223ec2d61b4ca4ae2e3feeef22faf62af2,county sum or count of HCD APR Table A records,HCD APR application-stage administrative data aggregated to county.,comparable_within_series
housing_applications,application_proposed_units,Units proposed in residential applications,06085,Santa Clara,2025,2025-12-31,annual,15575.0,housing units,CA_HCD_APR_TABLE_A,HCD-APR-TABLE-A-2025-portal-current,2026-08-10T17:11:13Z,bec330a57d4f495f88b52cfed29d66223ec2d61b4ca4ae2e3feeef22faf62af2,county sum or count of HCD APR Table A records,HCD APR application-stage administrative data aggregated to county.,comparable_within_series
housing_applications,application_proposed_units,Units proposed in residential applications,06095,Solano,2025,2025-12-31,annual,1931.0,housing units,CA_HCD_APR_TABLE_A,HCD-APR-TABLE-A-2025-portal-current,2026-08-10T17:11:13Z,bec330a57d4f495f88b52cfed29d66223ec2d61b4ca4ae2e3feeef22faf62af2,county sum or count of HCD APR Table A records,HCD APR application-stage administrative data aggregated to county.,comparable_within_series
housing_applications,application_proposed_units,Units proposed in residential applications,06097,Sonoma,2025,2025-12-31,annual,3661.0,housing units,CA_HCD_APR_TABLE_A,HCD-APR-TABLE-A-2025-portal-current,2026-08-10T17:11:13Z,bec330a57d4f495f88b52cfed29d66223ec2d61b4ca4ae2e3feeef22faf62af2,county sum or count of HCD APR Table A records,HCD APR application-stage administrative data aggregated to county.,comparable_within_series
production_pipeline,building_permit_units,Building-permit units,06001,Alameda,2025,2025-12-31,annual,5000.0,housing units,CA_HCD_APR_TABLE_A2,HCD-APR-TABLE-A2-2025-portal-current,2026-08-10T17:11:13Z,e5e85e9677a374bd30beeeb7848a802f790f9425b78fe84c0ef8096e2394b297,county sum of HCD APR Table A2 reported units,"Entitlements, building permits, and completions are distinct production stages.",comparable_within_series
production_pipeline,building_permit_units,Building-permit units,06013,Contra Costa,2025,2025-12-31,annual,2669.0,housing units,CA_HCD_APR_TABLE_A2,HCD-APR-TABLE-A2-2025-portal-current,2026-08-10T17:11:13Z,e5e85e9677a374bd30beeeb7848a802f790f9425b78fe84c0ef8096e2394b297,county sum of HCD APR Table A2 reported units,"Entitlements, building permits, and completions are distinct production stages.",comparable_within_series
production_pipeline,building_permit_units,Building-permit units,06041,Marin,2025,2025-12-31,annual,486.0,housing units,CA_HCD_APR_TABLE_A2,HCD-APR-TABLE-A2-2025-portal-current,2026-08-10T17:11:13Z,e5e85e9677a374bd30beeeb7848a802f790f9425b78fe84c0ef8096e2394b297,county sum of HCD APR Table A2 reported units,"Entitlements, building permits, and completions are distinct production stages.",comparable_within_series
production_pipeline,building_permit_units,Building-permit units,06055,Napa,2025,2025-12-31,annual,440.0,housing units,CA_HCD_APR_TABLE_A2,HCD-APR-TABLE-A2-2025-portal-current,2026-08-10T17:11:13Z,e5e85e9677a374bd30beeeb7848a802f790f9425b78fe84c0ef8096e2394b297,county sum of HCD APR Table A2 reported units,"Entitlements, building permits, and completions are distinct production stages.",comparable_within_series
production_pipeline,building_permit_units,Building-permit units,06075,San Francisco,2025,2025-12-31,annual,1959.0,housing units,CA_HCD_APR_TABLE_A2,HCD-APR-TABLE-A2-2025-portal-current,2026-08-10T17:11:13Z,e5e85e9677a374bd30beeeb7848a802f790f9425b78fe84c0ef8096e2394b297,county sum of HCD APR Table A2 reported units,"Entitlements, building permits, and completions are distinct production stages.",comparable_within_series
production_pipeline,building_permit_units,Building-permit units,06081,San Mateo,2025,2025-12-31,annual,3987.0,housing units,CA_HCD_APR_TABLE_A2,HCD-APR-TABLE-A2-2025-portal-current,2026-08-10T17:11:13Z,e5e85e9677a374bd30beeeb7848a802f790f9425b78fe84c0ef8096e2394b297,county sum of HCD APR Table A2 reported units,"Entitlements, building permits, and completions are distinct production stages.",comparable_within_series
production_pipeline,building_permit_units,Building-permit units,06085,Santa Clara,2025,2025-12-31,annual,6154.0,housing units,CA_HCD_APR_TABLE_A2,HCD-APR-TABLE-A2-2025-portal-current,2026-08-10T17:11:13Z,e5e85e9677a374bd30beeeb7848a802f790f9425b78fe84c0ef8096e2394b297,county sum of HCD APR Table A2 reported units,"Entitlements, building permits, and completions are distinct production stages.",comparable_within_series
production_pipeline,building_permit_units,Building-permit units,06095,Solano,2025,2025-12-31,annual,1493.0,housing units,CA_HCD_APR_TABLE_A2,HCD-APR-TABLE-A2-2025-portal-current,2026-08-10T17:11:13Z,e5e85e9677a374bd30beeeb7848a802f790f9425b78fe84c0ef8096e2394b297,county sum of HCD APR Table A2 reported units,"Entitlements, building permits, and completions are distinct production stages.",comparable_within_series
production_pipeline,building_permit_units,Building-permit units,06097,Sonoma,2025,2025-12-31,annual,1903.0,housing units,CA_HCD_APR_TABLE_A2,HCD-APR-TABLE-A2-2025-portal-current,2026-08-10T17:11:13Z,e5e85e9677a374bd30beeeb7848a802f790f9425b78fe84c0ef8096e2394b297,county sum of HCD APR Table A2 reported units,"Entitlements, building permits, and completions are distinct production stages.",comparable_within_series
production_pipeline,completed_units,Completed units / certificates of occupancy,06001,Alameda,2025,2025-12-31,annual,4851.0,housing units,CA_HCD_APR_TABLE_A2,HCD-APR-TABLE-A2-2025-portal-current,2026-08-10T17:11:13Z,e5e85e9677a374bd30beeeb7848a802f790f9425b78fe84c0ef8096e2394b297,county sum of HCD APR Table A2 reported units,"Entitlements, building permits, and completions are distinct production stages.",comparable_within_series
production_pipeline,completed_units,Completed units / certificates of occupancy,06013,Contra Costa,2025,2025-12-31,annual,2518.0,housing units,CA_HCD_APR_TABLE_A2,HCD-APR-TABLE-A2-2025-portal-current,2026-08-10T17:11:13Z,e5e85e9677a374bd30beeeb7848a802f790f9425b78fe84c0ef8096e2394b297,county sum of HCD APR Table A2 reported units,"Entitlements, building permits, and completions are distinct production stages.",comparable_within_series
production_pipeline,completed_units,Completed units / certificates of occupancy,06041,Marin,2025,2025-12-31,annual,533.0,housing units,CA_HCD_APR_TABLE_A2,HCD-APR-TABLE-A2-2025-portal-current,2026-08-10T17:11:13Z,e5e85e9677a374bd30beeeb7848a802f790f9425b78fe84c0ef8096e2394b297,county sum of HCD APR Table A2 reported units,"Entitlements, building permits, and completions are distinct production stages.",comparable_within_series
production_pipeline,completed_units,Completed units / certificates of occupancy,06055,Napa,2025,2025-12-31,annual,475.0,housing units,CA_HCD_APR_TABLE_A2,HCD-APR-TABLE-A2-2025-portal-current,2026-08-10T17:11:13Z,e5e85e9677a374bd30beeeb7848a802f790f9425b78fe84c0ef8096e2394b297,county sum of HCD APR Table A2 reported units,"Entitlements, building permits, and completions are distinct production stages.",comparable_within_series
production_pipeline,completed_units,Completed units / certificates of occupancy,06075,San Francisco,2025,2025-12-31,annual,2844.0,housing units,CA_HCD_APR_TABLE_A2,HCD-APR-TABLE-A2-2025-portal-current,2026-08-10T17:11:13Z,e5e85e9677a374bd30beeeb7848a802f790f9425b78fe84c0ef8096e2394b297,county sum of HCD APR Table A2 reported units,"Entitlements, building permits, and completions are distinct production stages.",comparable_within_series
production_pipeline,completed_units,Completed units / certificates of occupancy,06081,San Mateo,2025,2025-12-31,annual,1592.0,housing units,CA_HCD_APR_TABLE_A2,HCD-APR-TABLE-A2-2025-portal-current,2026-08-10T17:11:13Z,e5e85e9677a374bd30beeeb7848a802f790f9425b78fe84c0ef8096e2394b297,county sum of HCD APR Table A2 reported units,"Entitlements, building permits, and completions are distinct production stages.",comparable_within_series
production_pipeline,completed_units,Completed units / certificates of occupancy,06085,Santa Clara,2025,2025-12-31,annual,9198.0,housing units,CA_HCD_APR_TABLE_A2,HCD-APR-TABLE-A2-2025-portal-current,2026-08-10T17:11:13Z,e5e85e9677a374bd30beeeb7848a802f790f9425b78fe84c0ef8096e2394b297,county sum of HCD APR Table A2 reported units,"Entitlements, building permits, and completions are distinct production stages.",comparable_within_series
production_pipeline,completed_units,Completed units / certificates of occupancy,06095,Solano,2025,2025-12-31,annual,1347.0,housing units,CA_HCD_APR_TABLE_A2,HCD-APR-TABLE-A2-2025-portal-current,2026-08-10T17:11:13Z,e5e85e9677a374bd30beeeb7848a802f790f9425b78fe84c0ef8096e2394b297,county sum of HCD APR Table A2 reported units,"Entitlements, building permits, and completions are distinct production stages.",comparable_within_series
production_pipeline,completed_units,Completed units / certificates of occupancy,06097,Sonoma,2025,2025-12-31,annual,1690.0,housing units,CA_HCD_APR_TABLE_A2,HCD-APR-TABLE-A2-2025-portal-current,2026-08-10T17:11:13Z,e5e85e9677a374bd30beeeb7848a802f790f9425b78fe84c0ef8096e2394b297,county sum of HCD APR Table A2 reported units,"Entitlements, building permits, and completions are distinct production stages.",comparable_within_series
permitting_timelines,deterministically_matched_projects,Deterministically matched projects,06001,Alameda,2018-2025 matched records,2025-12-31,multi-year matched-project summary,5997,projects,CA_HCD_APR_TABLE_A;CA_HCD_APR_TABLE_A2,HCD-APR-TABLE-A-2018-portal-current;HCD-APR-TABLE-A-2019-portal-current;HCD-APR-TABLE-A-2020-portal-current;HCD-APR-TABLE-A-2021-portal-current;HCD-APR-TABLE-A-2022-portal-current;HCD-APR-TABLE-A-2023-portal-current;HCD-APR-TABLE-A-2024-portal-current;HCD-APR-TABLE-A-2025-portal-current;HCD-APR-TABLE-A2-2018-portal-current;HCD-APR-TABLE-A2-2019-portal-current;HCD-APR-TABLE-A2-2020-portal-current;HCD-APR-TABLE-A2-2021-portal-current;HCD-APR-TABLE-A2-2022-portal-current;HCD-APR-TABLE-A2-2023-portal-current;HCD-APR-TABLE-A2-2024-portal-current;HCD-APR-TABLE-A2-2025-portal-current,2026-08-10T17:11:13Z,c5cee4fbdeba70dfa06045e45ea217a2aca9e0594fe6a2da9144529a1cc1bc25;6f24c832cc9b927766fa5257f444024ffabc785e83ee1d5d9932243d95b14371;11aa51318922cdb7f838c55d1b07009fc196e7fe46ea39c1222e20a86c988429;97ab0c3387bdf49a07720594cb3ea612a85aca39503f8ca9f0c9c0af8e800bda;1bca81f3a972f3d1eced27a3e2fdf4268fc4f1031af1dd0698cbf39fa018fb04;1b140c61910e1eb3a1b01eb1837038d4a59ca05ac73198496fd1b3d77823f8c8;0d33c498629bfd21f3b9707fd1c4810fcb4fd6d8542c25aec64360305c105d2f;bec330a57d4f495f88b52cfed29d66223ec2d61b4ca4ae2e3feeef22faf62af2;2eda34f589a502ed96d65bbdc8ce37cfa225aedf755805a5453eb8c40e926d43;2909761266532f15be992976ff4f8ac5e86198994135f5fd6e17f4930c1de8f6;dd5239737a286de14f0cb94cb934e788a2734baa54fafb493cc326ab118f98e2;5a78db14b37ff087cca9b8e7ae1d939130ba7789dbd8be26558670e88d809950;60556989c07686cc4af51409c4e0761edc273bafa18a65e6a0c4fdc3ac96c4cc;d5a42e856f7a486094b1a52da7413fa582d45472ab18a6ae572bba1930a8069c;efedc570ed4198bb4143b012c1926c817a047bd23278b2b2b19270889b52d13b;e5e85e9677a374bd30beeeb7848a802f790f9425b78fe84c0ef8096e2394b297,count of high-confidence exact identifier matches,Coverage is published with the medians; unmatched records are not imputed.,coverage_diagnostic
permitting_timelines,deterministically_matched_projects,Deterministically matched projects,06013,Contra Costa,2018-2025 matched records,2025-12-31,multi-year matched-project summary,3268,projects,CA_HCD_APR_TABLE_A;CA_HCD_APR_TABLE_A2,HCD-APR-TABLE-A-2018-portal-current;HCD-APR-TABLE-A-2019-portal-current;HCD-APR-TABLE-A-2020-portal-current;HCD-APR-TABLE-A-2021-portal-current;HCD-APR-TABLE-A-2022-portal-current;HCD-APR-TABLE-A-2023-portal-current;HCD-APR-TABLE-A-2024-portal-current;HCD-APR-TABLE-A-2025-portal-current;HCD-APR-TABLE-A2-2018-portal-current;HCD-APR-TABLE-A2-2019-portal-current;HCD-APR-TABLE-A2-2020-portal-current;HCD-APR-TABLE-A2-2021-portal-current;HCD-APR-TABLE-A2-2022-portal-current;HCD-APR-TABLE-A2-2023-portal-current;HCD-APR-TABLE-A2-2024-portal-current;HCD-APR-TABLE-A2-2025-portal-current,2026-08-10T17:11:13Z,c5cee4fbdeba70dfa06045e45ea217a2aca9e0594fe6a2da9144529a1cc1bc25;6f24c832cc9b927766fa5257f444024ffabc785e83ee1d5d9932243d95b14371;11aa51318922cdb7f838c55d1b07009fc196e7fe46ea39c1222e20a86c988429;97ab0c3387bdf49a07720594cb3ea612a85aca39503f8ca9f0c9c0af8e800bda;1bca81f3a972f3d1eced27a3e2fdf4268fc4f1031af1dd0698cbf39fa018fb04;1b140c61910e1eb3a1b01eb1837038d4a59ca05ac73198496fd1b3d77823f8c8;0d33c498629bfd21f3b9707fd1c4810fcb4fd6d8542c25aec64360305c105d2f;bec330a57d4f495f88b52cfed29d66223ec2d61b4ca4ae2e3feeef22faf62af2;2eda34f589a502ed96d65bbdc8ce37cfa225aedf755805a5453eb8c40e926d43;2909761266532f15be992976ff4f8ac5e86198994135f5fd6e17f4930c1de8f6;dd5239737a286de14f0cb94cb934e788a2734baa54fafb493cc326ab118f98e2;5a78db14b37ff087cca9b8e7ae1d939130ba7789dbd8be26558670e88d809950;60556989c07686cc4af51409c4e0761edc273bafa18a65e6a0c4fdc3ac96c4cc;d5a42e856f7a486094b1a52da7413fa582d45472ab18a6ae572bba1930a8069c;efedc570ed4198bb4143b012c1926c817a047bd23278b2b2b19270889b52d13b;e5e85e9677a374bd30beeeb7848a802f790f9425b78fe84c0ef8096e2394b297,count of high-confidence exact identifier matches,Coverage is published with the medians; unmatched records are not imputed.,coverage_diagnostic
permitting_timelines,deterministically_matched_projects,Deterministically matched projects,06041,Marin,2018-2025 matched records,2025-12-31,multi-year matched-project summary,1761,projects,CA_HCD_APR_TABLE_A;CA_HCD_APR_TABLE_A2,HCD-APR-TABLE-A-2018-portal-current;HCD-APR-TABLE-A-2019-portal-current;HCD-APR-TABLE-A-2020-portal-current;HCD-APR-TABLE-A-2021-portal-current;HCD-APR-TABLE-A-2022-portal-current;HCD-APR-TABLE-A-2023-portal-current;HCD-APR-TABLE-A-2024-portal-current;HCD-APR-TABLE-A-2025-portal-current;HCD-APR-TABLE-A2-2018-portal-current;HCD-APR-TABLE-A2-2019-portal-current;HCD-APR-TABLE-A2-2020-portal-current;HCD-APR-TABLE-A2-2021-portal-current;HCD-APR-TABLE-A2-2022-portal-current;HCD-APR-TABLE-A2-2023-portal-current;HCD-APR-TABLE-A2-2024-portal-current;HCD-APR-TABLE-A2-2025-portal-current,2026-08-10T17:11:13Z,c5cee4fbdeba70dfa06045e45ea217a2aca9e0594fe6a2da9144529a1cc1bc25;6f24c832cc9b927766fa5257f444024ffabc785e83ee1d5d9932243d95b14371;11aa51318922cdb7f838c55d1b07009fc196e7fe46ea39c1222e20a86c988429;97ab0c3387bdf49a07720594cb3ea612a85aca39503f8ca9f0c9c0af8e800bda;1bca81f3a972f3d1eced27a3e2fdf4268fc4f1031af1dd0698cbf39fa018fb04;1b140c61910e1eb3a1b01eb1837038d4a59ca05ac73198496fd1b3d77823f8c8;0d33c498629bfd21f3b9707fd1c4810fcb4fd6d8542c25aec64360305c105d2f;bec330a57d4f495f88b52cfed29d66223ec2d61b4ca4ae2e3feeef22faf62af2;2eda34f589a502ed96d65bbdc8ce37cfa225aedf755805a5453eb8c40e926d43;2909761266532f15be992976ff4f8ac5e86198994135f5fd6e17f4930c1de8f6;dd5239737a286de14f0cb94cb934e788a2734baa54fafb493cc326ab118f98e2;5a78db14b37ff087cca9b8e7ae1d939130ba7789dbd8be26558670e88d809950;60556989c07686cc4af51409c4e0761edc273bafa18a65e6a0c4fdc3ac96c4cc;d5a42e856f7a486094b1a52da7413fa582d45472ab18a6ae572bba1930a8069c;efedc570ed4198bb4143b012c1926c817a047bd23278b2b2b19270889b52d13b;e5e85e9677a374bd30beeeb7848a802f790f9425b78fe84c0ef8096e2394b297,count of high-confidence exact identifier matches,Coverage is published with the medians; unmatched records are not imputed.,coverage_diagnostic
permitting_timelines,deterministically_matched_projects,Deterministically matched projects,06055,Napa,2018-2025 matched records,2025-12-31,multi-year matched-project summary,426,projects,CA_HCD_APR_TABLE_A;CA_HCD_APR_TABLE_A2,HCD-APR-TABLE-A-2018-portal-current;HCD-APR-TABLE-A-2019-portal-current;HCD-APR-TABLE-A-2020-portal-current;HCD-APR-TABLE-A-2021-portal-current;HCD-APR-TABLE-A-2022-portal-current;HCD-APR-TABLE-A-2023-portal-current;HCD-APR-TABLE-A-2024-portal-current;HCD-APR-TABLE-A-2025-portal-current;HCD-APR-TABLE-A2-2018-portal-current;HCD-APR-TABLE-A2-2019-portal-current;HCD-APR-TABLE-A2-2020-portal-current;HCD-APR-TABLE-A2-2021-portal-current;HCD-APR-TABLE-A2-2022-portal-current;HCD-APR-TABLE-A2-2023-portal-current;HCD-APR-TABLE-A2-2024-portal-current;HCD-APR-TABLE-A2-2025-portal-current,2026-08-10T17:11:13Z,c5cee4fbdeba70dfa06045e45ea217a2aca9e0594fe6a2da9144529a1cc1bc25;6f24c832cc9b927766fa5257f444024ffabc785e83ee1d5d9932243d95b14371;11aa51318922cdb7f838c55d1b07009fc196e7fe46ea39c1222e20a86c988429;97ab0c3387bdf49a07720594cb3ea612a85aca39503f8ca9f0c9c0af8e800bda;1bca81f3a972f3d1eced27a3e2fdf4268fc4f1031af1dd0698cbf39fa018fb04;1b140c61910e1eb3a1b01eb1837038d4a59ca05ac73198496fd1b3d77823f8c8;0d33c498629bfd21f3b9707fd1c4810fcb4fd6d8542c25aec64360305c105d2f;bec330a57d4f495f88b52cfed29d66223ec2d61b4ca4ae2e3feeef22faf62af2;2eda34f589a502ed96d65bbdc8ce37cfa225aedf755805a5453eb8c40e926d43;2909761266532f15be992976ff4f8ac5e86198994135f5fd6e17f4930c1de8f6;dd5239737a286de14f0cb94cb934e788a2734baa54fafb493cc326ab118f98e2;5a78db14b37ff087cca9b8e7ae1d939130ba7789dbd8be26558670e88d809950;60556989c07686cc4af51409c4e0761edc273bafa18a65e6a0c4fdc3ac96c4cc;d5a42e856f7a486094b1a52da7413fa582d45472ab18a6ae572bba1930a8069c;efedc570ed4198bb4143b012c1926c817a047bd23278b2b2b19270889b52d13b;e5e85e9677a374bd30beeeb7848a802f790f9425b78fe84c0ef8096e2394b297,count of high-confidence exact identifier matches,Coverage is published with the medians; unmatched records are not imputed.,coverage_diagnostic
permitting_timelines,deterministically_matched_projects,Deterministically matched projects,06075,San Francisco,2018-2025 matched records,2025-12-31,multi-year matched-project summary,1631,projects,CA_HCD_APR_TABLE_A;CA_HCD_APR_TABLE_A2,HCD-APR-TABLE-A-2018-portal-current;HCD-APR-TABLE-A-2019-portal-current;HCD-APR-TABLE-A-2020-portal-current;HCD-APR-TABLE-A-2021-portal-current;HCD-APR-TABLE-A-2022-portal-current;HCD-APR-TABLE-A-2023-portal-current;HCD-APR-TABLE-A-2024-portal-current;HCD-APR-TABLE-A-2025-portal-current;HCD-APR-TABLE-A2-2018-portal-current;HCD-APR-TABLE-A2-2019-portal-current;HCD-APR-TABLE-A2-2020-portal-current;HCD-APR-TABLE-A2-2021-portal-current;HCD-APR-TABLE-A2-2022-portal-current;HCD-APR-TABLE-A2-2023-portal-current;HCD-APR-TABLE-A2-2024-portal-current;HCD-APR-TABLE-A2-2025-portal-current,2026-08-10T17:11:13Z,c5cee4fbdeba70dfa06045e45ea217a2aca9e0594fe6a2da9144529a1cc1bc25;6f24c832cc9b927766fa5257f444024ffabc785e83ee1d5d9932243d95b14371;11aa51318922cdb7f838c55d1b07009fc196e7fe46ea39c1222e20a86c988429;97ab0c3387bdf49a07720594cb3ea612a85aca39503f8ca9f0c9c0af8e800bda;1bca81f3a972f3d1eced27a3e2fdf4268fc4f1031af1dd0698cbf39fa018fb04;1b140c61910e1eb3a1b01eb1837038d4a59ca05ac73198496fd1b3d77823f8c8;0d33c498629bfd21f3b9707fd1c4810fcb4fd6d8542c25aec64360305c105d2f;bec330a57d4f495f88b52cfed29d66223ec2d61b4ca4ae2e3feeef22faf62af2;2eda34f589a502ed96d65bbdc8ce37cfa225aedf755805a5453eb8c40e926d43;2909761266532f15be992976ff4f8ac5e86198994135f5fd6e17f4930c1de8f6;dd5239737a286de14f0cb94cb934e788a2734baa54fafb493cc326ab118f98e2;5a78db14b37ff087cca9b8e7ae1d939130ba7789dbd8be26558670e88d809950;60556989c07686cc4af51409c4e0761edc273bafa18a65e6a0c4fdc3ac96c4cc;d5a42e856f7a486094b1a52da7413fa582d45472ab18a6ae572bba1930a8069c;efedc570ed4198bb4143b012c1926c817a047bd23278b2b2b19270889b52d13b;e5e85e9677a374bd30beeeb7848a802f790f9425b78fe84c0ef8096e2394b297,count of high-confidence exact identifier matches,Coverage is published with the medians; unmatched records are not imputed.,coverage_diagnostic
permitting_timelines,deterministically_matched_projects,Deterministically matched projects,06081,San Mateo,2018-2025 matched records,2025-12-31,multi-year matched-project summary,2602,projects,CA_HCD_APR_TABLE_A;CA_HCD_APR_TABLE_A2,HCD-APR-TABLE-A-2018-portal-current;HCD-APR-TABLE-A-2019-portal-current;HCD-APR-TABLE-A-2020-portal-current;HCD-APR-TABLE-A-2021-portal-current;HCD-APR-TABLE-A-2022-portal-current;HCD-APR-TABLE-A-2023-portal-current;HCD-APR-TABLE-A-2024-portal-current;HCD-APR-TABLE-A-2025-portal-current;HCD-APR-TABLE-A2-2018-portal-current;HCD-APR-TABLE-A2-2019-portal-current;HCD-APR-TABLE-A2-2020-portal-current;HCD-APR-TABLE-A2-2021-portal-current;HCD-APR-TABLE-A2-2022-portal-current;HCD-APR-TABLE-A2-2023-portal-current;HCD-APR-TABLE-A2-2024-portal-current;HCD-APR-TABLE-A2-2025-portal-current,2026-08-10T17:11:13Z,c5cee4fbdeba70dfa06045e45ea217a2aca9e0594fe6a2da9144529a1cc1bc25;6f24c832cc9b927766fa5257f444024ffabc785e83ee1d5d9932243d95b14371;11aa51318922cdb7f838c55d1b07009fc196e7fe46ea39c1222e20a86c988429;97ab0c3387bdf49a07720594cb3ea612a85aca39503f8ca9f0c9c0af8e800bda;1bca81f3a972f3d1eced27a3e2fdf4268fc4f1031af1dd0698cbf39fa018fb04;1b140c61910e1eb3a1b01eb1837038d4a59ca05ac73198496fd1b3d77823f8c8;0d33c498629bfd21f3b9707fd1c4810fcb4fd6d8542c25aec64360305c105d2f;bec330a57d4f495f88b52cfed29d66223ec2d61b4ca4ae2e3feeef22faf62af2;2eda34f589a502ed96d65bbdc8ce37cfa225aedf755805a5453eb8c40e926d43;2909761266532f15be992976ff4f8ac5e86198994135f5fd6e17f4930c1de8f6;dd5239737a286de14f0cb94cb934e788a2734baa54fafb493cc326ab118f98e2;5a78db14b37ff087cca9b8e7ae1d939130ba7789dbd8be26558670e88d809950;60556989c07686cc4af51409c4e0761edc273bafa18a65e6a0c4fdc3ac96c4cc;d5a42e856f7a486094b1a52da7413fa582d45472ab18a6ae572bba1930a8069c;efedc570ed4198bb4143b012c1926c817a047bd23278b2b2b19270889b52d13b;e5e85e9677a374bd30beeeb7848a802f790f9425b78fe84c0ef8096e2394b297,count of high-confidence exact identifier matches,Coverage is published with the medians; unmatched records are not imputed.,coverage_diagnostic
permitting_timelines,deterministically_matched_projects,Deterministically matched projects,06085,Santa Clara,2018-2025 matched records,2025-12-31,multi-year matched-project summary,6504,projects,CA_HCD_APR_TABLE_A;CA_HCD_APR_TABLE_A2,HCD-APR-TABLE-A-2018-portal-current;HCD-APR-TABLE-A-2019-portal-current;HCD-APR-TABLE-A-2020-portal-current;HCD-APR-TABLE-A-2021-portal-current;HCD-APR-TABLE-A-2022-portal-current;HCD-APR-TABLE-A-2023-portal-current;HCD-APR-TABLE-A-2024-portal-current;HCD-APR-TABLE-A-2025-portal-current;HCD-APR-TABLE-A2-2018-portal-current;HCD-APR-TABLE-A2-2019-portal-current;HCD-APR-TABLE-A2-2020-portal-current;HCD-APR-TABLE-A2-2021-portal-current;HCD-APR-TABLE-A2-2022-portal-current;HCD-APR-TABLE-A2-2023-portal-current;HCD-APR-TABLE-A2-2024-portal-current;HCD-APR-TABLE-A2-2025-portal-current,2026-08-10T17:11:13Z,c5cee4fbdeba70dfa06045e45ea217a2aca9e0594fe6a2da9144529a1cc1bc25;6f24c832cc9b927766fa5257f444024ffabc785e83ee1d5d9932243d95b14371;11aa51318922cdb7f838c55d1b07009fc196e7fe46ea39c1222e20a86c988429;97ab0c3387bdf49a07720594cb3ea612a85aca39503f8ca9f0c9c0af8e800bda;1bca81f3a972f3d1eced27a3e2fdf4268fc4f1031af1dd0698cbf39fa018fb04;1b140c61910e1eb3a1b01eb1837038d4a59ca05ac73198496fd1b3d77823f8c8;0d33c498629bfd21f3b9707fd1c4810fcb4fd6d8542c25aec64360305c105d2f;bec330a57d4f495f88b52cfed29d66223ec2d61b4ca4ae2e3feeef22faf62af2;2eda34f589a502ed96d65bbdc8ce37cfa225aedf755805a5453eb8c40e926d43;2909761266532f15be992976ff4f8ac5e86198994135f5fd6e17f4930c1de8f6;dd5239737a286de14f0cb94cb934e788a2734baa54fafb493cc326ab118f98e2;5a78db14b37ff087cca9b8e7ae1d939130ba7789dbd8be26558670e88d809950;60556989c07686cc4af51409c4e0761edc273bafa18a65e6a0c4fdc3ac96c4cc;d5a42e856f7a486094b1a52da7413fa582d45472ab18a6ae572bba1930a8069c;efedc570ed4198bb4143b012c1926c817a047bd23278b2b2b19270889b52d13b;e5e85e9677a374bd30beeeb7848a802f790f9425b78fe84c0ef8096e2394b297,count of high-confidence exact identifier matches,Coverage is published with the medians; unmatched records are not imputed.,coverage_diagnostic
permitting_timelines,deterministically_matched_projects,Deterministically matched projects,06095,Solano,2018-2025 matched records,2025-12-31,multi-year matched-project summary,2957,projects,CA_HCD_APR_TABLE_A;CA_HCD_APR_TABLE_A2,HCD-APR-TABLE-A-2018-portal-current;HCD-APR-TABLE-A-2019-portal-current;HCD-APR-TABLE-A-2020-portal-current;HCD-APR-TABLE-A-2021-portal-current;HCD-APR-TABLE-A-2022-portal-current;HCD-APR-TABLE-A-2023-portal-current;HCD-APR-TABLE-A-2024-portal-current;HCD-APR-TABLE-A-2025-portal-current;HCD-APR-TABLE-A2-2018-portal-current;HCD-APR-TABLE-A2-2019-portal-current;HCD-APR-TABLE-A2-2020-portal-current;HCD-APR-TABLE-A2-2021-portal-current;HCD-APR-TABLE-A2-2022-portal-current;HCD-APR-TABLE-A2-2023-portal-current;HCD-APR-TABLE-A2-2024-portal-current;HCD-APR-TABLE-A2-2025-portal-current,2026-08-10T17:11:13Z,c5cee4fbdeba70dfa06045e45ea217a2aca9e0594fe6a2da9144529a1cc1bc25;6f24c832cc9b927766fa5257f444024ffabc785e83ee1d5d9932243d95b14371;11aa51318922cdb7f838c55d1b07009fc196e7fe46ea39c1222e20a86c988429;97ab0c3387bdf49a07720594cb3ea612a85aca39503f8ca9f0c9c0af8e800bda;1bca81f3a972f3d1eced27a3e2fdf4268fc4f1031af1dd0698cbf39fa018fb04;1b140c61910e1eb3a1b01eb1837038d4a59ca05ac73198496fd1b3d77823f8c8;0d33c498629bfd21f3b9707fd1c4810fcb4fd6d8542c25aec64360305c105d2f;bec330a57d4f495f88b52cfed29d66223ec2d61b4ca4ae2e3feeef22faf62af2;2eda34f589a502ed96d65bbdc8ce37cfa225aedf755805a5453eb8c40e926d43;2909761266532f15be992976ff4f8ac5e86198994135f5fd6e17f4930c1de8f6;dd5239737a286de14f0cb94cb934e788a2734baa54fafb493cc326ab118f98e2;5a78db14b37ff087cca9b8e7ae1d939130ba7789dbd8be26558670e88d809950;60556989c07686cc4af51409c4e0761edc273bafa18a65e6a0c4fdc3ac96c4cc;d5a42e856f7a486094b1a52da7413fa582d45472ab18a6ae572bba1930a8069c;efedc570ed4198bb4143b012c1926c817a047bd23278b2b2b19270889b52d13b;e5e85e9677a374bd30beeeb7848a802f790f9425b78fe84c0ef8096e2394b297,count of high-confidence exact identifier matches,Coverage is published with the medians; unmatched records are not imputed.,coverage_diagnostic
permitting_timelines,deterministically_matched_projects,Deterministically matched projects,06097,Sonoma,2018-2025 matched records,2025-12-31,multi-year matched-project summary,3668,projects,CA_HCD_APR_TABLE_A;CA_HCD_APR_TABLE_A2,HCD-APR-TABLE-A-2018-portal-current;HCD-APR-TABLE-A-2019-portal-current;HCD-APR-TABLE-A-2020-portal-current;HCD-APR-TABLE-A-2021-portal-current;HCD-APR-TABLE-A-2022-portal-current;HCD-APR-TABLE-A-2023-portal-current;HCD-APR-TABLE-A-2024-portal-current;HCD-APR-TABLE-A-2025-portal-current;HCD-APR-TABLE-A2-2018-portal-current;HCD-APR-TABLE-A2-2019-portal-current;HCD-APR-TABLE-A2-2020-portal-current;HCD-APR-TABLE-A2-2021-portal-current;HCD-APR-TABLE-A2-2022-portal-current;HCD-APR-TABLE-A2-2023-portal-current;HCD-APR-TABLE-A2-2024-portal-current;HCD-APR-TABLE-A2-2025-portal-current,2026-08-10T17:11:13Z,c5cee4fbdeba70dfa06045e45ea217a2aca9e0594fe6a2da9144529a1cc1bc25;6f24c832cc9b927766fa5257f444024ffabc785e83ee1d5d9932243d95b14371;11aa51318922cdb7f838c55d1b07009fc196e7fe46ea39c1222e20a86c988429;97ab0c3387bdf49a07720594cb3ea612a85aca39503f8ca9f0c9c0af8e800bda;1bca81f3a972f3d1eced27a3e2fdf4268fc4f1031af1dd0698cbf39fa018fb04;1b140c61910e1eb3a1b01eb1837038d4a59ca05ac73198496fd1b3d77823f8c8;0d33c498629bfd21f3b9707fd1c4810fcb4fd6d8542c25aec64360305c105d2f;bec330a57d4f495f88b52cfed29d66223ec2d61b4ca4ae2e3feeef22faf62af2;2eda34f589a502ed96d65bbdc8ce37cfa225aedf755805a5453eb8c40e926d43;2909761266532f15be992976ff4f8ac5e86198994135f5fd6e17f4930c1de8f6;dd5239737a286de14f0cb94cb934e788a2734baa54fafb493cc326ab118f98e2;5a78db14b37ff087cca9b8e7ae1d939130ba7789dbd8be26558670e88d809950;60556989c07686cc4af51409c4e0761edc273bafa18a65e6a0c4fdc3ac96c4cc;d5a42e856f7a486094b1a52da7413fa582d45472ab18a6ae572bba1930a8069c;efedc570ed4198bb4143b012c1926c817a047bd23278b2b2b19270889b52d13b;e5e85e9677a374bd30beeeb7848a802f790f9425b78fe84c0ef8096e2394b297,count of high-confidence exact identifier matches,Coverage is published with the medians; unmatched records are not imputed.,coverage_diagnostic
production_pipeline,entitled_units,Entitled units,06001,Alameda,2025,2025-12-31,annual,9102.0,housing units,CA_HCD_APR_TABLE_A2,HCD-APR-TABLE-A2-2025-portal-current,2026-08-10T17:11:13Z,e5e85e9677a374bd30beeeb7848a802f790f9425b78fe84c0ef8096e2394b297,county sum of HCD APR Table A2 reported units,"Entitlements, building permits, and completions are distinct production stages.",comparable_within_series
production_pipeline,entitled_units,Entitled units,06013,Contra Costa,2025,2025-12-31,annual,4560.0,housing units,CA_HCD_APR_TABLE_A2,HCD-APR-TABLE-A2-2025-portal-current,2026-08-10T17:11:13Z,e5e85e9677a374bd30beeeb7848a802f790f9425b78fe84c0ef8096e2394b297,county sum of HCD APR Table A2 reported units,"Entitlements, building permits, and completions are distinct production stages.",comparable_within_series
production_pipeline,entitled_units,Entitled units,06041,Marin,2025,2025-12-31,annual,1947.0,housing units,CA_HCD_APR_TABLE_A2,HCD-APR-TABLE-A2-2025-portal-current,2026-08-10T17:11:13Z,e5e85e9677a374bd30beeeb7848a802f790f9425b78fe84c0ef8096e2394b297,county sum of HCD APR Table A2 reported units,"Entitlements, building permits, and completions are distinct production stages.",comparable_within_series
production_pipeline,entitled_units,Entitled units,06055,Napa,2025,2025-12-31,annual,760.0,housing units,CA_HCD_APR_TABLE_A2,HCD-APR-TABLE-A2-2025-portal-current,2026-08-10T17:11:13Z,e5e85e9677a374bd30beeeb7848a802f790f9425b78fe84c0ef8096e2394b297,county sum of HCD APR Table A2 reported units,"Entitlements, building permits, and completions are distinct production stages.",comparable_within_series
production_pipeline,entitled_units,Entitled units,06075,San Francisco,2025,2025-12-31,annual,2697.0,housing units,CA_HCD_APR_TABLE_A2,HCD-APR-TABLE-A2-2025-portal-current,2026-08-10T17:11:13Z,e5e85e9677a374bd30beeeb7848a802f790f9425b78fe84c0ef8096e2394b297,county sum of HCD APR Table A2 reported units,"Entitlements, building permits, and completions are distinct production stages.",comparable_within_series
production_pipeline,entitled_units,Entitled units,06081,San Mateo,2025,2025-12-31,annual,3052.0,housing units,CA_HCD_APR_TABLE_A2,HCD-APR-TABLE-A2-2025-portal-current,2026-08-10T17:11:13Z,e5e85e9677a374bd30beeeb7848a802f790f9425b78fe84c0ef8096e2394b297,county sum of HCD APR Table A2 reported units,"Entitlements, building permits, and completions are distinct production stages.",comparable_within_series
production_pipeline,entitled_units,Entitled units,06085,Santa Clara,2025,2025-12-31,annual,11840.0,housing units,CA_HCD_APR_TABLE_A2,HCD-APR-TABLE-A2-2025-portal-current,2026-08-10T17:11:13Z,e5e85e9677a374bd30beeeb7848a802f790f9425b78fe84c0ef8096e2394b297,county sum of HCD APR Table A2 reported units,"Entitlements, building permits, and completions are distinct production stages.",comparable_within_series
production_pipeline,entitled_units,Entitled units,06095,Solano,2025,2025-12-31,annual,740.0,housing units,CA_HCD_APR_TABLE_A2,HCD-APR-TABLE-A2-2025-portal-current,2026-08-10T17:11:13Z,e5e85e9677a374bd30beeeb7848a802f790f9425b78fe84c0ef8096e2394b297,county sum of HCD APR Table A2 reported units,"Entitlements, building permits, and completions are distinct production stages.",comparable_within_series
production_pipeline,entitled_units,Entitled units,06097,Sonoma,2025,2025-12-31,annual,2655.0,housing units,CA_HCD_APR_TABLE_A2,HCD-APR-TABLE-A2-2025-portal-current,2026-08-10T17:11:13Z,e5e85e9677a374bd30beeeb7848a802f790f9425b78fe84c0ef8096e2394b297,county sum of HCD APR Table A2 reported units,"Entitlements, building permits, and completions are distinct production stages.",comparable_within_series
housing_element_compliance,housing_element_compliance_share_pct,Share of housing elements in compliance,06001,Alameda,2026-08-10,2026-08-10,current status snapshot,100.0,percent,CA_HCD_HOUSING_ELEMENT_COMPLIANCE,HCD-housing-element-compliance-2026-08-10,2026-08-10T17:11:13Z,7086fb1e283e04d591126b6aa8cdb78646fb3839e9ac5978f4c3284d2a2c14c0,jurisdictions with HCD compliance status In / all county jurisdictions * 100,Current administrative status can change between refreshes; this is not a historical compliance series.,current_status_snapshot
housing_element_compliance,housing_element_compliance_share_pct,Share of housing elements in compliance,06013,Contra Costa,2026-08-10,2026-08-10,current status snapshot,100.0,percent,CA_HCD_HOUSING_ELEMENT_COMPLIANCE,HCD-housing-element-compliance-2026-08-10,2026-08-10T17:11:13Z,7086fb1e283e04d591126b6aa8cdb78646fb3839e9ac5978f4c3284d2a2c14c0,jurisdictions with HCD compliance status In / all county jurisdictions * 100,Current administrative status can change between refreshes; this is not a historical compliance series.,current_status_snapshot
housing_element_compliance,housing_element_compliance_share_pct,Share of housing elements in compliance,06041,Marin,2026-08-10,2026-08-10,current status snapshot,100.0,percent,CA_HCD_HOUSING_ELEMENT_COMPLIANCE,HCD-housing-element-compliance-2026-08-10,2026-08-10T17:11:13Z,7086fb1e283e04d591126b6aa8cdb78646fb3839e9ac5978f4c3284d2a2c14c0,jurisdictions with HCD compliance status In / all county jurisdictions * 100,Current administrative status can change between refreshes; this is not a historical compliance series.,current_status_snapshot
housing_element_compliance,housing_element_compliance_share_pct,Share of housing elements in compliance,06055,Napa,2026-08-10,2026-08-10,current status snapshot,100.0,percent,CA_HCD_HOUSING_ELEMENT_COMPLIANCE,HCD-housing-element-compliance-2026-08-10,2026-08-10T17:11:13Z,7086fb1e283e04d591126b6aa8cdb78646fb3839e9ac5978f4c3284d2a2c14c0,jurisdictions with HCD compliance status In / all county jurisdictions * 100,Current administrative status can change between refreshes; this is not a historical compliance series.,current_status_snapshot
housing_element_compliance,housing_element_compliance_share_pct,Share of housing elements in compliance,06075,San Francisco,2026-08-10,2026-08-10,current status snapshot,100.0,percent,CA_HCD_HOUSING_ELEMENT_COMPLIANCE,HCD-housing-element-compliance-2026-08-10,2026-08-10T17:11:13Z,7086fb1e283e04d591126b6aa8cdb78646fb3839e9ac5978f4c3284d2a2c14c0,jurisdictions with HCD compliance status In / all county jurisdictions * 100,Current administrative status can change between refreshes; this is not a historical compliance series.,current_status_snapshot
housing_element_compliance,housing_element_compliance_share_pct,Share of housing elements in compliance,06081,San Mateo,2026-08-10,2026-08-10,current status snapshot,90.47619047619048,percent,CA_HCD_HOUSING_ELEMENT_COMPLIANCE,HCD-housing-element-compliance-2026-08-10,2026-08-10T17:11:13Z,7086fb1e283e04d591126b6aa8cdb78646fb3839e9ac5978f4c3284d2a2c14c0,jurisdictions with HCD compliance status In / all county jurisdictions * 100,Current administrative status can change between refreshes; this is not a historical compliance series.,current_status_snapshot
housing_element_compliance,housing_element_compliance_share_pct,Share of housing elements in compliance,06085,Santa Clara,2026-08-10,2026-08-10,current status snapshot,100.0,percent,CA_HCD_HOUSING_ELEMENT_COMPLIANCE,HCD-housing-element-compliance-2026-08-10,2026-08-10T17:11:13Z,7086fb1e283e04d591126b6aa8cdb78646fb3839e9ac5978f4c3284d2a2c14c0,jurisdictions with HCD compliance status In / all county jurisdictions * 100,Current administrative status can change between refreshes; this is not a historical compliance series.,current_status_snapshot
housing_element_compliance,housing_element_compliance_share_pct,Share of housing elements in compliance,06095,Solano,2026-08-10,2026-08-10,current status snapshot,100.0,percent,CA_HCD_HOUSING_ELEMENT_COMPLIANCE,HCD-housing-element-compliance-2026-08-10,2026-08-10T17:11:13Z,7086fb1e283e04d591126b6aa8cdb78646fb3839e9ac5978f4c3284d2a2c14c0,jurisdictions with HCD compliance status In / all county jurisdictions * 100,Current administrative status can change between refreshes; this is not a historical compliance series.,current_status_snapshot
housing_element_compliance,housing_element_compliance_share_pct,Share of housing elements in compliance,06097,Sonoma,2026-08-10,2026-08-10,current status snapshot,100.0,percent,CA_HCD_HOUSING_ELEMENT_COMPLIANCE,HCD-housing-element-compliance-2026-08-10,2026-08-10T17:11:13Z,7086fb1e283e04d591126b6aa8cdb78646fb3839e9ac5978f4c3284d2a2c14c0,jurisdictions with HCD compliance status In / all county jurisdictions * 100,Current administrative status can change between refreshes; this is not a historical compliance series.,current_status_snapshot
housing_element_compliance,housing_element_jurisdictions,Housing-element jurisdictions,06001,Alameda,2026-08-10,2026-08-10,current status snapshot,15,jurisdictions,CA_HCD_HOUSING_ELEMENT_COMPLIANCE,HCD-housing-element-compliance-2026-08-10,2026-08-10T17:11:13Z,7086fb1e283e04d591126b6aa8cdb78646fb3839e9ac5978f4c3284d2a2c14c0,count of current HCD compliance records,Current administrative status can change between refreshes; this is not a historical compliance series.,current_status_snapshot
housing_element_compliance,housing_element_jurisdictions,Housing-element jurisdictions,06013,Contra Costa,2026-08-10,2026-08-10,current status snapshot,20,jurisdictions,CA_HCD_HOUSING_ELEMENT_COMPLIANCE,HCD-housing-element-compliance-2026-08-10,2026-08-10T17:11:13Z,7086fb1e283e04d591126b6aa8cdb78646fb3839e9ac5978f4c3284d2a2c14c0,count of current HCD compliance records,Current administrative status can change between refreshes; this is not a historical compliance series.,current_status_snapshot
housing_element_compliance,housing_element_jurisdictions,Housing-element jurisdictions,06041,Marin,2026-08-10,2026-08-10,current status snapshot,12,jurisdictions,CA_HCD_HOUSING_ELEMENT_COMPLIANCE,HCD-housing-element-compliance-2026-08-10,2026-08-10T17:11:13Z,7086fb1e283e04d591126b6aa8cdb78646fb3839e9ac5978f4c3284d2a2c14c0,count of current HCD compliance records,Current administrative status can change between refreshes; this is not a historical compliance series.,current_status_snapshot
housing_element_compliance,housing_element_jurisdictions,Housing-element jurisdictions,06055,Napa,2026-08-10,2026-08-10,current status snapshot,6,jurisdictions,CA_HCD_HOUSING_ELEMENT_COMPLIANCE,HCD-housing-element-compliance-2026-08-10,2026-08-10T17:11:13Z,7086fb1e283e04d591126b6aa8cdb78646fb3839e9ac5978f4c3284d2a2c14c0,count of current HCD compliance records,Current administrative status can change between refreshes; this is not a historical compliance series.,current_status_snapshot
housing_element_compliance,housing_element_jurisdictions,Housing-element jurisdictions,06075,San Francisco,2026-08-10,2026-08-10,current status snapshot,1,jurisdictions,CA_HCD_HOUSING_ELEMENT_COMPLIANCE,HCD-housing-element-compliance-2026-08-10,2026-08-10T17:11:13Z,7086fb1e283e04d591126b6aa8cdb78646fb3839e9ac5978f4c3284d2a2c14c0,count of current HCD compliance records,Current administrative status can change between refreshes; this is not a historical compliance series.,current_status_snapshot
housing_element_compliance,housing_element_jurisdictions,Housing-element jurisdictions,06081,San Mateo,2026-08-10,2026-08-10,current status snapshot,21,jurisdictions,CA_HCD_HOUSING_ELEMENT_COMPLIANCE,HCD-housing-element-compliance-2026-08-10,2026-08-10T17:11:13Z,7086fb1e283e04d591126b6aa8cdb78646fb3839e9ac5978f4c3284d2a2c14c0,count of current HCD compliance records,Current administrative status can change between refreshes; this is not a historical compliance series.,current_status_snapshot
housing_element_compliance,housing_element_jurisdictions,Housing-element jurisdictions,06085,Santa Clara,2026-08-10,2026-08-10,current status snapshot,16,jurisdictions,CA_HCD_HOUSING_ELEMENT_COMPLIANCE,HCD-housing-element-compliance-2026-08-10,2026-08-10T17:11:13Z,7086fb1e283e04d591126b6aa8cdb78646fb3839e9ac5978f4c3284d2a2c14c0,count of current HCD compliance records,Current administrative status can change between refreshes; this is not a historical compliance series.,current_status_snapshot
housing_element_compliance,housing_element_jurisdictions,Housing-element jurisdictions,06095,Solano,2026-08-10,2026-08-10,current status snapshot,8,jurisdictions,CA_HCD_HOUSING_ELEMENT_COMPLIANCE,HCD-housing-element-compliance-2026-08-10,2026-08-10T17:11:13Z,7086fb1e283e04d591126b6aa8cdb78646fb3839e9ac5978f4c3284d2a2c14c0,count of current HCD compliance records,Current administrative status can change between refreshes; this is not a historical compliance series.,current_status_snapshot
housing_element_compliance,housing_element_jurisdictions,Housing-element jurisdictions,06097,Sonoma,2026-08-10,2026-08-10,current status snapshot,10,jurisdictions,CA_HCD_HOUSING_ELEMENT_COMPLIANCE,HCD-housing-element-compliance-2026-08-10,2026-08-10T17:11:13Z,7086fb1e283e04d591126b6aa8cdb78646fb3839e9ac5978f4c3284d2a2c14c0,count of current HCD compliance records,Current administrative status can change between refreshes; this is not a historical compliance series.,current_status_snapshot
housing_element_compliance,housing_elements_in_compliance,Housing elements in compliance,06001,Alameda,2026-08-10,2026-08-10,current status snapshot,15,jurisdictions,CA_HCD_HOUSING_ELEMENT_COMPLIANCE,HCD-housing-element-compliance-2026-08-10,2026-08-10T17:11:13Z,7086fb1e283e04d591126b6aa8cdb78646fb3839e9ac5978f4c3284d2a2c14c0,count of current HCD compliance records,Current administrative status can change between refreshes; this is not a historical compliance series.,current_status_snapshot
housing_element_compliance,housing_elements_in_compliance,Housing elements in compliance,06013,Contra Costa,2026-08-10,2026-08-10,current status snapshot,20,jurisdictions,CA_HCD_HOUSING_ELEMENT_COMPLIANCE,HCD-housing-element-compliance-2026-08-10,2026-08-10T17:11:13Z,7086fb1e283e04d591126b6aa8cdb78646fb3839e9ac5978f4c3284d2a2c14c0,count of current HCD compliance records,Current administrative status can change between refreshes; this is not a historical compliance series.,current_status_snapshot
housing_element_compliance,housing_elements_in_compliance,Housing elements in compliance,06041,Marin,2026-08-10,2026-08-10,current status snapshot,12,jurisdictions,CA_HCD_HOUSING_ELEMENT_COMPLIANCE,HCD-housing-element-compliance-2026-08-10,2026-08-10T17:11:13Z,7086fb1e283e04d591126b6aa8cdb78646fb3839e9ac5978f4c3284d2a2c14c0,count of current HCD compliance records,Current administrative status can change between refreshes; this is not a historical compliance series.,current_status_snapshot
housing_element_compliance,housing_elements_in_compliance,Housing elements in compliance,06055,Napa,2026-08-10,2026-08-10,current status snapshot,6,jurisdictions,CA_HCD_HOUSING_ELEMENT_COMPLIANCE,HCD-housing-element-compliance-2026-08-10,2026-08-10T17:11:13Z,7086fb1e283e04d591126b6aa8cdb78646fb3839e9ac5978f4c3284d2a2c14c0,count of current HCD compliance records,Current administrative status can change between refreshes; this is not a historical compliance series.,current_status_snapshot
housing_element_compliance,housing_elements_in_compliance,Housing elements in compliance,06075,San Francisco,2026-08-10,2026-08-10,current status snapshot,1,jurisdictions,CA_HCD_HOUSING_ELEMENT_COMPLIANCE,HCD-housing-element-compliance-2026-08-10,2026-08-10T17:11:13Z,7086fb1e283e04d591126b6aa8cdb78646fb3839e9ac5978f4c3284d2a2c14c0,count of current HCD compliance records,Current administrative status can change between refreshes; this is not a historical compliance series.,current_status_snapshot
housing_element_compliance,housing_elements_in_compliance,Housing elements in compliance,06081,San Mateo,2026-08-10,2026-08-10,current status snapshot,19,jurisdictions,CA_HCD_HOUSING_ELEMENT_COMPLIANCE,HCD-housing-element-compliance-2026-08-10,2026-08-10T17:11:13Z,7086fb1e283e04d591126b6aa8cdb78646fb3839e9ac5978f4c3284d2a2c14c0,count of current HCD compliance records,Current administrative status can change between refreshes; this is not a historical compliance series.,current_status_snapshot
housing_element_compliance,housing_elements_in_compliance,Housing elements in compliance,06085,Santa Clara,2026-08-10,2026-08-10,current status snapshot,16,jurisdictions,CA_HCD_HOUSING_ELEMENT_COMPLIANCE,HCD-housing-element-compliance-2026-08-10,2026-08-10T17:11:13Z,7086fb1e283e04d591126b6aa8cdb78646fb3839e9ac5978f4c3284d2a2c14c0,count of current HCD compliance records,Current administrative status can change between refreshes; this is not a historical compliance series.,current_status_snapshot
housing_element_compliance,housing_elements_in_compliance,Housing elements in compliance,06095,Solano,2026-08-10,2026-08-10,current status snapshot,8,jurisdictions,CA_HCD_HOUSING_ELEMENT_COMPLIANCE,HCD-housing-element-compliance-2026-08-10,2026-08-10T17:11:13Z,7086fb1e283e04d591126b6aa8cdb78646fb3839e9ac5978f4c3284d2a2c14c0,count of current HCD compliance records,Current administrative status can change between refreshes; this is not a historical compliance series.,current_status_snapshot
housing_element_compliance,housing_elements_in_compliance,Housing elements in compliance,06097,Sonoma,2026-08-10,2026-08-10,current status snapshot,10,jurisdictions,CA_HCD_HOUSING_ELEMENT_COMPLIANCE,HCD-housing-element-compliance-2026-08-10,2026-08-10T17:11:13Z,7086fb1e283e04d591126b6aa8cdb78646fb3839e9ac5978f4c3284d2a2c14c0,count of current HCD compliance records,Current administrative status can change between refreshes; this is not a historical compliance series.,current_status_snapshot
housing_element_compliance,housing_elements_out_of_compliance,Housing elements out of compliance,06001,Alameda,2026-08-10,2026-08-10,current status snapshot,0,jurisdictions,CA_HCD_HOUSING_ELEMENT_COMPLIANCE,HCD-housing-element-compliance-2026-08-10,2026-08-10T17:11:13Z,7086fb1e283e04d591126b6aa8cdb78646fb3839e9ac5978f4c3284d2a2c14c0,count of current HCD compliance records,Current administrative status can change between refreshes; this is not a historical compliance series.,current_status_snapshot
housing_element_compliance,housing_elements_out_of_compliance,Housing elements out of compliance,06013,Contra Costa,2026-08-10,2026-08-10,current status snapshot,0,jurisdictions,CA_HCD_HOUSING_ELEMENT_COMPLIANCE,HCD-housing-element-compliance-2026-08-10,2026-08-10T17:11:13Z,7086fb1e283e04d591126b6aa8cdb78646fb3839e9ac5978f4c3284d2a2c14c0,count of current HCD compliance records,Current administrative status can change between refreshes; this is not a historical compliance series.,current_status_snapshot
housing_element_compliance,housing_elements_out_of_compliance,Housing elements out of compliance,06041,Marin,2026-08-10,2026-08-10,current status snapshot,0,jurisdictions,CA_HCD_HOUSING_ELEMENT_COMPLIANCE,HCD-housing-element-compliance-2026-08-10,2026-08-10T17:11:13Z,7086fb1e283e04d591126b6aa8cdb78646fb3839e9ac5978f4c3284d2a2c14c0,count of current HCD compliance records,Current administrative status can change between refreshes; this is not a historical compliance series.,current_status_snapshot
housing_element_compliance,housing_elements_out_of_compliance,Housing elements out of compliance,06055,Napa,2026-08-10,2026-08-10,current status snapshot,0,jurisdictions,CA_HCD_HOUSING_ELEMENT_COMPLIANCE,HCD-housing-element-compliance-2026-08-10,2026-08-10T17:11:13Z,7086fb1e283e04d591126b6aa8cdb78646fb3839e9ac5978f4c3284d2a2c14c0,count of current HCD compliance records,Current administrative status can change between refreshes; this is not a historical compliance series.,current_status_snapshot
housing_element_compliance,housing_elements_out_of_compliance,Housing elements out of compliance,06075,San Francisco,2026-08-10,2026-08-10,current status snapshot,0,jurisdictions,CA_HCD_HOUSING_ELEMENT_COMPLIANCE,HCD-housing-element-compliance-2026-08-10,2026-08-10T17:11:13Z,7086fb1e283e04d591126b6aa8cdb78646fb3839e9ac5978f4c3284d2a2c14c0,count of current HCD compliance records,Current administrative status can change between refreshes; this is not a historical compliance series.,current_status_snapshot
housing_element_compliance,housing_elements_out_of_compliance,Housing elements out of compliance,06081,San Mateo,2026-08-10,2026-08-10,current status snapshot,2,jurisdictions,CA_HCD_HOUSING_ELEMENT_COMPLIANCE,HCD-housing-element-compliance-2026-08-10,2026-08-10T17:11:13Z,7086fb1e283e04d591126b6aa8cdb78646fb3839e9ac5978f4c3284d2a2c14c0,count of current HCD compliance records,Current administrative status can change between refreshes; this is not a historical compliance series.,current_status_snapshot
housing_element_compliance,housing_elements_out_of_compliance,Housing elements out of compliance,06085,Santa Clara,2026-08-10,2026-08-10,current status snapshot,0,jurisdictions,CA_HCD_HOUSING_ELEMENT_COMPLIANCE,HCD-housing-element-compliance-2026-08-10,2026-08-10T17:11:13Z,7086fb1e283e04d591126b6aa8cdb78646fb3839e9ac5978f4c3284d2a2c14c0,count of current HCD compliance records,Current administrative status can change between refreshes; this is not a historical compliance series.,current_status_snapshot
housing_element_compliance,housing_elements_out_of_compliance,Housing elements out of compliance,06095,Solano,2026-08-10,2026-08-10,current status snapshot,0,jurisdictions,CA_HCD_HOUSING_ELEMENT_COMPLIANCE,HCD-housing-element-compliance-2026-08-10,2026-08-10T17:11:13Z,7086fb1e283e04d591126b6aa8cdb78646fb3839e9ac5978f4c3284d2a2c14c0,count of current HCD compliance records,Current administrative status can change between refreshes; this is not a historical compliance series.,current_status_snapshot
housing_element_compliance,housing_elements_out_of_compliance,Housing elements out of compliance,06097,Sonoma,2026-08-10,2026-08-10,current status snapshot,0,jurisdictions,CA_HCD_HOUSING_ELEMENT_COMPLIANCE,HCD-housing-element-compliance-2026-08-10,2026-08-10T17:11:13Z,7086fb1e283e04d591126b6aa8cdb78646fb3839e9ac5978f4c3284d2a2c14c0,count of current HCD compliance records,Current administrative status can change between refreshes; this is not a historical compliance series.,current_status_snapshot
zoning_and_rezoning,lower_intensity_share_of_residential_zoning_pct,Lower-intensity categories as share of residential-labeled mapped area,06001,Alameda,2021-2023 local source vintages,2024-12-19,irregular compiled inventory,56.52102486174632,percent,CA_LCI_STATEWIDE_ZONING,California-Statewide-Zoning-North-v2024-12-19,2026-08-10T17:11:13Z,fae60397b9b7a6dcf51132defc0aaa06561f0bdd85eabbe225122d97547daa7a,county sum of dataset-provided polygon area and transparent category shares,"Compiled zoning categories are descriptive, source vintages vary by jurisdiction, and mapped area is not legal development capacity.",single_compiled_inventory_not_current_policy_score
zoning_and_rezoning,lower_intensity_share_of_residential_zoning_pct,Lower-intensity categories as share of residential-labeled mapped area,06013,Contra Costa,2021-2023 local source vintages,2024-12-19,irregular compiled inventory,88.52732475023326,percent,CA_LCI_STATEWIDE_ZONING,California-Statewide-Zoning-North-v2024-12-19,2026-08-10T17:11:13Z,fae60397b9b7a6dcf51132defc0aaa06561f0bdd85eabbe225122d97547daa7a,county sum of dataset-provided polygon area and transparent category shares,"Compiled zoning categories are descriptive, source vintages vary by jurisdiction, and mapped area is not legal development capacity.",single_compiled_inventory_not_current_policy_score
zoning_and_rezoning,lower_intensity_share_of_residential_zoning_pct,Lower-intensity categories as share of residential-labeled mapped area,06041,Marin,2021-2023 local source vintages,2024-12-19,irregular compiled inventory,97.79687836130093,percent,CA_LCI_STATEWIDE_ZONING,California-Statewide-Zoning-North-v2024-12-19,2026-08-10T17:11:13Z,fae60397b9b7a6dcf51132defc0aaa06561f0bdd85eabbe225122d97547daa7a,county sum of dataset-provided polygon area and transparent category shares,"Compiled zoning categories are descriptive, source vintages vary by jurisdiction, and mapped area is not legal development capacity.",single_compiled_inventory_not_current_policy_score
zoning_and_rezoning,lower_intensity_share_of_residential_zoning_pct,Lower-intensity categories as share of residential-labeled mapped area,06055,Napa,2021-2023 local source vintages,2024-12-19,irregular compiled inventory,68.3898908566266,percent,CA_LCI_STATEWIDE_ZONING,California-Statewide-Zoning-North-v2024-12-19,2026-08-10T17:11:13Z,fae60397b9b7a6dcf51132defc0aaa06561f0bdd85eabbe225122d97547daa7a,county sum of dataset-provided polygon area and transparent category shares,"Compiled zoning categories are descriptive, source vintages vary by jurisdiction, and mapped area is not legal development capacity.",single_compiled_inventory_not_current_policy_score
zoning_and_rezoning,lower_intensity_share_of_residential_zoning_pct,Lower-intensity categories as share of residential-labeled mapped area,06075,San Francisco,2021-2023 local source vintages,2024-12-19,irregular compiled inventory,0.09483470489354623,percent,CA_LCI_STATEWIDE_ZONING,California-Statewide-Zoning-North-v2024-12-19,2026-08-10T17:11:13Z,fae60397b9b7a6dcf51132defc0aaa06561f0bdd85eabbe225122d97547daa7a,county sum of dataset-provided polygon area and transparent category shares,"Compiled zoning categories are descriptive, source vintages vary by jurisdiction, and mapped area is not legal development capacity.",single_compiled_inventory_not_current_policy_score
zoning_and_rezoning,lower_intensity_share_of_residential_zoning_pct,Lower-intensity categories as share of residential-labeled mapped area,06081,San Mateo,2021-2023 local source vintages,2024-12-19,irregular compiled inventory,77.02909177556158,percent,CA_LCI_STATEWIDE_ZONING,California-Statewide-Zoning-North-v2024-12-19,2026-08-10T17:11:13Z,fae60397b9b7a6dcf51132defc0aaa06561f0bdd85eabbe225122d97547daa7a,county sum of dataset-provided polygon area and transparent category shares,"Compiled zoning categories are descriptive, source vintages vary by jurisdiction, and mapped area is not legal development capacity.",single_compiled_inventory_not_current_policy_score
zoning_and_rezoning,lower_intensity_share_of_residential_zoning_pct,Lower-intensity categories as share of residential-labeled mapped area,06085,Santa Clara,2021-2023 local source vintages,2024-12-19,irregular compiled inventory,94.07915337101856,percent,CA_LCI_STATEWIDE_ZONING,California-Statewide-Zoning-North-v2024-12-19,2026-08-10T17:11:13Z,fae60397b9b7a6dcf51132defc0aaa06561f0bdd85eabbe225122d97547daa7a,county sum of dataset-provided polygon area and transparent category shares,"Compiled zoning categories are descriptive, source vintages vary by jurisdiction, and mapped area is not legal development capacity.",single_compiled_inventory_not_current_policy_score
zoning_and_rezoning,lower_intensity_share_of_residential_zoning_pct,Lower-intensity categories as share of residential-labeled mapped area,06095,Solano,2021-2023 local source vintages,2024-12-19,irregular compiled inventory,73.40518145220722,percent,CA_LCI_STATEWIDE_ZONING,California-Statewide-Zoning-North-v2024-12-19,2026-08-10T17:11:13Z,fae60397b9b7a6dcf51132defc0aaa06561f0bdd85eabbe225122d97547daa7a,county sum of dataset-provided polygon area and transparent category shares,"Compiled zoning categories are descriptive, source vintages vary by jurisdiction, and mapped area is not legal development capacity.",single_compiled_inventory_not_current_policy_score
zoning_and_rezoning,lower_intensity_share_of_residential_zoning_pct,Lower-intensity categories as share of residential-labeled mapped area,06097,Sonoma,2021-2023 local source vintages,2024-12-19,irregular compiled inventory,98.71549351397555,percent,CA_LCI_STATEWIDE_ZONING,California-Statewide-Zoning-North-v2024-12-19,2026-08-10T17:11:13Z,fae60397b9b7a6dcf51132defc0aaa06561f0bdd85eabbe225122d97547daa7a,county sum of dataset-provided polygon area and transparent category shares,"Compiled zoning categories are descriptive, source vintages vary by jurisdiction, and mapped area is not legal development capacity.",single_compiled_inventory_not_current_policy_score
zoning_and_rezoning,mapped_zoning_area_sq_km,Mapped zoning polygon area,06001,Alameda,2021-2023 local source vintages,2024-12-19,irregular compiled inventory,3172.742284894531,square kilometers,CA_LCI_STATEWIDE_ZONING,California-Statewide-Zoning-North-v2024-12-19,2026-08-10T17:11:13Z,fae60397b9b7a6dcf51132defc0aaa06561f0bdd85eabbe225122d97547daa7a,county sum of dataset-provided polygon area and transparent category shares,"Compiled zoning categories are descriptive, source vintages vary by jurisdiction, and mapped area is not legal development capacity.",single_compiled_inventory_not_current_policy_score
zoning_and_rezoning,mapped_zoning_area_sq_km,Mapped zoning polygon area,06013,Contra Costa,2021-2023 local source vintages,2024-12-19,irregular compiled inventory,3000.9963535273437,square kilometers,CA_LCI_STATEWIDE_ZONING,California-Statewide-Zoning-North-v2024-12-19,2026-08-10T17:11:13Z,fae60397b9b7a6dcf51132defc0aaa06561f0bdd85eabbe225122d97547daa7a,county sum of dataset-provided polygon area and transparent category shares,"Compiled zoning categories are descriptive, source vintages vary by jurisdiction, and mapped area is not legal development capacity.",single_compiled_inventory_not_current_policy_score
zoning_and_rezoning,mapped_zoning_area_sq_km,Mapped zoning polygon area,06041,Marin,2021-2023 local source vintages,2024-12-19,irregular compiled inventory,2452.385594300781,square kilometers,CA_LCI_STATEWIDE_ZONING,California-Statewide-Zoning-North-v2024-12-19,2026-08-10T17:11:13Z,fae60397b9b7a6dcf51132defc0aaa06561f0bdd85eabbe225122d97547daa7a,county sum of dataset-provided polygon area and transparent category shares,"Compiled zoning categories are descriptive, source vintages vary by jurisdiction, and mapped area is not legal development capacity.",single_compiled_inventory_not_current_policy_score
zoning_and_rezoning,mapped_zoning_area_sq_km,Mapped zoning polygon area,06055,Napa,2021-2023 local source vintages,2024-12-19,irregular compiled inventory,3338.7792184882815,square kilometers,CA_LCI_STATEWIDE_ZONING,California-Statewide-Zoning-North-v2024-12-19,2026-08-10T17:11:13Z,fae60397b9b7a6dcf51132defc0aaa06561f0bdd85eabbe225122d97547daa7a,county sum of dataset-provided polygon area and transparent category shares,"Compiled zoning categories are descriptive, source vintages vary by jurisdiction, and mapped area is not legal development capacity.",single_compiled_inventory_not_current_policy_score
zoning_and_rezoning,mapped_zoning_area_sq_km,Mapped zoning polygon area,06075,San Francisco,2021-2023 local source vintages,2024-12-19,irregular compiled inventory,195.387077875,square kilometers,CA_LCI_STATEWIDE_ZONING,California-Statewide-Zoning-North-v2024-12-19,2026-08-10T17:11:13Z,fae60397b9b7a6dcf51132defc0aaa06561f0bdd85eabbe225122d97547daa7a,county sum of dataset-provided polygon area and transparent category shares,"Compiled zoning categories are descriptive, source vintages vary by jurisdiction, and mapped area is not legal development capacity.",single_compiled_inventory_not_current_policy_score
zoning_and_rezoning,mapped_zoning_area_sq_km,Mapped zoning polygon area,06081,San Mateo,2021-2023 local source vintages,2024-12-19,irregular compiled inventory,1926.0411446523437,square kilometers,CA_LCI_STATEWIDE_ZONING,California-Statewide-Zoning-North-v2024-12-19,2026-08-10T17:11:13Z,fae60397b9b7a6dcf51132defc0aaa06561f0bdd85eabbe225122d97547daa7a,county sum of dataset-provided polygon area and transparent category shares,"Compiled zoning categories are descriptive, source vintages vary by jurisdiction, and mapped area is not legal development capacity.",single_compiled_inventory_not_current_policy_score
zoning_and_rezoning,mapped_zoning_area_sq_km,Mapped zoning polygon area,06085,Santa Clara,2021-2023 local source vintages,2024-12-19,irregular compiled inventory,5136.271462580902,square kilometers,CA_LCI_STATEWIDE_ZONING,California-Statewide-Zoning-North-v2024-12-19,2026-08-10T17:11:13Z,fae60397b9b7a6dcf51132defc0aaa06561f0bdd85eabbe225122d97547daa7a,county sum of dataset-provided polygon area and transparent category shares,"Compiled zoning categories are descriptive, source vintages vary by jurisdiction, and mapped area is not legal development capacity.",single_compiled_inventory_not_current_policy_score
zoning_and_rezoning,mapped_zoning_area_sq_km,Mapped zoning polygon area,06095,Solano,2021-2023 local source vintages,2024-12-19,irregular compiled inventory,3712.520885171875,square kilometers,CA_LCI_STATEWIDE_ZONING,California-Statewide-Zoning-North-v2024-12-19,2026-08-10T17:11:13Z,fae60397b9b7a6dcf51132defc0aaa06561f0bdd85eabbe225122d97547daa7a,county sum of dataset-provided polygon area and transparent category shares,"Compiled zoning categories are descriptive, source vintages vary by jurisdiction, and mapped area is not legal development capacity.",single_compiled_inventory_not_current_policy_score
zoning_and_rezoning,mapped_zoning_area_sq_km,Mapped zoning polygon area,06097,Sonoma,2021-2023 local source vintages,2024-12-19,irregular compiled inventory,6578.9744435,square kilometers,CA_LCI_STATEWIDE_ZONING,California-Statewide-Zoning-North-v2024-12-19,2026-08-10T17:11:13Z,fae60397b9b7a6dcf51132defc0aaa06561f0bdd85eabbe225122d97547daa7a,county sum of dataset-provided polygon area and transparent category shares,"Compiled zoning categories are descriptive, source vintages vary by jurisdiction, and mapped area is not legal development capacity.",single_compiled_inventory_not_current_policy_score
permitting_timelines,matched_application_to_completion_median_days,Matched application-to-completion median,06001,Alameda,2018-2025 matched records,2025-12-31,multi-year matched-project summary,442.0,days,CA_HCD_APR_TABLE_A;CA_HCD_APR_TABLE_A2,HCD-APR-TABLE-A-2018-portal-current;HCD-APR-TABLE-A-2019-portal-current;HCD-APR-TABLE-A-2020-portal-current;HCD-APR-TABLE-A-2021-portal-current;HCD-APR-TABLE-A-2022-portal-current;HCD-APR-TABLE-A-2023-portal-current;HCD-APR-TABLE-A-2024-portal-current;HCD-APR-TABLE-A-2025-portal-current;HCD-APR-TABLE-A2-2018-portal-current;HCD-APR-TABLE-A2-2019-portal-current;HCD-APR-TABLE-A2-2020-portal-current;HCD-APR-TABLE-A2-2021-portal-current;HCD-APR-TABLE-A2-2022-portal-current;HCD-APR-TABLE-A2-2023-portal-current;HCD-APR-TABLE-A2-2024-portal-current;HCD-APR-TABLE-A2-2025-portal-current,2026-08-10T17:11:13Z,c5cee4fbdeba70dfa06045e45ea217a2aca9e0594fe6a2da9144529a1cc1bc25;6f24c832cc9b927766fa5257f444024ffabc785e83ee1d5d9932243d95b14371;11aa51318922cdb7f838c55d1b07009fc196e7fe46ea39c1222e20a86c988429;97ab0c3387bdf49a07720594cb3ea612a85aca39503f8ca9f0c9c0af8e800bda;1bca81f3a972f3d1eced27a3e2fdf4268fc4f1031af1dd0698cbf39fa018fb04;1b140c61910e1eb3a1b01eb1837038d4a59ca05ac73198496fd1b3d77823f8c8;0d33c498629bfd21f3b9707fd1c4810fcb4fd6d8542c25aec64360305c105d2f;bec330a57d4f495f88b52cfed29d66223ec2d61b4ca4ae2e3feeef22faf62af2;2eda34f589a502ed96d65bbdc8ce37cfa225aedf755805a5453eb8c40e926d43;2909761266532f15be992976ff4f8ac5e86198994135f5fd6e17f4930c1de8f6;dd5239737a286de14f0cb94cb934e788a2734baa54fafb493cc326ab118f98e2;5a78db14b37ff087cca9b8e7ae1d939130ba7789dbd8be26558670e88d809950;60556989c07686cc4af51409c4e0761edc273bafa18a65e6a0c4fdc3ac96c4cc;d5a42e856f7a486094b1a52da7413fa582d45472ab18a6ae572bba1930a8069c;efedc570ed4198bb4143b012c1926c817a047bd23278b2b2b19270889b52d13b;e5e85e9677a374bd30beeeb7848a802f790f9425b78fe84c0ef8096e2394b297,median elapsed calendar days among deterministic exact-ID matches with chronological dates,Sample size 1757. Exact jurisdiction + tracking-ID matches are used first; exact jurisdiction + APN matches are used second. No address or fuzzy matching.,matched_subset_not_population_estimate
permitting_timelines,matched_application_to_completion_median_days,Matched application-to-completion median,06013,Contra Costa,2018-2025 matched records,2025-12-31,multi-year matched-project summary,440.0,days,CA_HCD_APR_TABLE_A;CA_HCD_APR_TABLE_A2,HCD-APR-TABLE-A-2018-portal-current;HCD-APR-TABLE-A-2019-portal-current;HCD-APR-TABLE-A-2020-portal-current;HCD-APR-TABLE-A-2021-portal-current;HCD-APR-TABLE-A-2022-portal-current;HCD-APR-TABLE-A-2023-portal-current;HCD-APR-TABLE-A-2024-portal-current;HCD-APR-TABLE-A-2025-portal-current;HCD-APR-TABLE-A2-2018-portal-current;HCD-APR-TABLE-A2-2019-portal-current;HCD-APR-TABLE-A2-2020-portal-current;HCD-APR-TABLE-A2-2021-portal-current;HCD-APR-TABLE-A2-2022-portal-current;HCD-APR-TABLE-A2-2023-portal-current;HCD-APR-TABLE-A2-2024-portal-current;HCD-APR-TABLE-A2-2025-portal-current,2026-08-10T17:11:13Z,c5cee4fbdeba70dfa06045e45ea217a2aca9e0594fe6a2da9144529a1cc1bc25;6f24c832cc9b927766fa5257f444024ffabc785e83ee1d5d9932243d95b14371;11aa51318922cdb7f838c55d1b07009fc196e7fe46ea39c1222e20a86c988429;97ab0c3387bdf49a07720594cb3ea612a85aca39503f8ca9f0c9c0af8e800bda;1bca81f3a972f3d1eced27a3e2fdf4268fc4f1031af1dd0698cbf39fa018fb04;1b140c61910e1eb3a1b01eb1837038d4a59ca05ac73198496fd1b3d77823f8c8;0d33c498629bfd21f3b9707fd1c4810fcb4fd6d8542c25aec64360305c105d2f;bec330a57d4f495f88b52cfed29d66223ec2d61b4ca4ae2e3feeef22faf62af2;2eda34f589a502ed96d65bbdc8ce37cfa225aedf755805a5453eb8c40e926d43;2909761266532f15be992976ff4f8ac5e86198994135f5fd6e17f4930c1de8f6;dd5239737a286de14f0cb94cb934e788a2734baa54fafb493cc326ab118f98e2;5a78db14b37ff087cca9b8e7ae1d939130ba7789dbd8be26558670e88d809950;60556989c07686cc4af51409c4e0761edc273bafa18a65e6a0c4fdc3ac96c4cc;d5a42e856f7a486094b1a52da7413fa582d45472ab18a6ae572bba1930a8069c;efedc570ed4198bb4143b012c1926c817a047bd23278b2b2b19270889b52d13b;e5e85e9677a374bd30beeeb7848a802f790f9425b78fe84c0ef8096e2394b297,median elapsed calendar days among deterministic exact-ID matches with chronological dates,Sample size 1757. Exact jurisdiction + tracking-ID matches are used first; exact jurisdiction + APN matches are used second. No address or fuzzy matching.,matched_subset_not_population_estimate
permitting_timelines,matched_application_to_completion_median_days,Matched application-to-completion median,06041,Marin,2018-2025 matched records,2025-12-31,multi-year matched-project summary,583.0,days,CA_HCD_APR_TABLE_A;CA_HCD_APR_TABLE_A2,HCD-APR-TABLE-A-2018-portal-current;HCD-APR-TABLE-A-2019-portal-current;HCD-APR-TABLE-A-2020-portal-current;HCD-APR-TABLE-A-2021-portal-current;HCD-APR-TABLE-A-2022-portal-current;HCD-APR-TABLE-A-2023-portal-current;HCD-APR-TABLE-A-2024-portal-current;HCD-APR-TABLE-A-2025-portal-current;HCD-APR-TABLE-A2-2018-portal-current;HCD-APR-TABLE-A2-2019-portal-current;HCD-APR-TABLE-A2-2020-portal-current;HCD-APR-TABLE-A2-2021-portal-current;HCD-APR-TABLE-A2-2022-portal-current;HCD-APR-TABLE-A2-2023-portal-current;HCD-APR-TABLE-A2-2024-portal-current;HCD-APR-TABLE-A2-2025-portal-current,2026-08-10T17:11:13Z,c5cee4fbdeba70dfa06045e45ea217a2aca9e0594fe6a2da9144529a1cc1bc25;6f24c832cc9b927766fa5257f444024ffabc785e83ee1d5d9932243d95b14371;11aa51318922cdb7f838c55d1b07009fc196e7fe46ea39c1222e20a86c988429;97ab0c3387bdf49a07720594cb3ea612a85aca39503f8ca9f0c9c0af8e800bda;1bca81f3a972f3d1eced27a3e2fdf4268fc4f1031af1dd0698cbf39fa018fb04;1b140c61910e1eb3a1b01eb1837038d4a59ca05ac73198496fd1b3d77823f8c8;0d33c498629bfd21f3b9707fd1c4810fcb4fd6d8542c25aec64360305c105d2f;bec330a57d4f495f88b52cfed29d66223ec2d61b4ca4ae2e3feeef22faf62af2;2eda34f589a502ed96d65bbdc8ce37cfa225aedf755805a5453eb8c40e926d43;2909761266532f15be992976ff4f8ac5e86198994135f5fd6e17f4930c1de8f6;dd5239737a286de14f0cb94cb934e788a2734baa54fafb493cc326ab118f98e2;5a78db14b37ff087cca9b8e7ae1d939130ba7789dbd8be26558670e88d809950;60556989c07686cc4af51409c4e0761edc273bafa18a65e6a0c4fdc3ac96c4cc;d5a42e856f7a486094b1a52da7413fa582d45472ab18a6ae572bba1930a8069c;efedc570ed4198bb4143b012c1926c817a047bd23278b2b2b19270889b52d13b;e5e85e9677a374bd30beeeb7848a802f790f9425b78fe84c0ef8096e2394b297,median elapsed calendar days among deterministic exact-ID matches with chronological dates,Sample size 1757. Exact jurisdiction + tracking-ID matches are used first; exact jurisdiction + APN matches are used second. No address or fuzzy matching.,matched_subset_not_population_estimate
permitting_timelines,matched_application_to_completion_median_days,Matched application-to-completion median,06055,Napa,2018-2025 matched records,2025-12-31,multi-year matched-project summary,625.0,days,CA_HCD_APR_TABLE_A;CA_HCD_APR_TABLE_A2,HCD-APR-TABLE-A-2018-portal-current;HCD-APR-TABLE-A-2019-portal-current;HCD-APR-TABLE-A-2020-portal-current;HCD-APR-TABLE-A-2021-portal-current;HCD-APR-TABLE-A-2022-portal-current;HCD-APR-TABLE-A-2023-portal-current;HCD-APR-TABLE-A-2024-portal-current;HCD-APR-TABLE-A-2025-portal-current;HCD-APR-TABLE-A2-2018-portal-current;HCD-APR-TABLE-A2-2019-portal-current;HCD-APR-TABLE-A2-2020-portal-current;HCD-APR-TABLE-A2-2021-portal-current;HCD-APR-TABLE-A2-2022-portal-current;HCD-APR-TABLE-A2-2023-portal-current;HCD-APR-TABLE-A2-2024-portal-current;HCD-APR-TABLE-A2-2025-portal-current,2026-08-10T17:11:13Z,c5cee4fbdeba70dfa06045e45ea217a2aca9e0594fe6a2da9144529a1cc1bc25;6f24c832cc9b927766fa5257f444024ffabc785e83ee1d5d9932243d95b14371;11aa51318922cdb7f838c55d1b07009fc196e7fe46ea39c1222e20a86c988429;97ab0c3387bdf49a07720594cb3ea612a85aca39503f8ca9f0c9c0af8e800bda;1bca81f3a972f3d1eced27a3e2fdf4268fc4f1031af1dd0698cbf39fa018fb04;1b140c61910e1eb3a1b01eb1837038d4a59ca05ac73198496fd1b3d77823f8c8;0d33c498629bfd21f3b9707fd1c4810fcb4fd6d8542c25aec64360305c105d2f;bec330a57d4f495f88b52cfed29d66223ec2d61b4ca4ae2e3feeef22faf62af2;2eda34f589a502ed96d65bbdc8ce37cfa225aedf755805a5453eb8c40e926d43;2909761266532f15be992976ff4f8ac5e86198994135f5fd6e17f4930c1de8f6;dd5239737a286de14f0cb94cb934e788a2734baa54fafb493cc326ab118f98e2;5a78db14b37ff087cca9b8e7ae1d939130ba7789dbd8be26558670e88d809950;60556989c07686cc4af51409c4e0761edc273bafa18a65e6a0c4fdc3ac96c4cc;d5a42e856f7a486094b1a52da7413fa582d45472ab18a6ae572bba1930a8069c;efedc570ed4198bb4143b012c1926c817a047bd23278b2b2b19270889b52d13b;e5e85e9677a374bd30beeeb7848a802f790f9425b78fe84c0ef8096e2394b297,median elapsed calendar days among deterministic exact-ID matches with chronological dates,Sample size 1757. Exact jurisdiction + tracking-ID matches are used first; exact jurisdiction + APN matches are used second. No address or fuzzy matching.,matched_subset_not_population_estimate
permitting_timelines,matched_application_to_completion_median_days,Matched application-to-completion median,06075,San Francisco,2018-2025 matched records,2025-12-31,multi-year matched-project summary,949.5,days,CA_HCD_APR_TABLE_A;CA_HCD_APR_TABLE_A2,HCD-APR-TABLE-A-2018-portal-current;HCD-APR-TABLE-A-2019-portal-current;HCD-APR-TABLE-A-2020-portal-current;HCD-APR-TABLE-A-2021-portal-current;HCD-APR-TABLE-A-2022-portal-current;HCD-APR-TABLE-A-2023-portal-current;HCD-APR-TABLE-A-2024-portal-current;HCD-APR-TABLE-A-2025-portal-current;HCD-APR-TABLE-A2-2018-portal-current;HCD-APR-TABLE-A2-2019-portal-current;HCD-APR-TABLE-A2-2020-portal-current;HCD-APR-TABLE-A2-2021-portal-current;HCD-APR-TABLE-A2-2022-portal-current;HCD-APR-TABLE-A2-2023-portal-current;HCD-APR-TABLE-A2-2024-portal-current;HCD-APR-TABLE-A2-2025-portal-current,2026-08-10T17:11:13Z,c5cee4fbdeba70dfa06045e45ea217a2aca9e0594fe6a2da9144529a1cc1bc25;6f24c832cc9b927766fa5257f444024ffabc785e83ee1d5d9932243d95b14371;11aa51318922cdb7f838c55d1b07009fc196e7fe46ea39c1222e20a86c988429;97ab0c3387bdf49a07720594cb3ea612a85aca39503f8ca9f0c9c0af8e800bda;1bca81f3a972f3d1eced27a3e2fdf4268fc4f1031af1dd0698cbf39fa018fb04;1b140c61910e1eb3a1b01eb1837038d4a59ca05ac73198496fd1b3d77823f8c8;0d33c498629bfd21f3b9707fd1c4810fcb4fd6d8542c25aec64360305c105d2f;bec330a57d4f495f88b52cfed29d66223ec2d61b4ca4ae2e3feeef22faf62af2;2eda34f589a502ed96d65bbdc8ce37cfa225aedf755805a5453eb8c40e926d43;2909761266532f15be992976ff4f8ac5e86198994135f5fd6e17f4930c1de8f6;dd5239737a286de14f0cb94cb934e788a2734baa54fafb493cc326ab118f98e2;5a78db14b37ff087cca9b8e7ae1d939130ba7789dbd8be26558670e88d809950;60556989c07686cc4af51409c4e0761edc273bafa18a65e6a0c4fdc3ac96c4cc;d5a42e856f7a486094b1a52da7413fa582d45472ab18a6ae572bba1930a8069c;efedc570ed4198bb4143b012c1926c817a047bd23278b2b2b19270889b52d13b;e5e85e9677a374bd30beeeb7848a802f790f9425b78fe84c0ef8096e2394b297,median elapsed calendar days among deterministic exact-ID matches with chronological dates,Sample size 1757. Exact jurisdiction + tracking-ID matches are used first; exact jurisdiction + APN matches are used second. No address or fuzzy matching.,matched_subset_not_population_estimate
permitting_timelines,matched_application_to_completion_median_days,Matched application-to-completion median,06081,San Mateo,2018-2025 matched records,2025-12-31,multi-year matched-project summary,580.0,days,CA_HCD_APR_TABLE_A;CA_HCD_APR_TABLE_A2,HCD-APR-TABLE-A-2018-portal-current;HCD-APR-TABLE-A-2019-portal-current;HCD-APR-TABLE-A-2020-portal-current;HCD-APR-TABLE-A-2021-portal-current;HCD-APR-TABLE-A-2022-portal-current;HCD-APR-TABLE-A-2023-portal-current;HCD-APR-TABLE-A-2024-portal-current;HCD-APR-TABLE-A-2025-portal-current;HCD-APR-TABLE-A2-2018-portal-current;HCD-APR-TABLE-A2-2019-portal-current;HCD-APR-TABLE-A2-2020-portal-current;HCD-APR-TABLE-A2-2021-portal-current;HCD-APR-TABLE-A2-2022-portal-current;HCD-APR-TABLE-A2-2023-portal-current;HCD-APR-TABLE-A2-2024-portal-current;HCD-APR-TABLE-A2-2025-portal-current,2026-08-10T17:11:13Z,c5cee4fbdeba70dfa06045e45ea217a2aca9e0594fe6a2da9144529a1cc1bc25;6f24c832cc9b927766fa5257f444024ffabc785e83ee1d5d9932243d95b14371;11aa51318922cdb7f838c55d1b07009fc196e7fe46ea39c1222e20a86c988429;97ab0c3387bdf49a07720594cb3ea612a85aca39503f8ca9f0c9c0af8e800bda;1bca81f3a972f3d1eced27a3e2fdf4268fc4f1031af1dd0698cbf39fa018fb04;1b140c61910e1eb3a1b01eb1837038d4a59ca05ac73198496fd1b3d77823f8c8;0d33c498629bfd21f3b9707fd1c4810fcb4fd6d8542c25aec64360305c105d2f;bec330a57d4f495f88b52cfed29d66223ec2d61b4ca4ae2e3feeef22faf62af2;2eda34f589a502ed96d65bbdc8ce37cfa225aedf755805a5453eb8c40e926d43;2909761266532f15be992976ff4f8ac5e86198994135f5fd6e17f4930c1de8f6;dd5239737a286de14f0cb94cb934e788a2734baa54fafb493cc326ab118f98e2;5a78db14b37ff087cca9b8e7ae1d939130ba7789dbd8be26558670e88d809950;60556989c07686cc4af51409c4e0761edc273bafa18a65e6a0c4fdc3ac96c4cc;d5a42e856f7a486094b1a52da7413fa582d45472ab18a6ae572bba1930a8069c;efedc570ed4198bb4143b012c1926c817a047bd23278b2b2b19270889b52d13b;e5e85e9677a374bd30beeeb7848a802f790f9425b78fe84c0ef8096e2394b297,median elapsed calendar days among deterministic exact-ID matches with chronological dates,Sample size 1757. Exact jurisdiction + tracking-ID matches are used first; exact jurisdiction + APN matches are used second. No address or fuzzy matching.,matched_subset_not_population_estimate
permitting_timelines,matched_application_to_completion_median_days,Matched application-to-completion median,06085,Santa Clara,2018-2025 matched records,2025-12-31,multi-year matched-project summary,541.0,days,CA_HCD_APR_TABLE_A;CA_HCD_APR_TABLE_A2,HCD-APR-TABLE-A-2018-portal-current;HCD-APR-TABLE-A-2019-portal-current;HCD-APR-TABLE-A-2020-portal-current;HCD-APR-TABLE-A-2021-portal-current;HCD-APR-TABLE-A-2022-portal-current;HCD-APR-TABLE-A-2023-portal-current;HCD-APR-TABLE-A-2024-portal-current;HCD-APR-TABLE-A-2025-portal-current;HCD-APR-TABLE-A2-2018-portal-current;HCD-APR-TABLE-A2-2019-portal-current;HCD-APR-TABLE-A2-2020-portal-current;HCD-APR-TABLE-A2-2021-portal-current;HCD-APR-TABLE-A2-2022-portal-current;HCD-APR-TABLE-A2-2023-portal-current;HCD-APR-TABLE-A2-2024-portal-current;HCD-APR-TABLE-A2-2025-portal-current,2026-08-10T17:11:13Z,c5cee4fbdeba70dfa06045e45ea217a2aca9e0594fe6a2da9144529a1cc1bc25;6f24c832cc9b927766fa5257f444024ffabc785e83ee1d5d9932243d95b14371;11aa51318922cdb7f838c55d1b07009fc196e7fe46ea39c1222e20a86c988429;97ab0c3387bdf49a07720594cb3ea612a85aca39503f8ca9f0c9c0af8e800bda;1bca81f3a972f3d1eced27a3e2fdf4268fc4f1031af1dd0698cbf39fa018fb04;1b140c61910e1eb3a1b01eb1837038d4a59ca05ac73198496fd1b3d77823f8c8;0d33c498629bfd21f3b9707fd1c4810fcb4fd6d8542c25aec64360305c105d2f;bec330a57d4f495f88b52cfed29d66223ec2d61b4ca4ae2e3feeef22faf62af2;2eda34f589a502ed96d65bbdc8ce37cfa225aedf755805a5453eb8c40e926d43;2909761266532f15be992976ff4f8ac5e86198994135f5fd6e17f4930c1de8f6;dd5239737a286de14f0cb94cb934e788a2734baa54fafb493cc326ab118f98e2;5a78db14b37ff087cca9b8e7ae1d939130ba7789dbd8be26558670e88d809950;60556989c07686cc4af51409c4e0761edc273bafa18a65e6a0c4fdc3ac96c4cc;d5a42e856f7a486094b1a52da7413fa582d45472ab18a6ae572bba1930a8069c;efedc570ed4198bb4143b012c1926c817a047bd23278b2b2b19270889b52d13b;e5e85e9677a374bd30beeeb7848a802f790f9425b78fe84c0ef8096e2394b297,median elapsed calendar days among deterministic exact-ID matches with chronological dates,Sample size 1757. Exact jurisdiction + tracking-ID matches are used first; exact jurisdiction + APN matches are used second. No address or fuzzy matching.,matched_subset_not_population_estimate
permitting_timelines,matched_application_to_completion_median_days,Matched application-to-completion median,06095,Solano,2018-2025 matched records,2025-12-31,multi-year matched-project summary,323.0,days,CA_HCD_APR_TABLE_A;CA_HCD_APR_TABLE_A2,HCD-APR-TABLE-A-2018-portal-current;HCD-APR-TABLE-A-2019-portal-current;HCD-APR-TABLE-A-2020-portal-current;HCD-APR-TABLE-A-2021-portal-current;HCD-APR-TABLE-A-2022-portal-current;HCD-APR-TABLE-A-2023-portal-current;HCD-APR-TABLE-A-2024-portal-current;HCD-APR-TABLE-A-2025-portal-current;HCD-APR-TABLE-A2-2018-portal-current;HCD-APR-TABLE-A2-2019-portal-current;HCD-APR-TABLE-A2-2020-portal-current;HCD-APR-TABLE-A2-2021-portal-current;HCD-APR-TABLE-A2-2022-portal-current;HCD-APR-TABLE-A2-2023-portal-current;HCD-APR-TABLE-A2-2024-portal-current;HCD-APR-TABLE-A2-2025-portal-current,2026-08-10T17:11:13Z,c5cee4fbdeba70dfa06045e45ea217a2aca9e0594fe6a2da9144529a1cc1bc25;6f24c832cc9b927766fa5257f444024ffabc785e83ee1d5d9932243d95b14371;11aa51318922cdb7f838c55d1b07009fc196e7fe46ea39c1222e20a86c988429;97ab0c3387bdf49a07720594cb3ea612a85aca39503f8ca9f0c9c0af8e800bda;1bca81f3a972f3d1eced27a3e2fdf4268fc4f1031af1dd0698cbf39fa018fb04;1b140c61910e1eb3a1b01eb1837038d4a59ca05ac73198496fd1b3d77823f8c8;0d33c498629bfd21f3b9707fd1c4810fcb4fd6d8542c25aec64360305c105d2f;bec330a57d4f495f88b52cfed29d66223ec2d61b4ca4ae2e3feeef22faf62af2;2eda34f589a502ed96d65bbdc8ce37cfa225aedf755805a5453eb8c40e926d43;2909761266532f15be992976ff4f8ac5e86198994135f5fd6e17f4930c1de8f6;dd5239737a286de14f0cb94cb934e788a2734baa54fafb493cc326ab118f98e2;5a78db14b37ff087cca9b8e7ae1d939130ba7789dbd8be26558670e88d809950;60556989c07686cc4af51409c4e0761edc273bafa18a65e6a0c4fdc3ac96c4cc;d5a42e856f7a486094b1a52da7413fa582d45472ab18a6ae572bba1930a8069c;efedc570ed4198bb4143b012c1926c817a047bd23278b2b2b19270889b52d13b;e5e85e9677a374bd30beeeb7848a802f790f9425b78fe84c0ef8096e2394b297,median elapsed calendar days among deterministic exact-ID matches with chronological dates,Sample size 1757. Exact jurisdiction + tracking-ID matches are used first; exact jurisdiction + APN matches are used second. No address or fuzzy matching.,matched_subset_not_population_estimate
permitting_timelines,matched_application_to_completion_median_days,Matched application-to-completion median,06097,Sonoma,2018-2025 matched records,2025-12-31,multi-year matched-project summary,549.0,days,CA_HCD_APR_TABLE_A;CA_HCD_APR_TABLE_A2,HCD-APR-TABLE-A-2018-portal-current;HCD-APR-TABLE-A-2019-portal-current;HCD-APR-TABLE-A-2020-portal-current;HCD-APR-TABLE-A-2021-portal-current;HCD-APR-TABLE-A-2022-portal-current;HCD-APR-TABLE-A-2023-portal-current;HCD-APR-TABLE-A-2024-portal-current;HCD-APR-TABLE-A-2025-portal-current;HCD-APR-TABLE-A2-2018-portal-current;HCD-APR-TABLE-A2-2019-portal-current;HCD-APR-TABLE-A2-2020-portal-current;HCD-APR-TABLE-A2-2021-portal-current;HCD-APR-TABLE-A2-2022-portal-current;HCD-APR-TABLE-A2-2023-portal-current;HCD-APR-TABLE-A2-2024-portal-current;HCD-APR-TABLE-A2-2025-portal-current,2026-08-10T17:11:13Z,c5cee4fbdeba70dfa06045e45ea217a2aca9e0594fe6a2da9144529a1cc1bc25;6f24c832cc9b927766fa5257f444024ffabc785e83ee1d5d9932243d95b14371;11aa51318922cdb7f838c55d1b07009fc196e7fe46ea39c1222e20a86c988429;97ab0c3387bdf49a07720594cb3ea612a85aca39503f8ca9f0c9c0af8e800bda;1bca81f3a972f3d1eced27a3e2fdf4268fc4f1031af1dd0698cbf39fa018fb04;1b140c61910e1eb3a1b01eb1837038d4a59ca05ac73198496fd1b3d77823f8c8;0d33c498629bfd21f3b9707fd1c4810fcb4fd6d8542c25aec64360305c105d2f;bec330a57d4f495f88b52cfed29d66223ec2d61b4ca4ae2e3feeef22faf62af2;2eda34f589a502ed96d65bbdc8ce37cfa225aedf755805a5453eb8c40e926d43;2909761266532f15be992976ff4f8ac5e86198994135f5fd6e17f4930c1de8f6;dd5239737a286de14f0cb94cb934e788a2734baa54fafb493cc326ab118f98e2;5a78db14b37ff087cca9b8e7ae1d939130ba7789dbd8be26558670e88d809950;60556989c07686cc4af51409c4e0761edc273bafa18a65e6a0c4fdc3ac96c4cc;d5a42e856f7a486094b1a52da7413fa582d45472ab18a6ae572bba1930a8069c;efedc570ed4198bb4143b012c1926c817a047bd23278b2b2b19270889b52d13b;e5e85e9677a374bd30beeeb7848a802f790f9425b78fe84c0ef8096e2394b297,median elapsed calendar days among deterministic exact-ID matches with chronological dates,Sample size 1757. Exact jurisdiction + tracking-ID matches are used first; exact jurisdiction + APN matches are used second. No address or fuzzy matching.,matched_subset_not_population_estimate
permitting_timelines,matched_application_to_entitlement_median_days,Matched application-to-entitlement median,06001,Alameda,2018-2025 matched records,2025-12-31,multi-year matched-project summary,1.0,days,CA_HCD_APR_TABLE_A;CA_HCD_APR_TABLE_A2,HCD-APR-TABLE-A-2018-portal-current;HCD-APR-TABLE-A-2019-portal-current;HCD-APR-TABLE-A-2020-portal-current;HCD-APR-TABLE-A-2021-portal-current;HCD-APR-TABLE-A-2022-portal-current;HCD-APR-TABLE-A-2023-portal-current;HCD-APR-TABLE-A-2024-portal-current;HCD-APR-TABLE-A-2025-portal-current;HCD-APR-TABLE-A2-2018-portal-current;HCD-APR-TABLE-A2-2019-portal-current;HCD-APR-TABLE-A2-2020-portal-current;HCD-APR-TABLE-A2-2021-portal-current;HCD-APR-TABLE-A2-2022-portal-current;HCD-APR-TABLE-A2-2023-portal-current;HCD-APR-TABLE-A2-2024-portal-current;HCD-APR-TABLE-A2-2025-portal-current,2026-08-10T17:11:13Z,c5cee4fbdeba70dfa06045e45ea217a2aca9e0594fe6a2da9144529a1cc1bc25;6f24c832cc9b927766fa5257f444024ffabc785e83ee1d5d9932243d95b14371;11aa51318922cdb7f838c55d1b07009fc196e7fe46ea39c1222e20a86c988429;97ab0c3387bdf49a07720594cb3ea612a85aca39503f8ca9f0c9c0af8e800bda;1bca81f3a972f3d1eced27a3e2fdf4268fc4f1031af1dd0698cbf39fa018fb04;1b140c61910e1eb3a1b01eb1837038d4a59ca05ac73198496fd1b3d77823f8c8;0d33c498629bfd21f3b9707fd1c4810fcb4fd6d8542c25aec64360305c105d2f;bec330a57d4f495f88b52cfed29d66223ec2d61b4ca4ae2e3feeef22faf62af2;2eda34f589a502ed96d65bbdc8ce37cfa225aedf755805a5453eb8c40e926d43;2909761266532f15be992976ff4f8ac5e86198994135f5fd6e17f4930c1de8f6;dd5239737a286de14f0cb94cb934e788a2734baa54fafb493cc326ab118f98e2;5a78db14b37ff087cca9b8e7ae1d939130ba7789dbd8be26558670e88d809950;60556989c07686cc4af51409c4e0761edc273bafa18a65e6a0c4fdc3ac96c4cc;d5a42e856f7a486094b1a52da7413fa582d45472ab18a6ae572bba1930a8069c;efedc570ed4198bb4143b012c1926c817a047bd23278b2b2b19270889b52d13b;e5e85e9677a374bd30beeeb7848a802f790f9425b78fe84c0ef8096e2394b297,median elapsed calendar days among deterministic exact-ID matches with chronological dates,Sample size 4315. Exact jurisdiction + tracking-ID matches are used first; exact jurisdiction + APN matches are used second. No address or fuzzy matching.,matched_subset_not_population_estimate
permitting_timelines,matched_application_to_entitlement_median_days,Matched application-to-entitlement median,06013,Contra Costa,2018-2025 matched records,2025-12-31,multi-year matched-project summary,12.0,days,CA_HCD_APR_TABLE_A;CA_HCD_APR_TABLE_A2,HCD-APR-TABLE-A-2018-portal-current;HCD-APR-TABLE-A-2019-portal-current;HCD-APR-TABLE-A-2020-portal-current;HCD-APR-TABLE-A-2021-portal-current;HCD-APR-TABLE-A-2022-portal-current;HCD-APR-TABLE-A-2023-portal-current;HCD-APR-TABLE-A-2024-portal-current;HCD-APR-TABLE-A-2025-portal-current;HCD-APR-TABLE-A2-2018-portal-current;HCD-APR-TABLE-A2-2019-portal-current;HCD-APR-TABLE-A2-2020-portal-current;HCD-APR-TABLE-A2-2021-portal-current;HCD-APR-TABLE-A2-2022-portal-current;HCD-APR-TABLE-A2-2023-portal-current;HCD-APR-TABLE-A2-2024-portal-current;HCD-APR-TABLE-A2-2025-portal-current,2026-08-10T17:11:13Z,c5cee4fbdeba70dfa06045e45ea217a2aca9e0594fe6a2da9144529a1cc1bc25;6f24c832cc9b927766fa5257f444024ffabc785e83ee1d5d9932243d95b14371;11aa51318922cdb7f838c55d1b07009fc196e7fe46ea39c1222e20a86c988429;97ab0c3387bdf49a07720594cb3ea612a85aca39503f8ca9f0c9c0af8e800bda;1bca81f3a972f3d1eced27a3e2fdf4268fc4f1031af1dd0698cbf39fa018fb04;1b140c61910e1eb3a1b01eb1837038d4a59ca05ac73198496fd1b3d77823f8c8;0d33c498629bfd21f3b9707fd1c4810fcb4fd6d8542c25aec64360305c105d2f;bec330a57d4f495f88b52cfed29d66223ec2d61b4ca4ae2e3feeef22faf62af2;2eda34f589a502ed96d65bbdc8ce37cfa225aedf755805a5453eb8c40e926d43;2909761266532f15be992976ff4f8ac5e86198994135f5fd6e17f4930c1de8f6;dd5239737a286de14f0cb94cb934e788a2734baa54fafb493cc326ab118f98e2;5a78db14b37ff087cca9b8e7ae1d939130ba7789dbd8be26558670e88d809950;60556989c07686cc4af51409c4e0761edc273bafa18a65e6a0c4fdc3ac96c4cc;d5a42e856f7a486094b1a52da7413fa582d45472ab18a6ae572bba1930a8069c;efedc570ed4198bb4143b012c1926c817a047bd23278b2b2b19270889b52d13b;e5e85e9677a374bd30beeeb7848a802f790f9425b78fe84c0ef8096e2394b297,median elapsed calendar days among deterministic exact-ID matches with chronological dates,Sample size 4315. Exact jurisdiction + tracking-ID matches are used first; exact jurisdiction + APN matches are used second. No address or fuzzy matching.,matched_subset_not_population_estimate
permitting_timelines,matched_application_to_entitlement_median_days,Matched application-to-entitlement median,06041,Marin,2018-2025 matched records,2025-12-31,multi-year matched-project summary,70.0,days,CA_HCD_APR_TABLE_A;CA_HCD_APR_TABLE_A2,HCD-APR-TABLE-A-2018-portal-current;HCD-APR-TABLE-A-2019-portal-current;HCD-APR-TABLE-A-2020-portal-current;HCD-APR-TABLE-A-2021-portal-current;HCD-APR-TABLE-A-2022-portal-current;HCD-APR-TABLE-A-2023-portal-current;HCD-APR-TABLE-A-2024-portal-current;HCD-APR-TABLE-A-2025-portal-current;HCD-APR-TABLE-A2-2018-portal-current;HCD-APR-TABLE-A2-2019-portal-current;HCD-APR-TABLE-A2-2020-portal-current;HCD-APR-TABLE-A2-2021-portal-current;HCD-APR-TABLE-A2-2022-portal-current;HCD-APR-TABLE-A2-2023-portal-current;HCD-APR-TABLE-A2-2024-portal-current;HCD-APR-TABLE-A2-2025-portal-current,2026-08-10T17:11:13Z,c5cee4fbdeba70dfa06045e45ea217a2aca9e0594fe6a2da9144529a1cc1bc25;6f24c832cc9b927766fa5257f444024ffabc785e83ee1d5d9932243d95b14371;11aa51318922cdb7f838c55d1b07009fc196e7fe46ea39c1222e20a86c988429;97ab0c3387bdf49a07720594cb3ea612a85aca39503f8ca9f0c9c0af8e800bda;1bca81f3a972f3d1eced27a3e2fdf4268fc4f1031af1dd0698cbf39fa018fb04;1b140c61910e1eb3a1b01eb1837038d4a59ca05ac73198496fd1b3d77823f8c8;0d33c498629bfd21f3b9707fd1c4810fcb4fd6d8542c25aec64360305c105d2f;bec330a57d4f495f88b52cfed29d66223ec2d61b4ca4ae2e3feeef22faf62af2;2eda34f589a502ed96d65bbdc8ce37cfa225aedf755805a5453eb8c40e926d43;2909761266532f15be992976ff4f8ac5e86198994135f5fd6e17f4930c1de8f6;dd5239737a286de14f0cb94cb934e788a2734baa54fafb493cc326ab118f98e2;5a78db14b37ff087cca9b8e7ae1d939130ba7789dbd8be26558670e88d809950;60556989c07686cc4af51409c4e0761edc273bafa18a65e6a0c4fdc3ac96c4cc;d5a42e856f7a486094b1a52da7413fa582d45472ab18a6ae572bba1930a8069c;efedc570ed4198bb4143b012c1926c817a047bd23278b2b2b19270889b52d13b;e5e85e9677a374bd30beeeb7848a802f790f9425b78fe84c0ef8096e2394b297,median elapsed calendar days among deterministic exact-ID matches with chronological dates,Sample size 4315. Exact jurisdiction + tracking-ID matches are used first; exact jurisdiction + APN matches are used second. No address or fuzzy matching.,matched_subset_not_population_estimate
permitting_timelines,matched_application_to_entitlement_median_days,Matched application-to-entitlement median,06055,Napa,2018-2025 matched records,2025-12-31,multi-year matched-project summary,28.0,days,CA_HCD_APR_TABLE_A;CA_HCD_APR_TABLE_A2,HCD-APR-TABLE-A-2018-portal-current;HCD-APR-TABLE-A-2019-portal-current;HCD-APR-TABLE-A-2020-portal-current;HCD-APR-TABLE-A-2021-portal-current;HCD-APR-TABLE-A-2022-portal-current;HCD-APR-TABLE-A-2023-portal-current;HCD-APR-TABLE-A-2024-portal-current;HCD-APR-TABLE-A-2025-portal-current;HCD-APR-TABLE-A2-2018-portal-current;HCD-APR-TABLE-A2-2019-portal-current;HCD-APR-TABLE-A2-2020-portal-current;HCD-APR-TABLE-A2-2021-portal-current;HCD-APR-TABLE-A2-2022-portal-current;HCD-APR-TABLE-A2-2023-portal-current;HCD-APR-TABLE-A2-2024-portal-current;HCD-APR-TABLE-A2-2025-portal-current,2026-08-10T17:11:13Z,c5cee4fbdeba70dfa06045e45ea217a2aca9e0594fe6a2da9144529a1cc1bc25;6f24c832cc9b927766fa5257f444024ffabc785e83ee1d5d9932243d95b14371;11aa51318922cdb7f838c55d1b07009fc196e7fe46ea39c1222e20a86c988429;97ab0c3387bdf49a07720594cb3ea612a85aca39503f8ca9f0c9c0af8e800bda;1bca81f3a972f3d1eced27a3e2fdf4268fc4f1031af1dd0698cbf39fa018fb04;1b140c61910e1eb3a1b01eb1837038d4a59ca05ac73198496fd1b3d77823f8c8;0d33c498629bfd21f3b9707fd1c4810fcb4fd6d8542c25aec64360305c105d2f;bec330a57d4f495f88b52cfed29d66223ec2d61b4ca4ae2e3feeef22faf62af2;2eda34f589a502ed96d65bbdc8ce37cfa225aedf755805a5453eb8c40e926d43;2909761266532f15be992976ff4f8ac5e86198994135f5fd6e17f4930c1de8f6;dd5239737a286de14f0cb94cb934e788a2734baa54fafb493cc326ab118f98e2;5a78db14b37ff087cca9b8e7ae1d939130ba7789dbd8be26558670e88d809950;60556989c07686cc4af51409c4e0761edc273bafa18a65e6a0c4fdc3ac96c4cc;d5a42e856f7a486094b1a52da7413fa582d45472ab18a6ae572bba1930a8069c;efedc570ed4198bb4143b012c1926c817a047bd23278b2b2b19270889b52d13b;e5e85e9677a374bd30beeeb7848a802f790f9425b78fe84c0ef8096e2394b297,median elapsed calendar days among deterministic exact-ID matches with chronological dates,Sample size 4315. Exact jurisdiction + tracking-ID matches are used first; exact jurisdiction + APN matches are used second. No address or fuzzy matching.,matched_subset_not_population_estimate
permitting_timelines,matched_application_to_entitlement_median_days,Matched application-to-entitlement median,06075,San Francisco,2018-2025 matched records,2025-12-31,multi-year matched-project summary,388.0,days,CA_HCD_APR_TABLE_A;CA_HCD_APR_TABLE_A2,HCD-APR-TABLE-A-2018-portal-current;HCD-APR-TABLE-A-2019-portal-current;HCD-APR-TABLE-A-2020-portal-current;HCD-APR-TABLE-A-2021-portal-current;HCD-APR-TABLE-A-2022-portal-current;HCD-APR-TABLE-A-2023-portal-current;HCD-APR-TABLE-A-2024-portal-current;HCD-APR-TABLE-A-2025-portal-current;HCD-APR-TABLE-A2-2018-portal-current;HCD-APR-TABLE-A2-2019-portal-current;HCD-APR-TABLE-A2-2020-portal-current;HCD-APR-TABLE-A2-2021-portal-current;HCD-APR-TABLE-A2-2022-portal-current;HCD-APR-TABLE-A2-2023-portal-current;HCD-APR-TABLE-A2-2024-portal-current;HCD-APR-TABLE-A2-2025-portal-current,2026-08-10T17:11:13Z,c5cee4fbdeba70dfa06045e45ea217a2aca9e0594fe6a2da9144529a1cc1bc25;6f24c832cc9b927766fa5257f444024ffabc785e83ee1d5d9932243d95b14371;11aa51318922cdb7f838c55d1b07009fc196e7fe46ea39c1222e20a86c988429;97ab0c3387bdf49a07720594cb3ea612a85aca39503f8ca9f0c9c0af8e800bda;1bca81f3a972f3d1eced27a3e2fdf4268fc4f1031af1dd0698cbf39fa018fb04;1b140c61910e1eb3a1b01eb1837038d4a59ca05ac73198496fd1b3d77823f8c8;0d33c498629bfd21f3b9707fd1c4810fcb4fd6d8542c25aec64360305c105d2f;bec330a57d4f495f88b52cfed29d66223ec2d61b4ca4ae2e3feeef22faf62af2;2eda34f589a502ed96d65bbdc8ce37cfa225aedf755805a5453eb8c40e926d43;2909761266532f15be992976ff4f8ac5e86198994135f5fd6e17f4930c1de8f6;dd5239737a286de14f0cb94cb934e788a2734baa54fafb493cc326ab118f98e2;5a78db14b37ff087cca9b8e7ae1d939130ba7789dbd8be26558670e88d809950;60556989c07686cc4af51409c4e0761edc273bafa18a65e6a0c4fdc3ac96c4cc;d5a42e856f7a486094b1a52da7413fa582d45472ab18a6ae572bba1930a8069c;efedc570ed4198bb4143b012c1926c817a047bd23278b2b2b19270889b52d13b;e5e85e9677a374bd30beeeb7848a802f790f9425b78fe84c0ef8096e2394b297,median elapsed calendar days among deterministic exact-ID matches with chronological dates,Sample size 4315. Exact jurisdiction + tracking-ID matches are used first; exact jurisdiction + APN matches are used second. No address or fuzzy matching.,matched_subset_not_population_estimate
permitting_timelines,matched_application_to_entitlement_median_days,Matched application-to-entitlement median,06081,San Mateo,2018-2025 matched records,2025-12-31,multi-year matched-project summary,90.0,days,CA_HCD_APR_TABLE_A;CA_HCD_APR_TABLE_A2,HCD-APR-TABLE-A-2018-portal-current;HCD-APR-TABLE-A-2019-portal-current;HCD-APR-TABLE-A-2020-portal-current;HCD-APR-TABLE-A-2021-portal-current;HCD-APR-TABLE-A-2022-portal-current;HCD-APR-TABLE-A-2023-portal-current;HCD-APR-TABLE-A-2024-portal-current;HCD-APR-TABLE-A-2025-portal-current;HCD-APR-TABLE-A2-2018-portal-current;HCD-APR-TABLE-A2-2019-portal-current;HCD-APR-TABLE-A2-2020-portal-current;HCD-APR-TABLE-A2-2021-portal-current;HCD-APR-TABLE-A2-2022-portal-current;HCD-APR-TABLE-A2-2023-portal-current;HCD-APR-TABLE-A2-2024-portal-current;HCD-APR-TABLE-A2-2025-portal-current,2026-08-10T17:11:13Z,c5cee4fbdeba70dfa06045e45ea217a2aca9e0594fe6a2da9144529a1cc1bc25;6f24c832cc9b927766fa5257f444024ffabc785e83ee1d5d9932243d95b14371;11aa51318922cdb7f838c55d1b07009fc196e7fe46ea39c1222e20a86c988429;97ab0c3387bdf49a07720594cb3ea612a85aca39503f8ca9f0c9c0af8e800bda;1bca81f3a972f3d1eced27a3e2fdf4268fc4f1031af1dd0698cbf39fa018fb04;1b140c61910e1eb3a1b01eb1837038d4a59ca05ac73198496fd1b3d77823f8c8;0d33c498629bfd21f3b9707fd1c4810fcb4fd6d8542c25aec64360305c105d2f;bec330a57d4f495f88b52cfed29d66223ec2d61b4ca4ae2e3feeef22faf62af2;2eda34f589a502ed96d65bbdc8ce37cfa225aedf755805a5453eb8c40e926d43;2909761266532f15be992976ff4f8ac5e86198994135f5fd6e17f4930c1de8f6;dd5239737a286de14f0cb94cb934e788a2734baa54fafb493cc326ab118f98e2;5a78db14b37ff087cca9b8e7ae1d939130ba7789dbd8be26558670e88d809950;60556989c07686cc4af51409c4e0761edc273bafa18a65e6a0c4fdc3ac96c4cc;d5a42e856f7a486094b1a52da7413fa582d45472ab18a6ae572bba1930a8069c;efedc570ed4198bb4143b012c1926c817a047bd23278b2b2b19270889b52d13b;e5e85e9677a374bd30beeeb7848a802f790f9425b78fe84c0ef8096e2394b297,median elapsed calendar days among deterministic exact-ID matches with chronological dates,Sample size 4315. Exact jurisdiction + tracking-ID matches are used first; exact jurisdiction + APN matches are used second. No address or fuzzy matching.,matched_subset_not_population_estimate
permitting_timelines,matched_application_to_entitlement_median_days,Matched application-to-entitlement median,06085,Santa Clara,2018-2025 matched records,2025-12-31,multi-year matched-project summary,43.0,days,CA_HCD_APR_TABLE_A;CA_HCD_APR_TABLE_A2,HCD-APR-TABLE-A-2018-portal-current;HCD-APR-TABLE-A-2019-portal-current;HCD-APR-TABLE-A-2020-portal-current;HCD-APR-TABLE-A-2021-portal-current;HCD-APR-TABLE-A-2022-portal-current;HCD-APR-TABLE-A-2023-portal-current;HCD-APR-TABLE-A-2024-portal-current;HCD-APR-TABLE-A-2025-portal-current;HCD-APR-TABLE-A2-2018-portal-current;HCD-APR-TABLE-A2-2019-portal-current;HCD-APR-TABLE-A2-2020-portal-current;HCD-APR-TABLE-A2-2021-portal-current;HCD-APR-TABLE-A2-2022-portal-current;HCD-APR-TABLE-A2-2023-portal-current;HCD-APR-TABLE-A2-2024-portal-current;HCD-APR-TABLE-A2-2025-portal-current,2026-08-10T17:11:13Z,c5cee4fbdeba70dfa06045e45ea217a2aca9e0594fe6a2da9144529a1cc1bc25;6f24c832cc9b927766fa5257f444024ffabc785e83ee1d5d9932243d95b14371;11aa51318922cdb7f838c55d1b07009fc196e7fe46ea39c1222e20a86c988429;97ab0c3387bdf49a07720594cb3ea612a85aca39503f8ca9f0c9c0af8e800bda;1bca81f3a972f3d1eced27a3e2fdf4268fc4f1031af1dd0698cbf39fa018fb04;1b140c61910e1eb3a1b01eb1837038d4a59ca05ac73198496fd1b3d77823f8c8;0d33c498629bfd21f3b9707fd1c4810fcb4fd6d8542c25aec64360305c105d2f;bec330a57d4f495f88b52cfed29d66223ec2d61b4ca4ae2e3feeef22faf62af2;2eda34f589a502ed96d65bbdc8ce37cfa225aedf755805a5453eb8c40e926d43;2909761266532f15be992976ff4f8ac5e86198994135f5fd6e17f4930c1de8f6;dd5239737a286de14f0cb94cb934e788a2734baa54fafb493cc326ab118f98e2;5a78db14b37ff087cca9b8e7ae1d939130ba7789dbd8be26558670e88d809950;60556989c07686cc4af51409c4e0761edc273bafa18a65e6a0c4fdc3ac96c4cc;d5a42e856f7a486094b1a52da7413fa582d45472ab18a6ae572bba1930a8069c;efedc570ed4198bb4143b012c1926c817a047bd23278b2b2b19270889b52d13b;e5e85e9677a374bd30beeeb7848a802f790f9425b78fe84c0ef8096e2394b297,median elapsed calendar days among deterministic exact-ID matches with chronological dates,Sample size 4315. Exact jurisdiction + tracking-ID matches are used first; exact jurisdiction + APN matches are used second. No address or fuzzy matching.,matched_subset_not_population_estimate
permitting_timelines,matched_application_to_entitlement_median_days,Matched application-to-entitlement median,06095,Solano,2018-2025 matched records,2025-12-31,multi-year matched-project summary,23.0,days,CA_HCD_APR_TABLE_A;CA_HCD_APR_TABLE_A2,HCD-APR-TABLE-A-2018-portal-current;HCD-APR-TABLE-A-2019-portal-current;HCD-APR-TABLE-A-2020-portal-current;HCD-APR-TABLE-A-2021-portal-current;HCD-APR-TABLE-A-2022-portal-current;HCD-APR-TABLE-A-2023-portal-current;HCD-APR-TABLE-A-2024-portal-current;HCD-APR-TABLE-A-2025-portal-current;HCD-APR-TABLE-A2-2018-portal-current;HCD-APR-TABLE-A2-2019-portal-current;HCD-APR-TABLE-A2-2020-portal-current;HCD-APR-TABLE-A2-2021-portal-current;HCD-APR-TABLE-A2-2022-portal-current;HCD-APR-TABLE-A2-2023-portal-current;HCD-APR-TABLE-A2-2024-portal-current;HCD-APR-TABLE-A2-2025-portal-current,2026-08-10T17:11:13Z,c5cee4fbdeba70dfa06045e45ea217a2aca9e0594fe6a2da9144529a1cc1bc25;6f24c832cc9b927766fa5257f444024ffabc785e83ee1d5d9932243d95b14371;11aa51318922cdb7f838c55d1b07009fc196e7fe46ea39c1222e20a86c988429;97ab0c3387bdf49a07720594cb3ea612a85aca39503f8ca9f0c9c0af8e800bda;1bca81f3a972f3d1eced27a3e2fdf4268fc4f1031af1dd0698cbf39fa018fb04;1b140c61910e1eb3a1b01eb1837038d4a59ca05ac73198496fd1b3d77823f8c8;0d33c498629bfd21f3b9707fd1c4810fcb4fd6d8542c25aec64360305c105d2f;bec330a57d4f495f88b52cfed29d66223ec2d61b4ca4ae2e3feeef22faf62af2;2eda34f589a502ed96d65bbdc8ce37cfa225aedf755805a5453eb8c40e926d43;2909761266532f15be992976ff4f8ac5e86198994135f5fd6e17f4930c1de8f6;dd5239737a286de14f0cb94cb934e788a2734baa54fafb493cc326ab118f98e2;5a78db14b37ff087cca9b8e7ae1d939130ba7789dbd8be26558670e88d809950;60556989c07686cc4af51409c4e0761edc273bafa18a65e6a0c4fdc3ac96c4cc;d5a42e856f7a486094b1a52da7413fa582d45472ab18a6ae572bba1930a8069c;efedc570ed4198bb4143b012c1926c817a047bd23278b2b2b19270889b52d13b;e5e85e9677a374bd30beeeb7848a802f790f9425b78fe84c0ef8096e2394b297,median elapsed calendar days among deterministic exact-ID matches with chronological dates,Sample size 4315. Exact jurisdiction + tracking-ID matches are used first; exact jurisdiction + APN matches are used second. No address or fuzzy matching.,matched_subset_not_population_estimate
permitting_timelines,matched_application_to_entitlement_median_days,Matched application-to-entitlement median,06097,Sonoma,2018-2025 matched records,2025-12-31,multi-year matched-project summary,64.0,days,CA_HCD_APR_TABLE_A;CA_HCD_APR_TABLE_A2,HCD-APR-TABLE-A-2018-portal-current;HCD-APR-TABLE-A-2019-portal-current;HCD-APR-TABLE-A-2020-portal-current;HCD-APR-TABLE-A-2021-portal-current;HCD-APR-TABLE-A-2022-portal-current;HCD-APR-TABLE-A-2023-portal-current;HCD-APR-TABLE-A-2024-portal-current;HCD-APR-TABLE-A-2025-portal-current;HCD-APR-TABLE-A2-2018-portal-current;HCD-APR-TABLE-A2-2019-portal-current;HCD-APR-TABLE-A2-2020-portal-current;HCD-APR-TABLE-A2-2021-portal-current;HCD-APR-TABLE-A2-2022-portal-current;HCD-APR-TABLE-A2-2023-portal-current;HCD-APR-TABLE-A2-2024-portal-current;HCD-APR-TABLE-A2-2025-portal-current,2026-08-10T17:11:13Z,c5cee4fbdeba70dfa06045e45ea217a2aca9e0594fe6a2da9144529a1cc1bc25;6f24c832cc9b927766fa5257f444024ffabc785e83ee1d5d9932243d95b14371;11aa51318922cdb7f838c55d1b07009fc196e7fe46ea39c1222e20a86c988429;97ab0c3387bdf49a07720594cb3ea612a85aca39503f8ca9f0c9c0af8e800bda;1bca81f3a972f3d1eced27a3e2fdf4268fc4f1031af1dd0698cbf39fa018fb04;1b140c61910e1eb3a1b01eb1837038d4a59ca05ac73198496fd1b3d77823f8c8;0d33c498629bfd21f3b9707fd1c4810fcb4fd6d8542c25aec64360305c105d2f;bec330a57d4f495f88b52cfed29d66223ec2d61b4ca4ae2e3feeef22faf62af2;2eda34f589a502ed96d65bbdc8ce37cfa225aedf755805a5453eb8c40e926d43;2909761266532f15be992976ff4f8ac5e86198994135f5fd6e17f4930c1de8f6;dd5239737a286de14f0cb94cb934e788a2734baa54fafb493cc326ab118f98e2;5a78db14b37ff087cca9b8e7ae1d939130ba7789dbd8be26558670e88d809950;60556989c07686cc4af51409c4e0761edc273bafa18a65e6a0c4fdc3ac96c4cc;d5a42e856f7a486094b1a52da7413fa582d45472ab18a6ae572bba1930a8069c;efedc570ed4198bb4143b012c1926c817a047bd23278b2b2b19270889b52d13b;e5e85e9677a374bd30beeeb7848a802f790f9425b78fe84c0ef8096e2394b297,median elapsed calendar days among deterministic exact-ID matches with chronological dates,Sample size 4315. Exact jurisdiction + tracking-ID matches are used first; exact jurisdiction + APN matches are used second. No address or fuzzy matching.,matched_subset_not_population_estimate
permitting_timelines,matched_entitlement_to_permit_median_days,Matched entitlement-to-permit median,06001,Alameda,2018-2025 matched records,2025-12-31,multi-year matched-project summary,51.0,days,CA_HCD_APR_TABLE_A;CA_HCD_APR_TABLE_A2,HCD-APR-TABLE-A-2018-portal-current;HCD-APR-TABLE-A-2019-portal-current;HCD-APR-TABLE-A-2020-portal-current;HCD-APR-TABLE-A-2021-portal-current;HCD-APR-TABLE-A-2022-portal-current;HCD-APR-TABLE-A-2023-portal-current;HCD-APR-TABLE-A-2024-portal-current;HCD-APR-TABLE-A-2025-portal-current;HCD-APR-TABLE-A2-2018-portal-current;HCD-APR-TABLE-A2-2019-portal-current;HCD-APR-TABLE-A2-2020-portal-current;HCD-APR-TABLE-A2-2021-portal-current;HCD-APR-TABLE-A2-2022-portal-current;HCD-APR-TABLE-A2-2023-portal-current;HCD-APR-TABLE-A2-2024-portal-current;HCD-APR-TABLE-A2-2025-portal-current,2026-08-10T17:11:13Z,c5cee4fbdeba70dfa06045e45ea217a2aca9e0594fe6a2da9144529a1cc1bc25;6f24c832cc9b927766fa5257f444024ffabc785e83ee1d5d9932243d95b14371;11aa51318922cdb7f838c55d1b07009fc196e7fe46ea39c1222e20a86c988429;97ab0c3387bdf49a07720594cb3ea612a85aca39503f8ca9f0c9c0af8e800bda;1bca81f3a972f3d1eced27a3e2fdf4268fc4f1031af1dd0698cbf39fa018fb04;1b140c61910e1eb3a1b01eb1837038d4a59ca05ac73198496fd1b3d77823f8c8;0d33c498629bfd21f3b9707fd1c4810fcb4fd6d8542c25aec64360305c105d2f;bec330a57d4f495f88b52cfed29d66223ec2d61b4ca4ae2e3feeef22faf62af2;2eda34f589a502ed96d65bbdc8ce37cfa225aedf755805a5453eb8c40e926d43;2909761266532f15be992976ff4f8ac5e86198994135f5fd6e17f4930c1de8f6;dd5239737a286de14f0cb94cb934e788a2734baa54fafb493cc326ab118f98e2;5a78db14b37ff087cca9b8e7ae1d939130ba7789dbd8be26558670e88d809950;60556989c07686cc4af51409c4e0761edc273bafa18a65e6a0c4fdc3ac96c4cc;d5a42e856f7a486094b1a52da7413fa582d45472ab18a6ae572bba1930a8069c;efedc570ed4198bb4143b012c1926c817a047bd23278b2b2b19270889b52d13b;e5e85e9677a374bd30beeeb7848a802f790f9425b78fe84c0ef8096e2394b297,median elapsed calendar days among deterministic exact-ID matches with chronological dates,Sample size 1352. Exact jurisdiction + tracking-ID matches are used first; exact jurisdiction + APN matches are used second. No address or fuzzy matching.,matched_subset_not_population_estimate
permitting_timelines,matched_entitlement_to_permit_median_days,Matched entitlement-to-permit median,06013,Contra Costa,2018-2025 matched records,2025-12-31,multi-year matched-project summary,73.0,days,CA_HCD_APR_TABLE_A;CA_HCD_APR_TABLE_A2,HCD-APR-TABLE-A-2018-portal-current;HCD-APR-TABLE-A-2019-portal-current;HCD-APR-TABLE-A-2020-portal-current;HCD-APR-TABLE-A-2021-portal-current;HCD-APR-TABLE-A-2022-portal-current;HCD-APR-TABLE-A-2023-portal-current;HCD-APR-TABLE-A-2024-portal-current;HCD-APR-TABLE-A-2025-portal-current;HCD-APR-TABLE-A2-2018-portal-current;HCD-APR-TABLE-A2-2019-portal-current;HCD-APR-TABLE-A2-2020-portal-current;HCD-APR-TABLE-A2-2021-portal-current;HCD-APR-TABLE-A2-2022-portal-current;HCD-APR-TABLE-A2-2023-portal-current;HCD-APR-TABLE-A2-2024-portal-current;HCD-APR-TABLE-A2-2025-portal-current,2026-08-10T17:11:13Z,c5cee4fbdeba70dfa06045e45ea217a2aca9e0594fe6a2da9144529a1cc1bc25;6f24c832cc9b927766fa5257f444024ffabc785e83ee1d5d9932243d95b14371;11aa51318922cdb7f838c55d1b07009fc196e7fe46ea39c1222e20a86c988429;97ab0c3387bdf49a07720594cb3ea612a85aca39503f8ca9f0c9c0af8e800bda;1bca81f3a972f3d1eced27a3e2fdf4268fc4f1031af1dd0698cbf39fa018fb04;1b140c61910e1eb3a1b01eb1837038d4a59ca05ac73198496fd1b3d77823f8c8;0d33c498629bfd21f3b9707fd1c4810fcb4fd6d8542c25aec64360305c105d2f;bec330a57d4f495f88b52cfed29d66223ec2d61b4ca4ae2e3feeef22faf62af2;2eda34f589a502ed96d65bbdc8ce37cfa225aedf755805a5453eb8c40e926d43;2909761266532f15be992976ff4f8ac5e86198994135f5fd6e17f4930c1de8f6;dd5239737a286de14f0cb94cb934e788a2734baa54fafb493cc326ab118f98e2;5a78db14b37ff087cca9b8e7ae1d939130ba7789dbd8be26558670e88d809950;60556989c07686cc4af51409c4e0761edc273bafa18a65e6a0c4fdc3ac96c4cc;d5a42e856f7a486094b1a52da7413fa582d45472ab18a6ae572bba1930a8069c;efedc570ed4198bb4143b012c1926c817a047bd23278b2b2b19270889b52d13b;e5e85e9677a374bd30beeeb7848a802f790f9425b78fe84c0ef8096e2394b297,median elapsed calendar days among deterministic exact-ID matches with chronological dates,Sample size 1352. Exact jurisdiction + tracking-ID matches are used first; exact jurisdiction + APN matches are used second. No address or fuzzy matching.,matched_subset_not_population_estimate
permitting_timelines,matched_entitlement_to_permit_median_days,Matched entitlement-to-permit median,06041,Marin,2018-2025 matched records,2025-12-31,multi-year matched-project summary,12.0,days,CA_HCD_APR_TABLE_A;CA_HCD_APR_TABLE_A2,HCD-APR-TABLE-A-2018-portal-current;HCD-APR-TABLE-A-2019-portal-current;HCD-APR-TABLE-A-2020-portal-current;HCD-APR-TABLE-A-2021-portal-current;HCD-APR-TABLE-A-2022-portal-current;HCD-APR-TABLE-A-2023-portal-current;HCD-APR-TABLE-A-2024-portal-current;HCD-APR-TABLE-A-2025-portal-current;HCD-APR-TABLE-A2-2018-portal-current;HCD-APR-TABLE-A2-2019-portal-current;HCD-APR-TABLE-A2-2020-portal-current;HCD-APR-TABLE-A2-2021-portal-current;HCD-APR-TABLE-A2-2022-portal-current;HCD-APR-TABLE-A2-2023-portal-current;HCD-APR-TABLE-A2-2024-portal-current;HCD-APR-TABLE-A2-2025-portal-current,2026-08-10T17:11:13Z,c5cee4fbdeba70dfa06045e45ea217a2aca9e0594fe6a2da9144529a1cc1bc25;6f24c832cc9b927766fa5257f444024ffabc785e83ee1d5d9932243d95b14371;11aa51318922cdb7f838c55d1b07009fc196e7fe46ea39c1222e20a86c988429;97ab0c3387bdf49a07720594cb3ea612a85aca39503f8ca9f0c9c0af8e800bda;1bca81f3a972f3d1eced27a3e2fdf4268fc4f1031af1dd0698cbf39fa018fb04;1b140c61910e1eb3a1b01eb1837038d4a59ca05ac73198496fd1b3d77823f8c8;0d33c498629bfd21f3b9707fd1c4810fcb4fd6d8542c25aec64360305c105d2f;bec330a57d4f495f88b52cfed29d66223ec2d61b4ca4ae2e3feeef22faf62af2;2eda34f589a502ed96d65bbdc8ce37cfa225aedf755805a5453eb8c40e926d43;2909761266532f15be992976ff4f8ac5e86198994135f5fd6e17f4930c1de8f6;dd5239737a286de14f0cb94cb934e788a2734baa54fafb493cc326ab118f98e2;5a78db14b37ff087cca9b8e7ae1d939130ba7789dbd8be26558670e88d809950;60556989c07686cc4af51409c4e0761edc273bafa18a65e6a0c4fdc3ac96c4cc;d5a42e856f7a486094b1a52da7413fa582d45472ab18a6ae572bba1930a8069c;efedc570ed4198bb4143b012c1926c817a047bd23278b2b2b19270889b52d13b;e5e85e9677a374bd30beeeb7848a802f790f9425b78fe84c0ef8096e2394b297,median elapsed calendar days among deterministic exact-ID matches with chronological dates,Sample size 1352. Exact jurisdiction + tracking-ID matches are used first; exact jurisdiction + APN matches are used second. No address or fuzzy matching.,matched_subset_not_population_estimate
permitting_timelines,matched_entitlement_to_permit_median_days,Matched entitlement-to-permit median,06055,Napa,2018-2025 matched records,2025-12-31,multi-year matched-project summary,87.5,days,CA_HCD_APR_TABLE_A;CA_HCD_APR_TABLE_A2,HCD-APR-TABLE-A-2018-portal-current;HCD-APR-TABLE-A-2019-portal-current;HCD-APR-TABLE-A-2020-portal-current;HCD-APR-TABLE-A-2021-portal-current;HCD-APR-TABLE-A-2022-portal-current;HCD-APR-TABLE-A-2023-portal-current;HCD-APR-TABLE-A-2024-portal-current;HCD-APR-TABLE-A-2025-portal-current;HCD-APR-TABLE-A2-2018-portal-current;HCD-APR-TABLE-A2-2019-portal-current;HCD-APR-TABLE-A2-2020-portal-current;HCD-APR-TABLE-A2-2021-portal-current;HCD-APR-TABLE-A2-2022-portal-current;HCD-APR-TABLE-A2-2023-portal-current;HCD-APR-TABLE-A2-2024-portal-current;HCD-APR-TABLE-A2-2025-portal-current,2026-08-10T17:11:13Z,c5cee4fbdeba70dfa06045e45ea217a2aca9e0594fe6a2da9144529a1cc1bc25;6f24c832cc9b927766fa5257f444024ffabc785e83ee1d5d9932243d95b14371;11aa51318922cdb7f838c55d1b07009fc196e7fe46ea39c1222e20a86c988429;97ab0c3387bdf49a07720594cb3ea612a85aca39503f8ca9f0c9c0af8e800bda;1bca81f3a972f3d1eced27a3e2fdf4268fc4f1031af1dd0698cbf39fa018fb04;1b140c61910e1eb3a1b01eb1837038d4a59ca05ac73198496fd1b3d77823f8c8;0d33c498629bfd21f3b9707fd1c4810fcb4fd6d8542c25aec64360305c105d2f;bec330a57d4f495f88b52cfed29d66223ec2d61b4ca4ae2e3feeef22faf62af2;2eda34f589a502ed96d65bbdc8ce37cfa225aedf755805a5453eb8c40e926d43;2909761266532f15be992976ff4f8ac5e86198994135f5fd6e17f4930c1de8f6;dd5239737a286de14f0cb94cb934e788a2734baa54fafb493cc326ab118f98e2;5a78db14b37ff087cca9b8e7ae1d939130ba7789dbd8be26558670e88d809950;60556989c07686cc4af51409c4e0761edc273bafa18a65e6a0c4fdc3ac96c4cc;d5a42e856f7a486094b1a52da7413fa582d45472ab18a6ae572bba1930a8069c;efedc570ed4198bb4143b012c1926c817a047bd23278b2b2b19270889b52d13b;e5e85e9677a374bd30beeeb7848a802f790f9425b78fe84c0ef8096e2394b297,median elapsed calendar days among deterministic exact-ID matches with chronological dates,Sample size 1352. Exact jurisdiction + tracking-ID matches are used first; exact jurisdiction + APN matches are used second. No address or fuzzy matching.,matched_subset_not_population_estimate
permitting_timelines,matched_entitlement_to_permit_median_days,Matched entitlement-to-permit median,06075,San Francisco,2018-2025 matched records,2025-12-31,multi-year matched-project summary,287.0,days,CA_HCD_APR_TABLE_A;CA_HCD_APR_TABLE_A2,HCD-APR-TABLE-A-2018-portal-current;HCD-APR-TABLE-A-2019-portal-current;HCD-APR-TABLE-A-2020-portal-current;HCD-APR-TABLE-A-2021-portal-current;HCD-APR-TABLE-A-2022-portal-current;HCD-APR-TABLE-A-2023-portal-current;HCD-APR-TABLE-A-2024-portal-current;HCD-APR-TABLE-A-2025-portal-current;HCD-APR-TABLE-A2-2018-portal-current;HCD-APR-TABLE-A2-2019-portal-current;HCD-APR-TABLE-A2-2020-portal-current;HCD-APR-TABLE-A2-2021-portal-current;HCD-APR-TABLE-A2-2022-portal-current;HCD-APR-TABLE-A2-2023-portal-current;HCD-APR-TABLE-A2-2024-portal-current;HCD-APR-TABLE-A2-2025-portal-current,2026-08-10T17:11:13Z,c5cee4fbdeba70dfa06045e45ea217a2aca9e0594fe6a2da9144529a1cc1bc25;6f24c832cc9b927766fa5257f444024ffabc785e83ee1d5d9932243d95b14371;11aa51318922cdb7f838c55d1b07009fc196e7fe46ea39c1222e20a86c988429;97ab0c3387bdf49a07720594cb3ea612a85aca39503f8ca9f0c9c0af8e800bda;1bca81f3a972f3d1eced27a3e2fdf4268fc4f1031af1dd0698cbf39fa018fb04;1b140c61910e1eb3a1b01eb1837038d4a59ca05ac73198496fd1b3d77823f8c8;0d33c498629bfd21f3b9707fd1c4810fcb4fd6d8542c25aec64360305c105d2f;bec330a57d4f495f88b52cfed29d66223ec2d61b4ca4ae2e3feeef22faf62af2;2eda34f589a502ed96d65bbdc8ce37cfa225aedf755805a5453eb8c40e926d43;2909761266532f15be992976ff4f8ac5e86198994135f5fd6e17f4930c1de8f6;dd5239737a286de14f0cb94cb934e788a2734baa54fafb493cc326ab118f98e2;5a78db14b37ff087cca9b8e7ae1d939130ba7789dbd8be26558670e88d809950;60556989c07686cc4af51409c4e0761edc273bafa18a65e6a0c4fdc3ac96c4cc;d5a42e856f7a486094b1a52da7413fa582d45472ab18a6ae572bba1930a8069c;efedc570ed4198bb4143b012c1926c817a047bd23278b2b2b19270889b52d13b;e5e85e9677a374bd30beeeb7848a802f790f9425b78fe84c0ef8096e2394b297,median elapsed calendar days among deterministic exact-ID matches with chronological dates,Sample size 1352. Exact jurisdiction + tracking-ID matches are used first; exact jurisdiction + APN matches are used second. No address or fuzzy matching.,matched_subset_not_population_estimate
permitting_timelines,matched_entitlement_to_permit_median_days,Matched entitlement-to-permit median,06081,San Mateo,2018-2025 matched records,2025-12-31,multi-year matched-project summary,76.5,days,CA_HCD_APR_TABLE_A;CA_HCD_APR_TABLE_A2,HCD-APR-TABLE-A-2018-portal-current;HCD-APR-TABLE-A-2019-portal-current;HCD-APR-TABLE-A-2020-portal-current;HCD-APR-TABLE-A-2021-portal-current;HCD-APR-TABLE-A-2022-portal-current;HCD-APR-TABLE-A-2023-portal-current;HCD-APR-TABLE-A-2024-portal-current;HCD-APR-TABLE-A-2025-portal-current;HCD-APR-TABLE-A2-2018-portal-current;HCD-APR-TABLE-A2-2019-portal-current;HCD-APR-TABLE-A2-2020-portal-current;HCD-APR-TABLE-A2-2021-portal-current;HCD-APR-TABLE-A2-2022-portal-current;HCD-APR-TABLE-A2-2023-portal-current;HCD-APR-TABLE-A2-2024-portal-current;HCD-APR-TABLE-A2-2025-portal-current,2026-08-10T17:11:13Z,c5cee4fbdeba70dfa06045e45ea217a2aca9e0594fe6a2da9144529a1cc1bc25;6f24c832cc9b927766fa5257f444024ffabc785e83ee1d5d9932243d95b14371;11aa51318922cdb7f838c55d1b07009fc196e7fe46ea39c1222e20a86c988429;97ab0c3387bdf49a07720594cb3ea612a85aca39503f8ca9f0c9c0af8e800bda;1bca81f3a972f3d1eced27a3e2fdf4268fc4f1031af1dd0698cbf39fa018fb04;1b140c61910e1eb3a1b01eb1837038d4a59ca05ac73198496fd1b3d77823f8c8;0d33c498629bfd21f3b9707fd1c4810fcb4fd6d8542c25aec64360305c105d2f;bec330a57d4f495f88b52cfed29d66223ec2d61b4ca4ae2e3feeef22faf62af2;2eda34f589a502ed96d65bbdc8ce37cfa225aedf755805a5453eb8c40e926d43;2909761266532f15be992976ff4f8ac5e86198994135f5fd6e17f4930c1de8f6;dd5239737a286de14f0cb94cb934e788a2734baa54fafb493cc326ab118f98e2;5a78db14b37ff087cca9b8e7ae1d939130ba7789dbd8be26558670e88d809950;60556989c07686cc4af51409c4e0761edc273bafa18a65e6a0c4fdc3ac96c4cc;d5a42e856f7a486094b1a52da7413fa582d45472ab18a6ae572bba1930a8069c;efedc570ed4198bb4143b012c1926c817a047bd23278b2b2b19270889b52d13b;e5e85e9677a374bd30beeeb7848a802f790f9425b78fe84c0ef8096e2394b297,median elapsed calendar days among deterministic exact-ID matches with chronological dates,Sample size 1352. Exact jurisdiction + tracking-ID matches are used first; exact jurisdiction + APN matches are used second. No address or fuzzy matching.,matched_subset_not_population_estimate
permitting_timelines,matched_entitlement_to_permit_median_days,Matched entitlement-to-permit median,06085,Santa Clara,2018-2025 matched records,2025-12-31,multi-year matched-project summary,0.0,days,CA_HCD_APR_TABLE_A;CA_HCD_APR_TABLE_A2,HCD-APR-TABLE-A-2018-portal-current;HCD-APR-TABLE-A-2019-portal-current;HCD-APR-TABLE-A-2020-portal-current;HCD-APR-TABLE-A-2021-portal-current;HCD-APR-TABLE-A-2022-portal-current;HCD-APR-TABLE-A-2023-portal-current;HCD-APR-TABLE-A-2024-portal-current;HCD-APR-TABLE-A-2025-portal-current;HCD-APR-TABLE-A2-2018-portal-current;HCD-APR-TABLE-A2-2019-portal-current;HCD-APR-TABLE-A2-2020-portal-current;HCD-APR-TABLE-A2-2021-portal-current;HCD-APR-TABLE-A2-2022-portal-current;HCD-APR-TABLE-A2-2023-portal-current;HCD-APR-TABLE-A2-2024-portal-current;HCD-APR-TABLE-A2-2025-portal-current,2026-08-10T17:11:13Z,c5cee4fbdeba70dfa06045e45ea217a2aca9e0594fe6a2da9144529a1cc1bc25;6f24c832cc9b927766fa5257f444024ffabc785e83ee1d5d9932243d95b14371;11aa51318922cdb7f838c55d1b07009fc196e7fe46ea39c1222e20a86c988429;97ab0c3387bdf49a07720594cb3ea612a85aca39503f8ca9f0c9c0af8e800bda;1bca81f3a972f3d1eced27a3e2fdf4268fc4f1031af1dd0698cbf39fa018fb04;1b140c61910e1eb3a1b01eb1837038d4a59ca05ac73198496fd1b3d77823f8c8;0d33c498629bfd21f3b9707fd1c4810fcb4fd6d8542c25aec64360305c105d2f;bec330a57d4f495f88b52cfed29d66223ec2d61b4ca4ae2e3feeef22faf62af2;2eda34f589a502ed96d65bbdc8ce37cfa225aedf755805a5453eb8c40e926d43;2909761266532f15be992976ff4f8ac5e86198994135f5fd6e17f4930c1de8f6;dd5239737a286de14f0cb94cb934e788a2734baa54fafb493cc326ab118f98e2;5a78db14b37ff087cca9b8e7ae1d939130ba7789dbd8be26558670e88d809950;60556989c07686cc4af51409c4e0761edc273bafa18a65e6a0c4fdc3ac96c4cc;d5a42e856f7a486094b1a52da7413fa582d45472ab18a6ae572bba1930a8069c;efedc570ed4198bb4143b012c1926c817a047bd23278b2b2b19270889b52d13b;e5e85e9677a374bd30beeeb7848a802f790f9425b78fe84c0ef8096e2394b297,median elapsed calendar days among deterministic exact-ID matches with chronological dates,Sample size 1352. Exact jurisdiction + tracking-ID matches are used first; exact jurisdiction + APN matches are used second. No address or fuzzy matching.,matched_subset_not_population_estimate
permitting_timelines,matched_entitlement_to_permit_median_days,Matched entitlement-to-permit median,06095,Solano,2018-2025 matched records,2025-12-31,multi-year matched-project summary,0.0,days,CA_HCD_APR_TABLE_A;CA_HCD_APR_TABLE_A2,HCD-APR-TABLE-A-2018-portal-current;HCD-APR-TABLE-A-2019-portal-current;HCD-APR-TABLE-A-2020-portal-current;HCD-APR-TABLE-A-2021-portal-current;HCD-APR-TABLE-A-2022-portal-current;HCD-APR-TABLE-A-2023-portal-current;HCD-APR-TABLE-A-2024-portal-current;HCD-APR-TABLE-A-2025-portal-current;HCD-APR-TABLE-A2-2018-portal-current;HCD-APR-TABLE-A2-2019-portal-current;HCD-APR-TABLE-A2-2020-portal-current;HCD-APR-TABLE-A2-2021-portal-current;HCD-APR-TABLE-A2-2022-portal-current;HCD-APR-TABLE-A2-2023-portal-current;HCD-APR-TABLE-A2-2024-portal-current;HCD-APR-TABLE-A2-2025-portal-current,2026-08-10T17:11:13Z,c5cee4fbdeba70dfa06045e45ea217a2aca9e0594fe6a2da9144529a1cc1bc25;6f24c832cc9b927766fa5257f444024ffabc785e83ee1d5d9932243d95b14371;11aa51318922cdb7f838c55d1b07009fc196e7fe46ea39c1222e20a86c988429;97ab0c3387bdf49a07720594cb3ea612a85aca39503f8ca9f0c9c0af8e800bda;1bca81f3a972f3d1eced27a3e2fdf4268fc4f1031af1dd0698cbf39fa018fb04;1b140c61910e1eb3a1b01eb1837038d4a59ca05ac73198496fd1b3d77823f8c8;0d33c498629bfd21f3b9707fd1c4810fcb4fd6d8542c25aec64360305c105d2f;bec330a57d4f495f88b52cfed29d66223ec2d61b4ca4ae2e3feeef22faf62af2;2eda34f589a502ed96d65bbdc8ce37cfa225aedf755805a5453eb8c40e926d43;2909761266532f15be992976ff4f8ac5e86198994135f5fd6e17f4930c1de8f6;dd5239737a286de14f0cb94cb934e788a2734baa54fafb493cc326ab118f98e2;5a78db14b37ff087cca9b8e7ae1d939130ba7789dbd8be26558670e88d809950;60556989c07686cc4af51409c4e0761edc273bafa18a65e6a0c4fdc3ac96c4cc;d5a42e856f7a486094b1a52da7413fa582d45472ab18a6ae572bba1930a8069c;efedc570ed4198bb4143b012c1926c817a047bd23278b2b2b19270889b52d13b;e5e85e9677a374bd30beeeb7848a802f790f9425b78fe84c0ef8096e2394b297,median elapsed calendar days among deterministic exact-ID matches with chronological dates,Sample size 1352. Exact jurisdiction + tracking-ID matches are used first; exact jurisdiction + APN matches are used second. No address or fuzzy matching.,matched_subset_not_population_estimate
permitting_timelines,matched_entitlement_to_permit_median_days,Matched entitlement-to-permit median,06097,Sonoma,2018-2025 matched records,2025-12-31,multi-year matched-project summary,74.0,days,CA_HCD_APR_TABLE_A;CA_HCD_APR_TABLE_A2,HCD-APR-TABLE-A-2018-portal-current;HCD-APR-TABLE-A-2019-portal-current;HCD-APR-TABLE-A-2020-portal-current;HCD-APR-TABLE-A-2021-portal-current;HCD-APR-TABLE-A-2022-portal-current;HCD-APR-TABLE-A-2023-portal-current;HCD-APR-TABLE-A-2024-portal-current;HCD-APR-TABLE-A-2025-portal-current;HCD-APR-TABLE-A2-2018-portal-current;HCD-APR-TABLE-A2-2019-portal-current;HCD-APR-TABLE-A2-2020-portal-current;HCD-APR-TABLE-A2-2021-portal-current;HCD-APR-TABLE-A2-2022-portal-current;HCD-APR-TABLE-A2-2023-portal-current;HCD-APR-TABLE-A2-2024-portal-current;HCD-APR-TABLE-A2-2025-portal-current,2026-08-10T17:11:13Z,c5cee4fbdeba70dfa06045e45ea217a2aca9e0594fe6a2da9144529a1cc1bc25;6f24c832cc9b927766fa5257f444024ffabc785e83ee1d5d9932243d95b14371;11aa51318922cdb7f838c55d1b07009fc196e7fe46ea39c1222e20a86c988429;97ab0c3387bdf49a07720594cb3ea612a85aca39503f8ca9f0c9c0af8e800bda;1bca81f3a972f3d1eced27a3e2fdf4268fc4f1031af1dd0698cbf39fa018fb04;1b140c61910e1eb3a1b01eb1837038d4a59ca05ac73198496fd1b3d77823f8c8;0d33c498629bfd21f3b9707fd1c4810fcb4fd6d8542c25aec64360305c105d2f;bec330a57d4f495f88b52cfed29d66223ec2d61b4ca4ae2e3feeef22faf62af2;2eda34f589a502ed96d65bbdc8ce37cfa225aedf755805a5453eb8c40e926d43;2909761266532f15be992976ff4f8ac5e86198994135f5fd6e17f4930c1de8f6;dd5239737a286de14f0cb94cb934e788a2734baa54fafb493cc326ab118f98e2;5a78db14b37ff087cca9b8e7ae1d939130ba7789dbd8be26558670e88d809950;60556989c07686cc4af51409c4e0761edc273bafa18a65e6a0c4fdc3ac96c4cc;d5a42e856f7a486094b1a52da7413fa582d45472ab18a6ae572bba1930a8069c;efedc570ed4198bb4143b012c1926c817a047bd23278b2b2b19270889b52d13b;e5e85e9677a374bd30beeeb7848a802f790f9425b78fe84c0ef8096e2394b297,median elapsed calendar days among deterministic exact-ID matches with chronological dates,Sample size 1352. Exact jurisdiction + tracking-ID matches are used first; exact jurisdiction + APN matches are used second. No address or fuzzy matching.,matched_subset_not_population_estimate
permitting_timelines,matched_permit_to_completion_median_days,Matched permit-to-completion median,06001,Alameda,2018-2025 matched records,2025-12-31,multi-year matched-project summary,317.0,days,CA_HCD_APR_TABLE_A;CA_HCD_APR_TABLE_A2,HCD-APR-TABLE-A-2018-portal-current;HCD-APR-TABLE-A-2019-portal-current;HCD-APR-TABLE-A-2020-portal-current;HCD-APR-TABLE-A-2021-portal-current;HCD-APR-TABLE-A-2022-portal-current;HCD-APR-TABLE-A-2023-portal-current;HCD-APR-TABLE-A-2024-portal-current;HCD-APR-TABLE-A-2025-portal-current;HCD-APR-TABLE-A2-2018-portal-current;HCD-APR-TABLE-A2-2019-portal-current;HCD-APR-TABLE-A2-2020-portal-current;HCD-APR-TABLE-A2-2021-portal-current;HCD-APR-TABLE-A2-2022-portal-current;HCD-APR-TABLE-A2-2023-portal-current;HCD-APR-TABLE-A2-2024-portal-current;HCD-APR-TABLE-A2-2025-portal-current,2026-08-10T17:11:13Z,c5cee4fbdeba70dfa06045e45ea217a2aca9e0594fe6a2da9144529a1cc1bc25;6f24c832cc9b927766fa5257f444024ffabc785e83ee1d5d9932243d95b14371;11aa51318922cdb7f838c55d1b07009fc196e7fe46ea39c1222e20a86c988429;97ab0c3387bdf49a07720594cb3ea612a85aca39503f8ca9f0c9c0af8e800bda;1bca81f3a972f3d1eced27a3e2fdf4268fc4f1031af1dd0698cbf39fa018fb04;1b140c61910e1eb3a1b01eb1837038d4a59ca05ac73198496fd1b3d77823f8c8;0d33c498629bfd21f3b9707fd1c4810fcb4fd6d8542c25aec64360305c105d2f;bec330a57d4f495f88b52cfed29d66223ec2d61b4ca4ae2e3feeef22faf62af2;2eda34f589a502ed96d65bbdc8ce37cfa225aedf755805a5453eb8c40e926d43;2909761266532f15be992976ff4f8ac5e86198994135f5fd6e17f4930c1de8f6;dd5239737a286de14f0cb94cb934e788a2734baa54fafb493cc326ab118f98e2;5a78db14b37ff087cca9b8e7ae1d939130ba7789dbd8be26558670e88d809950;60556989c07686cc4af51409c4e0761edc273bafa18a65e6a0c4fdc3ac96c4cc;d5a42e856f7a486094b1a52da7413fa582d45472ab18a6ae572bba1930a8069c;efedc570ed4198bb4143b012c1926c817a047bd23278b2b2b19270889b52d13b;e5e85e9677a374bd30beeeb7848a802f790f9425b78fe84c0ef8096e2394b297,median elapsed calendar days among deterministic exact-ID matches with chronological dates,Sample size 1674. Exact jurisdiction + tracking-ID matches are used first; exact jurisdiction + APN matches are used second. No address or fuzzy matching.,matched_subset_not_population_estimate
permitting_timelines,matched_permit_to_completion_median_days,Matched permit-to-completion median,06013,Contra Costa,2018-2025 matched records,2025-12-31,multi-year matched-project summary,323.0,days,CA_HCD_APR_TABLE_A;CA_HCD_APR_TABLE_A2,HCD-APR-TABLE-A-2018-portal-current;HCD-APR-TABLE-A-2019-portal-current;HCD-APR-TABLE-A-2020-portal-current;HCD-APR-TABLE-A-2021-portal-current;HCD-APR-TABLE-A-2022-portal-current;HCD-APR-TABLE-A-2023-portal-current;HCD-APR-TABLE-A-2024-portal-current;HCD-APR-TABLE-A-2025-portal-current;HCD-APR-TABLE-A2-2018-portal-current;HCD-APR-TABLE-A2-2019-portal-current;HCD-APR-TABLE-A2-2020-portal-current;HCD-APR-TABLE-A2-2021-portal-current;HCD-APR-TABLE-A2-2022-portal-current;HCD-APR-TABLE-A2-2023-portal-current;HCD-APR-TABLE-A2-2024-portal-current;HCD-APR-TABLE-A2-2025-portal-current,2026-08-10T17:11:13Z,c5cee4fbdeba70dfa06045e45ea217a2aca9e0594fe6a2da9144529a1cc1bc25;6f24c832cc9b927766fa5257f444024ffabc785e83ee1d5d9932243d95b14371;11aa51318922cdb7f838c55d1b07009fc196e7fe46ea39c1222e20a86c988429;97ab0c3387bdf49a07720594cb3ea612a85aca39503f8ca9f0c9c0af8e800bda;1bca81f3a972f3d1eced27a3e2fdf4268fc4f1031af1dd0698cbf39fa018fb04;1b140c61910e1eb3a1b01eb1837038d4a59ca05ac73198496fd1b3d77823f8c8;0d33c498629bfd21f3b9707fd1c4810fcb4fd6d8542c25aec64360305c105d2f;bec330a57d4f495f88b52cfed29d66223ec2d61b4ca4ae2e3feeef22faf62af2;2eda34f589a502ed96d65bbdc8ce37cfa225aedf755805a5453eb8c40e926d43;2909761266532f15be992976ff4f8ac5e86198994135f5fd6e17f4930c1de8f6;dd5239737a286de14f0cb94cb934e788a2734baa54fafb493cc326ab118f98e2;5a78db14b37ff087cca9b8e7ae1d939130ba7789dbd8be26558670e88d809950;60556989c07686cc4af51409c4e0761edc273bafa18a65e6a0c4fdc3ac96c4cc;d5a42e856f7a486094b1a52da7413fa582d45472ab18a6ae572bba1930a8069c;efedc570ed4198bb4143b012c1926c817a047bd23278b2b2b19270889b52d13b;e5e85e9677a374bd30beeeb7848a802f790f9425b78fe84c0ef8096e2394b297,median elapsed calendar days among deterministic exact-ID matches with chronological dates,Sample size 1674. Exact jurisdiction + tracking-ID matches are used first; exact jurisdiction + APN matches are used second. No address or fuzzy matching.,matched_subset_not_population_estimate
permitting_timelines,matched_permit_to_completion_median_days,Matched permit-to-completion median,06041,Marin,2018-2025 matched records,2025-12-31,multi-year matched-project summary,413.0,days,CA_HCD_APR_TABLE_A;CA_HCD_APR_TABLE_A2,HCD-APR-TABLE-A-2018-portal-current;HCD-APR-TABLE-A-2019-portal-current;HCD-APR-TABLE-A-2020-portal-current;HCD-APR-TABLE-A-2021-portal-current;HCD-APR-TABLE-A-2022-portal-current;HCD-APR-TABLE-A-2023-portal-current;HCD-APR-TABLE-A-2024-portal-current;HCD-APR-TABLE-A-2025-portal-current;HCD-APR-TABLE-A2-2018-portal-current;HCD-APR-TABLE-A2-2019-portal-current;HCD-APR-TABLE-A2-2020-portal-current;HCD-APR-TABLE-A2-2021-portal-current;HCD-APR-TABLE-A2-2022-portal-current;HCD-APR-TABLE-A2-2023-portal-current;HCD-APR-TABLE-A2-2024-portal-current;HCD-APR-TABLE-A2-2025-portal-current,2026-08-10T17:11:13Z,c5cee4fbdeba70dfa06045e45ea217a2aca9e0594fe6a2da9144529a1cc1bc25;6f24c832cc9b927766fa5257f444024ffabc785e83ee1d5d9932243d95b14371;11aa51318922cdb7f838c55d1b07009fc196e7fe46ea39c1222e20a86c988429;97ab0c3387bdf49a07720594cb3ea612a85aca39503f8ca9f0c9c0af8e800bda;1bca81f3a972f3d1eced27a3e2fdf4268fc4f1031af1dd0698cbf39fa018fb04;1b140c61910e1eb3a1b01eb1837038d4a59ca05ac73198496fd1b3d77823f8c8;0d33c498629bfd21f3b9707fd1c4810fcb4fd6d8542c25aec64360305c105d2f;bec330a57d4f495f88b52cfed29d66223ec2d61b4ca4ae2e3feeef22faf62af2;2eda34f589a502ed96d65bbdc8ce37cfa225aedf755805a5453eb8c40e926d43;2909761266532f15be992976ff4f8ac5e86198994135f5fd6e17f4930c1de8f6;dd5239737a286de14f0cb94cb934e788a2734baa54fafb493cc326ab118f98e2;5a78db14b37ff087cca9b8e7ae1d939130ba7789dbd8be26558670e88d809950;60556989c07686cc4af51409c4e0761edc273bafa18a65e6a0c4fdc3ac96c4cc;d5a42e856f7a486094b1a52da7413fa582d45472ab18a6ae572bba1930a8069c;efedc570ed4198bb4143b012c1926c817a047bd23278b2b2b19270889b52d13b;e5e85e9677a374bd30beeeb7848a802f790f9425b78fe84c0ef8096e2394b297,median elapsed calendar days among deterministic exact-ID matches with chronological dates,Sample size 1674. Exact jurisdiction + tracking-ID matches are used first; exact jurisdiction + APN matches are used second. No address or fuzzy matching.,matched_subset_not_population_estimate
permitting_timelines,matched_permit_to_completion_median_days,Matched permit-to-completion median,06055,Napa,2018-2025 matched records,2025-12-31,multi-year matched-project summary,421.0,days,CA_HCD_APR_TABLE_A;CA_HCD_APR_TABLE_A2,HCD-APR-TABLE-A-2018-portal-current;HCD-APR-TABLE-A-2019-portal-current;HCD-APR-TABLE-A-2020-portal-current;HCD-APR-TABLE-A-2021-portal-current;HCD-APR-TABLE-A-2022-portal-current;HCD-APR-TABLE-A-2023-portal-current;HCD-APR-TABLE-A-2024-portal-current;HCD-APR-TABLE-A-2025-portal-current;HCD-APR-TABLE-A2-2018-portal-current;HCD-APR-TABLE-A2-2019-portal-current;HCD-APR-TABLE-A2-2020-portal-current;HCD-APR-TABLE-A2-2021-portal-current;HCD-APR-TABLE-A2-2022-portal-current;HCD-APR-TABLE-A2-2023-portal-current;HCD-APR-TABLE-A2-2024-portal-current;HCD-APR-TABLE-A2-2025-portal-current,2026-08-10T17:11:13Z,c5cee4fbdeba70dfa06045e45ea217a2aca9e0594fe6a2da9144529a1cc1bc25;6f24c832cc9b927766fa5257f444024ffabc785e83ee1d5d9932243d95b14371;11aa51318922cdb7f838c55d1b07009fc196e7fe46ea39c1222e20a86c988429;97ab0c3387bdf49a07720594cb3ea612a85aca39503f8ca9f0c9c0af8e800bda;1bca81f3a972f3d1eced27a3e2fdf4268fc4f1031af1dd0698cbf39fa018fb04;1b140c61910e1eb3a1b01eb1837038d4a59ca05ac73198496fd1b3d77823f8c8;0d33c498629bfd21f3b9707fd1c4810fcb4fd6d8542c25aec64360305c105d2f;bec330a57d4f495f88b52cfed29d66223ec2d61b4ca4ae2e3feeef22faf62af2;2eda34f589a502ed96d65bbdc8ce37cfa225aedf755805a5453eb8c40e926d43;2909761266532f15be992976ff4f8ac5e86198994135f5fd6e17f4930c1de8f6;dd5239737a286de14f0cb94cb934e788a2734baa54fafb493cc326ab118f98e2;5a78db14b37ff087cca9b8e7ae1d939130ba7789dbd8be26558670e88d809950;60556989c07686cc4af51409c4e0761edc273bafa18a65e6a0c4fdc3ac96c4cc;d5a42e856f7a486094b1a52da7413fa582d45472ab18a6ae572bba1930a8069c;efedc570ed4198bb4143b012c1926c817a047bd23278b2b2b19270889b52d13b;e5e85e9677a374bd30beeeb7848a802f790f9425b78fe84c0ef8096e2394b297,median elapsed calendar days among deterministic exact-ID matches with chronological dates,Sample size 1674. Exact jurisdiction + tracking-ID matches are used first; exact jurisdiction + APN matches are used second. No address or fuzzy matching.,matched_subset_not_population_estimate
permitting_timelines,matched_permit_to_completion_median_days,Matched permit-to-completion median,06075,San Francisco,2018-2025 matched records,2025-12-31,multi-year matched-project summary,497.0,days,CA_HCD_APR_TABLE_A;CA_HCD_APR_TABLE_A2,HCD-APR-TABLE-A-2018-portal-current;HCD-APR-TABLE-A-2019-portal-current;HCD-APR-TABLE-A-2020-portal-current;HCD-APR-TABLE-A-2021-portal-current;HCD-APR-TABLE-A-2022-portal-current;HCD-APR-TABLE-A-2023-portal-current;HCD-APR-TABLE-A-2024-portal-current;HCD-APR-TABLE-A-2025-portal-current;HCD-APR-TABLE-A2-2018-portal-current;HCD-APR-TABLE-A2-2019-portal-current;HCD-APR-TABLE-A2-2020-portal-current;HCD-APR-TABLE-A2-2021-portal-current;HCD-APR-TABLE-A2-2022-portal-current;HCD-APR-TABLE-A2-2023-portal-current;HCD-APR-TABLE-A2-2024-portal-current;HCD-APR-TABLE-A2-2025-portal-current,2026-08-10T17:11:13Z,c5cee4fbdeba70dfa06045e45ea217a2aca9e0594fe6a2da9144529a1cc1bc25;6f24c832cc9b927766fa5257f444024ffabc785e83ee1d5d9932243d95b14371;11aa51318922cdb7f838c55d1b07009fc196e7fe46ea39c1222e20a86c988429;97ab0c3387bdf49a07720594cb3ea612a85aca39503f8ca9f0c9c0af8e800bda;1bca81f3a972f3d1eced27a3e2fdf4268fc4f1031af1dd0698cbf39fa018fb04;1b140c61910e1eb3a1b01eb1837038d4a59ca05ac73198496fd1b3d77823f8c8;0d33c498629bfd21f3b9707fd1c4810fcb4fd6d8542c25aec64360305c105d2f;bec330a57d4f495f88b52cfed29d66223ec2d61b4ca4ae2e3feeef22faf62af2;2eda34f589a502ed96d65bbdc8ce37cfa225aedf755805a5453eb8c40e926d43;2909761266532f15be992976ff4f8ac5e86198994135f5fd6e17f4930c1de8f6;dd5239737a286de14f0cb94cb934e788a2734baa54fafb493cc326ab118f98e2;5a78db14b37ff087cca9b8e7ae1d939130ba7789dbd8be26558670e88d809950;60556989c07686cc4af51409c4e0761edc273bafa18a65e6a0c4fdc3ac96c4cc;d5a42e856f7a486094b1a52da7413fa582d45472ab18a6ae572bba1930a8069c;efedc570ed4198bb4143b012c1926c817a047bd23278b2b2b19270889b52d13b;e5e85e9677a374bd30beeeb7848a802f790f9425b78fe84c0ef8096e2394b297,median elapsed calendar days among deterministic exact-ID matches with chronological dates,Sample size 1674. Exact jurisdiction + tracking-ID matches are used first; exact jurisdiction + APN matches are used second. No address or fuzzy matching.,matched_subset_not_population_estimate
permitting_timelines,matched_permit_to_completion_median_days,Matched permit-to-completion median,06081,San Mateo,2018-2025 matched records,2025-12-31,multi-year matched-project summary,360.0,days,CA_HCD_APR_TABLE_A;CA_HCD_APR_TABLE_A2,HCD-APR-TABLE-A-2018-portal-current;HCD-APR-TABLE-A-2019-portal-current;HCD-APR-TABLE-A-2020-portal-current;HCD-APR-TABLE-A-2021-portal-current;HCD-APR-TABLE-A-2022-portal-current;HCD-APR-TABLE-A-2023-portal-current;HCD-APR-TABLE-A-2024-portal-current;HCD-APR-TABLE-A-2025-portal-current;HCD-APR-TABLE-A2-2018-portal-current;HCD-APR-TABLE-A2-2019-portal-current;HCD-APR-TABLE-A2-2020-portal-current;HCD-APR-TABLE-A2-2021-portal-current;HCD-APR-TABLE-A2-2022-portal-current;HCD-APR-TABLE-A2-2023-portal-current;HCD-APR-TABLE-A2-2024-portal-current;HCD-APR-TABLE-A2-2025-portal-current,2026-08-10T17:11:13Z,c5cee4fbdeba70dfa06045e45ea217a2aca9e0594fe6a2da9144529a1cc1bc25;6f24c832cc9b927766fa5257f444024ffabc785e83ee1d5d9932243d95b14371;11aa51318922cdb7f838c55d1b07009fc196e7fe46ea39c1222e20a86c988429;97ab0c3387bdf49a07720594cb3ea612a85aca39503f8ca9f0c9c0af8e800bda;1bca81f3a972f3d1eced27a3e2fdf4268fc4f1031af1dd0698cbf39fa018fb04;1b140c61910e1eb3a1b01eb1837038d4a59ca05ac73198496fd1b3d77823f8c8;0d33c498629bfd21f3b9707fd1c4810fcb4fd6d8542c25aec64360305c105d2f;bec330a57d4f495f88b52cfed29d66223ec2d61b4ca4ae2e3feeef22faf62af2;2eda34f589a502ed96d65bbdc8ce37cfa225aedf755805a5453eb8c40e926d43;2909761266532f15be992976ff4f8ac5e86198994135f5fd6e17f4930c1de8f6;dd5239737a286de14f0cb94cb934e788a2734baa54fafb493cc326ab118f98e2;5a78db14b37ff087cca9b8e7ae1d939130ba7789dbd8be26558670e88d809950;60556989c07686cc4af51409c4e0761edc273bafa18a65e6a0c4fdc3ac96c4cc;d5a42e856f7a486094b1a52da7413fa582d45472ab18a6ae572bba1930a8069c;efedc570ed4198bb4143b012c1926c817a047bd23278b2b2b19270889b52d13b;e5e85e9677a374bd30beeeb7848a802f790f9425b78fe84c0ef8096e2394b297,median elapsed calendar days among deterministic exact-ID matches with chronological dates,Sample size 1674. Exact jurisdiction + tracking-ID matches are used first; exact jurisdiction + APN matches are used second. No address or fuzzy matching.,matched_subset_not_population_estimate
permitting_timelines,matched_permit_to_completion_median_days,Matched permit-to-completion median,06085,Santa Clara,2018-2025 matched records,2025-12-31,multi-year matched-project summary,356.5,days,CA_HCD_APR_TABLE_A;CA_HCD_APR_TABLE_A2,HCD-APR-TABLE-A-2018-portal-current;HCD-APR-TABLE-A-2019-portal-current;HCD-APR-TABLE-A-2020-portal-current;HCD-APR-TABLE-A-2021-portal-current;HCD-APR-TABLE-A-2022-portal-current;HCD-APR-TABLE-A-2023-portal-current;HCD-APR-TABLE-A-2024-portal-current;HCD-APR-TABLE-A-2025-portal-current;HCD-APR-TABLE-A2-2018-portal-current;HCD-APR-TABLE-A2-2019-portal-current;HCD-APR-TABLE-A2-2020-portal-current;HCD-APR-TABLE-A2-2021-portal-current;HCD-APR-TABLE-A2-2022-portal-current;HCD-APR-TABLE-A2-2023-portal-current;HCD-APR-TABLE-A2-2024-portal-current;HCD-APR-TABLE-A2-2025-portal-current,2026-08-10T17:11:13Z,c5cee4fbdeba70dfa06045e45ea217a2aca9e0594fe6a2da9144529a1cc1bc25;6f24c832cc9b927766fa5257f444024ffabc785e83ee1d5d9932243d95b14371;11aa51318922cdb7f838c55d1b07009fc196e7fe46ea39c1222e20a86c988429;97ab0c3387bdf49a07720594cb3ea612a85aca39503f8ca9f0c9c0af8e800bda;1bca81f3a972f3d1eced27a3e2fdf4268fc4f1031af1dd0698cbf39fa018fb04;1b140c61910e1eb3a1b01eb1837038d4a59ca05ac73198496fd1b3d77823f8c8;0d33c498629bfd21f3b9707fd1c4810fcb4fd6d8542c25aec64360305c105d2f;bec330a57d4f495f88b52cfed29d66223ec2d61b4ca4ae2e3feeef22faf62af2;2eda34f589a502ed96d65bbdc8ce37cfa225aedf755805a5453eb8c40e926d43;2909761266532f15be992976ff4f8ac5e86198994135f5fd6e17f4930c1de8f6;dd5239737a286de14f0cb94cb934e788a2734baa54fafb493cc326ab118f98e2;5a78db14b37ff087cca9b8e7ae1d939130ba7789dbd8be26558670e88d809950;60556989c07686cc4af51409c4e0761edc273bafa18a65e6a0c4fdc3ac96c4cc;d5a42e856f7a486094b1a52da7413fa582d45472ab18a6ae572bba1930a8069c;efedc570ed4198bb4143b012c1926c817a047bd23278b2b2b19270889b52d13b;e5e85e9677a374bd30beeeb7848a802f790f9425b78fe84c0ef8096e2394b297,median elapsed calendar days among deterministic exact-ID matches with chronological dates,Sample size 1674. Exact jurisdiction + tracking-ID matches are used first; exact jurisdiction + APN matches are used second. No address or fuzzy matching.,matched_subset_not_population_estimate
permitting_timelines,matched_permit_to_completion_median_days,Matched permit-to-completion median,06095,Solano,2018-2025 matched records,2025-12-31,multi-year matched-project summary,209.0,days,CA_HCD_APR_TABLE_A;CA_HCD_APR_TABLE_A2,HCD-APR-TABLE-A-2018-portal-current;HCD-APR-TABLE-A-2019-portal-current;HCD-APR-TABLE-A-2020-portal-current;HCD-APR-TABLE-A-2021-portal-current;HCD-APR-TABLE-A-2022-portal-current;HCD-APR-TABLE-A-2023-portal-current;HCD-APR-TABLE-A-2024-portal-current;HCD-APR-TABLE-A-2025-portal-current;HCD-APR-TABLE-A2-2018-portal-current;HCD-APR-TABLE-A2-2019-portal-current;HCD-APR-TABLE-A2-2020-portal-current;HCD-APR-TABLE-A2-2021-portal-current;HCD-APR-TABLE-A2-2022-portal-current;HCD-APR-TABLE-A2-2023-portal-current;HCD-APR-TABLE-A2-2024-portal-current;HCD-APR-TABLE-A2-2025-portal-current,2026-08-10T17:11:13Z,c5cee4fbdeba70dfa06045e45ea217a2aca9e0594fe6a2da9144529a1cc1bc25;6f24c832cc9b927766fa5257f444024ffabc785e83ee1d5d9932243d95b14371;11aa51318922cdb7f838c55d1b07009fc196e7fe46ea39c1222e20a86c988429;97ab0c3387bdf49a07720594cb3ea612a85aca39503f8ca9f0c9c0af8e800bda;1bca81f3a972f3d1eced27a3e2fdf4268fc4f1031af1dd0698cbf39fa018fb04;1b140c61910e1eb3a1b01eb1837038d4a59ca05ac73198496fd1b3d77823f8c8;0d33c498629bfd21f3b9707fd1c4810fcb4fd6d8542c25aec64360305c105d2f;bec330a57d4f495f88b52cfed29d66223ec2d61b4ca4ae2e3feeef22faf62af2;2eda34f589a502ed96d65bbdc8ce37cfa225aedf755805a5453eb8c40e926d43;2909761266532f15be992976ff4f8ac5e86198994135f5fd6e17f4930c1de8f6;dd5239737a286de14f0cb94cb934e788a2734baa54fafb493cc326ab118f98e2;5a78db14b37ff087cca9b8e7ae1d939130ba7789dbd8be26558670e88d809950;60556989c07686cc4af51409c4e0761edc273bafa18a65e6a0c4fdc3ac96c4cc;d5a42e856f7a486094b1a52da7413fa582d45472ab18a6ae572bba1930a8069c;efedc570ed4198bb4143b012c1926c817a047bd23278b2b2b19270889b52d13b;e5e85e9677a374bd30beeeb7848a802f790f9425b78fe84c0ef8096e2394b297,median elapsed calendar days among deterministic exact-ID matches with chronological dates,Sample size 1674. Exact jurisdiction + tracking-ID matches are used first; exact jurisdiction + APN matches are used second. No address or fuzzy matching.,matched_subset_not_population_estimate
permitting_timelines,matched_permit_to_completion_median_days,Matched permit-to-completion median,06097,Sonoma,2018-2025 matched records,2025-12-31,multi-year matched-project summary,390.0,days,CA_HCD_APR_TABLE_A;CA_HCD_APR_TABLE_A2,HCD-APR-TABLE-A-2018-portal-current;HCD-APR-TABLE-A-2019-portal-current;HCD-APR-TABLE-A-2020-portal-current;HCD-APR-TABLE-A-2021-portal-current;HCD-APR-TABLE-A-2022-portal-current;HCD-APR-TABLE-A-2023-portal-current;HCD-APR-TABLE-A-2024-portal-current;HCD-APR-TABLE-A-2025-portal-current;HCD-APR-TABLE-A2-2018-portal-current;HCD-APR-TABLE-A2-2019-portal-current;HCD-APR-TABLE-A2-2020-portal-current;HCD-APR-TABLE-A2-2021-portal-current;HCD-APR-TABLE-A2-2022-portal-current;HCD-APR-TABLE-A2-2023-portal-current;HCD-APR-TABLE-A2-2024-portal-current;HCD-APR-TABLE-A2-2025-portal-current,2026-08-10T17:11:13Z,c5cee4fbdeba70dfa06045e45ea217a2aca9e0594fe6a2da9144529a1cc1bc25;6f24c832cc9b927766fa5257f444024ffabc785e83ee1d5d9932243d95b14371;11aa51318922cdb7f838c55d1b07009fc196e7fe46ea39c1222e20a86c988429;97ab0c3387bdf49a07720594cb3ea612a85aca39503f8ca9f0c9c0af8e800bda;1bca81f3a972f3d1eced27a3e2fdf4268fc4f1031af1dd0698cbf39fa018fb04;1b140c61910e1eb3a1b01eb1837038d4a59ca05ac73198496fd1b3d77823f8c8;0d33c498629bfd21f3b9707fd1c4810fcb4fd6d8542c25aec64360305c105d2f;bec330a57d4f495f88b52cfed29d66223ec2d61b4ca4ae2e3feeef22faf62af2;2eda34f589a502ed96d65bbdc8ce37cfa225aedf755805a5453eb8c40e926d43;2909761266532f15be992976ff4f8ac5e86198994135f5fd6e17f4930c1de8f6;dd5239737a286de14f0cb94cb934e788a2734baa54fafb493cc326ab118f98e2;5a78db14b37ff087cca9b8e7ae1d939130ba7789dbd8be26558670e88d809950;60556989c07686cc4af51409c4e0761edc273bafa18a65e6a0c4fdc3ac96c4cc;d5a42e856f7a486094b1a52da7413fa582d45472ab18a6ae572bba1930a8069c;efedc570ed4198bb4143b012c1926c817a047bd23278b2b2b19270889b52d13b;e5e85e9677a374bd30beeeb7848a802f790f9425b78fe84c0ef8096e2394b297,median elapsed calendar days among deterministic exact-ID matches with chronological dates,Sample size 1674. Exact jurisdiction + tracking-ID matches are used first; exact jurisdiction + APN matches are used second. No address or fuzzy matching.,matched_subset_not_population_estimate
zoning_and_rezoning,mixed_use_share_of_mapped_zoning_pct,Mixed-use category as share of mapped area,06001,Alameda,2021-2023 local source vintages,2024-12-19,irregular compiled inventory,0.8446129239804707,percent,CA_LCI_STATEWIDE_ZONING,California-Statewide-Zoning-North-v2024-12-19,2026-08-10T17:11:13Z,fae60397b9b7a6dcf51132defc0aaa06561f0bdd85eabbe225122d97547daa7a,county sum of dataset-provided polygon area and transparent category shares,"Compiled zoning categories are descriptive, source vintages vary by jurisdiction, and mapped area is not legal development capacity.",single_compiled_inventory_not_current_policy_score
zoning_and_rezoning,mixed_use_share_of_mapped_zoning_pct,Mixed-use category as share of mapped area,06013,Contra Costa,2021-2023 local source vintages,2024-12-19,irregular compiled inventory,0.5459396553141536,percent,CA_LCI_STATEWIDE_ZONING,California-Statewide-Zoning-North-v2024-12-19,2026-08-10T17:11:13Z,fae60397b9b7a6dcf51132defc0aaa06561f0bdd85eabbe225122d97547daa7a,county sum of dataset-provided polygon area and transparent category shares,"Compiled zoning categories are descriptive, source vintages vary by jurisdiction, and mapped area is not legal development capacity.",single_compiled_inventory_not_current_policy_score
zoning_and_rezoning,mixed_use_share_of_mapped_zoning_pct,Mixed-use category as share of mapped area,06041,Marin,2021-2023 local source vintages,2024-12-19,irregular compiled inventory,0.2724599249297026,percent,CA_LCI_STATEWIDE_ZONING,California-Statewide-Zoning-North-v2024-12-19,2026-08-10T17:11:13Z,fae60397b9b7a6dcf51132defc0aaa06561f0bdd85eabbe225122d97547daa7a,county sum of dataset-provided polygon area and transparent category shares,"Compiled zoning categories are descriptive, source vintages vary by jurisdiction, and mapped area is not legal development capacity.",single_compiled_inventory_not_current_policy_score
zoning_and_rezoning,mixed_use_share_of_mapped_zoning_pct,Mixed-use category as share of mapped area,06055,Napa,2021-2023 local source vintages,2024-12-19,irregular compiled inventory,0.03562895614680265,percent,CA_LCI_STATEWIDE_ZONING,California-Statewide-Zoning-North-v2024-12-19,2026-08-10T17:11:13Z,fae60397b9b7a6dcf51132defc0aaa06561f0bdd85eabbe225122d97547daa7a,county sum of dataset-provided polygon area and transparent category shares,"Compiled zoning categories are descriptive, source vintages vary by jurisdiction, and mapped area is not legal development capacity.",single_compiled_inventory_not_current_policy_score
zoning_and_rezoning,mixed_use_share_of_mapped_zoning_pct,Mixed-use category as share of mapped area,06075,San Francisco,2021-2023 local source vintages,2024-12-19,irregular compiled inventory,11.422806390229146,percent,CA_LCI_STATEWIDE_ZONING,California-Statewide-Zoning-North-v2024-12-19,2026-08-10T17:11:13Z,fae60397b9b7a6dcf51132defc0aaa06561f0bdd85eabbe225122d97547daa7a,county sum of dataset-provided polygon area and transparent category shares,"Compiled zoning categories are descriptive, source vintages vary by jurisdiction, and mapped area is not legal development capacity.",single_compiled_inventory_not_current_policy_score
zoning_and_rezoning,mixed_use_share_of_mapped_zoning_pct,Mixed-use category as share of mapped area,06081,San Mateo,2021-2023 local source vintages,2024-12-19,irregular compiled inventory,0.7571419909704734,percent,CA_LCI_STATEWIDE_ZONING,California-Statewide-Zoning-North-v2024-12-19,2026-08-10T17:11:13Z,fae60397b9b7a6dcf51132defc0aaa06561f0bdd85eabbe225122d97547daa7a,county sum of dataset-provided polygon area and transparent category shares,"Compiled zoning categories are descriptive, source vintages vary by jurisdiction, and mapped area is not legal development capacity.",single_compiled_inventory_not_current_policy_score
zoning_and_rezoning,mixed_use_share_of_mapped_zoning_pct,Mixed-use category as share of mapped area,06085,Santa Clara,2021-2023 local source vintages,2024-12-19,irregular compiled inventory,0.2807798867868751,percent,CA_LCI_STATEWIDE_ZONING,California-Statewide-Zoning-North-v2024-12-19,2026-08-10T17:11:13Z,fae60397b9b7a6dcf51132defc0aaa06561f0bdd85eabbe225122d97547daa7a,county sum of dataset-provided polygon area and transparent category shares,"Compiled zoning categories are descriptive, source vintages vary by jurisdiction, and mapped area is not legal development capacity.",single_compiled_inventory_not_current_policy_score
zoning_and_rezoning,mixed_use_share_of_mapped_zoning_pct,Mixed-use category as share of mapped area,06095,Solano,2021-2023 local source vintages,2024-12-19,irregular compiled inventory,0.14479938332811226,percent,CA_LCI_STATEWIDE_ZONING,California-Statewide-Zoning-North-v2024-12-19,2026-08-10T17:11:13Z,fae60397b9b7a6dcf51132defc0aaa06561f0bdd85eabbe225122d97547daa7a,county sum of dataset-provided polygon area and transparent category shares,"Compiled zoning categories are descriptive, source vintages vary by jurisdiction, and mapped area is not legal development capacity.",single_compiled_inventory_not_current_policy_score
zoning_and_rezoning,mixed_use_share_of_mapped_zoning_pct,Mixed-use category as share of mapped area,06097,Sonoma,2021-2023 local source vintages,2024-12-19,irregular compiled inventory,0.1017571935459746,percent,CA_LCI_STATEWIDE_ZONING,California-Statewide-Zoning-North-v2024-12-19,2026-08-10T17:11:13Z,fae60397b9b7a6dcf51132defc0aaa06561f0bdd85eabbe225122d97547daa7a,county sum of dataset-provided polygon area and transparent category shares,"Compiled zoning categories are descriptive, source vintages vary by jurisdiction, and mapped area is not legal development capacity.",single_compiled_inventory_not_current_policy_score
zoning_and_rezoning,multifamily_share_of_residential_zoning_pct,Multi-family category as share of residential-labeled mapped area,06001,Alameda,2021-2023 local source vintages,2024-12-19,irregular compiled inventory,10.014296816616207,percent,CA_LCI_STATEWIDE_ZONING,California-Statewide-Zoning-North-v2024-12-19,2026-08-10T17:11:13Z,fae60397b9b7a6dcf51132defc0aaa06561f0bdd85eabbe225122d97547daa7a,county sum of dataset-provided polygon area and transparent category shares,"Compiled zoning categories are descriptive, source vintages vary by jurisdiction, and mapped area is not legal development capacity.",single_compiled_inventory_not_current_policy_score
zoning_and_rezoning,multifamily_share_of_residential_zoning_pct,Multi-family category as share of residential-labeled mapped area,06013,Contra Costa,2021-2023 local source vintages,2024-12-19,irregular compiled inventory,6.420266646355276,percent,CA_LCI_STATEWIDE_ZONING,California-Statewide-Zoning-North-v2024-12-19,2026-08-10T17:11:13Z,fae60397b9b7a6dcf51132defc0aaa06561f0bdd85eabbe225122d97547daa7a,county sum of dataset-provided polygon area and transparent category shares,"Compiled zoning categories are descriptive, source vintages vary by jurisdiction, and mapped area is not legal development capacity.",single_compiled_inventory_not_current_policy_score
zoning_and_rezoning,multifamily_share_of_residential_zoning_pct,Multi-family category as share of residential-labeled mapped area,06041,Marin,2021-2023 local source vintages,2024-12-19,irregular compiled inventory,1.6937905136859406,percent,CA_LCI_STATEWIDE_ZONING,California-Statewide-Zoning-North-v2024-12-19,2026-08-10T17:11:13Z,fae60397b9b7a6dcf51132defc0aaa06561f0bdd85eabbe225122d97547daa7a,county sum of dataset-provided polygon area and transparent category shares,"Compiled zoning categories are descriptive, source vintages vary by jurisdiction, and mapped area is not legal development capacity.",single_compiled_inventory_not_current_policy_score
zoning_and_rezoning,multifamily_share_of_residential_zoning_pct,Multi-family category as share of residential-labeled mapped area,06055,Napa,2021-2023 local source vintages,2024-12-19,irregular compiled inventory,6.931062056282563,percent,CA_LCI_STATEWIDE_ZONING,California-Statewide-Zoning-North-v2024-12-19,2026-08-10T17:11:13Z,fae60397b9b7a6dcf51132defc0aaa06561f0bdd85eabbe225122d97547daa7a,county sum of dataset-provided polygon area and transparent category shares,"Compiled zoning categories are descriptive, source vintages vary by jurisdiction, and mapped area is not legal development capacity.",single_compiled_inventory_not_current_policy_score
zoning_and_rezoning,multifamily_share_of_residential_zoning_pct,Multi-family category as share of residential-labeled mapped area,06075,San Francisco,2021-2023 local source vintages,2024-12-19,irregular compiled inventory,10.817134299456145,percent,CA_LCI_STATEWIDE_ZONING,California-Statewide-Zoning-North-v2024-12-19,2026-08-10T17:11:13Z,fae60397b9b7a6dcf51132defc0aaa06561f0bdd85eabbe225122d97547daa7a,county sum of dataset-provided polygon area and transparent category shares,"Compiled zoning categories are descriptive, source vintages vary by jurisdiction, and mapped area is not legal development capacity.",single_compiled_inventory_not_current_policy_score
zoning_and_rezoning,multifamily_share_of_residential_zoning_pct,Multi-family category as share of residential-labeled mapped area,06081,San Mateo,2021-2023 local source vintages,2024-12-19,irregular compiled inventory,6.476008600537041,percent,CA_LCI_STATEWIDE_ZONING,California-Statewide-Zoning-North-v2024-12-19,2026-08-10T17:11:13Z,fae60397b9b7a6dcf51132defc0aaa06561f0bdd85eabbe225122d97547daa7a,county sum of dataset-provided polygon area and transparent category shares,"Compiled zoning categories are descriptive, source vintages vary by jurisdiction, and mapped area is not legal development capacity.",single_compiled_inventory_not_current_policy_score
zoning_and_rezoning,multifamily_share_of_residential_zoning_pct,Multi-family category as share of residential-labeled mapped area,06085,Santa Clara,2021-2023 local source vintages,2024-12-19,irregular compiled inventory,3.5603462310872405,percent,CA_LCI_STATEWIDE_ZONING,California-Statewide-Zoning-North-v2024-12-19,2026-08-10T17:11:13Z,fae60397b9b7a6dcf51132defc0aaa06561f0bdd85eabbe225122d97547daa7a,county sum of dataset-provided polygon area and transparent category shares,"Compiled zoning categories are descriptive, source vintages vary by jurisdiction, and mapped area is not legal development capacity.",single_compiled_inventory_not_current_policy_score
zoning_and_rezoning,multifamily_share_of_residential_zoning_pct,Multi-family category as share of residential-labeled mapped area,06095,Solano,2021-2023 local source vintages,2024-12-19,irregular compiled inventory,6.854238077725245,percent,CA_LCI_STATEWIDE_ZONING,California-Statewide-Zoning-North-v2024-12-19,2026-08-10T17:11:13Z,fae60397b9b7a6dcf51132defc0aaa06561f0bdd85eabbe225122d97547daa7a,county sum of dataset-provided polygon area and transparent category shares,"Compiled zoning categories are descriptive, source vintages vary by jurisdiction, and mapped area is not legal development capacity.",single_compiled_inventory_not_current_policy_score
zoning_and_rezoning,multifamily_share_of_residential_zoning_pct,Multi-family category as share of residential-labeled mapped area,06097,Sonoma,2021-2023 local source vintages,2024-12-19,irregular compiled inventory,0.5891143846875845,percent,CA_LCI_STATEWIDE_ZONING,California-Statewide-Zoning-North-v2024-12-19,2026-08-10T17:11:13Z,fae60397b9b7a6dcf51132defc0aaa06561f0bdd85eabbe225122d97547daa7a,county sum of dataset-provided polygon area and transparent category shares,"Compiled zoning categories are descriptive, source vintages vary by jurisdiction, and mapped area is not legal development capacity.",single_compiled_inventory_not_current_policy_score
zoning_and_rezoning,reported_rezone_acres,Reported Table C parcel area,06001,Alameda,2025,2025-12-31,annual administrative reporting,9.15,acres,CA_HCD_APR_TABLE_C,HCD-APR-TABLE-C-portal-current,2026-08-10T17:11:13Z,c09281d5e563a43685f6d665e807001f4d32a8eb4b47ced00e83f3e066d8ba26,county sum of HCD APR Table C records,"Table C is required only for specified shortfall, unaccommodated-need, or no-net-loss circumstances. Zero records do not mean no rezoning occurred.",conditional_reporting_universe
zoning_and_rezoning,reported_rezone_acres,Reported Table C parcel area,06013,Contra Costa,2025,2025-12-31,annual administrative reporting,69.31,acres,CA_HCD_APR_TABLE_C,HCD-APR-TABLE-C-portal-current,2026-08-10T17:11:13Z,c09281d5e563a43685f6d665e807001f4d32a8eb4b47ced00e83f3e066d8ba26,county sum of HCD APR Table C records,"Table C is required only for specified shortfall, unaccommodated-need, or no-net-loss circumstances. Zero records do not mean no rezoning occurred.",conditional_reporting_universe
zoning_and_rezoning,reported_rezone_acres,Reported Table C parcel area,06041,Marin,2025,2025-12-31,annual administrative reporting,36.4357273307578,acres,CA_HCD_APR_TABLE_C,HCD-APR-TABLE-C-portal-current,2026-08-10T17:11:13Z,c09281d5e563a43685f6d665e807001f4d32a8eb4b47ced00e83f3e066d8ba26,county sum of HCD APR Table C records,"Table C is required only for specified shortfall, unaccommodated-need, or no-net-loss circumstances. Zero records do not mean no rezoning occurred.",conditional_reporting_universe
zoning_and_rezoning,reported_rezone_acres,Reported Table C parcel area,06055,Napa,2025,2025-12-31,annual administrative reporting,0.21,acres,CA_HCD_APR_TABLE_C,HCD-APR-TABLE-C-portal-current,2026-08-10T17:11:13Z,c09281d5e563a43685f6d665e807001f4d32a8eb4b47ced00e83f3e066d8ba26,county sum of HCD APR Table C records,"Table C is required only for specified shortfall, unaccommodated-need, or no-net-loss circumstances. Zero records do not mean no rezoning occurred.",conditional_reporting_universe
zoning_and_rezoning,reported_rezone_acres,Reported Table C parcel area,06075,San Francisco,2025,2025-12-31,annual administrative reporting,3883.5090868381412,acres,CA_HCD_APR_TABLE_C,HCD-APR-TABLE-C-portal-current,2026-08-10T17:11:13Z,c09281d5e563a43685f6d665e807001f4d32a8eb4b47ced00e83f3e066d8ba26,county sum of HCD APR Table C records,"Table C is required only for specified shortfall, unaccommodated-need, or no-net-loss circumstances. Zero records do not mean no rezoning occurred.",conditional_reporting_universe
zoning_and_rezoning,reported_rezone_acres,Reported Table C parcel area,06081,San Mateo,2025,2025-12-31,annual administrative reporting,182.6,acres,CA_HCD_APR_TABLE_C,HCD-APR-TABLE-C-portal-current,2026-08-10T17:11:13Z,c09281d5e563a43685f6d665e807001f4d32a8eb4b47ced00e83f3e066d8ba26,county sum of HCD APR Table C records,"Table C is required only for specified shortfall, unaccommodated-need, or no-net-loss circumstances. Zero records do not mean no rezoning occurred.",conditional_reporting_universe
zoning_and_rezoning,reported_rezone_acres,Reported Table C parcel area,06085,Santa Clara,2025,2025-12-31,annual administrative reporting,64.75999999999999,acres,CA_HCD_APR_TABLE_C,HCD-APR-TABLE-C-portal-current,2026-08-10T17:11:13Z,c09281d5e563a43685f6d665e807001f4d32a8eb4b47ced00e83f3e066d8ba26,county sum of HCD APR Table C records,"Table C is required only for specified shortfall, unaccommodated-need, or no-net-loss circumstances. Zero records do not mean no rezoning occurred.",conditional_reporting_universe
zoning_and_rezoning,reported_rezone_acres,Reported Table C parcel area,06095,Solano,2025,2025-12-31,annual administrative reporting,18.0,acres,CA_HCD_APR_TABLE_C,HCD-APR-TABLE-C-portal-current,2026-08-10T17:11:13Z,c09281d5e563a43685f6d665e807001f4d32a8eb4b47ced00e83f3e066d8ba26,county sum of HCD APR Table C records,"Table C is required only for specified shortfall, unaccommodated-need, or no-net-loss circumstances. Zero records do not mean no rezoning occurred.",conditional_reporting_universe
zoning_and_rezoning,reported_rezone_acres,Reported Table C parcel area,06097,Sonoma,2025,2025-12-31,annual administrative reporting,2.8,acres,CA_HCD_APR_TABLE_C,HCD-APR-TABLE-C-portal-current,2026-08-10T17:11:13Z,c09281d5e563a43685f6d665e807001f4d32a8eb4b47ced00e83f3e066d8ba26,county sum of HCD APR Table C records,"Table C is required only for specified shortfall, unaccommodated-need, or no-net-loss circumstances. Zero records do not mean no rezoning occurred.",conditional_reporting_universe
zoning_and_rezoning,reported_rezone_lower_income_capacity,Reported lower-income capacity on Table C sites,06001,Alameda,2025,2025-12-31,annual administrative reporting,612.0,housing units,CA_HCD_APR_TABLE_C,HCD-APR-TABLE-C-portal-current,2026-08-10T17:11:13Z,c09281d5e563a43685f6d665e807001f4d32a8eb4b47ced00e83f3e066d8ba26,county sum of HCD APR Table C records,"Table C is required only for specified shortfall, unaccommodated-need, or no-net-loss circumstances. Zero records do not mean no rezoning occurred.",conditional_reporting_universe
zoning_and_rezoning,reported_rezone_lower_income_capacity,Reported lower-income capacity on Table C sites,06013,Contra Costa,2025,2025-12-31,annual administrative reporting,1287.0,housing units,CA_HCD_APR_TABLE_C,HCD-APR-TABLE-C-portal-current,2026-08-10T17:11:13Z,c09281d5e563a43685f6d665e807001f4d32a8eb4b47ced00e83f3e066d8ba26,county sum of HCD APR Table C records,"Table C is required only for specified shortfall, unaccommodated-need, or no-net-loss circumstances. Zero records do not mean no rezoning occurred.",conditional_reporting_universe
zoning_and_rezoning,reported_rezone_lower_income_capacity,Reported lower-income capacity on Table C sites,06041,Marin,2025,2025-12-31,annual administrative reporting,370.0,housing units,CA_HCD_APR_TABLE_C,HCD-APR-TABLE-C-portal-current,2026-08-10T17:11:13Z,c09281d5e563a43685f6d665e807001f4d32a8eb4b47ced00e83f3e066d8ba26,county sum of HCD APR Table C records,"Table C is required only for specified shortfall, unaccommodated-need, or no-net-loss circumstances. Zero records do not mean no rezoning occurred.",conditional_reporting_universe
zoning_and_rezoning,reported_rezone_lower_income_capacity,Reported lower-income capacity on Table C sites,06055,Napa,2025,2025-12-31,annual administrative reporting,0,housing units,CA_HCD_APR_TABLE_C,HCD-APR-TABLE-C-portal-current,2026-08-10T17:11:13Z,c09281d5e563a43685f6d665e807001f4d32a8eb4b47ced00e83f3e066d8ba26,county sum of HCD APR Table C records,"Table C is required only for specified shortfall, unaccommodated-need, or no-net-loss circumstances. Zero records do not mean no rezoning occurred.",conditional_reporting_universe
zoning_and_rezoning,reported_rezone_lower_income_capacity,Reported lower-income capacity on Table C sites,06075,San Francisco,2025,2025-12-31,annual administrative reporting,33776.0,housing units,CA_HCD_APR_TABLE_C,HCD-APR-TABLE-C-portal-current,2026-08-10T17:11:13Z,c09281d5e563a43685f6d665e807001f4d32a8eb4b47ced00e83f3e066d8ba26,county sum of HCD APR Table C records,"Table C is required only for specified shortfall, unaccommodated-need, or no-net-loss circumstances. Zero records do not mean no rezoning occurred.",conditional_reporting_universe
zoning_and_rezoning,reported_rezone_lower_income_capacity,Reported lower-income capacity on Table C sites,06081,San Mateo,2025,2025-12-31,annual administrative reporting,1842.0,housing units,CA_HCD_APR_TABLE_C,HCD-APR-TABLE-C-portal-current,2026-08-10T17:11:13Z,c09281d5e563a43685f6d665e807001f4d32a8eb4b47ced00e83f3e066d8ba26,county sum of HCD APR Table C records,"Table C is required only for specified shortfall, unaccommodated-need, or no-net-loss circumstances. Zero records do not mean no rezoning occurred.",conditional_reporting_universe
zoning_and_rezoning,reported_rezone_lower_income_capacity,Reported lower-income capacity on Table C sites,06085,Santa Clara,2025,2025-12-31,annual administrative reporting,1212.0,housing units,CA_HCD_APR_TABLE_C,HCD-APR-TABLE-C-portal-current,2026-08-10T17:11:13Z,c09281d5e563a43685f6d665e807001f4d32a8eb4b47ced00e83f3e066d8ba26,county sum of HCD APR Table C records,"Table C is required only for specified shortfall, unaccommodated-need, or no-net-loss circumstances. Zero records do not mean no rezoning occurred.",conditional_reporting_universe
zoning_and_rezoning,reported_rezone_lower_income_capacity,Reported lower-income capacity on Table C sites,06095,Solano,2025,2025-12-31,annual administrative reporting,449.0,housing units,CA_HCD_APR_TABLE_C,HCD-APR-TABLE-C-portal-current,2026-08-10T17:11:13Z,c09281d5e563a43685f6d665e807001f4d32a8eb4b47ced00e83f3e066d8ba26,county sum of HCD APR Table C records,"Table C is required only for specified shortfall, unaccommodated-need, or no-net-loss circumstances. Zero records do not mean no rezoning occurred.",conditional_reporting_universe
zoning_and_rezoning,reported_rezone_lower_income_capacity,Reported lower-income capacity on Table C sites,06097,Sonoma,2025,2025-12-31,annual administrative reporting,140.0,housing units,CA_HCD_APR_TABLE_C,HCD-APR-TABLE-C-portal-current,2026-08-10T17:11:13Z,c09281d5e563a43685f6d665e807001f4d32a8eb4b47ced00e83f3e066d8ba26,county sum of HCD APR Table C records,"Table C is required only for specified shortfall, unaccommodated-need, or no-net-loss circumstances. Zero records do not mean no rezoning occurred.",conditional_reporting_universe
zoning_and_rezoning,reported_rezone_realistic_capacity,Reported realistic capacity on Table C sites,06001,Alameda,2025,2025-12-31,annual administrative reporting,732.0,housing units,CA_HCD_APR_TABLE_C,HCD-APR-TABLE-C-portal-current,2026-08-10T17:11:13Z,c09281d5e563a43685f6d665e807001f4d32a8eb4b47ced00e83f3e066d8ba26,county sum of HCD APR Table C records,"Table C is required only for specified shortfall, unaccommodated-need, or no-net-loss circumstances. Zero records do not mean no rezoning occurred.",conditional_reporting_universe
zoning_and_rezoning,reported_rezone_realistic_capacity,Reported realistic capacity on Table C sites,06013,Contra Costa,2025,2025-12-31,annual administrative reporting,1942.0,housing units,CA_HCD_APR_TABLE_C,HCD-APR-TABLE-C-portal-current,2026-08-10T17:11:13Z,c09281d5e563a43685f6d665e807001f4d32a8eb4b47ced00e83f3e066d8ba26,county sum of HCD APR Table C records,"Table C is required only for specified shortfall, unaccommodated-need, or no-net-loss circumstances. Zero records do not mean no rezoning occurred.",conditional_reporting_universe
zoning_and_rezoning,reported_rezone_realistic_capacity,Reported realistic capacity on Table C sites,06041,Marin,2025,2025-12-31,annual administrative reporting,702.0,housing units,CA_HCD_APR_TABLE_C,HCD-APR-TABLE-C-portal-current,2026-08-10T17:11:13Z,c09281d5e563a43685f6d665e807001f4d32a8eb4b47ced00e83f3e066d8ba26,county sum of HCD APR Table C records,"Table C is required only for specified shortfall, unaccommodated-need, or no-net-loss circumstances. Zero records do not mean no rezoning occurred.",conditional_reporting_universe
zoning_and_rezoning,reported_rezone_realistic_capacity,Reported realistic capacity on Table C sites,06055,Napa,2025,2025-12-31,annual administrative reporting,4.0,housing units,CA_HCD_APR_TABLE_C,HCD-APR-TABLE-C-portal-current,2026-08-10T17:11:13Z,c09281d5e563a43685f6d665e807001f4d32a8eb4b47ced00e83f3e066d8ba26,county sum of HCD APR Table C records,"Table C is required only for specified shortfall, unaccommodated-need, or no-net-loss circumstances. Zero records do not mean no rezoning occurred.",conditional_reporting_universe
zoning_and_rezoning,reported_rezone_realistic_capacity,Reported realistic capacity on Table C sites,06075,San Francisco,2025,2025-12-31,annual administrative reporting,64653.40814419354,housing units,CA_HCD_APR_TABLE_C,HCD-APR-TABLE-C-portal-current,2026-08-10T17:11:13Z,c09281d5e563a43685f6d665e807001f4d32a8eb4b47ced00e83f3e066d8ba26,county sum of HCD APR Table C records,"Table C is required only for specified shortfall, unaccommodated-need, or no-net-loss circumstances. Zero records do not mean no rezoning occurred.",conditional_reporting_universe
zoning_and_rezoning,reported_rezone_realistic_capacity,Reported realistic capacity on Table C sites,06081,San Mateo,2025,2025-12-31,annual administrative reporting,3127.0,housing units,CA_HCD_APR_TABLE_C,HCD-APR-TABLE-C-portal-current,2026-08-10T17:11:13Z,c09281d5e563a43685f6d665e807001f4d32a8eb4b47ced00e83f3e066d8ba26,county sum of HCD APR Table C records,"Table C is required only for specified shortfall, unaccommodated-need, or no-net-loss circumstances. Zero records do not mean no rezoning occurred.",conditional_reporting_universe
zoning_and_rezoning,reported_rezone_realistic_capacity,Reported realistic capacity on Table C sites,06085,Santa Clara,2025,2025-12-31,annual administrative reporting,1911.0,housing units,CA_HCD_APR_TABLE_C,HCD-APR-TABLE-C-portal-current,2026-08-10T17:11:13Z,c09281d5e563a43685f6d665e807001f4d32a8eb4b47ced00e83f3e066d8ba26,county sum of HCD APR Table C records,"Table C is required only for specified shortfall, unaccommodated-need, or no-net-loss circumstances. Zero records do not mean no rezoning occurred.",conditional_reporting_universe
zoning_and_rezoning,reported_rezone_realistic_capacity,Reported realistic capacity on Table C sites,06095,Solano,2025,2025-12-31,annual administrative reporting,449.0,housing units,CA_HCD_APR_TABLE_C,HCD-APR-TABLE-C-portal-current,2026-08-10T17:11:13Z,c09281d5e563a43685f6d665e807001f4d32a8eb4b47ced00e83f3e066d8ba26,county sum of HCD APR Table C records,"Table C is required only for specified shortfall, unaccommodated-need, or no-net-loss circumstances. Zero records do not mean no rezoning occurred.",conditional_reporting_universe
zoning_and_rezoning,reported_rezone_realistic_capacity,Reported realistic capacity on Table C sites,06097,Sonoma,2025,2025-12-31,annual administrative reporting,1.6,housing units,CA_HCD_APR_TABLE_C,HCD-APR-TABLE-C-portal-current,2026-08-10T17:11:13Z,c09281d5e563a43685f6d665e807001f4d32a8eb4b47ced00e83f3e066d8ba26,county sum of HCD APR Table C records,"Table C is required only for specified shortfall, unaccommodated-need, or no-net-loss circumstances. Zero records do not mean no rezoning occurred.",conditional_reporting_universe
zoning_and_rezoning,reported_rezone_site_records,Reported Table C site records,06001,Alameda,2025,2025-12-31,annual administrative reporting,1.0,records,CA_HCD_APR_TABLE_C,HCD-APR-TABLE-C-portal-current,2026-08-10T17:11:13Z,c09281d5e563a43685f6d665e807001f4d32a8eb4b47ced00e83f3e066d8ba26,county sum of HCD APR Table C records,"Table C is required only for specified shortfall, unaccommodated-need, or no-net-loss circumstances. Zero records do not mean no rezoning occurred.",conditional_reporting_universe
zoning_and_rezoning,reported_rezone_site_records,Reported Table C site records,06013,Contra Costa,2025,2025-12-31,annual administrative reporting,49.0,records,CA_HCD_APR_TABLE_C,HCD-APR-TABLE-C-portal-current,2026-08-10T17:11:13Z,c09281d5e563a43685f6d665e807001f4d32a8eb4b47ced00e83f3e066d8ba26,county sum of HCD APR Table C records,"Table C is required only for specified shortfall, unaccommodated-need, or no-net-loss circumstances. Zero records do not mean no rezoning occurred.",conditional_reporting_universe
zoning_and_rezoning,reported_rezone_site_records,Reported Table C site records,06041,Marin,2025,2025-12-31,annual administrative reporting,76.0,records,CA_HCD_APR_TABLE_C,HCD-APR-TABLE-C-portal-current,2026-08-10T17:11:13Z,c09281d5e563a43685f6d665e807001f4d32a8eb4b47ced00e83f3e066d8ba26,county sum of HCD APR Table C records,"Table C is required only for specified shortfall, unaccommodated-need, or no-net-loss circumstances. Zero records do not mean no rezoning occurred.",conditional_reporting_universe
zoning_and_rezoning,reported_rezone_site_records,Reported Table C site records,06055,Napa,2025,2025-12-31,annual administrative reporting,1.0,records,CA_HCD_APR_TABLE_C,HCD-APR-TABLE-C-portal-current,2026-08-10T17:11:13Z,c09281d5e563a43685f6d665e807001f4d32a8eb4b47ced00e83f3e066d8ba26,county sum of HCD APR Table C records,"Table C is required only for specified shortfall, unaccommodated-need, or no-net-loss circumstances. Zero records do not mean no rezoning occurred.",conditional_reporting_universe
zoning_and_rezoning,reported_rezone_site_records,Reported Table C site records,06075,San Francisco,2025,2025-12-31,annual administrative reporting,48397.0,records,CA_HCD_APR_TABLE_C,HCD-APR-TABLE-C-portal-current,2026-08-10T17:11:13Z,c09281d5e563a43685f6d665e807001f4d32a8eb4b47ced00e83f3e066d8ba26,county sum of HCD APR Table C records,"Table C is required only for specified shortfall, unaccommodated-need, or no-net-loss circumstances. Zero records do not mean no rezoning occurred.",conditional_reporting_universe
zoning_and_rezoning,reported_rezone_site_records,Reported Table C site records,06081,San Mateo,2025,2025-12-31,annual administrative reporting,45.0,records,CA_HCD_APR_TABLE_C,HCD-APR-TABLE-C-portal-current,2026-08-10T17:11:13Z,c09281d5e563a43685f6d665e807001f4d32a8eb4b47ced00e83f3e066d8ba26,county sum of HCD APR Table C records,"Table C is required only for specified shortfall, unaccommodated-need, or no-net-loss circumstances. Zero records do not mean no rezoning occurred.",conditional_reporting_universe
zoning_and_rezoning,reported_rezone_site_records,Reported Table C site records,06085,Santa Clara,2025,2025-12-31,annual administrative reporting,22.0,records,CA_HCD_APR_TABLE_C,HCD-APR-TABLE-C-portal-current,2026-08-10T17:11:13Z,c09281d5e563a43685f6d665e807001f4d32a8eb4b47ced00e83f3e066d8ba26,county sum of HCD APR Table C records,"Table C is required only for specified shortfall, unaccommodated-need, or no-net-loss circumstances. Zero records do not mean no rezoning occurred.",conditional_reporting_universe
zoning_and_rezoning,reported_rezone_site_records,Reported Table C site records,06095,Solano,2025,2025-12-31,annual administrative reporting,7.0,records,CA_HCD_APR_TABLE_C,HCD-APR-TABLE-C-portal-current,2026-08-10T17:11:13Z,c09281d5e563a43685f6d665e807001f4d32a8eb4b47ced00e83f3e066d8ba26,county sum of HCD APR Table C records,"Table C is required only for specified shortfall, unaccommodated-need, or no-net-loss circumstances. Zero records do not mean no rezoning occurred.",conditional_reporting_universe
zoning_and_rezoning,reported_rezone_site_records,Reported Table C site records,06097,Sonoma,2025,2025-12-31,annual administrative reporting,2.0,records,CA_HCD_APR_TABLE_C,HCD-APR-TABLE-C-portal-current,2026-08-10T17:11:13Z,c09281d5e563a43685f6d665e807001f4d32a8eb4b47ced00e83f3e066d8ba26,county sum of HCD APR Table C records,"Table C is required only for specified shortfall, unaccommodated-need, or no-net-loss circumstances. Zero records do not mean no rezoning occurred.",conditional_reporting_universe
zoning_and_rezoning,residential_labeled_zoning_area_sq_km,Residential-labeled mapped zoning area,06001,Alameda,2021-2023 local source vintages,2024-12-19,irregular compiled inventory,464.97997259765623,square kilometers,CA_LCI_STATEWIDE_ZONING,California-Statewide-Zoning-North-v2024-12-19,2026-08-10T17:11:13Z,fae60397b9b7a6dcf51132defc0aaa06561f0bdd85eabbe225122d97547daa7a,county sum of dataset-provided polygon area and transparent category shares,"Compiled zoning categories are descriptive, source vintages vary by jurisdiction, and mapped area is not legal development capacity.",single_compiled_inventory_not_current_policy_score
zoning_and_rezoning,residential_labeled_zoning_area_sq_km,Residential-labeled mapped zoning area,06013,Contra Costa,2021-2023 local source vintages,2024-12-19,irregular compiled inventory,485.5620894296875,square kilometers,CA_LCI_STATEWIDE_ZONING,California-Statewide-Zoning-North-v2024-12-19,2026-08-10T17:11:13Z,fae60397b9b7a6dcf51132defc0aaa06561f0bdd85eabbe225122d97547daa7a,county sum of dataset-provided polygon area and transparent category shares,"Compiled zoning categories are descriptive, source vintages vary by jurisdiction, and mapped area is not legal development capacity.",single_compiled_inventory_not_current_policy_score
zoning_and_rezoning,residential_labeled_zoning_area_sq_km,Residential-labeled mapped zoning area,06041,Marin,2021-2023 local source vintages,2024-12-19,irregular compiled inventory,436.49065921484373,square kilometers,CA_LCI_STATEWIDE_ZONING,California-Statewide-Zoning-North-v2024-12-19,2026-08-10T17:11:13Z,fae60397b9b7a6dcf51132defc0aaa06561f0bdd85eabbe225122d97547daa7a,county sum of dataset-provided polygon area and transparent category shares,"Compiled zoning categories are descriptive, source vintages vary by jurisdiction, and mapped area is not legal development capacity.",single_compiled_inventory_not_current_policy_score
zoning_and_rezoning,residential_labeled_zoning_area_sq_km,Residential-labeled mapped zoning area,06055,Napa,2021-2023 local source vintages,2024-12-19,irregular compiled inventory,89.80527787109375,square kilometers,CA_LCI_STATEWIDE_ZONING,California-Statewide-Zoning-North-v2024-12-19,2026-08-10T17:11:13Z,fae60397b9b7a6dcf51132defc0aaa06561f0bdd85eabbe225122d97547daa7a,county sum of dataset-provided polygon area and transparent category shares,"Compiled zoning categories are descriptive, source vintages vary by jurisdiction, and mapped area is not legal development capacity.",single_compiled_inventory_not_current_policy_score
zoning_and_rezoning,residential_labeled_zoning_area_sq_km,Residential-labeled mapped zoning area,06075,San Francisco,2021-2023 local source vintages,2024-12-19,irregular compiled inventory,83.67637794921875,square kilometers,CA_LCI_STATEWIDE_ZONING,California-Statewide-Zoning-North-v2024-12-19,2026-08-10T17:11:13Z,fae60397b9b7a6dcf51132defc0aaa06561f0bdd85eabbe225122d97547daa7a,county sum of dataset-provided polygon area and transparent category shares,"Compiled zoning categories are descriptive, source vintages vary by jurisdiction, and mapped area is not legal development capacity.",single_compiled_inventory_not_current_policy_score
zoning_and_rezoning,residential_labeled_zoning_area_sq_km,Residential-labeled mapped zoning area,06081,San Mateo,2021-2023 local source vintages,2024-12-19,irregular compiled inventory,340.93543030859377,square kilometers,CA_LCI_STATEWIDE_ZONING,California-Statewide-Zoning-North-v2024-12-19,2026-08-10T17:11:13Z,fae60397b9b7a6dcf51132defc0aaa06561f0bdd85eabbe225122d97547daa7a,county sum of dataset-provided polygon area and transparent category shares,"Compiled zoning categories are descriptive, source vintages vary by jurisdiction, and mapped area is not legal development capacity.",single_compiled_inventory_not_current_policy_score
zoning_and_rezoning,residential_labeled_zoning_area_sq_km,Residential-labeled mapped zoning area,06085,Santa Clara,2021-2023 local source vintages,2024-12-19,irregular compiled inventory,1639.5788079065755,square kilometers,CA_LCI_STATEWIDE_ZONING,California-Statewide-Zoning-North-v2024-12-19,2026-08-10T17:11:13Z,fae60397b9b7a6dcf51132defc0aaa06561f0bdd85eabbe225122d97547daa7a,county sum of dataset-provided polygon area and transparent category shares,"Compiled zoning categories are descriptive, source vintages vary by jurisdiction, and mapped area is not legal development capacity.",single_compiled_inventory_not_current_policy_score
zoning_and_rezoning,residential_labeled_zoning_area_sq_km,Residential-labeled mapped zoning area,06095,Solano,2021-2023 local source vintages,2024-12-19,irregular compiled inventory,266.7781075234375,square kilometers,CA_LCI_STATEWIDE_ZONING,California-Statewide-Zoning-North-v2024-12-19,2026-08-10T17:11:13Z,fae60397b9b7a6dcf51132defc0aaa06561f0bdd85eabbe225122d97547daa7a,county sum of dataset-provided polygon area and transparent category shares,"Compiled zoning categories are descriptive, source vintages vary by jurisdiction, and mapped area is not legal development capacity.",single_compiled_inventory_not_current_policy_score
zoning_and_rezoning,residential_labeled_zoning_area_sq_km,Residential-labeled mapped zoning area,06097,Sonoma,2021-2023 local source vintages,2024-12-19,irregular compiled inventory,1958.428472234375,square kilometers,CA_LCI_STATEWIDE_ZONING,California-Statewide-Zoning-North-v2024-12-19,2026-08-10T17:11:13Z,fae60397b9b7a6dcf51132defc0aaa06561f0bdd85eabbe225122d97547daa7a,county sum of dataset-provided polygon area and transparent category shares,"Compiled zoning categories are descriptive, source vintages vary by jurisdiction, and mapped area is not legal development capacity.",single_compiled_inventory_not_current_policy_score
rhna_delivery,rhna_allocation_units,Sixth-cycle RHNA allocation,06001,Alameda,2023-2025,2025-12-31,planning-cycle progress snapshot,88997.0,housing units,CA_HCD_RHNA;CA_HCD_APR_TABLE_A2,HCD-RHNA-package-metadata;HCD-RHNA-sixth-cycle;HCD-APR-TABLE-A2-2023-portal-current;HCD-APR-TABLE-A2-2024-portal-current;HCD-APR-TABLE-A2-2025-portal-current,2026-08-10T17:11:13Z,0e9ecad539daa8ffa467b43016b48304b55517a8dd2800bd1bf5c590a387217a;cb793563be4b5d4b33af4b54191222fe9fbc38ff846a49923d9f423bd1851fc9;d5a42e856f7a486094b1a52da7413fa582d45472ab18a6ae572bba1930a8069c;efedc570ed4198bb4143b012c1926c817a047bd23278b2b2b19270889b52d13b;e5e85e9677a374bd30beeeb7848a802f790f9425b78fe84c0ef8096e2394b297,published allocation or sum of annual HCD APR Table A2 units,"California tracks RHNA progress using issued building permits. Completion comparisons are supplemental descriptive evidence, not official RHNA credit.",planning_target_and_administrative_flows
rhna_delivery,rhna_allocation_units,Sixth-cycle RHNA allocation,06013,Contra Costa,2023-2025,2025-12-31,planning-cycle progress snapshot,49043.0,housing units,CA_HCD_RHNA;CA_HCD_APR_TABLE_A2,HCD-RHNA-package-metadata;HCD-RHNA-sixth-cycle;HCD-APR-TABLE-A2-2023-portal-current;HCD-APR-TABLE-A2-2024-portal-current;HCD-APR-TABLE-A2-2025-portal-current,2026-08-10T17:11:13Z,0e9ecad539daa8ffa467b43016b48304b55517a8dd2800bd1bf5c590a387217a;cb793563be4b5d4b33af4b54191222fe9fbc38ff846a49923d9f423bd1851fc9;d5a42e856f7a486094b1a52da7413fa582d45472ab18a6ae572bba1930a8069c;efedc570ed4198bb4143b012c1926c817a047bd23278b2b2b19270889b52d13b;e5e85e9677a374bd30beeeb7848a802f790f9425b78fe84c0ef8096e2394b297,published allocation or sum of annual HCD APR Table A2 units,"California tracks RHNA progress using issued building permits. Completion comparisons are supplemental descriptive evidence, not official RHNA credit.",planning_target_and_administrative_flows
rhna_delivery,rhna_allocation_units,Sixth-cycle RHNA allocation,06041,Marin,2023-2025,2025-12-31,planning-cycle progress snapshot,14405.0,housing units,CA_HCD_RHNA;CA_HCD_APR_TABLE_A2,HCD-RHNA-package-metadata;HCD-RHNA-sixth-cycle;HCD-APR-TABLE-A2-2023-portal-current;HCD-APR-TABLE-A2-2024-portal-current;HCD-APR-TABLE-A2-2025-portal-current,2026-08-10T17:11:13Z,0e9ecad539daa8ffa467b43016b48304b55517a8dd2800bd1bf5c590a387217a;cb793563be4b5d4b33af4b54191222fe9fbc38ff846a49923d9f423bd1851fc9;d5a42e856f7a486094b1a52da7413fa582d45472ab18a6ae572bba1930a8069c;efedc570ed4198bb4143b012c1926c817a047bd23278b2b2b19270889b52d13b;e5e85e9677a374bd30beeeb7848a802f790f9425b78fe84c0ef8096e2394b297,published allocation or sum of annual HCD APR Table A2 units,"California tracks RHNA progress using issued building permits. Completion comparisons are supplemental descriptive evidence, not official RHNA credit.",planning_target_and_administrative_flows
rhna_delivery,rhna_allocation_units,Sixth-cycle RHNA allocation,06055,Napa,2023-2025,2025-12-31,planning-cycle progress snapshot,3844.0,housing units,CA_HCD_RHNA;CA_HCD_APR_TABLE_A2,HCD-RHNA-package-metadata;HCD-RHNA-sixth-cycle;HCD-APR-TABLE-A2-2023-portal-current;HCD-APR-TABLE-A2-2024-portal-current;HCD-APR-TABLE-A2-2025-portal-current,2026-08-10T17:11:13Z,0e9ecad539daa8ffa467b43016b48304b55517a8dd2800bd1bf5c590a387217a;cb793563be4b5d4b33af4b54191222fe9fbc38ff846a49923d9f423bd1851fc9;d5a42e856f7a486094b1a52da7413fa582d45472ab18a6ae572bba1930a8069c;efedc570ed4198bb4143b012c1926c817a047bd23278b2b2b19270889b52d13b;e5e85e9677a374bd30beeeb7848a802f790f9425b78fe84c0ef8096e2394b297,published allocation or sum of annual HCD APR Table A2 units,"California tracks RHNA progress using issued building permits. Completion comparisons are supplemental descriptive evidence, not official RHNA credit.",planning_target_and_administrative_flows
rhna_delivery,rhna_allocation_units,Sixth-cycle RHNA allocation,06075,San Francisco,2023-2025,2025-12-31,planning-cycle progress snapshot,82069.0,housing units,CA_HCD_RHNA;CA_HCD_APR_TABLE_A2,HCD-RHNA-package-metadata;HCD-RHNA-sixth-cycle;HCD-APR-TABLE-A2-2023-portal-current;HCD-APR-TABLE-A2-2024-portal-current;HCD-APR-TABLE-A2-2025-portal-current,2026-08-10T17:11:13Z,0e9ecad539daa8ffa467b43016b48304b55517a8dd2800bd1bf5c590a387217a;cb793563be4b5d4b33af4b54191222fe9fbc38ff846a49923d9f423bd1851fc9;d5a42e856f7a486094b1a52da7413fa582d45472ab18a6ae572bba1930a8069c;efedc570ed4198bb4143b012c1926c817a047bd23278b2b2b19270889b52d13b;e5e85e9677a374bd30beeeb7848a802f790f9425b78fe84c0ef8096e2394b297,published allocation or sum of annual HCD APR Table A2 units,"California tracks RHNA progress using issued building permits. Completion comparisons are supplemental descriptive evidence, not official RHNA credit.",planning_target_and_administrative_flows
rhna_delivery,rhna_allocation_units,Sixth-cycle RHNA allocation,06081,San Mateo,2023-2025,2025-12-31,planning-cycle progress snapshot,47687.0,housing units,CA_HCD_RHNA;CA_HCD_APR_TABLE_A2,HCD-RHNA-package-metadata;HCD-RHNA-sixth-cycle;HCD-APR-TABLE-A2-2023-portal-current;HCD-APR-TABLE-A2-2024-portal-current;HCD-APR-TABLE-A2-2025-portal-current,2026-08-10T17:11:13Z,0e9ecad539daa8ffa467b43016b48304b55517a8dd2800bd1bf5c590a387217a;cb793563be4b5d4b33af4b54191222fe9fbc38ff846a49923d9f423bd1851fc9;d5a42e856f7a486094b1a52da7413fa582d45472ab18a6ae572bba1930a8069c;efedc570ed4198bb4143b012c1926c817a047bd23278b2b2b19270889b52d13b;e5e85e9677a374bd30beeeb7848a802f790f9425b78fe84c0ef8096e2394b297,published allocation or sum of annual HCD APR Table A2 units,"California tracks RHNA progress using issued building permits. Completion comparisons are supplemental descriptive evidence, not official RHNA credit.",planning_target_and_administrative_flows
rhna_delivery,rhna_allocation_units,Sixth-cycle RHNA allocation,06085,Santa Clara,2023-2025,2025-12-31,planning-cycle progress snapshot,129577.0,housing units,CA_HCD_RHNA;CA_HCD_APR_TABLE_A2,HCD-RHNA-package-metadata;HCD-RHNA-sixth-cycle;HCD-APR-TABLE-A2-2023-portal-current;HCD-APR-TABLE-A2-2024-portal-current;HCD-APR-TABLE-A2-2025-portal-current,2026-08-10T17:11:13Z,0e9ecad539daa8ffa467b43016b48304b55517a8dd2800bd1bf5c590a387217a;cb793563be4b5d4b33af4b54191222fe9fbc38ff846a49923d9f423bd1851fc9;d5a42e856f7a486094b1a52da7413fa582d45472ab18a6ae572bba1930a8069c;efedc570ed4198bb4143b012c1926c817a047bd23278b2b2b19270889b52d13b;e5e85e9677a374bd30beeeb7848a802f790f9425b78fe84c0ef8096e2394b297,published allocation or sum of annual HCD APR Table A2 units,"California tracks RHNA progress using issued building permits. Completion comparisons are supplemental descriptive evidence, not official RHNA credit.",planning_target_and_administrative_flows
rhna_delivery,rhna_allocation_units,Sixth-cycle RHNA allocation,06095,Solano,2023-2025,2025-12-31,planning-cycle progress snapshot,10992.0,housing units,CA_HCD_RHNA;CA_HCD_APR_TABLE_A2,HCD-RHNA-package-metadata;HCD-RHNA-sixth-cycle;HCD-APR-TABLE-A2-2023-portal-current;HCD-APR-TABLE-A2-2024-portal-current;HCD-APR-TABLE-A2-2025-portal-current,2026-08-10T17:11:13Z,0e9ecad539daa8ffa467b43016b48304b55517a8dd2800bd1bf5c590a387217a;cb793563be4b5d4b33af4b54191222fe9fbc38ff846a49923d9f423bd1851fc9;d5a42e856f7a486094b1a52da7413fa582d45472ab18a6ae572bba1930a8069c;efedc570ed4198bb4143b012c1926c817a047bd23278b2b2b19270889b52d13b;e5e85e9677a374bd30beeeb7848a802f790f9425b78fe84c0ef8096e2394b297,published allocation or sum of annual HCD APR Table A2 units,"California tracks RHNA progress using issued building permits. Completion comparisons are supplemental descriptive evidence, not official RHNA credit.",planning_target_and_administrative_flows
rhna_delivery,rhna_allocation_units,Sixth-cycle RHNA allocation,06097,Sonoma,2023-2025,2025-12-31,planning-cycle progress snapshot,14562.0,housing units,CA_HCD_RHNA;CA_HCD_APR_TABLE_A2,HCD-RHNA-package-metadata;HCD-RHNA-sixth-cycle;HCD-APR-TABLE-A2-2023-portal-current;HCD-APR-TABLE-A2-2024-portal-current;HCD-APR-TABLE-A2-2025-portal-current,2026-08-10T17:11:13Z,0e9ecad539daa8ffa467b43016b48304b55517a8dd2800bd1bf5c590a387217a;cb793563be4b5d4b33af4b54191222fe9fbc38ff846a49923d9f423bd1851fc9;d5a42e856f7a486094b1a52da7413fa582d45472ab18a6ae572bba1930a8069c;efedc570ed4198bb4143b012c1926c817a047bd23278b2b2b19270889b52d13b;e5e85e9677a374bd30beeeb7848a802f790f9425b78fe84c0ef8096e2394b297,published allocation or sum of annual HCD APR Table A2 units,"California tracks RHNA progress using issued building permits. Completion comparisons are supplemental descriptive evidence, not official RHNA credit.",planning_target_and_administrative_flows
rhna_delivery,rhna_completed_units,"Cumulative completed units, 2023–2025",06001,Alameda,2023-2025,2025-12-31,planning-cycle progress snapshot,15770.0,housing units,CA_HCD_RHNA;CA_HCD_APR_TABLE_A2,HCD-RHNA-package-metadata;HCD-RHNA-sixth-cycle;HCD-APR-TABLE-A2-2023-portal-current;HCD-APR-TABLE-A2-2024-portal-current;HCD-APR-TABLE-A2-2025-portal-current,2026-08-10T17:11:13Z,0e9ecad539daa8ffa467b43016b48304b55517a8dd2800bd1bf5c590a387217a;cb793563be4b5d4b33af4b54191222fe9fbc38ff846a49923d9f423bd1851fc9;d5a42e856f7a486094b1a52da7413fa582d45472ab18a6ae572bba1930a8069c;efedc570ed4198bb4143b012c1926c817a047bd23278b2b2b19270889b52d13b;e5e85e9677a374bd30beeeb7848a802f790f9425b78fe84c0ef8096e2394b297,published allocation or sum of annual HCD APR Table A2 units,"California tracks RHNA progress using issued building permits. Completion comparisons are supplemental descriptive evidence, not official RHNA credit.",planning_target_and_administrative_flows
rhna_delivery,rhna_completed_units,"Cumulative completed units, 2023–2025",06013,Contra Costa,2023-2025,2025-12-31,planning-cycle progress snapshot,7128.0,housing units,CA_HCD_RHNA;CA_HCD_APR_TABLE_A2,HCD-RHNA-package-metadata;HCD-RHNA-sixth-cycle;HCD-APR-TABLE-A2-2023-portal-current;HCD-APR-TABLE-A2-2024-portal-current;HCD-APR-TABLE-A2-2025-portal-current,2026-08-10T17:11:13Z,0e9ecad539daa8ffa467b43016b48304b55517a8dd2800bd1bf5c590a387217a;cb793563be4b5d4b33af4b54191222fe9fbc38ff846a49923d9f423bd1851fc9;d5a42e856f7a486094b1a52da7413fa582d45472ab18a6ae572bba1930a8069c;efedc570ed4198bb4143b012c1926c817a047bd23278b2b2b19270889b52d13b;e5e85e9677a374bd30beeeb7848a802f790f9425b78fe84c0ef8096e2394b297,published allocation or sum of annual HCD APR Table A2 units,"California tracks RHNA progress using issued building permits. Completion comparisons are supplemental descriptive evidence, not official RHNA credit.",planning_target_and_administrative_flows
rhna_delivery,rhna_completed_units,"Cumulative completed units, 2023–2025",06041,Marin,2023-2025,2025-12-31,planning-cycle progress snapshot,1288.0,housing units,CA_HCD_RHNA;CA_HCD_APR_TABLE_A2,HCD-RHNA-package-metadata;HCD-RHNA-sixth-cycle;HCD-APR-TABLE-A2-2023-portal-current;HCD-APR-TABLE-A2-2024-portal-current;HCD-APR-TABLE-A2-2025-portal-current,2026-08-10T17:11:13Z,0e9ecad539daa8ffa467b43016b48304b55517a8dd2800bd1bf5c590a387217a;cb793563be4b5d4b33af4b54191222fe9fbc38ff846a49923d9f423bd1851fc9;d5a42e856f7a486094b1a52da7413fa582d45472ab18a6ae572bba1930a8069c;efedc570ed4198bb4143b012c1926c817a047bd23278b2b2b19270889b52d13b;e5e85e9677a374bd30beeeb7848a802f790f9425b78fe84c0ef8096e2394b297,published allocation or sum of annual HCD APR Table A2 units,"California tracks RHNA progress using issued building permits. Completion comparisons are supplemental descriptive evidence, not official RHNA credit.",planning_target_and_administrative_flows
rhna_delivery,rhna_completed_units,"Cumulative completed units, 2023–2025",06055,Napa,2023-2025,2025-12-31,planning-cycle progress snapshot,1180.0,housing units,CA_HCD_RHNA;CA_HCD_APR_TABLE_A2,HCD-RHNA-package-metadata;HCD-RHNA-sixth-cycle;HCD-APR-TABLE-A2-2023-portal-current;HCD-APR-TABLE-A2-2024-portal-current;HCD-APR-TABLE-A2-2025-portal-current,2026-08-10T17:11:13Z,0e9ecad539daa8ffa467b43016b48304b55517a8dd2800bd1bf5c590a387217a;cb793563be4b5d4b33af4b54191222fe9fbc38ff846a49923d9f423bd1851fc9;d5a42e856f7a486094b1a52da7413fa582d45472ab18a6ae572bba1930a8069c;efedc570ed4198bb4143b012c1926c817a047bd23278b2b2b19270889b52d13b;e5e85e9677a374bd30beeeb7848a802f790f9425b78fe84c0ef8096e2394b297,published allocation or sum of annual HCD APR Table A2 units,"California tracks RHNA progress using issued building permits. Completion comparisons are supplemental descriptive evidence, not official RHNA credit.",planning_target_and_administrative_flows
rhna_delivery,rhna_completed_units,"Cumulative completed units, 2023–2025",06075,San Francisco,2023-2025,2025-12-31,planning-cycle progress snapshot,7197.0,housing units,CA_HCD_RHNA;CA_HCD_APR_TABLE_A2,HCD-RHNA-package-metadata;HCD-RHNA-sixth-cycle;HCD-APR-TABLE-A2-2023-portal-current;HCD-APR-TABLE-A2-2024-portal-current;HCD-APR-TABLE-A2-2025-portal-current,2026-08-10T17:11:13Z,0e9ecad539daa8ffa467b43016b48304b55517a8dd2800bd1bf5c590a387217a;cb793563be4b5d4b33af4b54191222fe9fbc38ff846a49923d9f423bd1851fc9;d5a42e856f7a486094b1a52da7413fa582d45472ab18a6ae572bba1930a8069c;efedc570ed4198bb4143b012c1926c817a047bd23278b2b2b19270889b52d13b;e5e85e9677a374bd30beeeb7848a802f790f9425b78fe84c0ef8096e2394b297,published allocation or sum of annual HCD APR Table A2 units,"California tracks RHNA progress using issued building permits. Completion comparisons are supplemental descriptive evidence, not official RHNA credit.",planning_target_and_administrative_flows
rhna_delivery,rhna_completed_units,"Cumulative completed units, 2023–2025",06081,San Mateo,2023-2025,2025-12-31,planning-cycle progress snapshot,5704.0,housing units,CA_HCD_RHNA;CA_HCD_APR_TABLE_A2,HCD-RHNA-package-metadata;HCD-RHNA-sixth-cycle;HCD-APR-TABLE-A2-2023-portal-current;HCD-APR-TABLE-A2-2024-portal-current;HCD-APR-TABLE-A2-2025-portal-current,2026-08-10T17:11:13Z,0e9ecad539daa8ffa467b43016b48304b55517a8dd2800bd1bf5c590a387217a;cb793563be4b5d4b33af4b54191222fe9fbc38ff846a49923d9f423bd1851fc9;d5a42e856f7a486094b1a52da7413fa582d45472ab18a6ae572bba1930a8069c;efedc570ed4198bb4143b012c1926c817a047bd23278b2b2b19270889b52d13b;e5e85e9677a374bd30beeeb7848a802f790f9425b78fe84c0ef8096e2394b297,published allocation or sum of annual HCD APR Table A2 units,"California tracks RHNA progress using issued building permits. Completion comparisons are supplemental descriptive evidence, not official RHNA credit.",planning_target_and_administrative_flows
rhna_delivery,rhna_completed_units,"Cumulative completed units, 2023–2025",06085,Santa Clara,2023-2025,2025-12-31,planning-cycle progress snapshot,18573.0,housing units,CA_HCD_RHNA;CA_HCD_APR_TABLE_A2,HCD-RHNA-package-metadata;HCD-RHNA-sixth-cycle;HCD-APR-TABLE-A2-2023-portal-current;HCD-APR-TABLE-A2-2024-portal-current;HCD-APR-TABLE-A2-2025-portal-current,2026-08-10T17:11:13Z,0e9ecad539daa8ffa467b43016b48304b55517a8dd2800bd1bf5c590a387217a;cb793563be4b5d4b33af4b54191222fe9fbc38ff846a49923d9f423bd1851fc9;d5a42e856f7a486094b1a52da7413fa582d45472ab18a6ae572bba1930a8069c;efedc570ed4198bb4143b012c1926c817a047bd23278b2b2b19270889b52d13b;e5e85e9677a374bd30beeeb7848a802f790f9425b78fe84c0ef8096e2394b297,published allocation or sum of annual HCD APR Table A2 units,"California tracks RHNA progress using issued building permits. Completion comparisons are supplemental descriptive evidence, not official RHNA credit.",planning_target_and_administrative_flows
rhna_delivery,rhna_completed_units,"Cumulative completed units, 2023–2025",06095,Solano,2023-2025,2025-12-31,planning-cycle progress snapshot,3334.0,housing units,CA_HCD_RHNA;CA_HCD_APR_TABLE_A2,HCD-RHNA-package-metadata;HCD-RHNA-sixth-cycle;HCD-APR-TABLE-A2-2023-portal-current;HCD-APR-TABLE-A2-2024-portal-current;HCD-APR-TABLE-A2-2025-portal-current,2026-08-10T17:11:13Z,0e9ecad539daa8ffa467b43016b48304b55517a8dd2800bd1bf5c590a387217a;cb793563be4b5d4b33af4b54191222fe9fbc38ff846a49923d9f423bd1851fc9;d5a42e856f7a486094b1a52da7413fa582d45472ab18a6ae572bba1930a8069c;efedc570ed4198bb4143b012c1926c817a047bd23278b2b2b19270889b52d13b;e5e85e9677a374bd30beeeb7848a802f790f9425b78fe84c0ef8096e2394b297,published allocation or sum of annual HCD APR Table A2 units,"California tracks RHNA progress using issued building permits. Completion comparisons are supplemental descriptive evidence, not official RHNA credit.",planning_target_and_administrative_flows
rhna_delivery,rhna_completed_units,"Cumulative completed units, 2023–2025",06097,Sonoma,2023-2025,2025-12-31,planning-cycle progress snapshot,4881.0,housing units,CA_HCD_RHNA;CA_HCD_APR_TABLE_A2,HCD-RHNA-package-metadata;HCD-RHNA-sixth-cycle;HCD-APR-TABLE-A2-2023-portal-current;HCD-APR-TABLE-A2-2024-portal-current;HCD-APR-TABLE-A2-2025-portal-current,2026-08-10T17:11:13Z,0e9ecad539daa8ffa467b43016b48304b55517a8dd2800bd1bf5c590a387217a;cb793563be4b5d4b33af4b54191222fe9fbc38ff846a49923d9f423bd1851fc9;d5a42e856f7a486094b1a52da7413fa582d45472ab18a6ae572bba1930a8069c;efedc570ed4198bb4143b012c1926c817a047bd23278b2b2b19270889b52d13b;e5e85e9677a374bd30beeeb7848a802f790f9425b78fe84c0ef8096e2394b297,published allocation or sum of annual HCD APR Table A2 units,"California tracks RHNA progress using issued building permits. Completion comparisons are supplemental descriptive evidence, not official RHNA credit.",planning_target_and_administrative_flows
rhna_delivery,rhna_completion_gap_units,Allocation less cumulative completions,06001,Alameda,2023-2025,2025-12-31,planning-cycle progress snapshot,73227.0,housing units,CA_HCD_RHNA;CA_HCD_APR_TABLE_A2,HCD-RHNA-package-metadata;HCD-RHNA-sixth-cycle;HCD-APR-TABLE-A2-2023-portal-current;HCD-APR-TABLE-A2-2024-portal-current;HCD-APR-TABLE-A2-2025-portal-current,2026-08-10T17:11:13Z,0e9ecad539daa8ffa467b43016b48304b55517a8dd2800bd1bf5c590a387217a;cb793563be4b5d4b33af4b54191222fe9fbc38ff846a49923d9f423bd1851fc9;d5a42e856f7a486094b1a52da7413fa582d45472ab18a6ae572bba1930a8069c;efedc570ed4198bb4143b012c1926c817a047bd23278b2b2b19270889b52d13b;e5e85e9677a374bd30beeeb7848a802f790f9425b78fe84c0ef8096e2394b297,sum of 2023–2025 HCD APR units compared with full sixth-cycle allocation,"California tracks RHNA progress using issued building permits. Completion comparisons are supplemental descriptive evidence, not official RHNA credit.",planning_target_and_administrative_flows
rhna_delivery,rhna_completion_gap_units,Allocation less cumulative completions,06013,Contra Costa,2023-2025,2025-12-31,planning-cycle progress snapshot,41915.0,housing units,CA_HCD_RHNA;CA_HCD_APR_TABLE_A2,HCD-RHNA-package-metadata;HCD-RHNA-sixth-cycle;HCD-APR-TABLE-A2-2023-portal-current;HCD-APR-TABLE-A2-2024-portal-current;HCD-APR-TABLE-A2-2025-portal-current,2026-08-10T17:11:13Z,0e9ecad539daa8ffa467b43016b48304b55517a8dd2800bd1bf5c590a387217a;cb793563be4b5d4b33af4b54191222fe9fbc38ff846a49923d9f423bd1851fc9;d5a42e856f7a486094b1a52da7413fa582d45472ab18a6ae572bba1930a8069c;efedc570ed4198bb4143b012c1926c817a047bd23278b2b2b19270889b52d13b;e5e85e9677a374bd30beeeb7848a802f790f9425b78fe84c0ef8096e2394b297,sum of 2023–2025 HCD APR units compared with full sixth-cycle allocation,"California tracks RHNA progress using issued building permits. Completion comparisons are supplemental descriptive evidence, not official RHNA credit.",planning_target_and_administrative_flows
rhna_delivery,rhna_completion_gap_units,Allocation less cumulative completions,06041,Marin,2023-2025,2025-12-31,planning-cycle progress snapshot,13117.0,housing units,CA_HCD_RHNA;CA_HCD_APR_TABLE_A2,HCD-RHNA-package-metadata;HCD-RHNA-sixth-cycle;HCD-APR-TABLE-A2-2023-portal-current;HCD-APR-TABLE-A2-2024-portal-current;HCD-APR-TABLE-A2-2025-portal-current,2026-08-10T17:11:13Z,0e9ecad539daa8ffa467b43016b48304b55517a8dd2800bd1bf5c590a387217a;cb793563be4b5d4b33af4b54191222fe9fbc38ff846a49923d9f423bd1851fc9;d5a42e856f7a486094b1a52da7413fa582d45472ab18a6ae572bba1930a8069c;efedc570ed4198bb4143b012c1926c817a047bd23278b2b2b19270889b52d13b;e5e85e9677a374bd30beeeb7848a802f790f9425b78fe84c0ef8096e2394b297,sum of 2023–2025 HCD APR units compared with full sixth-cycle allocation,"California tracks RHNA progress using issued building permits. Completion comparisons are supplemental descriptive evidence, not official RHNA credit.",planning_target_and_administrative_flows
rhna_delivery,rhna_completion_gap_units,Allocation less cumulative completions,06055,Napa,2023-2025,2025-12-31,planning-cycle progress snapshot,2664.0,housing units,CA_HCD_RHNA;CA_HCD_APR_TABLE_A2,HCD-RHNA-package-metadata;HCD-RHNA-sixth-cycle;HCD-APR-TABLE-A2-2023-portal-current;HCD-APR-TABLE-A2-2024-portal-current;HCD-APR-TABLE-A2-2025-portal-current,2026-08-10T17:11:13Z,0e9ecad539daa8ffa467b43016b48304b55517a8dd2800bd1bf5c590a387217a;cb793563be4b5d4b33af4b54191222fe9fbc38ff846a49923d9f423bd1851fc9;d5a42e856f7a486094b1a52da7413fa582d45472ab18a6ae572bba1930a8069c;efedc570ed4198bb4143b012c1926c817a047bd23278b2b2b19270889b52d13b;e5e85e9677a374bd30beeeb7848a802f790f9425b78fe84c0ef8096e2394b297,sum of 2023–2025 HCD APR units compared with full sixth-cycle allocation,"California tracks RHNA progress using issued building permits. Completion comparisons are supplemental descriptive evidence, not official RHNA credit.",planning_target_and_administrative_flows
rhna_delivery,rhna_completion_gap_units,Allocation less cumulative completions,06075,San Francisco,2023-2025,2025-12-31,planning-cycle progress snapshot,74872.0,housing units,CA_HCD_RHNA;CA_HCD_APR_TABLE_A2,HCD-RHNA-package-metadata;HCD-RHNA-sixth-cycle;HCD-APR-TABLE-A2-2023-portal-current;HCD-APR-TABLE-A2-2024-portal-current;HCD-APR-TABLE-A2-2025-portal-current,2026-08-10T17:11:13Z,0e9ecad539daa8ffa467b43016b48304b55517a8dd2800bd1bf5c590a387217a;cb793563be4b5d4b33af4b54191222fe9fbc38ff846a49923d9f423bd1851fc9;d5a42e856f7a486094b1a52da7413fa582d45472ab18a6ae572bba1930a8069c;efedc570ed4198bb4143b012c1926c817a047bd23278b2b2b19270889b52d13b;e5e85e9677a374bd30beeeb7848a802f790f9425b78fe84c0ef8096e2394b297,sum of 2023–2025 HCD APR units compared with full sixth-cycle allocation,"California tracks RHNA progress using issued building permits. Completion comparisons are supplemental descriptive evidence, not official RHNA credit.",planning_target_and_administrative_flows
rhna_delivery,rhna_completion_gap_units,Allocation less cumulative completions,06081,San Mateo,2023-2025,2025-12-31,planning-cycle progress snapshot,41983.0,housing units,CA_HCD_RHNA;CA_HCD_APR_TABLE_A2,HCD-RHNA-package-metadata;HCD-RHNA-sixth-cycle;HCD-APR-TABLE-A2-2023-portal-current;HCD-APR-TABLE-A2-2024-portal-current;HCD-APR-TABLE-A2-2025-portal-current,2026-08-10T17:11:13Z,0e9ecad539daa8ffa467b43016b48304b55517a8dd2800bd1bf5c590a387217a;cb793563be4b5d4b33af4b54191222fe9fbc38ff846a49923d9f423bd1851fc9;d5a42e856f7a486094b1a52da7413fa582d45472ab18a6ae572bba1930a8069c;efedc570ed4198bb4143b012c1926c817a047bd23278b2b2b19270889b52d13b;e5e85e9677a374bd30beeeb7848a802f790f9425b78fe84c0ef8096e2394b297,sum of 2023–2025 HCD APR units compared with full sixth-cycle allocation,"California tracks RHNA progress using issued building permits. Completion comparisons are supplemental descriptive evidence, not official RHNA credit.",planning_target_and_administrative_flows
rhna_delivery,rhna_completion_gap_units,Allocation less cumulative completions,06085,Santa Clara,2023-2025,2025-12-31,planning-cycle progress snapshot,111004.0,housing units,CA_HCD_RHNA;CA_HCD_APR_TABLE_A2,HCD-RHNA-package-metadata;HCD-RHNA-sixth-cycle;HCD-APR-TABLE-A2-2023-portal-current;HCD-APR-TABLE-A2-2024-portal-current;HCD-APR-TABLE-A2-2025-portal-current,2026-08-10T17:11:13Z,0e9ecad539daa8ffa467b43016b48304b55517a8dd2800bd1bf5c590a387217a;cb793563be4b5d4b33af4b54191222fe9fbc38ff846a49923d9f423bd1851fc9;d5a42e856f7a486094b1a52da7413fa582d45472ab18a6ae572bba1930a8069c;efedc570ed4198bb4143b012c1926c817a047bd23278b2b2b19270889b52d13b;e5e85e9677a374bd30beeeb7848a802f790f9425b78fe84c0ef8096e2394b297,sum of 2023–2025 HCD APR units compared with full sixth-cycle allocation,"California tracks RHNA progress using issued building permits. Completion comparisons are supplemental descriptive evidence, not official RHNA credit.",planning_target_and_administrative_flows
rhna_delivery,rhna_completion_gap_units,Allocation less cumulative completions,06095,Solano,2023-2025,2025-12-31,planning-cycle progress snapshot,7658.0,housing units,CA_HCD_RHNA;CA_HCD_APR_TABLE_A2,HCD-RHNA-package-metadata;HCD-RHNA-sixth-cycle;HCD-APR-TABLE-A2-2023-portal-current;HCD-APR-TABLE-A2-2024-portal-current;HCD-APR-TABLE-A2-2025-portal-current,2026-08-10T17:11:13Z,0e9ecad539daa8ffa467b43016b48304b55517a8dd2800bd1bf5c590a387217a;cb793563be4b5d4b33af4b54191222fe9fbc38ff846a49923d9f423bd1851fc9;d5a42e856f7a486094b1a52da7413fa582d45472ab18a6ae572bba1930a8069c;efedc570ed4198bb4143b012c1926c817a047bd23278b2b2b19270889b52d13b;e5e85e9677a374bd30beeeb7848a802f790f9425b78fe84c0ef8096e2394b297,sum of 2023–2025 HCD APR units compared with full sixth-cycle allocation,"California tracks RHNA progress using issued building permits. Completion comparisons are supplemental descriptive evidence, not official RHNA credit.",planning_target_and_administrative_flows
rhna_delivery,rhna_completion_gap_units,Allocation less cumulative completions,06097,Sonoma,2023-2025,2025-12-31,planning-cycle progress snapshot,9681.0,housing units,CA_HCD_RHNA;CA_HCD_APR_TABLE_A2,HCD-RHNA-package-metadata;HCD-RHNA-sixth-cycle;HCD-APR-TABLE-A2-2023-portal-current;HCD-APR-TABLE-A2-2024-portal-current;HCD-APR-TABLE-A2-2025-portal-current,2026-08-10T17:11:13Z,0e9ecad539daa8ffa467b43016b48304b55517a8dd2800bd1bf5c590a387217a;cb793563be4b5d4b33af4b54191222fe9fbc38ff846a49923d9f423bd1851fc9;d5a42e856f7a486094b1a52da7413fa582d45472ab18a6ae572bba1930a8069c;efedc570ed4198bb4143b012c1926c817a047bd23278b2b2b19270889b52d13b;e5e85e9677a374bd30beeeb7848a802f790f9425b78fe84c0ef8096e2394b297,sum of 2023–2025 HCD APR units compared with full sixth-cycle allocation,"California tracks RHNA progress using issued building permits. Completion comparisons are supplemental descriptive evidence, not official RHNA credit.",planning_target_and_administrative_flows
rhna_delivery,rhna_completion_progress_pct,Completion count as share of sixth-cycle RHNA,06001,Alameda,2023-2025,2025-12-31,planning-cycle progress snapshot,17.71969841680057,percent,CA_HCD_RHNA;CA_HCD_APR_TABLE_A2,HCD-RHNA-package-metadata;HCD-RHNA-sixth-cycle;HCD-APR-TABLE-A2-2023-portal-current;HCD-APR-TABLE-A2-2024-portal-current;HCD-APR-TABLE-A2-2025-portal-current,2026-08-10T17:11:13Z,0e9ecad539daa8ffa467b43016b48304b55517a8dd2800bd1bf5c590a387217a;cb793563be4b5d4b33af4b54191222fe9fbc38ff846a49923d9f423bd1851fc9;d5a42e856f7a486094b1a52da7413fa582d45472ab18a6ae572bba1930a8069c;efedc570ed4198bb4143b012c1926c817a047bd23278b2b2b19270889b52d13b;e5e85e9677a374bd30beeeb7848a802f790f9425b78fe84c0ef8096e2394b297,sum of 2023–2025 HCD APR units compared with full sixth-cycle allocation,"California tracks RHNA progress using issued building permits. Completion comparisons are supplemental descriptive evidence, not official RHNA credit.",planning_target_and_administrative_flows
rhna_delivery,rhna_completion_progress_pct,Completion count as share of sixth-cycle RHNA,06013,Contra Costa,2023-2025,2025-12-31,planning-cycle progress snapshot,14.53418428725812,percent,CA_HCD_RHNA;CA_HCD_APR_TABLE_A2,HCD-RHNA-package-metadata;HCD-RHNA-sixth-cycle;HCD-APR-TABLE-A2-2023-portal-current;HCD-APR-TABLE-A2-2024-portal-current;HCD-APR-TABLE-A2-2025-portal-current,2026-08-10T17:11:13Z,0e9ecad539daa8ffa467b43016b48304b55517a8dd2800bd1bf5c590a387217a;cb793563be4b5d4b33af4b54191222fe9fbc38ff846a49923d9f423bd1851fc9;d5a42e856f7a486094b1a52da7413fa582d45472ab18a6ae572bba1930a8069c;efedc570ed4198bb4143b012c1926c817a047bd23278b2b2b19270889b52d13b;e5e85e9677a374bd30beeeb7848a802f790f9425b78fe84c0ef8096e2394b297,sum of 2023–2025 HCD APR units compared with full sixth-cycle allocation,"California tracks RHNA progress using issued building permits. Completion comparisons are supplemental descriptive evidence, not official RHNA credit.",planning_target_and_administrative_flows
rhna_delivery,rhna_completion_progress_pct,Completion count as share of sixth-cycle RHNA,06041,Marin,2023-2025,2025-12-31,planning-cycle progress snapshot,8.941339812565081,percent,CA_HCD_RHNA;CA_HCD_APR_TABLE_A2,HCD-RHNA-package-metadata;HCD-RHNA-sixth-cycle;HCD-APR-TABLE-A2-2023-portal-current;HCD-APR-TABLE-A2-2024-portal-current;HCD-APR-TABLE-A2-2025-portal-current,2026-08-10T17:11:13Z,0e9ecad539daa8ffa467b43016b48304b55517a8dd2800bd1bf5c590a387217a;cb793563be4b5d4b33af4b54191222fe9fbc38ff846a49923d9f423bd1851fc9;d5a42e856f7a486094b1a52da7413fa582d45472ab18a6ae572bba1930a8069c;efedc570ed4198bb4143b012c1926c817a047bd23278b2b2b19270889b52d13b;e5e85e9677a374bd30beeeb7848a802f790f9425b78fe84c0ef8096e2394b297,sum of 2023–2025 HCD APR units compared with full sixth-cycle allocation,"California tracks RHNA progress using issued building permits. Completion comparisons are supplemental descriptive evidence, not official RHNA credit.",planning_target_and_administrative_flows
rhna_delivery,rhna_completion_progress_pct,Completion count as share of sixth-cycle RHNA,06055,Napa,2023-2025,2025-12-31,planning-cycle progress snapshot,30.697190426638915,percent,CA_HCD_RHNA;CA_HCD_APR_TABLE_A2,HCD-RHNA-package-metadata;HCD-RHNA-sixth-cycle;HCD-APR-TABLE-A2-2023-portal-current;HCD-APR-TABLE-A2-2024-portal-current;HCD-APR-TABLE-A2-2025-portal-current,2026-08-10T17:11:13Z,0e9ecad539daa8ffa467b43016b48304b55517a8dd2800bd1bf5c590a387217a;cb793563be4b5d4b33af4b54191222fe9fbc38ff846a49923d9f423bd1851fc9;d5a42e856f7a486094b1a52da7413fa582d45472ab18a6ae572bba1930a8069c;efedc570ed4198bb4143b012c1926c817a047bd23278b2b2b19270889b52d13b;e5e85e9677a374bd30beeeb7848a802f790f9425b78fe84c0ef8096e2394b297,sum of 2023–2025 HCD APR units compared with full sixth-cycle allocation,"California tracks RHNA progress using issued building permits. Completion comparisons are supplemental descriptive evidence, not official RHNA credit.",planning_target_and_administrative_flows
rhna_delivery,rhna_completion_progress_pct,Completion count as share of sixth-cycle RHNA,06075,San Francisco,2023-2025,2025-12-31,planning-cycle progress snapshot,8.769450096869708,percent,CA_HCD_RHNA;CA_HCD_APR_TABLE_A2,HCD-RHNA-package-metadata;HCD-RHNA-sixth-cycle;HCD-APR-TABLE-A2-2023-portal-current;HCD-APR-TABLE-A2-2024-portal-current;HCD-APR-TABLE-A2-2025-portal-current,2026-08-10T17:11:13Z,0e9ecad539daa8ffa467b43016b48304b55517a8dd2800bd1bf5c590a387217a;cb793563be4b5d4b33af4b54191222fe9fbc38ff846a49923d9f423bd1851fc9;d5a42e856f7a486094b1a52da7413fa582d45472ab18a6ae572bba1930a8069c;efedc570ed4198bb4143b012c1926c817a047bd23278b2b2b19270889b52d13b;e5e85e9677a374bd30beeeb7848a802f790f9425b78fe84c0ef8096e2394b297,sum of 2023–2025 HCD APR units compared with full sixth-cycle allocation,"California tracks RHNA progress using issued building permits. Completion comparisons are supplemental descriptive evidence, not official RHNA credit.",planning_target_and_administrative_flows
rhna_delivery,rhna_completion_progress_pct,Completion count as share of sixth-cycle RHNA,06081,San Mateo,2023-2025,2025-12-31,planning-cycle progress snapshot,11.961331180405562,percent,CA_HCD_RHNA;CA_HCD_APR_TABLE_A2,HCD-RHNA-package-metadata;HCD-RHNA-sixth-cycle;HCD-APR-TABLE-A2-2023-portal-current;HCD-APR-TABLE-A2-2024-portal-current;HCD-APR-TABLE-A2-2025-portal-current,2026-08-10T17:11:13Z,0e9ecad539daa8ffa467b43016b48304b55517a8dd2800bd1bf5c590a387217a;cb793563be4b5d4b33af4b54191222fe9fbc38ff846a49923d9f423bd1851fc9;d5a42e856f7a486094b1a52da7413fa582d45472ab18a6ae572bba1930a8069c;efedc570ed4198bb4143b012c1926c817a047bd23278b2b2b19270889b52d13b;e5e85e9677a374bd30beeeb7848a802f790f9425b78fe84c0ef8096e2394b297,sum of 2023–2025 HCD APR units compared with full sixth-cycle allocation,"California tracks RHNA progress using issued building permits. Completion comparisons are supplemental descriptive evidence, not official RHNA credit.",planning_target_and_administrative_flows
rhna_delivery,rhna_completion_progress_pct,Completion count as share of sixth-cycle RHNA,06085,Santa Clara,2023-2025,2025-12-31,planning-cycle progress snapshot,14.333562283429929,percent,CA_HCD_RHNA;CA_HCD_APR_TABLE_A2,HCD-RHNA-package-metadata;HCD-RHNA-sixth-cycle;HCD-APR-TABLE-A2-2023-portal-current;HCD-APR-TABLE-A2-2024-portal-current;HCD-APR-TABLE-A2-2025-portal-current,2026-08-10T17:11:13Z,0e9ecad539daa8ffa467b43016b48304b55517a8dd2800bd1bf5c590a387217a;cb793563be4b5d4b33af4b54191222fe9fbc38ff846a49923d9f423bd1851fc9;d5a42e856f7a486094b1a52da7413fa582d45472ab18a6ae572bba1930a8069c;efedc570ed4198bb4143b012c1926c817a047bd23278b2b2b19270889b52d13b;e5e85e9677a374bd30beeeb7848a802f790f9425b78fe84c0ef8096e2394b297,sum of 2023–2025 HCD APR units compared with full sixth-cycle allocation,"California tracks RHNA progress using issued building permits. Completion comparisons are supplemental descriptive evidence, not official RHNA credit.",planning_target_and_administrative_flows
rhna_delivery,rhna_completion_progress_pct,Completion count as share of sixth-cycle RHNA,06095,Solano,2023-2025,2025-12-31,planning-cycle progress snapshot,30.331149927219798,percent,CA_HCD_RHNA;CA_HCD_APR_TABLE_A2,HCD-RHNA-package-metadata;HCD-RHNA-sixth-cycle;HCD-APR-TABLE-A2-2023-portal-current;HCD-APR-TABLE-A2-2024-portal-current;HCD-APR-TABLE-A2-2025-portal-current,2026-08-10T17:11:13Z,0e9ecad539daa8ffa467b43016b48304b55517a8dd2800bd1bf5c590a387217a;cb793563be4b5d4b33af4b54191222fe9fbc38ff846a49923d9f423bd1851fc9;d5a42e856f7a486094b1a52da7413fa582d45472ab18a6ae572bba1930a8069c;efedc570ed4198bb4143b012c1926c817a047bd23278b2b2b19270889b52d13b;e5e85e9677a374bd30beeeb7848a802f790f9425b78fe84c0ef8096e2394b297,sum of 2023–2025 HCD APR units compared with full sixth-cycle allocation,"California tracks RHNA progress using issued building permits. Completion comparisons are supplemental descriptive evidence, not official RHNA credit.",planning_target_and_administrative_flows
rhna_delivery,rhna_completion_progress_pct,Completion count as share of sixth-cycle RHNA,06097,Sonoma,2023-2025,2025-12-31,planning-cycle progress snapshot,33.51874742480428,percent,CA_HCD_RHNA;CA_HCD_APR_TABLE_A2,HCD-RHNA-package-metadata;HCD-RHNA-sixth-cycle;HCD-APR-TABLE-A2-2023-portal-current;HCD-APR-TABLE-A2-2024-portal-current;HCD-APR-TABLE-A2-2025-portal-current,2026-08-10T17:11:13Z,0e9ecad539daa8ffa467b43016b48304b55517a8dd2800bd1bf5c590a387217a;cb793563be4b5d4b33af4b54191222fe9fbc38ff846a49923d9f423bd1851fc9;d5a42e856f7a486094b1a52da7413fa582d45472ab18a6ae572bba1930a8069c;efedc570ed4198bb4143b012c1926c817a047bd23278b2b2b19270889b52d13b;e5e85e9677a374bd30beeeb7848a802f790f9425b78fe84c0ef8096e2394b297,sum of 2023–2025 HCD APR units compared with full sixth-cycle allocation,"California tracks RHNA progress using issued building permits. Completion comparisons are supplemental descriptive evidence, not official RHNA credit.",planning_target_and_administrative_flows
rhna_delivery,rhna_completion_to_permit_flow_pct,Cumulative completions as share of cumulative permits,06001,Alameda,2023-2025,2025-12-31,planning-cycle progress snapshot,107.24243454607276,percent,CA_HCD_RHNA;CA_HCD_APR_TABLE_A2,HCD-RHNA-package-metadata;HCD-RHNA-sixth-cycle;HCD-APR-TABLE-A2-2023-portal-current;HCD-APR-TABLE-A2-2024-portal-current;HCD-APR-TABLE-A2-2025-portal-current,2026-08-10T17:11:13Z,0e9ecad539daa8ffa467b43016b48304b55517a8dd2800bd1bf5c590a387217a;cb793563be4b5d4b33af4b54191222fe9fbc38ff846a49923d9f423bd1851fc9;d5a42e856f7a486094b1a52da7413fa582d45472ab18a6ae572bba1930a8069c;efedc570ed4198bb4143b012c1926c817a047bd23278b2b2b19270889b52d13b;e5e85e9677a374bd30beeeb7848a802f790f9425b78fe84c0ef8096e2394b297,published allocation or sum of annual HCD APR Table A2 units,"California tracks RHNA progress using issued building permits. Completion comparisons are supplemental descriptive evidence, not official RHNA credit.",planning_target_and_administrative_flows
rhna_delivery,rhna_completion_to_permit_flow_pct,Cumulative completions as share of cumulative permits,06013,Contra Costa,2023-2025,2025-12-31,planning-cycle progress snapshot,85.4881266490765,percent,CA_HCD_RHNA;CA_HCD_APR_TABLE_A2,HCD-RHNA-package-metadata;HCD-RHNA-sixth-cycle;HCD-APR-TABLE-A2-2023-portal-current;HCD-APR-TABLE-A2-2024-portal-current;HCD-APR-TABLE-A2-2025-portal-current,2026-08-10T17:11:13Z,0e9ecad539daa8ffa467b43016b48304b55517a8dd2800bd1bf5c590a387217a;cb793563be4b5d4b33af4b54191222fe9fbc38ff846a49923d9f423bd1851fc9;d5a42e856f7a486094b1a52da7413fa582d45472ab18a6ae572bba1930a8069c;efedc570ed4198bb4143b012c1926c817a047bd23278b2b2b19270889b52d13b;e5e85e9677a374bd30beeeb7848a802f790f9425b78fe84c0ef8096e2394b297,published allocation or sum of annual HCD APR Table A2 units,"California tracks RHNA progress using issued building permits. Completion comparisons are supplemental descriptive evidence, not official RHNA credit.",planning_target_and_administrative_flows
rhna_delivery,rhna_completion_to_permit_flow_pct,Cumulative completions as share of cumulative permits,06041,Marin,2023-2025,2025-12-31,planning-cycle progress snapshot,88.95027624309392,percent,CA_HCD_RHNA;CA_HCD_APR_TABLE_A2,HCD-RHNA-package-metadata;HCD-RHNA-sixth-cycle;HCD-APR-TABLE-A2-2023-portal-current;HCD-APR-TABLE-A2-2024-portal-current;HCD-APR-TABLE-A2-2025-portal-current,2026-08-10T17:11:13Z,0e9ecad539daa8ffa467b43016b48304b55517a8dd2800bd1bf5c590a387217a;cb793563be4b5d4b33af4b54191222fe9fbc38ff846a49923d9f423bd1851fc9;d5a42e856f7a486094b1a52da7413fa582d45472ab18a6ae572bba1930a8069c;efedc570ed4198bb4143b012c1926c817a047bd23278b2b2b19270889b52d13b;e5e85e9677a374bd30beeeb7848a802f790f9425b78fe84c0ef8096e2394b297,published allocation or sum of annual HCD APR Table A2 units,"California tracks RHNA progress using issued building permits. Completion comparisons are supplemental descriptive evidence, not official RHNA credit.",planning_target_and_administrative_flows
rhna_delivery,rhna_completion_to_permit_flow_pct,Cumulative completions as share of cumulative permits,06055,Napa,2023-2025,2025-12-31,planning-cycle progress snapshot,76.57365347177158,percent,CA_HCD_RHNA;CA_HCD_APR_TABLE_A2,HCD-RHNA-package-metadata;HCD-RHNA-sixth-cycle;HCD-APR-TABLE-A2-2023-portal-current;HCD-APR-TABLE-A2-2024-portal-current;HCD-APR-TABLE-A2-2025-portal-current,2026-08-10T17:11:13Z,0e9ecad539daa8ffa467b43016b48304b55517a8dd2800bd1bf5c590a387217a;cb793563be4b5d4b33af4b54191222fe9fbc38ff846a49923d9f423bd1851fc9;d5a42e856f7a486094b1a52da7413fa582d45472ab18a6ae572bba1930a8069c;efedc570ed4198bb4143b012c1926c817a047bd23278b2b2b19270889b52d13b;e5e85e9677a374bd30beeeb7848a802f790f9425b78fe84c0ef8096e2394b297,published allocation or sum of annual HCD APR Table A2 units,"California tracks RHNA progress using issued building permits. Completion comparisons are supplemental descriptive evidence, not official RHNA credit.",planning_target_and_administrative_flows
rhna_delivery,rhna_completion_to_permit_flow_pct,Cumulative completions as share of cumulative permits,06075,San Francisco,2023-2025,2025-12-31,planning-cycle progress snapshot,118.25501150180742,percent,CA_HCD_RHNA;CA_HCD_APR_TABLE_A2,HCD-RHNA-package-metadata;HCD-RHNA-sixth-cycle;HCD-APR-TABLE-A2-2023-portal-current;HCD-APR-TABLE-A2-2024-portal-current;HCD-APR-TABLE-A2-2025-portal-current,2026-08-10T17:11:13Z,0e9ecad539daa8ffa467b43016b48304b55517a8dd2800bd1bf5c590a387217a;cb793563be4b5d4b33af4b54191222fe9fbc38ff846a49923d9f423bd1851fc9;d5a42e856f7a486094b1a52da7413fa582d45472ab18a6ae572bba1930a8069c;efedc570ed4198bb4143b012c1926c817a047bd23278b2b2b19270889b52d13b;e5e85e9677a374bd30beeeb7848a802f790f9425b78fe84c0ef8096e2394b297,published allocation or sum of annual HCD APR Table A2 units,"California tracks RHNA progress using issued building permits. Completion comparisons are supplemental descriptive evidence, not official RHNA credit.",planning_target_and_administrative_flows
rhna_delivery,rhna_completion_to_permit_flow_pct,Cumulative completions as share of cumulative permits,06081,San Mateo,2023-2025,2025-12-31,planning-cycle progress snapshot,59.69024696525743,percent,CA_HCD_RHNA;CA_HCD_APR_TABLE_A2,HCD-RHNA-package-metadata;HCD-RHNA-sixth-cycle;HCD-APR-TABLE-A2-2023-portal-current;HCD-APR-TABLE-A2-2024-portal-current;HCD-APR-TABLE-A2-2025-portal-current,2026-08-10T17:11:13Z,0e9ecad539daa8ffa467b43016b48304b55517a8dd2800bd1bf5c590a387217a;cb793563be4b5d4b33af4b54191222fe9fbc38ff846a49923d9f423bd1851fc9;d5a42e856f7a486094b1a52da7413fa582d45472ab18a6ae572bba1930a8069c;efedc570ed4198bb4143b012c1926c817a047bd23278b2b2b19270889b52d13b;e5e85e9677a374bd30beeeb7848a802f790f9425b78fe84c0ef8096e2394b297,published allocation or sum of annual HCD APR Table A2 units,"California tracks RHNA progress using issued building permits. Completion comparisons are supplemental descriptive evidence, not official RHNA credit.",planning_target_and_administrative_flows
rhna_delivery,rhna_completion_to_permit_flow_pct,Cumulative completions as share of cumulative permits,06085,Santa Clara,2023-2025,2025-12-31,planning-cycle progress snapshot,90.64864073405242,percent,CA_HCD_RHNA;CA_HCD_APR_TABLE_A2,HCD-RHNA-package-metadata;HCD-RHNA-sixth-cycle;HCD-APR-TABLE-A2-2023-portal-current;HCD-APR-TABLE-A2-2024-portal-current;HCD-APR-TABLE-A2-2025-portal-current,2026-08-10T17:11:13Z,0e9ecad539daa8ffa467b43016b48304b55517a8dd2800bd1bf5c590a387217a;cb793563be4b5d4b33af4b54191222fe9fbc38ff846a49923d9f423bd1851fc9;d5a42e856f7a486094b1a52da7413fa582d45472ab18a6ae572bba1930a8069c;efedc570ed4198bb4143b012c1926c817a047bd23278b2b2b19270889b52d13b;e5e85e9677a374bd30beeeb7848a802f790f9425b78fe84c0ef8096e2394b297,published allocation or sum of annual HCD APR Table A2 units,"California tracks RHNA progress using issued building permits. Completion comparisons are supplemental descriptive evidence, not official RHNA credit.",planning_target_and_administrative_flows
rhna_delivery,rhna_completion_to_permit_flow_pct,Cumulative completions as share of cumulative permits,06095,Solano,2023-2025,2025-12-31,planning-cycle progress snapshot,69.01262678534465,percent,CA_HCD_RHNA;CA_HCD_APR_TABLE_A2,HCD-RHNA-package-metadata;HCD-RHNA-sixth-cycle;HCD-APR-TABLE-A2-2023-portal-current;HCD-APR-TABLE-A2-2024-portal-current;HCD-APR-TABLE-A2-2025-portal-current,2026-08-10T17:11:13Z,0e9ecad539daa8ffa467b43016b48304b55517a8dd2800bd1bf5c590a387217a;cb793563be4b5d4b33af4b54191222fe9fbc38ff846a49923d9f423bd1851fc9;d5a42e856f7a486094b1a52da7413fa582d45472ab18a6ae572bba1930a8069c;efedc570ed4198bb4143b012c1926c817a047bd23278b2b2b19270889b52d13b;e5e85e9677a374bd30beeeb7848a802f790f9425b78fe84c0ef8096e2394b297,published allocation or sum of annual HCD APR Table A2 units,"California tracks RHNA progress using issued building permits. Completion comparisons are supplemental descriptive evidence, not official RHNA credit.",planning_target_and_administrative_flows
rhna_delivery,rhna_completion_to_permit_flow_pct,Cumulative completions as share of cumulative permits,06097,Sonoma,2023-2025,2025-12-31,planning-cycle progress snapshot,66.80810292909936,percent,CA_HCD_RHNA;CA_HCD_APR_TABLE_A2,HCD-RHNA-package-metadata;HCD-RHNA-sixth-cycle;HCD-APR-TABLE-A2-2023-portal-current;HCD-APR-TABLE-A2-2024-portal-current;HCD-APR-TABLE-A2-2025-portal-current,2026-08-10T17:11:13Z,0e9ecad539daa8ffa467b43016b48304b55517a8dd2800bd1bf5c590a387217a;cb793563be4b5d4b33af4b54191222fe9fbc38ff846a49923d9f423bd1851fc9;d5a42e856f7a486094b1a52da7413fa582d45472ab18a6ae572bba1930a8069c;efedc570ed4198bb4143b012c1926c817a047bd23278b2b2b19270889b52d13b;e5e85e9677a374bd30beeeb7848a802f790f9425b78fe84c0ef8096e2394b297,published allocation or sum of annual HCD APR Table A2 units,"California tracks RHNA progress using issued building permits. Completion comparisons are supplemental descriptive evidence, not official RHNA credit.",planning_target_and_administrative_flows
rhna_delivery,rhna_permit_gap_units,Allocation less cumulative permits,06001,Alameda,2023-2025,2025-12-31,planning-cycle progress snapshot,74292.0,housing units,CA_HCD_RHNA;CA_HCD_APR_TABLE_A2,HCD-RHNA-package-metadata;HCD-RHNA-sixth-cycle;HCD-APR-TABLE-A2-2023-portal-current;HCD-APR-TABLE-A2-2024-portal-current;HCD-APR-TABLE-A2-2025-portal-current,2026-08-10T17:11:13Z,0e9ecad539daa8ffa467b43016b48304b55517a8dd2800bd1bf5c590a387217a;cb793563be4b5d4b33af4b54191222fe9fbc38ff846a49923d9f423bd1851fc9;d5a42e856f7a486094b1a52da7413fa582d45472ab18a6ae572bba1930a8069c;efedc570ed4198bb4143b012c1926c817a047bd23278b2b2b19270889b52d13b;e5e85e9677a374bd30beeeb7848a802f790f9425b78fe84c0ef8096e2394b297,sum of 2023–2025 HCD APR units compared with full sixth-cycle allocation,"California tracks RHNA progress using issued building permits. Completion comparisons are supplemental descriptive evidence, not official RHNA credit.",planning_target_and_administrative_flows
rhna_delivery,rhna_permit_gap_units,Allocation less cumulative permits,06013,Contra Costa,2023-2025,2025-12-31,planning-cycle progress snapshot,40705.0,housing units,CA_HCD_RHNA;CA_HCD_APR_TABLE_A2,HCD-RHNA-package-metadata;HCD-RHNA-sixth-cycle;HCD-APR-TABLE-A2-2023-portal-current;HCD-APR-TABLE-A2-2024-portal-current;HCD-APR-TABLE-A2-2025-portal-current,2026-08-10T17:11:13Z,0e9ecad539daa8ffa467b43016b48304b55517a8dd2800bd1bf5c590a387217a;cb793563be4b5d4b33af4b54191222fe9fbc38ff846a49923d9f423bd1851fc9;d5a42e856f7a486094b1a52da7413fa582d45472ab18a6ae572bba1930a8069c;efedc570ed4198bb4143b012c1926c817a047bd23278b2b2b19270889b52d13b;e5e85e9677a374bd30beeeb7848a802f790f9425b78fe84c0ef8096e2394b297,sum of 2023–2025 HCD APR units compared with full sixth-cycle allocation,"California tracks RHNA progress using issued building permits. Completion comparisons are supplemental descriptive evidence, not official RHNA credit.",planning_target_and_administrative_flows
rhna_delivery,rhna_permit_gap_units,Allocation less cumulative permits,06041,Marin,2023-2025,2025-12-31,planning-cycle progress snapshot,12957.0,housing units,CA_HCD_RHNA;CA_HCD_APR_TABLE_A2,HCD-RHNA-package-metadata;HCD-RHNA-sixth-cycle;HCD-APR-TABLE-A2-2023-portal-current;HCD-APR-TABLE-A2-2024-portal-current;HCD-APR-TABLE-A2-2025-portal-current,2026-08-10T17:11:13Z,0e9ecad539daa8ffa467b43016b48304b55517a8dd2800bd1bf5c590a387217a;cb793563be4b5d4b33af4b54191222fe9fbc38ff846a49923d9f423bd1851fc9;d5a42e856f7a486094b1a52da7413fa582d45472ab18a6ae572bba1930a8069c;efedc570ed4198bb4143b012c1926c817a047bd23278b2b2b19270889b52d13b;e5e85e9677a374bd30beeeb7848a802f790f9425b78fe84c0ef8096e2394b297,sum of 2023–2025 HCD APR units compared with full sixth-cycle allocation,"California tracks RHNA progress using issued building permits. Completion comparisons are supplemental descriptive evidence, not official RHNA credit.",planning_target_and_administrative_flows
rhna_delivery,rhna_permit_gap_units,Allocation less cumulative permits,06055,Napa,2023-2025,2025-12-31,planning-cycle progress snapshot,2303.0,housing units,CA_HCD_RHNA;CA_HCD_APR_TABLE_A2,HCD-RHNA-package-metadata;HCD-RHNA-sixth-cycle;HCD-APR-TABLE-A2-2023-portal-current;HCD-APR-TABLE-A2-2024-portal-current;HCD-APR-TABLE-A2-2025-portal-current,2026-08-10T17:11:13Z,0e9ecad539daa8ffa467b43016b48304b55517a8dd2800bd1bf5c590a387217a;cb793563be4b5d4b33af4b54191222fe9fbc38ff846a49923d9f423bd1851fc9;d5a42e856f7a486094b1a52da7413fa582d45472ab18a6ae572bba1930a8069c;efedc570ed4198bb4143b012c1926c817a047bd23278b2b2b19270889b52d13b;e5e85e9677a374bd30beeeb7848a802f790f9425b78fe84c0ef8096e2394b297,sum of 2023–2025 HCD APR units compared with full sixth-cycle allocation,"California tracks RHNA progress using issued building permits. Completion comparisons are supplemental descriptive evidence, not official RHNA credit.",planning_target_and_administrative_flows
rhna_delivery,rhna_permit_gap_units,Allocation less cumulative permits,06075,San Francisco,2023-2025,2025-12-31,planning-cycle progress snapshot,75983.0,housing units,CA_HCD_RHNA;CA_HCD_APR_TABLE_A2,HCD-RHNA-package-metadata;HCD-RHNA-sixth-cycle;HCD-APR-TABLE-A2-2023-portal-current;HCD-APR-TABLE-A2-2024-portal-current;HCD-APR-TABLE-A2-2025-portal-current,2026-08-10T17:11:13Z,0e9ecad539daa8ffa467b43016b48304b55517a8dd2800bd1bf5c590a387217a;cb793563be4b5d4b33af4b54191222fe9fbc38ff846a49923d9f423bd1851fc9;d5a42e856f7a486094b1a52da7413fa582d45472ab18a6ae572bba1930a8069c;efedc570ed4198bb4143b012c1926c817a047bd23278b2b2b19270889b52d13b;e5e85e9677a374bd30beeeb7848a802f790f9425b78fe84c0ef8096e2394b297,sum of 2023–2025 HCD APR units compared with full sixth-cycle allocation,"California tracks RHNA progress using issued building permits. Completion comparisons are supplemental descriptive evidence, not official RHNA credit.",planning_target_and_administrative_flows
rhna_delivery,rhna_permit_gap_units,Allocation less cumulative permits,06081,San Mateo,2023-2025,2025-12-31,planning-cycle progress snapshot,38131.0,housing units,CA_HCD_RHNA;CA_HCD_APR_TABLE_A2,HCD-RHNA-package-metadata;HCD-RHNA-sixth-cycle;HCD-APR-TABLE-A2-2023-portal-current;HCD-APR-TABLE-A2-2024-portal-current;HCD-APR-TABLE-A2-2025-portal-current,2026-08-10T17:11:13Z,0e9ecad539daa8ffa467b43016b48304b55517a8dd2800bd1bf5c590a387217a;cb793563be4b5d4b33af4b54191222fe9fbc38ff846a49923d9f423bd1851fc9;d5a42e856f7a486094b1a52da7413fa582d45472ab18a6ae572bba1930a8069c;efedc570ed4198bb4143b012c1926c817a047bd23278b2b2b19270889b52d13b;e5e85e9677a374bd30beeeb7848a802f790f9425b78fe84c0ef8096e2394b297,sum of 2023–2025 HCD APR units compared with full sixth-cycle allocation,"California tracks RHNA progress using issued building permits. Completion comparisons are supplemental descriptive evidence, not official RHNA credit.",planning_target_and_administrative_flows
rhna_delivery,rhna_permit_gap_units,Allocation less cumulative permits,06085,Santa Clara,2023-2025,2025-12-31,planning-cycle progress snapshot,109088.0,housing units,CA_HCD_RHNA;CA_HCD_APR_TABLE_A2,HCD-RHNA-package-metadata;HCD-RHNA-sixth-cycle;HCD-APR-TABLE-A2-2023-portal-current;HCD-APR-TABLE-A2-2024-portal-current;HCD-APR-TABLE-A2-2025-portal-current,2026-08-10T17:11:13Z,0e9ecad539daa8ffa467b43016b48304b55517a8dd2800bd1bf5c590a387217a;cb793563be4b5d4b33af4b54191222fe9fbc38ff846a49923d9f423bd1851fc9;d5a42e856f7a486094b1a52da7413fa582d45472ab18a6ae572bba1930a8069c;efedc570ed4198bb4143b012c1926c817a047bd23278b2b2b19270889b52d13b;e5e85e9677a374bd30beeeb7848a802f790f9425b78fe84c0ef8096e2394b297,sum of 2023–2025 HCD APR units compared with full sixth-cycle allocation,"California tracks RHNA progress using issued building permits. Completion comparisons are supplemental descriptive evidence, not official RHNA credit.",planning_target_and_administrative_flows
rhna_delivery,rhna_permit_gap_units,Allocation less cumulative permits,06095,Solano,2023-2025,2025-12-31,planning-cycle progress snapshot,6161.0,housing units,CA_HCD_RHNA;CA_HCD_APR_TABLE_A2,HCD-RHNA-package-metadata;HCD-RHNA-sixth-cycle;HCD-APR-TABLE-A2-2023-portal-current;HCD-APR-TABLE-A2-2024-portal-current;HCD-APR-TABLE-A2-2025-portal-current,2026-08-10T17:11:13Z,0e9ecad539daa8ffa467b43016b48304b55517a8dd2800bd1bf5c590a387217a;cb793563be4b5d4b33af4b54191222fe9fbc38ff846a49923d9f423bd1851fc9;d5a42e856f7a486094b1a52da7413fa582d45472ab18a6ae572bba1930a8069c;efedc570ed4198bb4143b012c1926c817a047bd23278b2b2b19270889b52d13b;e5e85e9677a374bd30beeeb7848a802f790f9425b78fe84c0ef8096e2394b297,sum of 2023–2025 HCD APR units compared with full sixth-cycle allocation,"California tracks RHNA progress using issued building permits. Completion comparisons are supplemental descriptive evidence, not official RHNA credit.",planning_target_and_administrative_flows
rhna_delivery,rhna_permit_gap_units,Allocation less cumulative permits,06097,Sonoma,2023-2025,2025-12-31,planning-cycle progress snapshot,7256.0,housing units,CA_HCD_RHNA;CA_HCD_APR_TABLE_A2,HCD-RHNA-package-metadata;HCD-RHNA-sixth-cycle;HCD-APR-TABLE-A2-2023-portal-current;HCD-APR-TABLE-A2-2024-portal-current;HCD-APR-TABLE-A2-2025-portal-current,2026-08-10T17:11:13Z,0e9ecad539daa8ffa467b43016b48304b55517a8dd2800bd1bf5c590a387217a;cb793563be4b5d4b33af4b54191222fe9fbc38ff846a49923d9f423bd1851fc9;d5a42e856f7a486094b1a52da7413fa582d45472ab18a6ae572bba1930a8069c;efedc570ed4198bb4143b012c1926c817a047bd23278b2b2b19270889b52d13b;e5e85e9677a374bd30beeeb7848a802f790f9425b78fe84c0ef8096e2394b297,sum of 2023–2025 HCD APR units compared with full sixth-cycle allocation,"California tracks RHNA progress using issued building permits. Completion comparisons are supplemental descriptive evidence, not official RHNA credit.",planning_target_and_administrative_flows
rhna_delivery,rhna_permit_progress_pct,Permit progress toward sixth-cycle RHNA,06001,Alameda,2023-2025,2025-12-31,planning-cycle progress snapshot,16.523028866141555,percent,CA_HCD_RHNA;CA_HCD_APR_TABLE_A2,HCD-RHNA-package-metadata;HCD-RHNA-sixth-cycle;HCD-APR-TABLE-A2-2023-portal-current;HCD-APR-TABLE-A2-2024-portal-current;HCD-APR-TABLE-A2-2025-portal-current,2026-08-10T17:11:13Z,0e9ecad539daa8ffa467b43016b48304b55517a8dd2800bd1bf5c590a387217a;cb793563be4b5d4b33af4b54191222fe9fbc38ff846a49923d9f423bd1851fc9;d5a42e856f7a486094b1a52da7413fa582d45472ab18a6ae572bba1930a8069c;efedc570ed4198bb4143b012c1926c817a047bd23278b2b2b19270889b52d13b;e5e85e9677a374bd30beeeb7848a802f790f9425b78fe84c0ef8096e2394b297,sum of 2023–2025 HCD APR units compared with full sixth-cycle allocation,"California tracks RHNA progress using issued building permits. Completion comparisons are supplemental descriptive evidence, not official RHNA credit.",planning_target_and_administrative_flows
rhna_delivery,rhna_permit_progress_pct,Permit progress toward sixth-cycle RHNA,06013,Contra Costa,2023-2025,2025-12-31,planning-cycle progress snapshot,17.001406928613665,percent,CA_HCD_RHNA;CA_HCD_APR_TABLE_A2,HCD-RHNA-package-metadata;HCD-RHNA-sixth-cycle;HCD-APR-TABLE-A2-2023-portal-current;HCD-APR-TABLE-A2-2024-portal-current;HCD-APR-TABLE-A2-2025-portal-current,2026-08-10T17:11:13Z,0e9ecad539daa8ffa467b43016b48304b55517a8dd2800bd1bf5c590a387217a;cb793563be4b5d4b33af4b54191222fe9fbc38ff846a49923d9f423bd1851fc9;d5a42e856f7a486094b1a52da7413fa582d45472ab18a6ae572bba1930a8069c;efedc570ed4198bb4143b012c1926c817a047bd23278b2b2b19270889b52d13b;e5e85e9677a374bd30beeeb7848a802f790f9425b78fe84c0ef8096e2394b297,sum of 2023–2025 HCD APR units compared with full sixth-cycle allocation,"California tracks RHNA progress using issued building permits. Completion comparisons are supplemental descriptive evidence, not official RHNA credit.",planning_target_and_administrative_flows
rhna_delivery,rhna_permit_progress_pct,Permit progress toward sixth-cycle RHNA,06041,Marin,2023-2025,2025-12-31,planning-cycle progress snapshot,10.05206525511975,percent,CA_HCD_RHNA;CA_HCD_APR_TABLE_A2,HCD-RHNA-package-metadata;HCD-RHNA-sixth-cycle;HCD-APR-TABLE-A2-2023-portal-current;HCD-APR-TABLE-A2-2024-portal-current;HCD-APR-TABLE-A2-2025-portal-current,2026-08-10T17:11:13Z,0e9ecad539daa8ffa467b43016b48304b55517a8dd2800bd1bf5c590a387217a;cb793563be4b5d4b33af4b54191222fe9fbc38ff846a49923d9f423bd1851fc9;d5a42e856f7a486094b1a52da7413fa582d45472ab18a6ae572bba1930a8069c;efedc570ed4198bb4143b012c1926c817a047bd23278b2b2b19270889b52d13b;e5e85e9677a374bd30beeeb7848a802f790f9425b78fe84c0ef8096e2394b297,sum of 2023–2025 HCD APR units compared with full sixth-cycle allocation,"California tracks RHNA progress using issued building permits. Completion comparisons are supplemental descriptive evidence, not official RHNA credit.",planning_target_and_administrative_flows
rhna_delivery,rhna_permit_progress_pct,Permit progress toward sixth-cycle RHNA,06055,Napa,2023-2025,2025-12-31,planning-cycle progress snapshot,40.08844953173777,percent,CA_HCD_RHNA;CA_HCD_APR_TABLE_A2,HCD-RHNA-package-metadata;HCD-RHNA-sixth-cycle;HCD-APR-TABLE-A2-2023-portal-current;HCD-APR-TABLE-A2-2024-portal-current;HCD-APR-TABLE-A2-2025-portal-current,2026-08-10T17:11:13Z,0e9ecad539daa8ffa467b43016b48304b55517a8dd2800bd1bf5c590a387217a;cb793563be4b5d4b33af4b54191222fe9fbc38ff846a49923d9f423bd1851fc9;d5a42e856f7a486094b1a52da7413fa582d45472ab18a6ae572bba1930a8069c;efedc570ed4198bb4143b012c1926c817a047bd23278b2b2b19270889b52d13b;e5e85e9677a374bd30beeeb7848a802f790f9425b78fe84c0ef8096e2394b297,sum of 2023–2025 HCD APR units compared with full sixth-cycle allocation,"California tracks RHNA progress using issued building permits. Completion comparisons are supplemental descriptive evidence, not official RHNA credit.",planning_target_and_administrative_flows
rhna_delivery,rhna_permit_progress_pct,Permit progress toward sixth-cycle RHNA,06075,San Francisco,2023-2025,2025-12-31,planning-cycle progress snapshot,7.415711169869256,percent,CA_HCD_RHNA;CA_HCD_APR_TABLE_A2,HCD-RHNA-package-metadata;HCD-RHNA-sixth-cycle;HCD-APR-TABLE-A2-2023-portal-current;HCD-APR-TABLE-A2-2024-portal-current;HCD-APR-TABLE-A2-2025-portal-current,2026-08-10T17:11:13Z,0e9ecad539daa8ffa467b43016b48304b55517a8dd2800bd1bf5c590a387217a;cb793563be4b5d4b33af4b54191222fe9fbc38ff846a49923d9f423bd1851fc9;d5a42e856f7a486094b1a52da7413fa582d45472ab18a6ae572bba1930a8069c;efedc570ed4198bb4143b012c1926c817a047bd23278b2b2b19270889b52d13b;e5e85e9677a374bd30beeeb7848a802f790f9425b78fe84c0ef8096e2394b297,sum of 2023–2025 HCD APR units compared with full sixth-cycle allocation,"California tracks RHNA progress using issued building permits. Completion comparisons are supplemental descriptive evidence, not official RHNA credit.",planning_target_and_administrative_flows
rhna_delivery,rhna_permit_progress_pct,Permit progress toward sixth-cycle RHNA,06081,San Mateo,2023-2025,2025-12-31,planning-cycle progress snapshot,20.03900434080567,percent,CA_HCD_RHNA;CA_HCD_APR_TABLE_A2,HCD-RHNA-package-metadata;HCD-RHNA-sixth-cycle;HCD-APR-TABLE-A2-2023-portal-current;HCD-APR-TABLE-A2-2024-portal-current;HCD-APR-TABLE-A2-2025-portal-current,2026-08-10T17:11:13Z,0e9ecad539daa8ffa467b43016b48304b55517a8dd2800bd1bf5c590a387217a;cb793563be4b5d4b33af4b54191222fe9fbc38ff846a49923d9f423bd1851fc9;d5a42e856f7a486094b1a52da7413fa582d45472ab18a6ae572bba1930a8069c;efedc570ed4198bb4143b012c1926c817a047bd23278b2b2b19270889b52d13b;e5e85e9677a374bd30beeeb7848a802f790f9425b78fe84c0ef8096e2394b297,sum of 2023–2025 HCD APR units compared with full sixth-cycle allocation,"California tracks RHNA progress using issued building permits. Completion comparisons are supplemental descriptive evidence, not official RHNA credit.",planning_target_and_administrative_flows
rhna_delivery,rhna_permit_progress_pct,Permit progress toward sixth-cycle RHNA,06085,Santa Clara,2023-2025,2025-12-31,planning-cycle progress snapshot,15.812219761223057,percent,CA_HCD_RHNA;CA_HCD_APR_TABLE_A2,HCD-RHNA-package-metadata;HCD-RHNA-sixth-cycle;HCD-APR-TABLE-A2-2023-portal-current;HCD-APR-TABLE-A2-2024-portal-current;HCD-APR-TABLE-A2-2025-portal-current,2026-08-10T17:11:13Z,0e9ecad539daa8ffa467b43016b48304b55517a8dd2800bd1bf5c590a387217a;cb793563be4b5d4b33af4b54191222fe9fbc38ff846a49923d9f423bd1851fc9;d5a42e856f7a486094b1a52da7413fa582d45472ab18a6ae572bba1930a8069c;efedc570ed4198bb4143b012c1926c817a047bd23278b2b2b19270889b52d13b;e5e85e9677a374bd30beeeb7848a802f790f9425b78fe84c0ef8096e2394b297,sum of 2023–2025 HCD APR units compared with full sixth-cycle allocation,"California tracks RHNA progress using issued building permits. Completion comparisons are supplemental descriptive evidence, not official RHNA credit.",planning_target_and_administrative_flows
rhna_delivery,rhna_permit_progress_pct,Permit progress toward sixth-cycle RHNA,06095,Solano,2023-2025,2025-12-31,planning-cycle progress snapshot,43.95014556040756,percent,CA_HCD_RHNA;CA_HCD_APR_TABLE_A2,HCD-RHNA-package-metadata;HCD-RHNA-sixth-cycle;HCD-APR-TABLE-A2-2023-portal-current;HCD-APR-TABLE-A2-2024-portal-current;HCD-APR-TABLE-A2-2025-portal-current,2026-08-10T17:11:13Z,0e9ecad539daa8ffa467b43016b48304b55517a8dd2800bd1bf5c590a387217a;cb793563be4b5d4b33af4b54191222fe9fbc38ff846a49923d9f423bd1851fc9;d5a42e856f7a486094b1a52da7413fa582d45472ab18a6ae572bba1930a8069c;efedc570ed4198bb4143b012c1926c817a047bd23278b2b2b19270889b52d13b;e5e85e9677a374bd30beeeb7848a802f790f9425b78fe84c0ef8096e2394b297,sum of 2023–2025 HCD APR units compared with full sixth-cycle allocation,"California tracks RHNA progress using issued building permits. Completion comparisons are supplemental descriptive evidence, not official RHNA credit.",planning_target_and_administrative_flows
rhna_delivery,rhna_permit_progress_pct,Permit progress toward sixth-cycle RHNA,06097,Sonoma,2023-2025,2025-12-31,planning-cycle progress snapshot,50.17167971432496,percent,CA_HCD_RHNA;CA_HCD_APR_TABLE_A2,HCD-RHNA-package-metadata;HCD-RHNA-sixth-cycle;HCD-APR-TABLE-A2-2023-portal-current;HCD-APR-TABLE-A2-2024-portal-current;HCD-APR-TABLE-A2-2025-portal-current,2026-08-10T17:11:13Z,0e9ecad539daa8ffa467b43016b48304b55517a8dd2800bd1bf5c590a387217a;cb793563be4b5d4b33af4b54191222fe9fbc38ff846a49923d9f423bd1851fc9;d5a42e856f7a486094b1a52da7413fa582d45472ab18a6ae572bba1930a8069c;efedc570ed4198bb4143b012c1926c817a047bd23278b2b2b19270889b52d13b;e5e85e9677a374bd30beeeb7848a802f790f9425b78fe84c0ef8096e2394b297,sum of 2023–2025 HCD APR units compared with full sixth-cycle allocation,"California tracks RHNA progress using issued building permits. Completion comparisons are supplemental descriptive evidence, not official RHNA credit.",planning_target_and_administrative_flows
rhna_delivery,rhna_permitted_units,"Cumulative building-permit units, 2023–2025",06001,Alameda,2023-2025,2025-12-31,planning-cycle progress snapshot,14705.0,housing units,CA_HCD_RHNA;CA_HCD_APR_TABLE_A2,HCD-RHNA-package-metadata;HCD-RHNA-sixth-cycle;HCD-APR-TABLE-A2-2023-portal-current;HCD-APR-TABLE-A2-2024-portal-current;HCD-APR-TABLE-A2-2025-portal-current,2026-08-10T17:11:13Z,0e9ecad539daa8ffa467b43016b48304b55517a8dd2800bd1bf5c590a387217a;cb793563be4b5d4b33af4b54191222fe9fbc38ff846a49923d9f423bd1851fc9;d5a42e856f7a486094b1a52da7413fa582d45472ab18a6ae572bba1930a8069c;efedc570ed4198bb4143b012c1926c817a047bd23278b2b2b19270889b52d13b;e5e85e9677a374bd30beeeb7848a802f790f9425b78fe84c0ef8096e2394b297,published allocation or sum of annual HCD APR Table A2 units,"California tracks RHNA progress using issued building permits. Completion comparisons are supplemental descriptive evidence, not official RHNA credit.",planning_target_and_administrative_flows
rhna_delivery,rhna_permitted_units,"Cumulative building-permit units, 2023–2025",06013,Contra Costa,2023-2025,2025-12-31,planning-cycle progress snapshot,8338.0,housing units,CA_HCD_RHNA;CA_HCD_APR_TABLE_A2,HCD-RHNA-package-metadata;HCD-RHNA-sixth-cycle;HCD-APR-TABLE-A2-2023-portal-current;HCD-APR-TABLE-A2-2024-portal-current;HCD-APR-TABLE-A2-2025-portal-current,2026-08-10T17:11:13Z,0e9ecad539daa8ffa467b43016b48304b55517a8dd2800bd1bf5c590a387217a;cb793563be4b5d4b33af4b54191222fe9fbc38ff846a49923d9f423bd1851fc9;d5a42e856f7a486094b1a52da7413fa582d45472ab18a6ae572bba1930a8069c;efedc570ed4198bb4143b012c1926c817a047bd23278b2b2b19270889b52d13b;e5e85e9677a374bd30beeeb7848a802f790f9425b78fe84c0ef8096e2394b297,published allocation or sum of annual HCD APR Table A2 units,"California tracks RHNA progress using issued building permits. Completion comparisons are supplemental descriptive evidence, not official RHNA credit.",planning_target_and_administrative_flows
rhna_delivery,rhna_permitted_units,"Cumulative building-permit units, 2023–2025",06041,Marin,2023-2025,2025-12-31,planning-cycle progress snapshot,1448.0,housing units,CA_HCD_RHNA;CA_HCD_APR_TABLE_A2,HCD-RHNA-package-metadata;HCD-RHNA-sixth-cycle;HCD-APR-TABLE-A2-2023-portal-current;HCD-APR-TABLE-A2-2024-portal-current;HCD-APR-TABLE-A2-2025-portal-current,2026-08-10T17:11:13Z,0e9ecad539daa8ffa467b43016b48304b55517a8dd2800bd1bf5c590a387217a;cb793563be4b5d4b33af4b54191222fe9fbc38ff846a49923d9f423bd1851fc9;d5a42e856f7a486094b1a52da7413fa582d45472ab18a6ae572bba1930a8069c;efedc570ed4198bb4143b012c1926c817a047bd23278b2b2b19270889b52d13b;e5e85e9677a374bd30beeeb7848a802f790f9425b78fe84c0ef8096e2394b297,published allocation or sum of annual HCD APR Table A2 units,"California tracks RHNA progress using issued building permits. Completion comparisons are supplemental descriptive evidence, not official RHNA credit.",planning_target_and_administrative_flows
rhna_delivery,rhna_permitted_units,"Cumulative building-permit units, 2023–2025",06055,Napa,2023-2025,2025-12-31,planning-cycle progress snapshot,1541.0,housing units,CA_HCD_RHNA;CA_HCD_APR_TABLE_A2,HCD-RHNA-package-metadata;HCD-RHNA-sixth-cycle;HCD-APR-TABLE-A2-2023-portal-current;HCD-APR-TABLE-A2-2024-portal-current;HCD-APR-TABLE-A2-2025-portal-current,2026-08-10T17:11:13Z,0e9ecad539daa8ffa467b43016b48304b55517a8dd2800bd1bf5c590a387217a;cb793563be4b5d4b33af4b54191222fe9fbc38ff846a49923d9f423bd1851fc9;d5a42e856f7a486094b1a52da7413fa582d45472ab18a6ae572bba1930a8069c;efedc570ed4198bb4143b012c1926c817a047bd23278b2b2b19270889b52d13b;e5e85e9677a374bd30beeeb7848a802f790f9425b78fe84c0ef8096e2394b297,published allocation or sum of annual HCD APR Table A2 units,"California tracks RHNA progress using issued building permits. Completion comparisons are supplemental descriptive evidence, not official RHNA credit.",planning_target_and_administrative_flows
rhna_delivery,rhna_permitted_units,"Cumulative building-permit units, 2023–2025",06075,San Francisco,2023-2025,2025-12-31,planning-cycle progress snapshot,6086.0,housing units,CA_HCD_RHNA;CA_HCD_APR_TABLE_A2,HCD-RHNA-package-metadata;HCD-RHNA-sixth-cycle;HCD-APR-TABLE-A2-2023-portal-current;HCD-APR-TABLE-A2-2024-portal-current;HCD-APR-TABLE-A2-2025-portal-current,2026-08-10T17:11:13Z,0e9ecad539daa8ffa467b43016b48304b55517a8dd2800bd1bf5c590a387217a;cb793563be4b5d4b33af4b54191222fe9fbc38ff846a49923d9f423bd1851fc9;d5a42e856f7a486094b1a52da7413fa582d45472ab18a6ae572bba1930a8069c;efedc570ed4198bb4143b012c1926c817a047bd23278b2b2b19270889b52d13b;e5e85e9677a374bd30beeeb7848a802f790f9425b78fe84c0ef8096e2394b297,published allocation or sum of annual HCD APR Table A2 units,"California tracks RHNA progress using issued building permits. Completion comparisons are supplemental descriptive evidence, not official RHNA credit.",planning_target_and_administrative_flows
rhna_delivery,rhna_permitted_units,"Cumulative building-permit units, 2023–2025",06081,San Mateo,2023-2025,2025-12-31,planning-cycle progress snapshot,9556.0,housing units,CA_HCD_RHNA;CA_HCD_APR_TABLE_A2,HCD-RHNA-package-metadata;HCD-RHNA-sixth-cycle;HCD-APR-TABLE-A2-2023-portal-current;HCD-APR-TABLE-A2-2024-portal-current;HCD-APR-TABLE-A2-2025-portal-current,2026-08-10T17:11:13Z,0e9ecad539daa8ffa467b43016b48304b55517a8dd2800bd1bf5c590a387217a;cb793563be4b5d4b33af4b54191222fe9fbc38ff846a49923d9f423bd1851fc9;d5a42e856f7a486094b1a52da7413fa582d45472ab18a6ae572bba1930a8069c;efedc570ed4198bb4143b012c1926c817a047bd23278b2b2b19270889b52d13b;e5e85e9677a374bd30beeeb7848a802f790f9425b78fe84c0ef8096e2394b297,published allocation or sum of annual HCD APR Table A2 units,"California tracks RHNA progress using issued building permits. Completion comparisons are supplemental descriptive evidence, not official RHNA credit.",planning_target_and_administrative_flows
rhna_delivery,rhna_permitted_units,"Cumulative building-permit units, 2023–2025",06085,Santa Clara,2023-2025,2025-12-31,planning-cycle progress snapshot,20489.0,housing units,CA_HCD_RHNA;CA_HCD_APR_TABLE_A2,HCD-RHNA-package-metadata;HCD-RHNA-sixth-cycle;HCD-APR-TABLE-A2-2023-portal-current;HCD-APR-TABLE-A2-2024-portal-current;HCD-APR-TABLE-A2-2025-portal-current,2026-08-10T17:11:13Z,0e9ecad539daa8ffa467b43016b48304b55517a8dd2800bd1bf5c590a387217a;cb793563be4b5d4b33af4b54191222fe9fbc38ff846a49923d9f423bd1851fc9;d5a42e856f7a486094b1a52da7413fa582d45472ab18a6ae572bba1930a8069c;efedc570ed4198bb4143b012c1926c817a047bd23278b2b2b19270889b52d13b;e5e85e9677a374bd30beeeb7848a802f790f9425b78fe84c0ef8096e2394b297,published allocation or sum of annual HCD APR Table A2 units,"California tracks RHNA progress using issued building permits. Completion comparisons are supplemental descriptive evidence, not official RHNA credit.",planning_target_and_administrative_flows
rhna_delivery,rhna_permitted_units,"Cumulative building-permit units, 2023–2025",06095,Solano,2023-2025,2025-12-31,planning-cycle progress snapshot,4831.0,housing units,CA_HCD_RHNA;CA_HCD_APR_TABLE_A2,HCD-RHNA-package-metadata;HCD-RHNA-sixth-cycle;HCD-APR-TABLE-A2-2023-portal-current;HCD-APR-TABLE-A2-2024-portal-current;HCD-APR-TABLE-A2-2025-portal-current,2026-08-10T17:11:13Z,0e9ecad539daa8ffa467b43016b48304b55517a8dd2800bd1bf5c590a387217a;cb793563be4b5d4b33af4b54191222fe9fbc38ff846a49923d9f423bd1851fc9;d5a42e856f7a486094b1a52da7413fa582d45472ab18a6ae572bba1930a8069c;efedc570ed4198bb4143b012c1926c817a047bd23278b2b2b19270889b52d13b;e5e85e9677a374bd30beeeb7848a802f790f9425b78fe84c0ef8096e2394b297,published allocation or sum of annual HCD APR Table A2 units,"California tracks RHNA progress using issued building permits. Completion comparisons are supplemental descriptive evidence, not official RHNA credit.",planning_target_and_administrative_flows
rhna_delivery,rhna_permitted_units,"Cumulative building-permit units, 2023–2025",06097,Sonoma,2023-2025,2025-12-31,planning-cycle progress snapshot,7306.0,housing units,CA_HCD_RHNA;CA_HCD_APR_TABLE_A2,HCD-RHNA-package-metadata;HCD-RHNA-sixth-cycle;HCD-APR-TABLE-A2-2023-portal-current;HCD-APR-TABLE-A2-2024-portal-current;HCD-APR-TABLE-A2-2025-portal-current,2026-08-10T17:11:13Z,0e9ecad539daa8ffa467b43016b48304b55517a8dd2800bd1bf5c590a387217a;cb793563be4b5d4b33af4b54191222fe9fbc38ff846a49923d9f423bd1851fc9;d5a42e856f7a486094b1a52da7413fa582d45472ab18a6ae572bba1930a8069c;efedc570ed4198bb4143b012c1926c817a047bd23278b2b2b19270889b52d13b;e5e85e9677a374bd30beeeb7848a802f790f9425b78fe84c0ef8096e2394b297,published allocation or sum of annual HCD APR Table A2 units,"California tracks RHNA progress using issued building permits. Completion comparisons are supplemental descriptive evidence, not official RHNA credit.",planning_target_and_administrative_flows
housing_applications,sb35_application_records,Application records submitted under SB 35,06001,Alameda,2025,2025-12-31,annual,0.0,records,CA_HCD_APR_TABLE_A,HCD-APR-TABLE-A-2025-portal-current,2026-08-10T17:11:13Z,bec330a57d4f495f88b52cfed29d66223ec2d61b4ca4ae2e3feeef22faf62af2,county sum or count of HCD APR Table A records,HCD APR application-stage administrative data aggregated to county.,comparable_within_series
housing_applications,sb35_application_records,Application records submitted under SB 35,06013,Contra Costa,2025,2025-12-31,annual,0.0,records,CA_HCD_APR_TABLE_A,HCD-APR-TABLE-A-2025-portal-current,2026-08-10T17:11:13Z,bec330a57d4f495f88b52cfed29d66223ec2d61b4ca4ae2e3feeef22faf62af2,county sum or count of HCD APR Table A records,HCD APR application-stage administrative data aggregated to county.,comparable_within_series
housing_applications,sb35_application_records,Application records submitted under SB 35,06041,Marin,2025,2025-12-31,annual,0.0,records,CA_HCD_APR_TABLE_A,HCD-APR-TABLE-A-2025-portal-current,2026-08-10T17:11:13Z,bec330a57d4f495f88b52cfed29d66223ec2d61b4ca4ae2e3feeef22faf62af2,county sum or count of HCD APR Table A records,HCD APR application-stage administrative data aggregated to county.,comparable_within_series
housing_applications,sb35_application_records,Application records submitted under SB 35,06055,Napa,2025,2025-12-31,annual,0.0,records,CA_HCD_APR_TABLE_A,HCD-APR-TABLE-A-2025-portal-current,2026-08-10T17:11:13Z,bec330a57d4f495f88b52cfed29d66223ec2d61b4ca4ae2e3feeef22faf62af2,county sum or count of HCD APR Table A records,HCD APR application-stage administrative data aggregated to county.,comparable_within_series
housing_applications,sb35_application_records,Application records submitted under SB 35,06075,San Francisco,2025,2025-12-31,annual,0.0,records,CA_HCD_APR_TABLE_A,HCD-APR-TABLE-A-2025-portal-current,2026-08-10T17:11:13Z,bec330a57d4f495f88b52cfed29d66223ec2d61b4ca4ae2e3feeef22faf62af2,county sum or count of HCD APR Table A records,HCD APR application-stage administrative data aggregated to county.,comparable_within_series
housing_applications,sb35_application_records,Application records submitted under SB 35,06081,San Mateo,2025,2025-12-31,annual,0.0,records,CA_HCD_APR_TABLE_A,HCD-APR-TABLE-A-2025-portal-current,2026-08-10T17:11:13Z,bec330a57d4f495f88b52cfed29d66223ec2d61b4ca4ae2e3feeef22faf62af2,county sum or count of HCD APR Table A records,HCD APR application-stage administrative data aggregated to county.,comparable_within_series
housing_applications,sb35_application_records,Application records submitted under SB 35,06085,Santa Clara,2025,2025-12-31,annual,0.0,records,CA_HCD_APR_TABLE_A,HCD-APR-TABLE-A-2025-portal-current,2026-08-10T17:11:13Z,bec330a57d4f495f88b52cfed29d66223ec2d61b4ca4ae2e3feeef22faf62af2,county sum or count of HCD APR Table A records,HCD APR application-stage administrative data aggregated to county.,comparable_within_series
housing_applications,sb35_application_records,Application records submitted under SB 35,06095,Solano,2025,2025-12-31,annual,0.0,records,CA_HCD_APR_TABLE_A,HCD-APR-TABLE-A-2025-portal-current,2026-08-10T17:11:13Z,bec330a57d4f495f88b52cfed29d66223ec2d61b4ca4ae2e3feeef22faf62af2,county sum or count of HCD APR Table A records,HCD APR application-stage administrative data aggregated to county.,comparable_within_series
housing_applications,sb35_application_records,Application records submitted under SB 35,06097,Sonoma,2025,2025-12-31,annual,0.0,records,CA_HCD_APR_TABLE_A,HCD-APR-TABLE-A-2025-portal-current,2026-08-10T17:11:13Z,bec330a57d4f495f88b52cfed29d66223ec2d61b4ca4ae2e3feeef22faf62af2,county sum or count of HCD APR Table A records,HCD APR application-stage administrative data aggregated to county.,comparable_within_series
permitting_timelines,timeline_match_rate_pct,Timeline match rate among projects with usable identifiers,06001,Alameda,2018-2025 matched records,2025-12-31,multi-year matched-project summary,80.48584082673467,percent,CA_HCD_APR_TABLE_A;CA_HCD_APR_TABLE_A2,HCD-APR-TABLE-A-2018-portal-current;HCD-APR-TABLE-A-2019-portal-current;HCD-APR-TABLE-A-2020-portal-current;HCD-APR-TABLE-A-2021-portal-current;HCD-APR-TABLE-A-2022-portal-current;HCD-APR-TABLE-A-2023-portal-current;HCD-APR-TABLE-A-2024-portal-current;HCD-APR-TABLE-A-2025-portal-current;HCD-APR-TABLE-A2-2018-portal-current;HCD-APR-TABLE-A2-2019-portal-current;HCD-APR-TABLE-A2-2020-portal-current;HCD-APR-TABLE-A2-2021-portal-current;HCD-APR-TABLE-A2-2022-portal-current;HCD-APR-TABLE-A2-2023-portal-current;HCD-APR-TABLE-A2-2024-portal-current;HCD-APR-TABLE-A2-2025-portal-current,2026-08-10T17:11:13Z,c5cee4fbdeba70dfa06045e45ea217a2aca9e0594fe6a2da9144529a1cc1bc25;6f24c832cc9b927766fa5257f444024ffabc785e83ee1d5d9932243d95b14371;11aa51318922cdb7f838c55d1b07009fc196e7fe46ea39c1222e20a86c988429;97ab0c3387bdf49a07720594cb3ea612a85aca39503f8ca9f0c9c0af8e800bda;1bca81f3a972f3d1eced27a3e2fdf4268fc4f1031af1dd0698cbf39fa018fb04;1b140c61910e1eb3a1b01eb1837038d4a59ca05ac73198496fd1b3d77823f8c8;0d33c498629bfd21f3b9707fd1c4810fcb4fd6d8542c25aec64360305c105d2f;bec330a57d4f495f88b52cfed29d66223ec2d61b4ca4ae2e3feeef22faf62af2;2eda34f589a502ed96d65bbdc8ce37cfa225aedf755805a5453eb8c40e926d43;2909761266532f15be992976ff4f8ac5e86198994135f5fd6e17f4930c1de8f6;dd5239737a286de14f0cb94cb934e788a2734baa54fafb493cc326ab118f98e2;5a78db14b37ff087cca9b8e7ae1d939130ba7789dbd8be26558670e88d809950;60556989c07686cc4af51409c4e0761edc273bafa18a65e6a0c4fdc3ac96c4cc;d5a42e856f7a486094b1a52da7413fa582d45472ab18a6ae572bba1930a8069c;efedc570ed4198bb4143b012c1926c817a047bd23278b2b2b19270889b52d13b;e5e85e9677a374bd30beeeb7848a802f790f9425b78fe84c0ef8096e2394b297,matched projects / application project keys with a usable exact tracking ID or APN * 100,Coverage is published with the medians; unmatched records are not imputed.,coverage_diagnostic
permitting_timelines,timeline_match_rate_pct,Timeline match rate among projects with usable identifiers,06013,Contra Costa,2018-2025 matched records,2025-12-31,multi-year matched-project summary,77.68005704777752,percent,CA_HCD_APR_TABLE_A;CA_HCD_APR_TABLE_A2,HCD-APR-TABLE-A-2018-portal-current;HCD-APR-TABLE-A-2019-portal-current;HCD-APR-TABLE-A-2020-portal-current;HCD-APR-TABLE-A-2021-portal-current;HCD-APR-TABLE-A-2022-portal-current;HCD-APR-TABLE-A-2023-portal-current;HCD-APR-TABLE-A-2024-portal-current;HCD-APR-TABLE-A-2025-portal-current;HCD-APR-TABLE-A2-2018-portal-current;HCD-APR-TABLE-A2-2019-portal-current;HCD-APR-TABLE-A2-2020-portal-current;HCD-APR-TABLE-A2-2021-portal-current;HCD-APR-TABLE-A2-2022-portal-current;HCD-APR-TABLE-A2-2023-portal-current;HCD-APR-TABLE-A2-2024-portal-current;HCD-APR-TABLE-A2-2025-portal-current,2026-08-10T17:11:13Z,c5cee4fbdeba70dfa06045e45ea217a2aca9e0594fe6a2da9144529a1cc1bc25;6f24c832cc9b927766fa5257f444024ffabc785e83ee1d5d9932243d95b14371;11aa51318922cdb7f838c55d1b07009fc196e7fe46ea39c1222e20a86c988429;97ab0c3387bdf49a07720594cb3ea612a85aca39503f8ca9f0c9c0af8e800bda;1bca81f3a972f3d1eced27a3e2fdf4268fc4f1031af1dd0698cbf39fa018fb04;1b140c61910e1eb3a1b01eb1837038d4a59ca05ac73198496fd1b3d77823f8c8;0d33c498629bfd21f3b9707fd1c4810fcb4fd6d8542c25aec64360305c105d2f;bec330a57d4f495f88b52cfed29d66223ec2d61b4ca4ae2e3feeef22faf62af2;2eda34f589a502ed96d65bbdc8ce37cfa225aedf755805a5453eb8c40e926d43;2909761266532f15be992976ff4f8ac5e86198994135f5fd6e17f4930c1de8f6;dd5239737a286de14f0cb94cb934e788a2734baa54fafb493cc326ab118f98e2;5a78db14b37ff087cca9b8e7ae1d939130ba7789dbd8be26558670e88d809950;60556989c07686cc4af51409c4e0761edc273bafa18a65e6a0c4fdc3ac96c4cc;d5a42e856f7a486094b1a52da7413fa582d45472ab18a6ae572bba1930a8069c;efedc570ed4198bb4143b012c1926c817a047bd23278b2b2b19270889b52d13b;e5e85e9677a374bd30beeeb7848a802f790f9425b78fe84c0ef8096e2394b297,matched projects / application project keys with a usable exact tracking ID or APN * 100,Coverage is published with the medians; unmatched records are not imputed.,coverage_diagnostic
permitting_timelines,timeline_match_rate_pct,Timeline match rate among projects with usable identifiers,06041,Marin,2018-2025 matched records,2025-12-31,multi-year matched-project summary,69.22169811320755,percent,CA_HCD_APR_TABLE_A;CA_HCD_APR_TABLE_A2,HCD-APR-TABLE-A-2018-portal-current;HCD-APR-TABLE-A-2019-portal-current;HCD-APR-TABLE-A-2020-portal-current;HCD-APR-TABLE-A-2021-portal-current;HCD-APR-TABLE-A-2022-portal-current;HCD-APR-TABLE-A-2023-portal-current;HCD-APR-TABLE-A-2024-portal-current;HCD-APR-TABLE-A-2025-portal-current;HCD-APR-TABLE-A2-2018-portal-current;HCD-APR-TABLE-A2-2019-portal-current;HCD-APR-TABLE-A2-2020-portal-current;HCD-APR-TABLE-A2-2021-portal-current;HCD-APR-TABLE-A2-2022-portal-current;HCD-APR-TABLE-A2-2023-portal-current;HCD-APR-TABLE-A2-2024-portal-current;HCD-APR-TABLE-A2-2025-portal-current,2026-08-10T17:11:13Z,c5cee4fbdeba70dfa06045e45ea217a2aca9e0594fe6a2da9144529a1cc1bc25;6f24c832cc9b927766fa5257f444024ffabc785e83ee1d5d9932243d95b14371;11aa51318922cdb7f838c55d1b07009fc196e7fe46ea39c1222e20a86c988429;97ab0c3387bdf49a07720594cb3ea612a85aca39503f8ca9f0c9c0af8e800bda;1bca81f3a972f3d1eced27a3e2fdf4268fc4f1031af1dd0698cbf39fa018fb04;1b140c61910e1eb3a1b01eb1837038d4a59ca05ac73198496fd1b3d77823f8c8;0d33c498629bfd21f3b9707fd1c4810fcb4fd6d8542c25aec64360305c105d2f;bec330a57d4f495f88b52cfed29d66223ec2d61b4ca4ae2e3feeef22faf62af2;2eda34f589a502ed96d65bbdc8ce37cfa225aedf755805a5453eb8c40e926d43;2909761266532f15be992976ff4f8ac5e86198994135f5fd6e17f4930c1de8f6;dd5239737a286de14f0cb94cb934e788a2734baa54fafb493cc326ab118f98e2;5a78db14b37ff087cca9b8e7ae1d939130ba7789dbd8be26558670e88d809950;60556989c07686cc4af51409c4e0761edc273bafa18a65e6a0c4fdc3ac96c4cc;d5a42e856f7a486094b1a52da7413fa582d45472ab18a6ae572bba1930a8069c;efedc570ed4198bb4143b012c1926c817a047bd23278b2b2b19270889b52d13b;e5e85e9677a374bd30beeeb7848a802f790f9425b78fe84c0ef8096e2394b297,matched projects / application project keys with a usable exact tracking ID or APN * 100,Coverage is published with the medians; unmatched records are not imputed.,coverage_diagnostic
permitting_timelines,timeline_match_rate_pct,Timeline match rate among projects with usable identifiers,06055,Napa,2018-2025 matched records,2025-12-31,multi-year matched-project summary,57.64546684709067,percent,CA_HCD_APR_TABLE_A;CA_HCD_APR_TABLE_A2,HCD-APR-TABLE-A-2018-portal-current;HCD-APR-TABLE-A-2019-portal-current;HCD-APR-TABLE-A-2020-portal-current;HCD-APR-TABLE-A-2021-portal-current;HCD-APR-TABLE-A-2022-portal-current;HCD-APR-TABLE-A-2023-portal-current;HCD-APR-TABLE-A-2024-portal-current;HCD-APR-TABLE-A-2025-portal-current;HCD-APR-TABLE-A2-2018-portal-current;HCD-APR-TABLE-A2-2019-portal-current;HCD-APR-TABLE-A2-2020-portal-current;HCD-APR-TABLE-A2-2021-portal-current;HCD-APR-TABLE-A2-2022-portal-current;HCD-APR-TABLE-A2-2023-portal-current;HCD-APR-TABLE-A2-2024-portal-current;HCD-APR-TABLE-A2-2025-portal-current,2026-08-10T17:11:13Z,c5cee4fbdeba70dfa06045e45ea217a2aca9e0594fe6a2da9144529a1cc1bc25;6f24c832cc9b927766fa5257f444024ffabc785e83ee1d5d9932243d95b14371;11aa51318922cdb7f838c55d1b07009fc196e7fe46ea39c1222e20a86c988429;97ab0c3387bdf49a07720594cb3ea612a85aca39503f8ca9f0c9c0af8e800bda;1bca81f3a972f3d1eced27a3e2fdf4268fc4f1031af1dd0698cbf39fa018fb04;1b140c61910e1eb3a1b01eb1837038d4a59ca05ac73198496fd1b3d77823f8c8;0d33c498629bfd21f3b9707fd1c4810fcb4fd6d8542c25aec64360305c105d2f;bec330a57d4f495f88b52cfed29d66223ec2d61b4ca4ae2e3feeef22faf62af2;2eda34f589a502ed96d65bbdc8ce37cfa225aedf755805a5453eb8c40e926d43;2909761266532f15be992976ff4f8ac5e86198994135f5fd6e17f4930c1de8f6;dd5239737a286de14f0cb94cb934e788a2734baa54fafb493cc326ab118f98e2;5a78db14b37ff087cca9b8e7ae1d939130ba7789dbd8be26558670e88d809950;60556989c07686cc4af51409c4e0761edc273bafa18a65e6a0c4fdc3ac96c4cc;d5a42e856f7a486094b1a52da7413fa582d45472ab18a6ae572bba1930a8069c;efedc570ed4198bb4143b012c1926c817a047bd23278b2b2b19270889b52d13b;e5e85e9677a374bd30beeeb7848a802f790f9425b78fe84c0ef8096e2394b297,matched projects / application project keys with a usable exact tracking ID or APN * 100,Coverage is published with the medians; unmatched records are not imputed.,coverage_diagnostic
permitting_timelines,timeline_match_rate_pct,Timeline match rate among projects with usable identifiers,06075,San Francisco,2018-2025 matched records,2025-12-31,multi-year matched-project summary,52.49436755712906,percent,CA_HCD_APR_TABLE_A;CA_HCD_APR_TABLE_A2,HCD-APR-TABLE-A-2018-portal-current;HCD-APR-TABLE-A-2019-portal-current;HCD-APR-TABLE-A-2020-portal-current;HCD-APR-TABLE-A-2021-portal-current;HCD-APR-TABLE-A-2022-portal-current;HCD-APR-TABLE-A-2023-portal-current;HCD-APR-TABLE-A-2024-portal-current;HCD-APR-TABLE-A-2025-portal-current;HCD-APR-TABLE-A2-2018-portal-current;HCD-APR-TABLE-A2-2019-portal-current;HCD-APR-TABLE-A2-2020-portal-current;HCD-APR-TABLE-A2-2021-portal-current;HCD-APR-TABLE-A2-2022-portal-current;HCD-APR-TABLE-A2-2023-portal-current;HCD-APR-TABLE-A2-2024-portal-current;HCD-APR-TABLE-A2-2025-portal-current,2026-08-10T17:11:13Z,c5cee4fbdeba70dfa06045e45ea217a2aca9e0594fe6a2da9144529a1cc1bc25;6f24c832cc9b927766fa5257f444024ffabc785e83ee1d5d9932243d95b14371;11aa51318922cdb7f838c55d1b07009fc196e7fe46ea39c1222e20a86c988429;97ab0c3387bdf49a07720594cb3ea612a85aca39503f8ca9f0c9c0af8e800bda;1bca81f3a972f3d1eced27a3e2fdf4268fc4f1031af1dd0698cbf39fa018fb04;1b140c61910e1eb3a1b01eb1837038d4a59ca05ac73198496fd1b3d77823f8c8;0d33c498629bfd21f3b9707fd1c4810fcb4fd6d8542c25aec64360305c105d2f;bec330a57d4f495f88b52cfed29d66223ec2d61b4ca4ae2e3feeef22faf62af2;2eda34f589a502ed96d65bbdc8ce37cfa225aedf755805a5453eb8c40e926d43;2909761266532f15be992976ff4f8ac5e86198994135f5fd6e17f4930c1de8f6;dd5239737a286de14f0cb94cb934e788a2734baa54fafb493cc326ab118f98e2;5a78db14b37ff087cca9b8e7ae1d939130ba7789dbd8be26558670e88d809950;60556989c07686cc4af51409c4e0761edc273bafa18a65e6a0c4fdc3ac96c4cc;d5a42e856f7a486094b1a52da7413fa582d45472ab18a6ae572bba1930a8069c;efedc570ed4198bb4143b012c1926c817a047bd23278b2b2b19270889b52d13b;e5e85e9677a374bd30beeeb7848a802f790f9425b78fe84c0ef8096e2394b297,matched projects / application project keys with a usable exact tracking ID or APN * 100,Coverage is published with the medians; unmatched records are not imputed.,coverage_diagnostic
permitting_timelines,timeline_match_rate_pct,Timeline match rate among projects with usable identifiers,06081,San Mateo,2018-2025 matched records,2025-12-31,multi-year matched-project summary,63.03294573643411,percent,CA_HCD_APR_TABLE_A;CA_HCD_APR_TABLE_A2,HCD-APR-TABLE-A-2018-portal-current;HCD-APR-TABLE-A-2019-portal-current;HCD-APR-TABLE-A-2020-portal-current;HCD-APR-TABLE-A-2021-portal-current;HCD-APR-TABLE-A-2022-portal-current;HCD-APR-TABLE-A-2023-portal-current;HCD-APR-TABLE-A-2024-portal-current;HCD-APR-TABLE-A-2025-portal-current;HCD-APR-TABLE-A2-2018-portal-current;HCD-APR-TABLE-A2-2019-portal-current;HCD-APR-TABLE-A2-2020-portal-current;HCD-APR-TABLE-A2-2021-portal-current;HCD-APR-TABLE-A2-2022-portal-current;HCD-APR-TABLE-A2-2023-portal-current;HCD-APR-TABLE-A2-2024-portal-current;HCD-APR-TABLE-A2-2025-portal-current,2026-08-10T17:11:13Z,c5cee4fbdeba70dfa06045e45ea217a2aca9e0594fe6a2da9144529a1cc1bc25;6f24c832cc9b927766fa5257f444024ffabc785e83ee1d5d9932243d95b14371;11aa51318922cdb7f838c55d1b07009fc196e7fe46ea39c1222e20a86c988429;97ab0c3387bdf49a07720594cb3ea612a85aca39503f8ca9f0c9c0af8e800bda;1bca81f3a972f3d1eced27a3e2fdf4268fc4f1031af1dd0698cbf39fa018fb04;1b140c61910e1eb3a1b01eb1837038d4a59ca05ac73198496fd1b3d77823f8c8;0d33c498629bfd21f3b9707fd1c4810fcb4fd6d8542c25aec64360305c105d2f;bec330a57d4f495f88b52cfed29d66223ec2d61b4ca4ae2e3feeef22faf62af2;2eda34f589a502ed96d65bbdc8ce37cfa225aedf755805a5453eb8c40e926d43;2909761266532f15be992976ff4f8ac5e86198994135f5fd6e17f4930c1de8f6;dd5239737a286de14f0cb94cb934e788a2734baa54fafb493cc326ab118f98e2;5a78db14b37ff087cca9b8e7ae1d939130ba7789dbd8be26558670e88d809950;60556989c07686cc4af51409c4e0761edc273bafa18a65e6a0c4fdc3ac96c4cc;d5a42e856f7a486094b1a52da7413fa582d45472ab18a6ae572bba1930a8069c;efedc570ed4198bb4143b012c1926c817a047bd23278b2b2b19270889b52d13b;e5e85e9677a374bd30beeeb7848a802f790f9425b78fe84c0ef8096e2394b297,matched projects / application project keys with a usable exact tracking ID or APN * 100,Coverage is published with the medians; unmatched records are not imputed.,coverage_diagnostic
permitting_timelines,timeline_match_rate_pct,Timeline match rate among projects with usable identifiers,06085,Santa Clara,2018-2025 matched records,2025-12-31,multi-year matched-project summary,66.8448098663926,percent,CA_HCD_APR_TABLE_A;CA_HCD_APR_TABLE_A2,HCD-APR-TABLE-A-2018-portal-current;HCD-APR-TABLE-A-2019-portal-current;HCD-APR-TABLE-A-2020-portal-current;HCD-APR-TABLE-A-2021-portal-current;HCD-APR-TABLE-A-2022-portal-current;HCD-APR-TABLE-A-2023-portal-current;HCD-APR-TABLE-A-2024-portal-current;HCD-APR-TABLE-A-2025-portal-current;HCD-APR-TABLE-A2-2018-portal-current;HCD-APR-TABLE-A2-2019-portal-current;HCD-APR-TABLE-A2-2020-portal-current;HCD-APR-TABLE-A2-2021-portal-current;HCD-APR-TABLE-A2-2022-portal-current;HCD-APR-TABLE-A2-2023-portal-current;HCD-APR-TABLE-A2-2024-portal-current;HCD-APR-TABLE-A2-2025-portal-current,2026-08-10T17:11:13Z,c5cee4fbdeba70dfa06045e45ea217a2aca9e0594fe6a2da9144529a1cc1bc25;6f24c832cc9b927766fa5257f444024ffabc785e83ee1d5d9932243d95b14371;11aa51318922cdb7f838c55d1b07009fc196e7fe46ea39c1222e20a86c988429;97ab0c3387bdf49a07720594cb3ea612a85aca39503f8ca9f0c9c0af8e800bda;1bca81f3a972f3d1eced27a3e2fdf4268fc4f1031af1dd0698cbf39fa018fb04;1b140c61910e1eb3a1b01eb1837038d4a59ca05ac73198496fd1b3d77823f8c8;0d33c498629bfd21f3b9707fd1c4810fcb4fd6d8542c25aec64360305c105d2f;bec330a57d4f495f88b52cfed29d66223ec2d61b4ca4ae2e3feeef22faf62af2;2eda34f589a502ed96d65bbdc8ce37cfa225aedf755805a5453eb8c40e926d43;2909761266532f15be992976ff4f8ac5e86198994135f5fd6e17f4930c1de8f6;dd5239737a286de14f0cb94cb934e788a2734baa54fafb493cc326ab118f98e2;5a78db14b37ff087cca9b8e7ae1d939130ba7789dbd8be26558670e88d809950;60556989c07686cc4af51409c4e0761edc273bafa18a65e6a0c4fdc3ac96c4cc;d5a42e856f7a486094b1a52da7413fa582d45472ab18a6ae572bba1930a8069c;efedc570ed4198bb4143b012c1926c817a047bd23278b2b2b19270889b52d13b;e5e85e9677a374bd30beeeb7848a802f790f9425b78fe84c0ef8096e2394b297,matched projects / application project keys with a usable exact tracking ID or APN * 100,Coverage is published with the medians; unmatched records are not imputed.,coverage_diagnostic
permitting_timelines,timeline_match_rate_pct,Timeline match rate among projects with usable identifiers,06095,Solano,2018-2025 matched records,2025-12-31,multi-year matched-project summary,85.75986078886311,percent,CA_HCD_APR_TABLE_A;CA_HCD_APR_TABLE_A2,HCD-APR-TABLE-A-2018-portal-current;HCD-APR-TABLE-A-2019-portal-current;HCD-APR-TABLE-A-2020-portal-current;HCD-APR-TABLE-A-2021-portal-current;HCD-APR-TABLE-A-2022-portal-current;HCD-APR-TABLE-A-2023-portal-current;HCD-APR-TABLE-A-2024-portal-current;HCD-APR-TABLE-A-2025-portal-current;HCD-APR-TABLE-A2-2018-portal-current;HCD-APR-TABLE-A2-2019-portal-current;HCD-APR-TABLE-A2-2020-portal-current;HCD-APR-TABLE-A2-2021-portal-current;HCD-APR-TABLE-A2-2022-portal-current;HCD-APR-TABLE-A2-2023-portal-current;HCD-APR-TABLE-A2-2024-portal-current;HCD-APR-TABLE-A2-2025-portal-current,2026-08-10T17:11:13Z,c5cee4fbdeba70dfa06045e45ea217a2aca9e0594fe6a2da9144529a1cc1bc25;6f24c832cc9b927766fa5257f444024ffabc785e83ee1d5d9932243d95b14371;11aa51318922cdb7f838c55d1b07009fc196e7fe46ea39c1222e20a86c988429;97ab0c3387bdf49a07720594cb3ea612a85aca39503f8ca9f0c9c0af8e800bda;1bca81f3a972f3d1eced27a3e2fdf4268fc4f1031af1dd0698cbf39fa018fb04;1b140c61910e1eb3a1b01eb1837038d4a59ca05ac73198496fd1b3d77823f8c8;0d33c498629bfd21f3b9707fd1c4810fcb4fd6d8542c25aec64360305c105d2f;bec330a57d4f495f88b52cfed29d66223ec2d61b4ca4ae2e3feeef22faf62af2;2eda34f589a502ed96d65bbdc8ce37cfa225aedf755805a5453eb8c40e926d43;2909761266532f15be992976ff4f8ac5e86198994135f5fd6e17f4930c1de8f6;dd5239737a286de14f0cb94cb934e788a2734baa54fafb493cc326ab118f98e2;5a78db14b37ff087cca9b8e7ae1d939130ba7789dbd8be26558670e88d809950;60556989c07686cc4af51409c4e0761edc273bafa18a65e6a0c4fdc3ac96c4cc;d5a42e856f7a486094b1a52da7413fa582d45472ab18a6ae572bba1930a8069c;efedc570ed4198bb4143b012c1926c817a047bd23278b2b2b19270889b52d13b;e5e85e9677a374bd30beeeb7848a802f790f9425b78fe84c0ef8096e2394b297,matched projects / application project keys with a usable exact tracking ID or APN * 100,Coverage is published with the medians; unmatched records are not imputed.,coverage_diagnostic
permitting_timelines,timeline_match_rate_pct,Timeline match rate among projects with usable identifiers,06097,Sonoma,2018-2025 matched records,2025-12-31,multi-year matched-project summary,70.71524966261808,percent,CA_HCD_APR_TABLE_A;CA_HCD_APR_TABLE_A2,HCD-APR-TABLE-A-2018-portal-current;HCD-APR-TABLE-A-2019-portal-current;HCD-APR-TABLE-A-2020-portal-current;HCD-APR-TABLE-A-2021-portal-current;HCD-APR-TABLE-A-2022-portal-current;HCD-APR-TABLE-A-2023-portal-current;HCD-APR-TABLE-A-2024-portal-current;HCD-APR-TABLE-A-2025-portal-current;HCD-APR-TABLE-A2-2018-portal-current;HCD-APR-TABLE-A2-2019-portal-current;HCD-APR-TABLE-A2-2020-portal-current;HCD-APR-TABLE-A2-2021-portal-current;HCD-APR-TABLE-A2-2022-portal-current;HCD-APR-TABLE-A2-2023-portal-current;HCD-APR-TABLE-A2-2024-portal-current;HCD-APR-TABLE-A2-2025-portal-current,2026-08-10T17:11:13Z,c5cee4fbdeba70dfa06045e45ea217a2aca9e0594fe6a2da9144529a1cc1bc25;6f24c832cc9b927766fa5257f444024ffabc785e83ee1d5d9932243d95b14371;11aa51318922cdb7f838c55d1b07009fc196e7fe46ea39c1222e20a86c988429;97ab0c3387bdf49a07720594cb3ea612a85aca39503f8ca9f0c9c0af8e800bda;1bca81f3a972f3d1eced27a3e2fdf4268fc4f1031af1dd0698cbf39fa018fb04;1b140c61910e1eb3a1b01eb1837038d4a59ca05ac73198496fd1b3d77823f8c8;0d33c498629bfd21f3b9707fd1c4810fcb4fd6d8542c25aec64360305c105d2f;bec330a57d4f495f88b52cfed29d66223ec2d61b4ca4ae2e3feeef22faf62af2;2eda34f589a502ed96d65bbdc8ce37cfa225aedf755805a5453eb8c40e926d43;2909761266532f15be992976ff4f8ac5e86198994135f5fd6e17f4930c1de8f6;dd5239737a286de14f0cb94cb934e788a2734baa54fafb493cc326ab118f98e2;5a78db14b37ff087cca9b8e7ae1d939130ba7789dbd8be26558670e88d809950;60556989c07686cc4af51409c4e0761edc273bafa18a65e6a0c4fdc3ac96c4cc;d5a42e856f7a486094b1a52da7413fa582d45472ab18a6ae572bba1930a8069c;efedc570ed4198bb4143b012c1926c817a047bd23278b2b2b19270889b52d13b;e5e85e9677a374bd30beeeb7848a802f790f9425b78fe84c0ef8096e2394b297,matched projects / application project keys with a usable exact tracking ID or APN * 100,Coverage is published with the medians; unmatched records are not imputed.,coverage_diagnostic
