domain,metric_id,metric_name,county_fips,county_name,period,period_end,frequency,value,unit,margin_of_error_90,numerator,denominator,benchmark_value,subgroup_type,subgroup_id,subgroup_label,tenure,sex,geography_basis,universe,source_ids,source_releases,retrieved_at,raw_sha256s,calculation,notes,reliability_flag,comparability_status
commuting_and_job_access,age_29_or_younger_job_share_pct,Primary jobs held by people age 29 or younger,06001,Alameda,2023,2023-12-31,annual,18.52916216,percent,,140172,756494,,,,,,,workplace county with home-work relation,LODES JT01 primary jobs located in the county,CENSUS_LEHD_LODES,LODES8-OD-JT01-2023-main;LODES8-OD-JT01-2023-aux,2026-08-10T21:40:54Z,cc4620a9cac908eeef0fd24893b8b79d3b557388e128224644acb166ee7514f6;d153527efc113cfbb112384189879f6a752505472a525244f223f88035a41875,selected LODES job component divided by S000 primary jobs,"LODES earnings bands are monthly job-earnings categories, not annual worker income or ACS median earnings.",administrative_noise_applied,lodes8_jt01_within_series
commuting_and_job_access,age_30_to_54_job_share_pct,Primary jobs held by people age 30 to 54,06001,Alameda,2023,2023-12-31,annual,56.23534357,percent,,425417,756494,,,,,,,workplace county with home-work relation,LODES JT01 primary jobs located in the county,CENSUS_LEHD_LODES,LODES8-OD-JT01-2023-main;LODES8-OD-JT01-2023-aux,2026-08-10T21:40:54Z,cc4620a9cac908eeef0fd24893b8b79d3b557388e128224644acb166ee7514f6;d153527efc113cfbb112384189879f6a752505472a525244f223f88035a41875,selected LODES job component divided by S000 primary jobs,"LODES earnings bands are monthly job-earnings categories, not annual worker income or ACS median earnings.",administrative_noise_applied,lodes8_jt01_within_series
commuting_and_job_access,age_55_plus_job_share_pct,Primary jobs held by people age 55 or older,06001,Alameda,2023,2023-12-31,annual,25.23549427,percent,,190905,756494,,,,,,,workplace county with home-work relation,LODES JT01 primary jobs located in the county,CENSUS_LEHD_LODES,LODES8-OD-JT01-2023-main;LODES8-OD-JT01-2023-aux,2026-08-10T21:40:54Z,cc4620a9cac908eeef0fd24893b8b79d3b557388e128224644acb166ee7514f6;d153527efc113cfbb112384189879f6a752505472a525244f223f88035a41875,selected LODES job component divided by S000 primary jobs,"LODES earnings bands are monthly job-earnings categories, not annual worker income or ACS median earnings.",administrative_noise_applied,lodes8_jt01_within_series
commuting_and_job_access,high_monthly_earnings_job_share_pct,"Primary jobs paying more than $3,333 per month",06001,Alameda,2023,2023-12-31,annual,73.70871415,percent,,557602,756494,,,,,,,workplace county with home-work relation,LODES JT01 primary jobs located in the county,CENSUS_LEHD_LODES,LODES8-OD-JT01-2023-main;LODES8-OD-JT01-2023-aux,2026-08-10T21:40:54Z,cc4620a9cac908eeef0fd24893b8b79d3b557388e128224644acb166ee7514f6;d153527efc113cfbb112384189879f6a752505472a525244f223f88035a41875,selected LODES job component divided by S000 primary jobs,"LODES earnings bands are monthly job-earnings categories, not annual worker income or ACS median earnings.",administrative_noise_applied,lodes8_jt01_within_series
commuting_and_job_access,inbound_job_share_pct,Inbound share of primary jobs,06001,Alameda,2023,2023-12-31,annual,57.38697201,percent,,434129,756494,,,,,,,workplace county with home-work relation,LODES JT01 primary jobs located in the county,CENSUS_LEHD_LODES,LODES8-OD-JT01-2023-main;LODES8-OD-JT01-2023-aux,2026-08-10T21:40:54Z,cc4620a9cac908eeef0fd24893b8b79d3b557388e128224644acb166ee7514f6;d153527efc113cfbb112384189879f6a752505472a525244f223f88035a41875,selected LODES job component divided by S000 primary jobs,"LODES earnings bands are monthly job-earnings categories, not annual worker income or ACS median earnings.",administrative_noise_applied,lodes8_jt01_within_series
commuting_and_job_access,local_resident_job_share_pct,Same-county resident share of primary jobs,06001,Alameda,2023,2023-12-31,annual,42.61302799,percent,,322365,756494,,,,,,,workplace county with home-work relation,LODES JT01 primary jobs located in the county,CENSUS_LEHD_LODES,LODES8-OD-JT01-2023-main;LODES8-OD-JT01-2023-aux,2026-08-10T21:40:54Z,cc4620a9cac908eeef0fd24893b8b79d3b557388e128224644acb166ee7514f6;d153527efc113cfbb112384189879f6a752505472a525244f223f88035a41875,selected LODES job component divided by S000 primary jobs,"LODES earnings bands are monthly job-earnings categories, not annual worker income or ACS median earnings.",administrative_noise_applied,lodes8_jt01_within_series
commuting_and_job_access,local_resident_primary_jobs,Primary jobs held by same-county residents,06001,Alameda,2023,2023-12-31,annual,322365,primary jobs,,,,,,,,,,workplace county with home-work relation,LODES JT01 primary jobs located in the county,CENSUS_LEHD_LODES,LODES8-OD-JT01-2023-main;LODES8-OD-JT01-2023-aux,2026-08-10T21:40:54Z,cc4620a9cac908eeef0fd24893b8b79d3b557388e128224644acb166ee7514f6;d153527efc113cfbb112384189879f6a752505472a525244f223f88035a41875,sum of LODES OD primary-job records,Jobs are not people or households. LODES values are noise-infused for disclosure protection and may not equal ACS estimates.,administrative_noise_applied,lodes8_jt01_within_series
commuting_and_job_access,low_monthly_earnings_job_share_pct,"Primary jobs paying $1,250 per month or less",06001,Alameda,2023,2023-12-31,annual,8.84792212,percent,,66934,756494,,,,,,,workplace county with home-work relation,LODES JT01 primary jobs located in the county,CENSUS_LEHD_LODES,LODES8-OD-JT01-2023-main;LODES8-OD-JT01-2023-aux,2026-08-10T21:40:54Z,cc4620a9cac908eeef0fd24893b8b79d3b557388e128224644acb166ee7514f6;d153527efc113cfbb112384189879f6a752505472a525244f223f88035a41875,selected LODES job component divided by S000 primary jobs,"LODES earnings bands are monthly job-earnings categories, not annual worker income or ACS median earnings.",administrative_noise_applied,lodes8_jt01_within_series
commuting_and_job_access,middle_monthly_earnings_job_share_pct,"Primary jobs paying $1,251 to $3,333 per month",06001,Alameda,2023,2023-12-31,annual,17.44336373,percent,,131958,756494,,,,,,,workplace county with home-work relation,LODES JT01 primary jobs located in the county,CENSUS_LEHD_LODES,LODES8-OD-JT01-2023-main;LODES8-OD-JT01-2023-aux,2026-08-10T21:40:54Z,cc4620a9cac908eeef0fd24893b8b79d3b557388e128224644acb166ee7514f6;d153527efc113cfbb112384189879f6a752505472a525244f223f88035a41875,selected LODES job component divided by S000 primary jobs,"LODES earnings bands are monthly job-earnings categories, not annual worker income or ACS median earnings.",administrative_noise_applied,lodes8_jt01_within_series
commuting_and_job_access,other_california_inbound_primary_jobs,Primary jobs held by residents of another California county,06001,Alameda,2023,2023-12-31,annual,429235,primary jobs,,,,,,,,,,workplace county with home-work relation,LODES JT01 primary jobs located in the county,CENSUS_LEHD_LODES,LODES8-OD-JT01-2023-main;LODES8-OD-JT01-2023-aux,2026-08-10T21:40:54Z,cc4620a9cac908eeef0fd24893b8b79d3b557388e128224644acb166ee7514f6;d153527efc113cfbb112384189879f6a752505472a525244f223f88035a41875,sum of LODES OD primary-job records,Jobs are not people or households. LODES values are noise-infused for disclosure protection and may not equal ACS estimates.,administrative_noise_applied,lodes8_jt01_within_series
commuting_and_job_access,outside_california_inbound_primary_jobs,Primary jobs held by residents outside California,06001,Alameda,2023,2023-12-31,annual,4894,primary jobs,,,,,,,,,,workplace county with home-work relation,LODES JT01 primary jobs located in the county,CENSUS_LEHD_LODES,LODES8-OD-JT01-2023-main;LODES8-OD-JT01-2023-aux,2026-08-10T21:40:54Z,cc4620a9cac908eeef0fd24893b8b79d3b557388e128224644acb166ee7514f6;d153527efc113cfbb112384189879f6a752505472a525244f223f88035a41875,sum of LODES OD primary-job records,Jobs are not people or households. LODES values are noise-infused for disclosure protection and may not equal ACS estimates.,administrative_noise_applied,lodes8_jt01_within_series
commuting_and_job_access,primary_jobs,Primary jobs located in county,06001,Alameda,2023,2023-12-31,annual,756494,primary jobs,,,,,,,,,,workplace county with home-work relation,LODES JT01 primary jobs located in the county,CENSUS_LEHD_LODES,LODES8-OD-JT01-2023-main;LODES8-OD-JT01-2023-aux,2026-08-10T21:40:54Z,cc4620a9cac908eeef0fd24893b8b79d3b557388e128224644acb166ee7514f6;d153527efc113cfbb112384189879f6a752505472a525244f223f88035a41875,sum of LODES OD primary-job records,Jobs are not people or households. LODES values are noise-infused for disclosure protection and may not equal ACS estimates.,administrative_noise_applied,lodes8_jt01_within_series
commuting_and_job_access,commute_30_to_59_minutes_pct,Workers commuting 30 to 59 minutes,06001,Alameda,2024,2024-12-31,annual rolling five-year estimate,35.41831151,percent,0.59904016,220264,621893,,,,,,,person residence,workers age 16 and over who did not work from home,CENSUS_ACS5_DETAIL,ACS5-2024-B08303-table-based-summary-file,2026-08-10T21:40:54Z,8e34561f7d8524cf248d334127aa5509175073533f0df04c55ae435ea92310c2,selected travel-time categories divided by B08303 total,Travel time excludes people who worked from home. Consecutive ACS five-year vintages overlap.,project_flag_standard,comparable_within_series
commuting_and_job_access,commute_60_plus_minutes_pct,Workers commuting 60 minutes or more,06001,Alameda,2024,2024-12-31,annual rolling five-year estimate,13.63144464,percent,0.3745381,84773,621893,,,,,,,person residence,workers age 16 and over who did not work from home,CENSUS_ACS5_DETAIL,ACS5-2024-B08303-table-based-summary-file,2026-08-10T21:40:54Z,8e34561f7d8524cf248d334127aa5509175073533f0df04c55ae435ea92310c2,selected travel-time categories divided by B08303 total,Travel time excludes people who worked from home. Consecutive ACS five-year vintages overlap.,project_flag_standard,comparable_within_series
commuting_and_job_access,commute_under_30_minutes_pct,Workers commuting under 30 minutes,06001,Alameda,2024,2024-12-31,annual rolling five-year estimate,50.95024385,percent,0.66440786,316856,621893,,,,,,,person residence,workers age 16 and over who did not work from home,CENSUS_ACS5_DETAIL,ACS5-2024-B08303-table-based-summary-file,2026-08-10T21:40:54Z,8e34561f7d8524cf248d334127aa5509175073533f0df04c55ae435ea92310c2,selected travel-time categories divided by B08303 total,Travel time excludes people who worked from home. Consecutive ACS five-year vintages overlap.,project_flag_standard,comparable_within_series
commuting_and_job_access,public_transport_commute_pct,Workers using public transportation,06001,Alameda,2024,2024-12-31,annual rolling five-year estimate,7.68278948,percent,0.27302417,64325,837261,,,,,,,person residence,workers age 16 and over,CENSUS_ACS5_DETAIL,ACS5-2024-B08006-table-based-summary-file,2026-08-10T21:40:54Z,722c8782e2675cbd2abb9a916f404e59b76de1799c939aaa0dd3ed74edf7e49f,B08006_008 divided by B08006_001,Means of transportation describe the usual commute in the ACS reference period.,project_flag_standard,comparable_within_series
commuting_and_job_access,worked_from_home_pct,Workers working from home,06001,Alameda,2024,2024-12-31,annual rolling five-year estimate,25.72292272,percent,0.45637269,215368,837261,,,,,,,person residence,workers age 16 and over,CENSUS_ACS5_DETAIL,ACS5-2024-B08006-table-based-summary-file,2026-08-10T21:40:54Z,722c8782e2675cbd2abb9a916f404e59b76de1799c939aaa0dd3ed74edf7e49f,B08006_017 divided by B08006_001,Means of transportation describe the usual commute in the ACS reference period.,project_flag_standard,comparable_within_series
commuting_and_job_access,age_29_or_younger_job_share_pct,Primary jobs held by people age 29 or younger,06013,Contra Costa,2023,2023-12-31,annual,18.7618191,percent,,65084,346896,,,,,,,workplace county with home-work relation,LODES JT01 primary jobs located in the county,CENSUS_LEHD_LODES,LODES8-OD-JT01-2023-main;LODES8-OD-JT01-2023-aux,2026-08-10T21:40:54Z,cc4620a9cac908eeef0fd24893b8b79d3b557388e128224644acb166ee7514f6;d153527efc113cfbb112384189879f6a752505472a525244f223f88035a41875,selected LODES job component divided by S000 primary jobs,"LODES earnings bands are monthly job-earnings categories, not annual worker income or ACS median earnings.",administrative_noise_applied,lodes8_jt01_within_series
commuting_and_job_access,age_30_to_54_job_share_pct,Primary jobs held by people age 30 to 54,06013,Contra Costa,2023,2023-12-31,annual,54.48549421,percent,,189008,346896,,,,,,,workplace county with home-work relation,LODES JT01 primary jobs located in the county,CENSUS_LEHD_LODES,LODES8-OD-JT01-2023-main;LODES8-OD-JT01-2023-aux,2026-08-10T21:40:54Z,cc4620a9cac908eeef0fd24893b8b79d3b557388e128224644acb166ee7514f6;d153527efc113cfbb112384189879f6a752505472a525244f223f88035a41875,selected LODES job component divided by S000 primary jobs,"LODES earnings bands are monthly job-earnings categories, not annual worker income or ACS median earnings.",administrative_noise_applied,lodes8_jt01_within_series
commuting_and_job_access,age_55_plus_job_share_pct,Primary jobs held by people age 55 or older,06013,Contra Costa,2023,2023-12-31,annual,26.75268668,percent,,92804,346896,,,,,,,workplace county with home-work relation,LODES JT01 primary jobs located in the county,CENSUS_LEHD_LODES,LODES8-OD-JT01-2023-main;LODES8-OD-JT01-2023-aux,2026-08-10T21:40:54Z,cc4620a9cac908eeef0fd24893b8b79d3b557388e128224644acb166ee7514f6;d153527efc113cfbb112384189879f6a752505472a525244f223f88035a41875,selected LODES job component divided by S000 primary jobs,"LODES earnings bands are monthly job-earnings categories, not annual worker income or ACS median earnings.",administrative_noise_applied,lodes8_jt01_within_series
commuting_and_job_access,high_monthly_earnings_job_share_pct,"Primary jobs paying more than $3,333 per month",06013,Contra Costa,2023,2023-12-31,annual,68.29078456,percent,,236898,346896,,,,,,,workplace county with home-work relation,LODES JT01 primary jobs located in the county,CENSUS_LEHD_LODES,LODES8-OD-JT01-2023-main;LODES8-OD-JT01-2023-aux,2026-08-10T21:40:54Z,cc4620a9cac908eeef0fd24893b8b79d3b557388e128224644acb166ee7514f6;d153527efc113cfbb112384189879f6a752505472a525244f223f88035a41875,selected LODES job component divided by S000 primary jobs,"LODES earnings bands are monthly job-earnings categories, not annual worker income or ACS median earnings.",administrative_noise_applied,lodes8_jt01_within_series
commuting_and_job_access,inbound_job_share_pct,Inbound share of primary jobs,06013,Contra Costa,2023,2023-12-31,annual,51.52697062,percent,,178745,346896,,,,,,,workplace county with home-work relation,LODES JT01 primary jobs located in the county,CENSUS_LEHD_LODES,LODES8-OD-JT01-2023-main;LODES8-OD-JT01-2023-aux,2026-08-10T21:40:54Z,cc4620a9cac908eeef0fd24893b8b79d3b557388e128224644acb166ee7514f6;d153527efc113cfbb112384189879f6a752505472a525244f223f88035a41875,selected LODES job component divided by S000 primary jobs,"LODES earnings bands are monthly job-earnings categories, not annual worker income or ACS median earnings.",administrative_noise_applied,lodes8_jt01_within_series
commuting_and_job_access,local_resident_job_share_pct,Same-county resident share of primary jobs,06013,Contra Costa,2023,2023-12-31,annual,48.47302938,percent,,168151,346896,,,,,,,workplace county with home-work relation,LODES JT01 primary jobs located in the county,CENSUS_LEHD_LODES,LODES8-OD-JT01-2023-main;LODES8-OD-JT01-2023-aux,2026-08-10T21:40:54Z,cc4620a9cac908eeef0fd24893b8b79d3b557388e128224644acb166ee7514f6;d153527efc113cfbb112384189879f6a752505472a525244f223f88035a41875,selected LODES job component divided by S000 primary jobs,"LODES earnings bands are monthly job-earnings categories, not annual worker income or ACS median earnings.",administrative_noise_applied,lodes8_jt01_within_series
commuting_and_job_access,local_resident_primary_jobs,Primary jobs held by same-county residents,06013,Contra Costa,2023,2023-12-31,annual,168151,primary jobs,,,,,,,,,,workplace county with home-work relation,LODES JT01 primary jobs located in the county,CENSUS_LEHD_LODES,LODES8-OD-JT01-2023-main;LODES8-OD-JT01-2023-aux,2026-08-10T21:40:54Z,cc4620a9cac908eeef0fd24893b8b79d3b557388e128224644acb166ee7514f6;d153527efc113cfbb112384189879f6a752505472a525244f223f88035a41875,sum of LODES OD primary-job records,Jobs are not people or households. LODES values are noise-infused for disclosure protection and may not equal ACS estimates.,administrative_noise_applied,lodes8_jt01_within_series
commuting_and_job_access,low_monthly_earnings_job_share_pct,"Primary jobs paying $1,250 per month or less",06013,Contra Costa,2023,2023-12-31,annual,10.36276002,percent,,35948,346896,,,,,,,workplace county with home-work relation,LODES JT01 primary jobs located in the county,CENSUS_LEHD_LODES,LODES8-OD-JT01-2023-main;LODES8-OD-JT01-2023-aux,2026-08-10T21:40:54Z,cc4620a9cac908eeef0fd24893b8b79d3b557388e128224644acb166ee7514f6;d153527efc113cfbb112384189879f6a752505472a525244f223f88035a41875,selected LODES job component divided by S000 primary jobs,"LODES earnings bands are monthly job-earnings categories, not annual worker income or ACS median earnings.",administrative_noise_applied,lodes8_jt01_within_series
commuting_and_job_access,middle_monthly_earnings_job_share_pct,"Primary jobs paying $1,251 to $3,333 per month",06013,Contra Costa,2023,2023-12-31,annual,21.34645542,percent,,74050,346896,,,,,,,workplace county with home-work relation,LODES JT01 primary jobs located in the county,CENSUS_LEHD_LODES,LODES8-OD-JT01-2023-main;LODES8-OD-JT01-2023-aux,2026-08-10T21:40:54Z,cc4620a9cac908eeef0fd24893b8b79d3b557388e128224644acb166ee7514f6;d153527efc113cfbb112384189879f6a752505472a525244f223f88035a41875,selected LODES job component divided by S000 primary jobs,"LODES earnings bands are monthly job-earnings categories, not annual worker income or ACS median earnings.",administrative_noise_applied,lodes8_jt01_within_series
commuting_and_job_access,other_california_inbound_primary_jobs,Primary jobs held by residents of another California county,06013,Contra Costa,2023,2023-12-31,annual,176502,primary jobs,,,,,,,,,,workplace county with home-work relation,LODES JT01 primary jobs located in the county,CENSUS_LEHD_LODES,LODES8-OD-JT01-2023-main;LODES8-OD-JT01-2023-aux,2026-08-10T21:40:54Z,cc4620a9cac908eeef0fd24893b8b79d3b557388e128224644acb166ee7514f6;d153527efc113cfbb112384189879f6a752505472a525244f223f88035a41875,sum of LODES OD primary-job records,Jobs are not people or households. LODES values are noise-infused for disclosure protection and may not equal ACS estimates.,administrative_noise_applied,lodes8_jt01_within_series
commuting_and_job_access,outside_california_inbound_primary_jobs,Primary jobs held by residents outside California,06013,Contra Costa,2023,2023-12-31,annual,2243,primary jobs,,,,,,,,,,workplace county with home-work relation,LODES JT01 primary jobs located in the county,CENSUS_LEHD_LODES,LODES8-OD-JT01-2023-main;LODES8-OD-JT01-2023-aux,2026-08-10T21:40:54Z,cc4620a9cac908eeef0fd24893b8b79d3b557388e128224644acb166ee7514f6;d153527efc113cfbb112384189879f6a752505472a525244f223f88035a41875,sum of LODES OD primary-job records,Jobs are not people or households. LODES values are noise-infused for disclosure protection and may not equal ACS estimates.,administrative_noise_applied,lodes8_jt01_within_series
commuting_and_job_access,primary_jobs,Primary jobs located in county,06013,Contra Costa,2023,2023-12-31,annual,346896,primary jobs,,,,,,,,,,workplace county with home-work relation,LODES JT01 primary jobs located in the county,CENSUS_LEHD_LODES,LODES8-OD-JT01-2023-main;LODES8-OD-JT01-2023-aux,2026-08-10T21:40:54Z,cc4620a9cac908eeef0fd24893b8b79d3b557388e128224644acb166ee7514f6;d153527efc113cfbb112384189879f6a752505472a525244f223f88035a41875,sum of LODES OD primary-job records,Jobs are not people or households. LODES values are noise-infused for disclosure protection and may not equal ACS estimates.,administrative_noise_applied,lodes8_jt01_within_series
commuting_and_job_access,commute_30_to_59_minutes_pct,Workers commuting 30 to 59 minutes,06013,Contra Costa,2024,2024-12-31,annual rolling five-year estimate,31.75184162,percent,0.71910961,137930,434400,,,,,,,person residence,workers age 16 and over who did not work from home,CENSUS_ACS5_DETAIL,ACS5-2024-B08303-table-based-summary-file,2026-08-10T21:40:54Z,8e34561f7d8524cf248d334127aa5509175073533f0df04c55ae435ea92310c2,selected travel-time categories divided by B08303 total,Travel time excludes people who worked from home. Consecutive ACS five-year vintages overlap.,project_flag_standard,comparable_within_series
commuting_and_job_access,commute_60_plus_minutes_pct,Workers commuting 60 minutes or more,06013,Contra Costa,2024,2024-12-31,annual rolling five-year estimate,21.18623389,percent,0.64966106,92033,434400,,,,,,,person residence,workers age 16 and over who did not work from home,CENSUS_ACS5_DETAIL,ACS5-2024-B08303-table-based-summary-file,2026-08-10T21:40:54Z,8e34561f7d8524cf248d334127aa5509175073533f0df04c55ae435ea92310c2,selected travel-time categories divided by B08303 total,Travel time excludes people who worked from home. Consecutive ACS five-year vintages overlap.,project_flag_standard,comparable_within_series
commuting_and_job_access,commute_under_30_minutes_pct,Workers commuting under 30 minutes,06013,Contra Costa,2024,2024-12-31,annual rolling five-year estimate,47.06192449,percent,0.78263162,204437,434400,,,,,,,person residence,workers age 16 and over who did not work from home,CENSUS_ACS5_DETAIL,ACS5-2024-B08303-table-based-summary-file,2026-08-10T21:40:54Z,8e34561f7d8524cf248d334127aa5509175073533f0df04c55ae435ea92310c2,selected travel-time categories divided by B08303 total,Travel time excludes people who worked from home. Consecutive ACS five-year vintages overlap.,project_flag_standard,comparable_within_series
commuting_and_job_access,public_transport_commute_pct,Workers using public transportation,06013,Contra Costa,2024,2024-12-31,annual rolling five-year estimate,5.38131462,percent,0.33377796,29697,551854,,,,,,,person residence,workers age 16 and over,CENSUS_ACS5_DETAIL,ACS5-2024-B08006-table-based-summary-file,2026-08-10T21:40:54Z,722c8782e2675cbd2abb9a916f404e59b76de1799c939aaa0dd3ed74edf7e49f,B08006_008 divided by B08006_001,Means of transportation describe the usual commute in the ACS reference period.,project_flag_standard,comparable_within_series
commuting_and_job_access,worked_from_home_pct,Workers working from home,06013,Contra Costa,2024,2024-12-31,annual rolling five-year estimate,21.28352789,percent,0.48271495,117454,551854,,,,,,,person residence,workers age 16 and over,CENSUS_ACS5_DETAIL,ACS5-2024-B08006-table-based-summary-file,2026-08-10T21:40:54Z,722c8782e2675cbd2abb9a916f404e59b76de1799c939aaa0dd3ed74edf7e49f,B08006_017 divided by B08006_001,Means of transportation describe the usual commute in the ACS reference period.,project_flag_standard,comparable_within_series
commuting_and_job_access,age_29_or_younger_job_share_pct,Primary jobs held by people age 29 or younger,06041,Marin,2023,2023-12-31,annual,17.40788316,percent,,17211,98869,,,,,,,workplace county with home-work relation,LODES JT01 primary jobs located in the county,CENSUS_LEHD_LODES,LODES8-OD-JT01-2023-main;LODES8-OD-JT01-2023-aux,2026-08-10T21:40:54Z,cc4620a9cac908eeef0fd24893b8b79d3b557388e128224644acb166ee7514f6;d153527efc113cfbb112384189879f6a752505472a525244f223f88035a41875,selected LODES job component divided by S000 primary jobs,"LODES earnings bands are monthly job-earnings categories, not annual worker income or ACS median earnings.",administrative_noise_applied,lodes8_jt01_within_series
commuting_and_job_access,age_30_to_54_job_share_pct,Primary jobs held by people age 30 to 54,06041,Marin,2023,2023-12-31,annual,53.36657597,percent,,52763,98869,,,,,,,workplace county with home-work relation,LODES JT01 primary jobs located in the county,CENSUS_LEHD_LODES,LODES8-OD-JT01-2023-main;LODES8-OD-JT01-2023-aux,2026-08-10T21:40:54Z,cc4620a9cac908eeef0fd24893b8b79d3b557388e128224644acb166ee7514f6;d153527efc113cfbb112384189879f6a752505472a525244f223f88035a41875,selected LODES job component divided by S000 primary jobs,"LODES earnings bands are monthly job-earnings categories, not annual worker income or ACS median earnings.",administrative_noise_applied,lodes8_jt01_within_series
commuting_and_job_access,age_55_plus_job_share_pct,Primary jobs held by people age 55 or older,06041,Marin,2023,2023-12-31,annual,29.22554087,percent,,28895,98869,,,,,,,workplace county with home-work relation,LODES JT01 primary jobs located in the county,CENSUS_LEHD_LODES,LODES8-OD-JT01-2023-main;LODES8-OD-JT01-2023-aux,2026-08-10T21:40:54Z,cc4620a9cac908eeef0fd24893b8b79d3b557388e128224644acb166ee7514f6;d153527efc113cfbb112384189879f6a752505472a525244f223f88035a41875,selected LODES job component divided by S000 primary jobs,"LODES earnings bands are monthly job-earnings categories, not annual worker income or ACS median earnings.",administrative_noise_applied,lodes8_jt01_within_series
commuting_and_job_access,high_monthly_earnings_job_share_pct,"Primary jobs paying more than $3,333 per month",06041,Marin,2023,2023-12-31,annual,71.25691572,percent,,70451,98869,,,,,,,workplace county with home-work relation,LODES JT01 primary jobs located in the county,CENSUS_LEHD_LODES,LODES8-OD-JT01-2023-main;LODES8-OD-JT01-2023-aux,2026-08-10T21:40:54Z,cc4620a9cac908eeef0fd24893b8b79d3b557388e128224644acb166ee7514f6;d153527efc113cfbb112384189879f6a752505472a525244f223f88035a41875,selected LODES job component divided by S000 primary jobs,"LODES earnings bands are monthly job-earnings categories, not annual worker income or ACS median earnings.",administrative_noise_applied,lodes8_jt01_within_series
commuting_and_job_access,inbound_job_share_pct,Inbound share of primary jobs,06041,Marin,2023,2023-12-31,annual,63.96544923,percent,,63242,98869,,,,,,,workplace county with home-work relation,LODES JT01 primary jobs located in the county,CENSUS_LEHD_LODES,LODES8-OD-JT01-2023-main;LODES8-OD-JT01-2023-aux,2026-08-10T21:40:54Z,cc4620a9cac908eeef0fd24893b8b79d3b557388e128224644acb166ee7514f6;d153527efc113cfbb112384189879f6a752505472a525244f223f88035a41875,selected LODES job component divided by S000 primary jobs,"LODES earnings bands are monthly job-earnings categories, not annual worker income or ACS median earnings.",administrative_noise_applied,lodes8_jt01_within_series
commuting_and_job_access,local_resident_job_share_pct,Same-county resident share of primary jobs,06041,Marin,2023,2023-12-31,annual,36.03455077,percent,,35627,98869,,,,,,,workplace county with home-work relation,LODES JT01 primary jobs located in the county,CENSUS_LEHD_LODES,LODES8-OD-JT01-2023-main;LODES8-OD-JT01-2023-aux,2026-08-10T21:40:54Z,cc4620a9cac908eeef0fd24893b8b79d3b557388e128224644acb166ee7514f6;d153527efc113cfbb112384189879f6a752505472a525244f223f88035a41875,selected LODES job component divided by S000 primary jobs,"LODES earnings bands are monthly job-earnings categories, not annual worker income or ACS median earnings.",administrative_noise_applied,lodes8_jt01_within_series
commuting_and_job_access,local_resident_primary_jobs,Primary jobs held by same-county residents,06041,Marin,2023,2023-12-31,annual,35627,primary jobs,,,,,,,,,,workplace county with home-work relation,LODES JT01 primary jobs located in the county,CENSUS_LEHD_LODES,LODES8-OD-JT01-2023-main;LODES8-OD-JT01-2023-aux,2026-08-10T21:40:54Z,cc4620a9cac908eeef0fd24893b8b79d3b557388e128224644acb166ee7514f6;d153527efc113cfbb112384189879f6a752505472a525244f223f88035a41875,sum of LODES OD primary-job records,Jobs are not people or households. LODES values are noise-infused for disclosure protection and may not equal ACS estimates.,administrative_noise_applied,lodes8_jt01_within_series
commuting_and_job_access,low_monthly_earnings_job_share_pct,"Primary jobs paying $1,250 per month or less",06041,Marin,2023,2023-12-31,annual,10.24891523,percent,,10133,98869,,,,,,,workplace county with home-work relation,LODES JT01 primary jobs located in the county,CENSUS_LEHD_LODES,LODES8-OD-JT01-2023-main;LODES8-OD-JT01-2023-aux,2026-08-10T21:40:54Z,cc4620a9cac908eeef0fd24893b8b79d3b557388e128224644acb166ee7514f6;d153527efc113cfbb112384189879f6a752505472a525244f223f88035a41875,selected LODES job component divided by S000 primary jobs,"LODES earnings bands are monthly job-earnings categories, not annual worker income or ACS median earnings.",administrative_noise_applied,lodes8_jt01_within_series
commuting_and_job_access,middle_monthly_earnings_job_share_pct,"Primary jobs paying $1,251 to $3,333 per month",06041,Marin,2023,2023-12-31,annual,18.49416905,percent,,18285,98869,,,,,,,workplace county with home-work relation,LODES JT01 primary jobs located in the county,CENSUS_LEHD_LODES,LODES8-OD-JT01-2023-main;LODES8-OD-JT01-2023-aux,2026-08-10T21:40:54Z,cc4620a9cac908eeef0fd24893b8b79d3b557388e128224644acb166ee7514f6;d153527efc113cfbb112384189879f6a752505472a525244f223f88035a41875,selected LODES job component divided by S000 primary jobs,"LODES earnings bands are monthly job-earnings categories, not annual worker income or ACS median earnings.",administrative_noise_applied,lodes8_jt01_within_series
commuting_and_job_access,other_california_inbound_primary_jobs,Primary jobs held by residents of another California county,06041,Marin,2023,2023-12-31,annual,62434,primary jobs,,,,,,,,,,workplace county with home-work relation,LODES JT01 primary jobs located in the county,CENSUS_LEHD_LODES,LODES8-OD-JT01-2023-main;LODES8-OD-JT01-2023-aux,2026-08-10T21:40:54Z,cc4620a9cac908eeef0fd24893b8b79d3b557388e128224644acb166ee7514f6;d153527efc113cfbb112384189879f6a752505472a525244f223f88035a41875,sum of LODES OD primary-job records,Jobs are not people or households. LODES values are noise-infused for disclosure protection and may not equal ACS estimates.,administrative_noise_applied,lodes8_jt01_within_series
commuting_and_job_access,outside_california_inbound_primary_jobs,Primary jobs held by residents outside California,06041,Marin,2023,2023-12-31,annual,808,primary jobs,,,,,,,,,,workplace county with home-work relation,LODES JT01 primary jobs located in the county,CENSUS_LEHD_LODES,LODES8-OD-JT01-2023-main;LODES8-OD-JT01-2023-aux,2026-08-10T21:40:54Z,cc4620a9cac908eeef0fd24893b8b79d3b557388e128224644acb166ee7514f6;d153527efc113cfbb112384189879f6a752505472a525244f223f88035a41875,sum of LODES OD primary-job records,Jobs are not people or households. LODES values are noise-infused for disclosure protection and may not equal ACS estimates.,administrative_noise_applied,lodes8_jt01_within_series
commuting_and_job_access,primary_jobs,Primary jobs located in county,06041,Marin,2023,2023-12-31,annual,98869,primary jobs,,,,,,,,,,workplace county with home-work relation,LODES JT01 primary jobs located in the county,CENSUS_LEHD_LODES,LODES8-OD-JT01-2023-main;LODES8-OD-JT01-2023-aux,2026-08-10T21:40:54Z,cc4620a9cac908eeef0fd24893b8b79d3b557388e128224644acb166ee7514f6;d153527efc113cfbb112384189879f6a752505472a525244f223f88035a41875,sum of LODES OD primary-job records,Jobs are not people or households. LODES values are noise-infused for disclosure protection and may not equal ACS estimates.,administrative_noise_applied,lodes8_jt01_within_series
commuting_and_job_access,commute_30_to_59_minutes_pct,Workers commuting 30 to 59 minutes,06041,Marin,2024,2024-12-31,annual rolling five-year estimate,30.24153327,percent,1.486012,25467,84212,,,,,,,person residence,workers age 16 and over who did not work from home,CENSUS_ACS5_DETAIL,ACS5-2024-B08303-table-based-summary-file,2026-08-10T21:40:54Z,8e34561f7d8524cf248d334127aa5509175073533f0df04c55ae435ea92310c2,selected travel-time categories divided by B08303 total,Travel time excludes people who worked from home. Consecutive ACS five-year vintages overlap.,project_flag_standard,comparable_within_series
commuting_and_job_access,commute_60_plus_minutes_pct,Workers commuting 60 minutes or more,06041,Marin,2024,2024-12-31,annual rolling five-year estimate,10.771624,percent,0.82770245,9071,84212,,,,,,,person residence,workers age 16 and over who did not work from home,CENSUS_ACS5_DETAIL,ACS5-2024-B08303-table-based-summary-file,2026-08-10T21:40:54Z,8e34561f7d8524cf248d334127aa5509175073533f0df04c55ae435ea92310c2,selected travel-time categories divided by B08303 total,Travel time excludes people who worked from home. Consecutive ACS five-year vintages overlap.,project_flag_standard,comparable_within_series
commuting_and_job_access,commute_under_30_minutes_pct,Workers commuting under 30 minutes,06041,Marin,2024,2024-12-31,annual rolling five-year estimate,58.98684273,percent,1.98385841,49674,84212,,,,,,,person residence,workers age 16 and over who did not work from home,CENSUS_ACS5_DETAIL,ACS5-2024-B08303-table-based-summary-file,2026-08-10T21:40:54Z,8e34561f7d8524cf248d334127aa5509175073533f0df04c55ae435ea92310c2,selected travel-time categories divided by B08303 total,Travel time excludes people who worked from home. Consecutive ACS five-year vintages overlap.,project_flag_standard,comparable_within_series
commuting_and_job_access,public_transport_commute_pct,Workers using public transportation,06041,Marin,2024,2024-12-31,annual rolling five-year estimate,3.61592864,percent,0.47005562,4443,122873,,,,,,,person residence,workers age 16 and over,CENSUS_ACS5_DETAIL,ACS5-2024-B08006-table-based-summary-file,2026-08-10T21:40:54Z,722c8782e2675cbd2abb9a916f404e59b76de1799c939aaa0dd3ed74edf7e49f,B08006_008 divided by B08006_001,Means of transportation describe the usual commute in the ACS reference period.,project_flag_standard,comparable_within_series
commuting_and_job_access,worked_from_home_pct,Workers working from home,06041,Marin,2024,2024-12-31,annual rolling five-year estimate,31.46419474,percent,1.04036303,38661,122873,,,,,,,person residence,workers age 16 and over,CENSUS_ACS5_DETAIL,ACS5-2024-B08006-table-based-summary-file,2026-08-10T21:40:54Z,722c8782e2675cbd2abb9a916f404e59b76de1799c939aaa0dd3ed74edf7e49f,B08006_017 divided by B08006_001,Means of transportation describe the usual commute in the ACS reference period.,project_flag_standard,comparable_within_series
commuting_and_job_access,age_29_or_younger_job_share_pct,Primary jobs held by people age 29 or younger,06055,Napa,2023,2023-12-31,annual,19.45448136,percent,,13245,68082,,,,,,,workplace county with home-work relation,LODES JT01 primary jobs located in the county,CENSUS_LEHD_LODES,LODES8-OD-JT01-2023-main;LODES8-OD-JT01-2023-aux,2026-08-10T21:40:54Z,cc4620a9cac908eeef0fd24893b8b79d3b557388e128224644acb166ee7514f6;d153527efc113cfbb112384189879f6a752505472a525244f223f88035a41875,selected LODES job component divided by S000 primary jobs,"LODES earnings bands are monthly job-earnings categories, not annual worker income or ACS median earnings.",administrative_noise_applied,lodes8_jt01_within_series
commuting_and_job_access,age_30_to_54_job_share_pct,Primary jobs held by people age 30 to 54,06055,Napa,2023,2023-12-31,annual,53.63679093,percent,,36517,68082,,,,,,,workplace county with home-work relation,LODES JT01 primary jobs located in the county,CENSUS_LEHD_LODES,LODES8-OD-JT01-2023-main;LODES8-OD-JT01-2023-aux,2026-08-10T21:40:54Z,cc4620a9cac908eeef0fd24893b8b79d3b557388e128224644acb166ee7514f6;d153527efc113cfbb112384189879f6a752505472a525244f223f88035a41875,selected LODES job component divided by S000 primary jobs,"LODES earnings bands are monthly job-earnings categories, not annual worker income or ACS median earnings.",administrative_noise_applied,lodes8_jt01_within_series
commuting_and_job_access,age_55_plus_job_share_pct,Primary jobs held by people age 55 or older,06055,Napa,2023,2023-12-31,annual,26.90872771,percent,,18320,68082,,,,,,,workplace county with home-work relation,LODES JT01 primary jobs located in the county,CENSUS_LEHD_LODES,LODES8-OD-JT01-2023-main;LODES8-OD-JT01-2023-aux,2026-08-10T21:40:54Z,cc4620a9cac908eeef0fd24893b8b79d3b557388e128224644acb166ee7514f6;d153527efc113cfbb112384189879f6a752505472a525244f223f88035a41875,selected LODES job component divided by S000 primary jobs,"LODES earnings bands are monthly job-earnings categories, not annual worker income or ACS median earnings.",administrative_noise_applied,lodes8_jt01_within_series
commuting_and_job_access,high_monthly_earnings_job_share_pct,"Primary jobs paying more than $3,333 per month",06055,Napa,2023,2023-12-31,annual,69.49707705,percent,,47315,68082,,,,,,,workplace county with home-work relation,LODES JT01 primary jobs located in the county,CENSUS_LEHD_LODES,LODES8-OD-JT01-2023-main;LODES8-OD-JT01-2023-aux,2026-08-10T21:40:54Z,cc4620a9cac908eeef0fd24893b8b79d3b557388e128224644acb166ee7514f6;d153527efc113cfbb112384189879f6a752505472a525244f223f88035a41875,selected LODES job component divided by S000 primary jobs,"LODES earnings bands are monthly job-earnings categories, not annual worker income or ACS median earnings.",administrative_noise_applied,lodes8_jt01_within_series
commuting_and_job_access,inbound_job_share_pct,Inbound share of primary jobs,06055,Napa,2023,2023-12-31,annual,55.91198848,percent,,38066,68082,,,,,,,workplace county with home-work relation,LODES JT01 primary jobs located in the county,CENSUS_LEHD_LODES,LODES8-OD-JT01-2023-main;LODES8-OD-JT01-2023-aux,2026-08-10T21:40:54Z,cc4620a9cac908eeef0fd24893b8b79d3b557388e128224644acb166ee7514f6;d153527efc113cfbb112384189879f6a752505472a525244f223f88035a41875,selected LODES job component divided by S000 primary jobs,"LODES earnings bands are monthly job-earnings categories, not annual worker income or ACS median earnings.",administrative_noise_applied,lodes8_jt01_within_series
commuting_and_job_access,local_resident_job_share_pct,Same-county resident share of primary jobs,06055,Napa,2023,2023-12-31,annual,44.08801152,percent,,30016,68082,,,,,,,workplace county with home-work relation,LODES JT01 primary jobs located in the county,CENSUS_LEHD_LODES,LODES8-OD-JT01-2023-main;LODES8-OD-JT01-2023-aux,2026-08-10T21:40:54Z,cc4620a9cac908eeef0fd24893b8b79d3b557388e128224644acb166ee7514f6;d153527efc113cfbb112384189879f6a752505472a525244f223f88035a41875,selected LODES job component divided by S000 primary jobs,"LODES earnings bands are monthly job-earnings categories, not annual worker income or ACS median earnings.",administrative_noise_applied,lodes8_jt01_within_series
commuting_and_job_access,local_resident_primary_jobs,Primary jobs held by same-county residents,06055,Napa,2023,2023-12-31,annual,30016,primary jobs,,,,,,,,,,workplace county with home-work relation,LODES JT01 primary jobs located in the county,CENSUS_LEHD_LODES,LODES8-OD-JT01-2023-main;LODES8-OD-JT01-2023-aux,2026-08-10T21:40:54Z,cc4620a9cac908eeef0fd24893b8b79d3b557388e128224644acb166ee7514f6;d153527efc113cfbb112384189879f6a752505472a525244f223f88035a41875,sum of LODES OD primary-job records,Jobs are not people or households. LODES values are noise-infused for disclosure protection and may not equal ACS estimates.,administrative_noise_applied,lodes8_jt01_within_series
commuting_and_job_access,low_monthly_earnings_job_share_pct,"Primary jobs paying $1,250 per month or less",06055,Napa,2023,2023-12-31,annual,9.34461385,percent,,6362,68082,,,,,,,workplace county with home-work relation,LODES JT01 primary jobs located in the county,CENSUS_LEHD_LODES,LODES8-OD-JT01-2023-main;LODES8-OD-JT01-2023-aux,2026-08-10T21:40:54Z,cc4620a9cac908eeef0fd24893b8b79d3b557388e128224644acb166ee7514f6;d153527efc113cfbb112384189879f6a752505472a525244f223f88035a41875,selected LODES job component divided by S000 primary jobs,"LODES earnings bands are monthly job-earnings categories, not annual worker income or ACS median earnings.",administrative_noise_applied,lodes8_jt01_within_series
commuting_and_job_access,middle_monthly_earnings_job_share_pct,"Primary jobs paying $1,251 to $3,333 per month",06055,Napa,2023,2023-12-31,annual,21.1583091,percent,,14405,68082,,,,,,,workplace county with home-work relation,LODES JT01 primary jobs located in the county,CENSUS_LEHD_LODES,LODES8-OD-JT01-2023-main;LODES8-OD-JT01-2023-aux,2026-08-10T21:40:54Z,cc4620a9cac908eeef0fd24893b8b79d3b557388e128224644acb166ee7514f6;d153527efc113cfbb112384189879f6a752505472a525244f223f88035a41875,selected LODES job component divided by S000 primary jobs,"LODES earnings bands are monthly job-earnings categories, not annual worker income or ACS median earnings.",administrative_noise_applied,lodes8_jt01_within_series
commuting_and_job_access,other_california_inbound_primary_jobs,Primary jobs held by residents of another California county,06055,Napa,2023,2023-12-31,annual,37313,primary jobs,,,,,,,,,,workplace county with home-work relation,LODES JT01 primary jobs located in the county,CENSUS_LEHD_LODES,LODES8-OD-JT01-2023-main;LODES8-OD-JT01-2023-aux,2026-08-10T21:40:54Z,cc4620a9cac908eeef0fd24893b8b79d3b557388e128224644acb166ee7514f6;d153527efc113cfbb112384189879f6a752505472a525244f223f88035a41875,sum of LODES OD primary-job records,Jobs are not people or households. LODES values are noise-infused for disclosure protection and may not equal ACS estimates.,administrative_noise_applied,lodes8_jt01_within_series
commuting_and_job_access,outside_california_inbound_primary_jobs,Primary jobs held by residents outside California,06055,Napa,2023,2023-12-31,annual,753,primary jobs,,,,,,,,,,workplace county with home-work relation,LODES JT01 primary jobs located in the county,CENSUS_LEHD_LODES,LODES8-OD-JT01-2023-main;LODES8-OD-JT01-2023-aux,2026-08-10T21:40:54Z,cc4620a9cac908eeef0fd24893b8b79d3b557388e128224644acb166ee7514f6;d153527efc113cfbb112384189879f6a752505472a525244f223f88035a41875,sum of LODES OD primary-job records,Jobs are not people or households. LODES values are noise-infused for disclosure protection and may not equal ACS estimates.,administrative_noise_applied,lodes8_jt01_within_series
commuting_and_job_access,primary_jobs,Primary jobs located in county,06055,Napa,2023,2023-12-31,annual,68082,primary jobs,,,,,,,,,,workplace county with home-work relation,LODES JT01 primary jobs located in the county,CENSUS_LEHD_LODES,LODES8-OD-JT01-2023-main;LODES8-OD-JT01-2023-aux,2026-08-10T21:40:54Z,cc4620a9cac908eeef0fd24893b8b79d3b557388e128224644acb166ee7514f6;d153527efc113cfbb112384189879f6a752505472a525244f223f88035a41875,sum of LODES OD primary-job records,Jobs are not people or households. LODES values are noise-infused for disclosure protection and may not equal ACS estimates.,administrative_noise_applied,lodes8_jt01_within_series
commuting_and_job_access,commute_30_to_59_minutes_pct,Workers commuting 30 to 59 minutes,06055,Napa,2024,2024-12-31,annual rolling five-year estimate,26.11974812,percent,1.41483501,14684,56218,,,,,,,person residence,workers age 16 and over who did not work from home,CENSUS_ACS5_DETAIL,ACS5-2024-B08303-table-based-summary-file,2026-08-10T21:40:54Z,8e34561f7d8524cf248d334127aa5509175073533f0df04c55ae435ea92310c2,selected travel-time categories divided by B08303 total,Travel time excludes people who worked from home. Consecutive ACS five-year vintages overlap.,project_flag_standard,comparable_within_series
commuting_and_job_access,commute_60_plus_minutes_pct,Workers commuting 60 minutes or more,06055,Napa,2024,2024-12-31,annual rolling five-year estimate,9.13408517,percent,1.12722521,5135,56218,,,,,,,person residence,workers age 16 and over who did not work from home,CENSUS_ACS5_DETAIL,ACS5-2024-B08303-table-based-summary-file,2026-08-10T21:40:54Z,8e34561f7d8524cf248d334127aa5509175073533f0df04c55ae435ea92310c2,selected travel-time categories divided by B08303 total,Travel time excludes people who worked from home. Consecutive ACS five-year vintages overlap.,project_flag_standard,comparable_within_series
commuting_and_job_access,commute_under_30_minutes_pct,Workers commuting under 30 minutes,06055,Napa,2024,2024-12-31,annual rolling five-year estimate,64.74616671,percent,2.10225675,36399,56218,,,,,,,person residence,workers age 16 and over who did not work from home,CENSUS_ACS5_DETAIL,ACS5-2024-B08303-table-based-summary-file,2026-08-10T21:40:54Z,8e34561f7d8524cf248d334127aa5509175073533f0df04c55ae435ea92310c2,selected travel-time categories divided by B08303 total,Travel time excludes people who worked from home. Consecutive ACS five-year vintages overlap.,project_flag_standard,comparable_within_series
commuting_and_job_access,public_transport_commute_pct,Workers using public transportation,06055,Napa,2024,2024-12-31,annual rolling five-year estimate,1.14294399,percent,0.33536139,752,65795,,,,,,,person residence,workers age 16 and over,CENSUS_ACS5_DETAIL,ACS5-2024-B08006-table-based-summary-file,2026-08-10T21:40:54Z,722c8782e2675cbd2abb9a916f404e59b76de1799c939aaa0dd3ed74edf7e49f,B08006_008 divided by B08006_001,Means of transportation describe the usual commute in the ACS reference period.,project_flag_standard,comparable_within_series
commuting_and_job_access,worked_from_home_pct,Workers working from home,06055,Napa,2024,2024-12-31,annual rolling five-year estimate,14.55581731,percent,1.04548819,9577,65795,,,,,,,person residence,workers age 16 and over,CENSUS_ACS5_DETAIL,ACS5-2024-B08006-table-based-summary-file,2026-08-10T21:40:54Z,722c8782e2675cbd2abb9a916f404e59b76de1799c939aaa0dd3ed74edf7e49f,B08006_017 divided by B08006_001,Means of transportation describe the usual commute in the ACS reference period.,project_flag_standard,comparable_within_series
commuting_and_job_access,age_29_or_younger_job_share_pct,Primary jobs held by people age 29 or younger,06075,San Francisco,2023,2023-12-31,annual,17.64005639,percent,,120622,683796,,,,,,,workplace county with home-work relation,LODES JT01 primary jobs located in the county,CENSUS_LEHD_LODES,LODES8-OD-JT01-2023-main;LODES8-OD-JT01-2023-aux,2026-08-10T21:40:54Z,cc4620a9cac908eeef0fd24893b8b79d3b557388e128224644acb166ee7514f6;d153527efc113cfbb112384189879f6a752505472a525244f223f88035a41875,selected LODES job component divided by S000 primary jobs,"LODES earnings bands are monthly job-earnings categories, not annual worker income or ACS median earnings.",administrative_noise_applied,lodes8_jt01_within_series
commuting_and_job_access,age_30_to_54_job_share_pct,Primary jobs held by people age 30 to 54,06075,San Francisco,2023,2023-12-31,annual,61.26256954,percent,,418911,683796,,,,,,,workplace county with home-work relation,LODES JT01 primary jobs located in the county,CENSUS_LEHD_LODES,LODES8-OD-JT01-2023-main;LODES8-OD-JT01-2023-aux,2026-08-10T21:40:54Z,cc4620a9cac908eeef0fd24893b8b79d3b557388e128224644acb166ee7514f6;d153527efc113cfbb112384189879f6a752505472a525244f223f88035a41875,selected LODES job component divided by S000 primary jobs,"LODES earnings bands are monthly job-earnings categories, not annual worker income or ACS median earnings.",administrative_noise_applied,lodes8_jt01_within_series
commuting_and_job_access,age_55_plus_job_share_pct,Primary jobs held by people age 55 or older,06075,San Francisco,2023,2023-12-31,annual,21.09737407,percent,,144263,683796,,,,,,,workplace county with home-work relation,LODES JT01 primary jobs located in the county,CENSUS_LEHD_LODES,LODES8-OD-JT01-2023-main;LODES8-OD-JT01-2023-aux,2026-08-10T21:40:54Z,cc4620a9cac908eeef0fd24893b8b79d3b557388e128224644acb166ee7514f6;d153527efc113cfbb112384189879f6a752505472a525244f223f88035a41875,selected LODES job component divided by S000 primary jobs,"LODES earnings bands are monthly job-earnings categories, not annual worker income or ACS median earnings.",administrative_noise_applied,lodes8_jt01_within_series
commuting_and_job_access,high_monthly_earnings_job_share_pct,"Primary jobs paying more than $3,333 per month",06075,San Francisco,2023,2023-12-31,annual,81.78828189,percent,,559265,683796,,,,,,,workplace county with home-work relation,LODES JT01 primary jobs located in the county,CENSUS_LEHD_LODES,LODES8-OD-JT01-2023-main;LODES8-OD-JT01-2023-aux,2026-08-10T21:40:54Z,cc4620a9cac908eeef0fd24893b8b79d3b557388e128224644acb166ee7514f6;d153527efc113cfbb112384189879f6a752505472a525244f223f88035a41875,selected LODES job component divided by S000 primary jobs,"LODES earnings bands are monthly job-earnings categories, not annual worker income or ACS median earnings.",administrative_noise_applied,lodes8_jt01_within_series
commuting_and_job_access,inbound_job_share_pct,Inbound share of primary jobs,06075,San Francisco,2023,2023-12-31,annual,66.52466525,percent,,454893,683796,,,,,,,workplace county with home-work relation,LODES JT01 primary jobs located in the county,CENSUS_LEHD_LODES,LODES8-OD-JT01-2023-main;LODES8-OD-JT01-2023-aux,2026-08-10T21:40:54Z,cc4620a9cac908eeef0fd24893b8b79d3b557388e128224644acb166ee7514f6;d153527efc113cfbb112384189879f6a752505472a525244f223f88035a41875,selected LODES job component divided by S000 primary jobs,"LODES earnings bands are monthly job-earnings categories, not annual worker income or ACS median earnings.",administrative_noise_applied,lodes8_jt01_within_series
commuting_and_job_access,local_resident_job_share_pct,Same-county resident share of primary jobs,06075,San Francisco,2023,2023-12-31,annual,33.47533475,percent,,228903,683796,,,,,,,workplace county with home-work relation,LODES JT01 primary jobs located in the county,CENSUS_LEHD_LODES,LODES8-OD-JT01-2023-main;LODES8-OD-JT01-2023-aux,2026-08-10T21:40:54Z,cc4620a9cac908eeef0fd24893b8b79d3b557388e128224644acb166ee7514f6;d153527efc113cfbb112384189879f6a752505472a525244f223f88035a41875,selected LODES job component divided by S000 primary jobs,"LODES earnings bands are monthly job-earnings categories, not annual worker income or ACS median earnings.",administrative_noise_applied,lodes8_jt01_within_series
commuting_and_job_access,local_resident_primary_jobs,Primary jobs held by same-county residents,06075,San Francisco,2023,2023-12-31,annual,228903,primary jobs,,,,,,,,,,workplace county with home-work relation,LODES JT01 primary jobs located in the county,CENSUS_LEHD_LODES,LODES8-OD-JT01-2023-main;LODES8-OD-JT01-2023-aux,2026-08-10T21:40:54Z,cc4620a9cac908eeef0fd24893b8b79d3b557388e128224644acb166ee7514f6;d153527efc113cfbb112384189879f6a752505472a525244f223f88035a41875,sum of LODES OD primary-job records,Jobs are not people or households. LODES values are noise-infused for disclosure protection and may not equal ACS estimates.,administrative_noise_applied,lodes8_jt01_within_series
commuting_and_job_access,low_monthly_earnings_job_share_pct,"Primary jobs paying $1,250 per month or less",06075,San Francisco,2023,2023-12-31,annual,6.68108617,percent,,45685,683796,,,,,,,workplace county with home-work relation,LODES JT01 primary jobs located in the county,CENSUS_LEHD_LODES,LODES8-OD-JT01-2023-main;LODES8-OD-JT01-2023-aux,2026-08-10T21:40:54Z,cc4620a9cac908eeef0fd24893b8b79d3b557388e128224644acb166ee7514f6;d153527efc113cfbb112384189879f6a752505472a525244f223f88035a41875,selected LODES job component divided by S000 primary jobs,"LODES earnings bands are monthly job-earnings categories, not annual worker income or ACS median earnings.",administrative_noise_applied,lodes8_jt01_within_series
commuting_and_job_access,middle_monthly_earnings_job_share_pct,"Primary jobs paying $1,251 to $3,333 per month",06075,San Francisco,2023,2023-12-31,annual,11.53063194,percent,,78846,683796,,,,,,,workplace county with home-work relation,LODES JT01 primary jobs located in the county,CENSUS_LEHD_LODES,LODES8-OD-JT01-2023-main;LODES8-OD-JT01-2023-aux,2026-08-10T21:40:54Z,cc4620a9cac908eeef0fd24893b8b79d3b557388e128224644acb166ee7514f6;d153527efc113cfbb112384189879f6a752505472a525244f223f88035a41875,selected LODES job component divided by S000 primary jobs,"LODES earnings bands are monthly job-earnings categories, not annual worker income or ACS median earnings.",administrative_noise_applied,lodes8_jt01_within_series
commuting_and_job_access,other_california_inbound_primary_jobs,Primary jobs held by residents of another California county,06075,San Francisco,2023,2023-12-31,annual,448029,primary jobs,,,,,,,,,,workplace county with home-work relation,LODES JT01 primary jobs located in the county,CENSUS_LEHD_LODES,LODES8-OD-JT01-2023-main;LODES8-OD-JT01-2023-aux,2026-08-10T21:40:54Z,cc4620a9cac908eeef0fd24893b8b79d3b557388e128224644acb166ee7514f6;d153527efc113cfbb112384189879f6a752505472a525244f223f88035a41875,sum of LODES OD primary-job records,Jobs are not people or households. LODES values are noise-infused for disclosure protection and may not equal ACS estimates.,administrative_noise_applied,lodes8_jt01_within_series
commuting_and_job_access,outside_california_inbound_primary_jobs,Primary jobs held by residents outside California,06075,San Francisco,2023,2023-12-31,annual,6864,primary jobs,,,,,,,,,,workplace county with home-work relation,LODES JT01 primary jobs located in the county,CENSUS_LEHD_LODES,LODES8-OD-JT01-2023-main;LODES8-OD-JT01-2023-aux,2026-08-10T21:40:54Z,cc4620a9cac908eeef0fd24893b8b79d3b557388e128224644acb166ee7514f6;d153527efc113cfbb112384189879f6a752505472a525244f223f88035a41875,sum of LODES OD primary-job records,Jobs are not people or households. LODES values are noise-infused for disclosure protection and may not equal ACS estimates.,administrative_noise_applied,lodes8_jt01_within_series
commuting_and_job_access,primary_jobs,Primary jobs located in county,06075,San Francisco,2023,2023-12-31,annual,683796,primary jobs,,,,,,,,,,workplace county with home-work relation,LODES JT01 primary jobs located in the county,CENSUS_LEHD_LODES,LODES8-OD-JT01-2023-main;LODES8-OD-JT01-2023-aux,2026-08-10T21:40:54Z,cc4620a9cac908eeef0fd24893b8b79d3b557388e128224644acb166ee7514f6;d153527efc113cfbb112384189879f6a752505472a525244f223f88035a41875,sum of LODES OD primary-job records,Jobs are not people or households. LODES values are noise-infused for disclosure protection and may not equal ACS estimates.,administrative_noise_applied,lodes8_jt01_within_series
commuting_and_job_access,commute_30_to_59_minutes_pct,Workers commuting 30 to 59 minutes,06075,San Francisco,2024,2024-12-31,annual rolling five-year estimate,38.13625685,percent,0.80105075,122724,321804,,,,,,,person residence,workers age 16 and over who did not work from home,CENSUS_ACS5_DETAIL,ACS5-2024-B08303-table-based-summary-file,2026-08-10T21:40:54Z,8e34561f7d8524cf248d334127aa5509175073533f0df04c55ae435ea92310c2,selected travel-time categories divided by B08303 total,Travel time excludes people who worked from home. Consecutive ACS five-year vintages overlap.,project_flag_standard,comparable_within_series
commuting_and_job_access,commute_60_plus_minutes_pct,Workers commuting 60 minutes or more,06075,San Francisco,2024,2024-12-31,annual rolling five-year estimate,11.34665821,percent,0.51159494,36514,321804,,,,,,,person residence,workers age 16 and over who did not work from home,CENSUS_ACS5_DETAIL,ACS5-2024-B08303-table-based-summary-file,2026-08-10T21:40:54Z,8e34561f7d8524cf248d334127aa5509175073533f0df04c55ae435ea92310c2,selected travel-time categories divided by B08303 total,Travel time excludes people who worked from home. Consecutive ACS five-year vintages overlap.,project_flag_standard,comparable_within_series
commuting_and_job_access,commute_under_30_minutes_pct,Workers commuting under 30 minutes,06075,San Francisco,2024,2024-12-31,annual rolling five-year estimate,50.51708493,percent,0.93668412,162566,321804,,,,,,,person residence,workers age 16 and over who did not work from home,CENSUS_ACS5_DETAIL,ACS5-2024-B08303-table-based-summary-file,2026-08-10T21:40:54Z,8e34561f7d8524cf248d334127aa5509175073533f0df04c55ae435ea92310c2,selected travel-time categories divided by B08303 total,Travel time excludes people who worked from home. Consecutive ACS five-year vintages overlap.,project_flag_standard,comparable_within_series
commuting_and_job_access,public_transport_commute_pct,Workers using public transportation,06075,San Francisco,2024,2024-12-31,annual rolling five-year estimate,18.73011312,percent,0.51962697,87355,466388,,,,,,,person residence,workers age 16 and over,CENSUS_ACS5_DETAIL,ACS5-2024-B08006-table-based-summary-file,2026-08-10T21:40:54Z,722c8782e2675cbd2abb9a916f404e59b76de1799c939aaa0dd3ed74edf7e49f,B08006_008 divided by B08006_001,Means of transportation describe the usual commute in the ACS reference period.,project_flag_standard,comparable_within_series
commuting_and_job_access,worked_from_home_pct,Workers working from home,06075,San Francisco,2024,2024-12-31,annual rolling five-year estimate,31.00079762,percent,0.63382128,144584,466388,,,,,,,person residence,workers age 16 and over,CENSUS_ACS5_DETAIL,ACS5-2024-B08006-table-based-summary-file,2026-08-10T21:40:54Z,722c8782e2675cbd2abb9a916f404e59b76de1799c939aaa0dd3ed74edf7e49f,B08006_017 divided by B08006_001,Means of transportation describe the usual commute in the ACS reference period.,project_flag_standard,comparable_within_series
commuting_and_job_access,age_29_or_younger_job_share_pct,Primary jobs held by people age 29 or younger,06081,San Mateo,2023,2023-12-31,annual,17.69357176,percent,,69233,391289,,,,,,,workplace county with home-work relation,LODES JT01 primary jobs located in the county,CENSUS_LEHD_LODES,LODES8-OD-JT01-2023-main;LODES8-OD-JT01-2023-aux,2026-08-10T21:40:54Z,cc4620a9cac908eeef0fd24893b8b79d3b557388e128224644acb166ee7514f6;d153527efc113cfbb112384189879f6a752505472a525244f223f88035a41875,selected LODES job component divided by S000 primary jobs,"LODES earnings bands are monthly job-earnings categories, not annual worker income or ACS median earnings.",administrative_noise_applied,lodes8_jt01_within_series
commuting_and_job_access,age_30_to_54_job_share_pct,Primary jobs held by people age 30 to 54,06081,San Mateo,2023,2023-12-31,annual,58.9832579,percent,,230795,391289,,,,,,,workplace county with home-work relation,LODES JT01 primary jobs located in the county,CENSUS_LEHD_LODES,LODES8-OD-JT01-2023-main;LODES8-OD-JT01-2023-aux,2026-08-10T21:40:54Z,cc4620a9cac908eeef0fd24893b8b79d3b557388e128224644acb166ee7514f6;d153527efc113cfbb112384189879f6a752505472a525244f223f88035a41875,selected LODES job component divided by S000 primary jobs,"LODES earnings bands are monthly job-earnings categories, not annual worker income or ACS median earnings.",administrative_noise_applied,lodes8_jt01_within_series
commuting_and_job_access,age_55_plus_job_share_pct,Primary jobs held by people age 55 or older,06081,San Mateo,2023,2023-12-31,annual,23.32317034,percent,,91261,391289,,,,,,,workplace county with home-work relation,LODES JT01 primary jobs located in the county,CENSUS_LEHD_LODES,LODES8-OD-JT01-2023-main;LODES8-OD-JT01-2023-aux,2026-08-10T21:40:54Z,cc4620a9cac908eeef0fd24893b8b79d3b557388e128224644acb166ee7514f6;d153527efc113cfbb112384189879f6a752505472a525244f223f88035a41875,selected LODES job component divided by S000 primary jobs,"LODES earnings bands are monthly job-earnings categories, not annual worker income or ACS median earnings.",administrative_noise_applied,lodes8_jt01_within_series
commuting_and_job_access,high_monthly_earnings_job_share_pct,"Primary jobs paying more than $3,333 per month",06081,San Mateo,2023,2023-12-31,annual,79.97132554,percent,,312919,391289,,,,,,,workplace county with home-work relation,LODES JT01 primary jobs located in the county,CENSUS_LEHD_LODES,LODES8-OD-JT01-2023-main;LODES8-OD-JT01-2023-aux,2026-08-10T21:40:54Z,cc4620a9cac908eeef0fd24893b8b79d3b557388e128224644acb166ee7514f6;d153527efc113cfbb112384189879f6a752505472a525244f223f88035a41875,selected LODES job component divided by S000 primary jobs,"LODES earnings bands are monthly job-earnings categories, not annual worker income or ACS median earnings.",administrative_noise_applied,lodes8_jt01_within_series
commuting_and_job_access,inbound_job_share_pct,Inbound share of primary jobs,06081,San Mateo,2023,2023-12-31,annual,67.40209922,percent,,263737,391289,,,,,,,workplace county with home-work relation,LODES JT01 primary jobs located in the county,CENSUS_LEHD_LODES,LODES8-OD-JT01-2023-main;LODES8-OD-JT01-2023-aux,2026-08-10T21:40:54Z,cc4620a9cac908eeef0fd24893b8b79d3b557388e128224644acb166ee7514f6;d153527efc113cfbb112384189879f6a752505472a525244f223f88035a41875,selected LODES job component divided by S000 primary jobs,"LODES earnings bands are monthly job-earnings categories, not annual worker income or ACS median earnings.",administrative_noise_applied,lodes8_jt01_within_series
commuting_and_job_access,local_resident_job_share_pct,Same-county resident share of primary jobs,06081,San Mateo,2023,2023-12-31,annual,32.59790078,percent,,127552,391289,,,,,,,workplace county with home-work relation,LODES JT01 primary jobs located in the county,CENSUS_LEHD_LODES,LODES8-OD-JT01-2023-main;LODES8-OD-JT01-2023-aux,2026-08-10T21:40:54Z,cc4620a9cac908eeef0fd24893b8b79d3b557388e128224644acb166ee7514f6;d153527efc113cfbb112384189879f6a752505472a525244f223f88035a41875,selected LODES job component divided by S000 primary jobs,"LODES earnings bands are monthly job-earnings categories, not annual worker income or ACS median earnings.",administrative_noise_applied,lodes8_jt01_within_series
commuting_and_job_access,local_resident_primary_jobs,Primary jobs held by same-county residents,06081,San Mateo,2023,2023-12-31,annual,127552,primary jobs,,,,,,,,,,workplace county with home-work relation,LODES JT01 primary jobs located in the county,CENSUS_LEHD_LODES,LODES8-OD-JT01-2023-main;LODES8-OD-JT01-2023-aux,2026-08-10T21:40:54Z,cc4620a9cac908eeef0fd24893b8b79d3b557388e128224644acb166ee7514f6;d153527efc113cfbb112384189879f6a752505472a525244f223f88035a41875,sum of LODES OD primary-job records,Jobs are not people or households. LODES values are noise-infused for disclosure protection and may not equal ACS estimates.,administrative_noise_applied,lodes8_jt01_within_series
commuting_and_job_access,low_monthly_earnings_job_share_pct,"Primary jobs paying $1,250 per month or less",06081,San Mateo,2023,2023-12-31,annual,6.38223921,percent,,24973,391289,,,,,,,workplace county with home-work relation,LODES JT01 primary jobs located in the county,CENSUS_LEHD_LODES,LODES8-OD-JT01-2023-main;LODES8-OD-JT01-2023-aux,2026-08-10T21:40:54Z,cc4620a9cac908eeef0fd24893b8b79d3b557388e128224644acb166ee7514f6;d153527efc113cfbb112384189879f6a752505472a525244f223f88035a41875,selected LODES job component divided by S000 primary jobs,"LODES earnings bands are monthly job-earnings categories, not annual worker income or ACS median earnings.",administrative_noise_applied,lodes8_jt01_within_series
commuting_and_job_access,middle_monthly_earnings_job_share_pct,"Primary jobs paying $1,251 to $3,333 per month",06081,San Mateo,2023,2023-12-31,annual,13.64643524,percent,,53397,391289,,,,,,,workplace county with home-work relation,LODES JT01 primary jobs located in the county,CENSUS_LEHD_LODES,LODES8-OD-JT01-2023-main;LODES8-OD-JT01-2023-aux,2026-08-10T21:40:54Z,cc4620a9cac908eeef0fd24893b8b79d3b557388e128224644acb166ee7514f6;d153527efc113cfbb112384189879f6a752505472a525244f223f88035a41875,selected LODES job component divided by S000 primary jobs,"LODES earnings bands are monthly job-earnings categories, not annual worker income or ACS median earnings.",administrative_noise_applied,lodes8_jt01_within_series
commuting_and_job_access,other_california_inbound_primary_jobs,Primary jobs held by residents of another California county,06081,San Mateo,2023,2023-12-31,annual,259818,primary jobs,,,,,,,,,,workplace county with home-work relation,LODES JT01 primary jobs located in the county,CENSUS_LEHD_LODES,LODES8-OD-JT01-2023-main;LODES8-OD-JT01-2023-aux,2026-08-10T21:40:54Z,cc4620a9cac908eeef0fd24893b8b79d3b557388e128224644acb166ee7514f6;d153527efc113cfbb112384189879f6a752505472a525244f223f88035a41875,sum of LODES OD primary-job records,Jobs are not people or households. LODES values are noise-infused for disclosure protection and may not equal ACS estimates.,administrative_noise_applied,lodes8_jt01_within_series
commuting_and_job_access,outside_california_inbound_primary_jobs,Primary jobs held by residents outside California,06081,San Mateo,2023,2023-12-31,annual,3919,primary jobs,,,,,,,,,,workplace county with home-work relation,LODES JT01 primary jobs located in the county,CENSUS_LEHD_LODES,LODES8-OD-JT01-2023-main;LODES8-OD-JT01-2023-aux,2026-08-10T21:40:54Z,cc4620a9cac908eeef0fd24893b8b79d3b557388e128224644acb166ee7514f6;d153527efc113cfbb112384189879f6a752505472a525244f223f88035a41875,sum of LODES OD primary-job records,Jobs are not people or households. LODES values are noise-infused for disclosure protection and may not equal ACS estimates.,administrative_noise_applied,lodes8_jt01_within_series
commuting_and_job_access,primary_jobs,Primary jobs located in county,06081,San Mateo,2023,2023-12-31,annual,391289,primary jobs,,,,,,,,,,workplace county with home-work relation,LODES JT01 primary jobs located in the county,CENSUS_LEHD_LODES,LODES8-OD-JT01-2023-main;LODES8-OD-JT01-2023-aux,2026-08-10T21:40:54Z,cc4620a9cac908eeef0fd24893b8b79d3b557388e128224644acb166ee7514f6;d153527efc113cfbb112384189879f6a752505472a525244f223f88035a41875,sum of LODES OD primary-job records,Jobs are not people or households. LODES values are noise-infused for disclosure protection and may not equal ACS estimates.,administrative_noise_applied,lodes8_jt01_within_series
commuting_and_job_access,commute_30_to_59_minutes_pct,Workers commuting 30 to 59 minutes,06081,San Mateo,2024,2024-12-31,annual rolling five-year estimate,33.03675022,percent,0.83446776,96242,291318,,,,,,,person residence,workers age 16 and over who did not work from home,CENSUS_ACS5_DETAIL,ACS5-2024-B08303-table-based-summary-file,2026-08-10T21:40:54Z,8e34561f7d8524cf248d334127aa5509175073533f0df04c55ae435ea92310c2,selected travel-time categories divided by B08303 total,Travel time excludes people who worked from home. Consecutive ACS five-year vintages overlap.,project_flag_standard,comparable_within_series
commuting_and_job_access,commute_60_plus_minutes_pct,Workers commuting 60 minutes or more,06081,San Mateo,2024,2024-12-31,annual rolling five-year estimate,7.35450607,percent,0.47493656,21425,291318,,,,,,,person residence,workers age 16 and over who did not work from home,CENSUS_ACS5_DETAIL,ACS5-2024-B08303-table-based-summary-file,2026-08-10T21:40:54Z,8e34561f7d8524cf248d334127aa5509175073533f0df04c55ae435ea92310c2,selected travel-time categories divided by B08303 total,Travel time excludes people who worked from home. Consecutive ACS five-year vintages overlap.,project_flag_standard,comparable_within_series
commuting_and_job_access,commute_under_30_minutes_pct,Workers commuting under 30 minutes,06081,San Mateo,2024,2024-12-31,annual rolling five-year estimate,59.60874371,percent,1.05491898,173651,291318,,,,,,,person residence,workers age 16 and over who did not work from home,CENSUS_ACS5_DETAIL,ACS5-2024-B08303-table-based-summary-file,2026-08-10T21:40:54Z,8e34561f7d8524cf248d334127aa5509175073533f0df04c55ae435ea92310c2,selected travel-time categories divided by B08303 total,Travel time excludes people who worked from home. Consecutive ACS five-year vintages overlap.,project_flag_standard,comparable_within_series
commuting_and_job_access,public_transport_commute_pct,Workers using public transportation,06081,San Mateo,2024,2024-12-31,annual rolling five-year estimate,5.06376838,percent,0.34460529,19475,384595,,,,,,,person residence,workers age 16 and over,CENSUS_ACS5_DETAIL,ACS5-2024-B08006-table-based-summary-file,2026-08-10T21:40:54Z,722c8782e2675cbd2abb9a916f404e59b76de1799c939aaa0dd3ed74edf7e49f,B08006_008 divided by B08006_001,Means of transportation describe the usual commute in the ACS reference period.,project_flag_standard,comparable_within_series
commuting_and_job_access,worked_from_home_pct,Workers working from home,06081,San Mateo,2024,2024-12-31,annual rolling five-year estimate,24.25330543,percent,0.57127071,93277,384595,,,,,,,person residence,workers age 16 and over,CENSUS_ACS5_DETAIL,ACS5-2024-B08006-table-based-summary-file,2026-08-10T21:40:54Z,722c8782e2675cbd2abb9a916f404e59b76de1799c939aaa0dd3ed74edf7e49f,B08006_017 divided by B08006_001,Means of transportation describe the usual commute in the ACS reference period.,project_flag_standard,comparable_within_series
commuting_and_job_access,age_29_or_younger_job_share_pct,Primary jobs held by people age 29 or younger,06085,Santa Clara,2023,2023-12-31,annual,17.68722213,percent,,185427,1048367,,,,,,,workplace county with home-work relation,LODES JT01 primary jobs located in the county,CENSUS_LEHD_LODES,LODES8-OD-JT01-2023-main;LODES8-OD-JT01-2023-aux,2026-08-10T21:40:54Z,cc4620a9cac908eeef0fd24893b8b79d3b557388e128224644acb166ee7514f6;d153527efc113cfbb112384189879f6a752505472a525244f223f88035a41875,selected LODES job component divided by S000 primary jobs,"LODES earnings bands are monthly job-earnings categories, not annual worker income or ACS median earnings.",administrative_noise_applied,lodes8_jt01_within_series
commuting_and_job_access,age_30_to_54_job_share_pct,Primary jobs held by people age 30 to 54,06085,Santa Clara,2023,2023-12-31,annual,58.91295701,percent,,617624,1048367,,,,,,,workplace county with home-work relation,LODES JT01 primary jobs located in the county,CENSUS_LEHD_LODES,LODES8-OD-JT01-2023-main;LODES8-OD-JT01-2023-aux,2026-08-10T21:40:54Z,cc4620a9cac908eeef0fd24893b8b79d3b557388e128224644acb166ee7514f6;d153527efc113cfbb112384189879f6a752505472a525244f223f88035a41875,selected LODES job component divided by S000 primary jobs,"LODES earnings bands are monthly job-earnings categories, not annual worker income or ACS median earnings.",administrative_noise_applied,lodes8_jt01_within_series
commuting_and_job_access,age_55_plus_job_share_pct,Primary jobs held by people age 55 or older,06085,Santa Clara,2023,2023-12-31,annual,23.39982086,percent,,245316,1048367,,,,,,,workplace county with home-work relation,LODES JT01 primary jobs located in the county,CENSUS_LEHD_LODES,LODES8-OD-JT01-2023-main;LODES8-OD-JT01-2023-aux,2026-08-10T21:40:54Z,cc4620a9cac908eeef0fd24893b8b79d3b557388e128224644acb166ee7514f6;d153527efc113cfbb112384189879f6a752505472a525244f223f88035a41875,selected LODES job component divided by S000 primary jobs,"LODES earnings bands are monthly job-earnings categories, not annual worker income or ACS median earnings.",administrative_noise_applied,lodes8_jt01_within_series
commuting_and_job_access,high_monthly_earnings_job_share_pct,"Primary jobs paying more than $3,333 per month",06085,Santa Clara,2023,2023-12-31,annual,79.83206263,percent,,836933,1048367,,,,,,,workplace county with home-work relation,LODES JT01 primary jobs located in the county,CENSUS_LEHD_LODES,LODES8-OD-JT01-2023-main;LODES8-OD-JT01-2023-aux,2026-08-10T21:40:54Z,cc4620a9cac908eeef0fd24893b8b79d3b557388e128224644acb166ee7514f6;d153527efc113cfbb112384189879f6a752505472a525244f223f88035a41875,selected LODES job component divided by S000 primary jobs,"LODES earnings bands are monthly job-earnings categories, not annual worker income or ACS median earnings.",administrative_noise_applied,lodes8_jt01_within_series
commuting_and_job_access,inbound_job_share_pct,Inbound share of primary jobs,06085,Santa Clara,2023,2023-12-31,annual,43.76625743,percent,,458831,1048367,,,,,,,workplace county with home-work relation,LODES JT01 primary jobs located in the county,CENSUS_LEHD_LODES,LODES8-OD-JT01-2023-main;LODES8-OD-JT01-2023-aux,2026-08-10T21:40:54Z,cc4620a9cac908eeef0fd24893b8b79d3b557388e128224644acb166ee7514f6;d153527efc113cfbb112384189879f6a752505472a525244f223f88035a41875,selected LODES job component divided by S000 primary jobs,"LODES earnings bands are monthly job-earnings categories, not annual worker income or ACS median earnings.",administrative_noise_applied,lodes8_jt01_within_series
commuting_and_job_access,local_resident_job_share_pct,Same-county resident share of primary jobs,06085,Santa Clara,2023,2023-12-31,annual,56.23374257,percent,,589536,1048367,,,,,,,workplace county with home-work relation,LODES JT01 primary jobs located in the county,CENSUS_LEHD_LODES,LODES8-OD-JT01-2023-main;LODES8-OD-JT01-2023-aux,2026-08-10T21:40:54Z,cc4620a9cac908eeef0fd24893b8b79d3b557388e128224644acb166ee7514f6;d153527efc113cfbb112384189879f6a752505472a525244f223f88035a41875,selected LODES job component divided by S000 primary jobs,"LODES earnings bands are monthly job-earnings categories, not annual worker income or ACS median earnings.",administrative_noise_applied,lodes8_jt01_within_series
commuting_and_job_access,local_resident_primary_jobs,Primary jobs held by same-county residents,06085,Santa Clara,2023,2023-12-31,annual,589536,primary jobs,,,,,,,,,,workplace county with home-work relation,LODES JT01 primary jobs located in the county,CENSUS_LEHD_LODES,LODES8-OD-JT01-2023-main;LODES8-OD-JT01-2023-aux,2026-08-10T21:40:54Z,cc4620a9cac908eeef0fd24893b8b79d3b557388e128224644acb166ee7514f6;d153527efc113cfbb112384189879f6a752505472a525244f223f88035a41875,sum of LODES OD primary-job records,Jobs are not people or households. LODES values are noise-infused for disclosure protection and may not equal ACS estimates.,administrative_noise_applied,lodes8_jt01_within_series
commuting_and_job_access,low_monthly_earnings_job_share_pct,"Primary jobs paying $1,250 per month or less",06085,Santa Clara,2023,2023-12-31,annual,6.82642624,percent,,71566,1048367,,,,,,,workplace county with home-work relation,LODES JT01 primary jobs located in the county,CENSUS_LEHD_LODES,LODES8-OD-JT01-2023-main;LODES8-OD-JT01-2023-aux,2026-08-10T21:40:54Z,cc4620a9cac908eeef0fd24893b8b79d3b557388e128224644acb166ee7514f6;d153527efc113cfbb112384189879f6a752505472a525244f223f88035a41875,selected LODES job component divided by S000 primary jobs,"LODES earnings bands are monthly job-earnings categories, not annual worker income or ACS median earnings.",administrative_noise_applied,lodes8_jt01_within_series
commuting_and_job_access,middle_monthly_earnings_job_share_pct,"Primary jobs paying $1,251 to $3,333 per month",06085,Santa Clara,2023,2023-12-31,annual,13.34151113,percent,,139868,1048367,,,,,,,workplace county with home-work relation,LODES JT01 primary jobs located in the county,CENSUS_LEHD_LODES,LODES8-OD-JT01-2023-main;LODES8-OD-JT01-2023-aux,2026-08-10T21:40:54Z,cc4620a9cac908eeef0fd24893b8b79d3b557388e128224644acb166ee7514f6;d153527efc113cfbb112384189879f6a752505472a525244f223f88035a41875,selected LODES job component divided by S000 primary jobs,"LODES earnings bands are monthly job-earnings categories, not annual worker income or ACS median earnings.",administrative_noise_applied,lodes8_jt01_within_series
commuting_and_job_access,other_california_inbound_primary_jobs,Primary jobs held by residents of another California county,06085,Santa Clara,2023,2023-12-31,annual,451165,primary jobs,,,,,,,,,,workplace county with home-work relation,LODES JT01 primary jobs located in the county,CENSUS_LEHD_LODES,LODES8-OD-JT01-2023-main;LODES8-OD-JT01-2023-aux,2026-08-10T21:40:54Z,cc4620a9cac908eeef0fd24893b8b79d3b557388e128224644acb166ee7514f6;d153527efc113cfbb112384189879f6a752505472a525244f223f88035a41875,sum of LODES OD primary-job records,Jobs are not people or households. LODES values are noise-infused for disclosure protection and may not equal ACS estimates.,administrative_noise_applied,lodes8_jt01_within_series
commuting_and_job_access,outside_california_inbound_primary_jobs,Primary jobs held by residents outside California,06085,Santa Clara,2023,2023-12-31,annual,7666,primary jobs,,,,,,,,,,workplace county with home-work relation,LODES JT01 primary jobs located in the county,CENSUS_LEHD_LODES,LODES8-OD-JT01-2023-main;LODES8-OD-JT01-2023-aux,2026-08-10T21:40:54Z,cc4620a9cac908eeef0fd24893b8b79d3b557388e128224644acb166ee7514f6;d153527efc113cfbb112384189879f6a752505472a525244f223f88035a41875,sum of LODES OD primary-job records,Jobs are not people or households. LODES values are noise-infused for disclosure protection and may not equal ACS estimates.,administrative_noise_applied,lodes8_jt01_within_series
commuting_and_job_access,primary_jobs,Primary jobs located in county,06085,Santa Clara,2023,2023-12-31,annual,1048367,primary jobs,,,,,,,,,,workplace county with home-work relation,LODES JT01 primary jobs located in the county,CENSUS_LEHD_LODES,LODES8-OD-JT01-2023-main;LODES8-OD-JT01-2023-aux,2026-08-10T21:40:54Z,cc4620a9cac908eeef0fd24893b8b79d3b557388e128224644acb166ee7514f6;d153527efc113cfbb112384189879f6a752505472a525244f223f88035a41875,sum of LODES OD primary-job records,Jobs are not people or households. LODES values are noise-infused for disclosure protection and may not equal ACS estimates.,administrative_noise_applied,lodes8_jt01_within_series
commuting_and_job_access,commute_30_to_59_minutes_pct,Workers commuting 30 to 59 minutes,06085,Santa Clara,2024,2024-12-31,annual rolling five-year estimate,30.42965822,percent,0.45617966,224877,739006,,,,,,,person residence,workers age 16 and over who did not work from home,CENSUS_ACS5_DETAIL,ACS5-2024-B08303-table-based-summary-file,2026-08-10T21:40:54Z,8e34561f7d8524cf248d334127aa5509175073533f0df04c55ae435ea92310c2,selected travel-time categories divided by B08303 total,Travel time excludes people who worked from home. Consecutive ACS five-year vintages overlap.,project_flag_standard,comparable_within_series
commuting_and_job_access,commute_60_plus_minutes_pct,Workers commuting 60 minutes or more,06085,Santa Clara,2024,2024-12-31,annual rolling five-year estimate,7.00752091,percent,0.21690384,51786,739006,,,,,,,person residence,workers age 16 and over who did not work from home,CENSUS_ACS5_DETAIL,ACS5-2024-B08303-table-based-summary-file,2026-08-10T21:40:54Z,8e34561f7d8524cf248d334127aa5509175073533f0df04c55ae435ea92310c2,selected travel-time categories divided by B08303 total,Travel time excludes people who worked from home. Consecutive ACS five-year vintages overlap.,project_flag_standard,comparable_within_series
commuting_and_job_access,commute_under_30_minutes_pct,Workers commuting under 30 minutes,06085,Santa Clara,2024,2024-12-31,annual rolling five-year estimate,62.56282087,percent,0.66133289,462343,739006,,,,,,,person residence,workers age 16 and over who did not work from home,CENSUS_ACS5_DETAIL,ACS5-2024-B08303-table-based-summary-file,2026-08-10T21:40:54Z,8e34561f7d8524cf248d334127aa5509175073533f0df04c55ae435ea92310c2,selected travel-time categories divided by B08303 total,Travel time excludes people who worked from home. Consecutive ACS five-year vintages overlap.,project_flag_standard,comparable_within_series
commuting_and_job_access,public_transport_commute_pct,Workers using public transportation,06085,Santa Clara,2024,2024-12-31,annual rolling five-year estimate,2.33346038,percent,0.13372298,22653,970790,,,,,,,person residence,workers age 16 and over,CENSUS_ACS5_DETAIL,ACS5-2024-B08006-table-based-summary-file,2026-08-10T21:40:54Z,722c8782e2675cbd2abb9a916f404e59b76de1799c939aaa0dd3ed74edf7e49f,B08006_008 divided by B08006_001,Means of transportation describe the usual commute in the ACS reference period.,project_flag_standard,comparable_within_series
commuting_and_job_access,worked_from_home_pct,Workers working from home,06085,Santa Clara,2024,2024-12-31,annual rolling five-year estimate,23.87581248,percent,0.43927513,231784,970790,,,,,,,person residence,workers age 16 and over,CENSUS_ACS5_DETAIL,ACS5-2024-B08006-table-based-summary-file,2026-08-10T21:40:54Z,722c8782e2675cbd2abb9a916f404e59b76de1799c939aaa0dd3ed74edf7e49f,B08006_017 divided by B08006_001,Means of transportation describe the usual commute in the ACS reference period.,project_flag_standard,comparable_within_series
commuting_and_job_access,age_29_or_younger_job_share_pct,Primary jobs held by people age 29 or younger,06095,Solano,2023,2023-12-31,annual,20.06896442,percent,,25201,125572,,,,,,,workplace county with home-work relation,LODES JT01 primary jobs located in the county,CENSUS_LEHD_LODES,LODES8-OD-JT01-2023-main;LODES8-OD-JT01-2023-aux,2026-08-10T21:40:54Z,cc4620a9cac908eeef0fd24893b8b79d3b557388e128224644acb166ee7514f6;d153527efc113cfbb112384189879f6a752505472a525244f223f88035a41875,selected LODES job component divided by S000 primary jobs,"LODES earnings bands are monthly job-earnings categories, not annual worker income or ACS median earnings.",administrative_noise_applied,lodes8_jt01_within_series
commuting_and_job_access,age_30_to_54_job_share_pct,Primary jobs held by people age 30 to 54,06095,Solano,2023,2023-12-31,annual,54.17370114,percent,,68027,125572,,,,,,,workplace county with home-work relation,LODES JT01 primary jobs located in the county,CENSUS_LEHD_LODES,LODES8-OD-JT01-2023-main;LODES8-OD-JT01-2023-aux,2026-08-10T21:40:54Z,cc4620a9cac908eeef0fd24893b8b79d3b557388e128224644acb166ee7514f6;d153527efc113cfbb112384189879f6a752505472a525244f223f88035a41875,selected LODES job component divided by S000 primary jobs,"LODES earnings bands are monthly job-earnings categories, not annual worker income or ACS median earnings.",administrative_noise_applied,lodes8_jt01_within_series
commuting_and_job_access,age_55_plus_job_share_pct,Primary jobs held by people age 55 or older,06095,Solano,2023,2023-12-31,annual,25.75733444,percent,,32344,125572,,,,,,,workplace county with home-work relation,LODES JT01 primary jobs located in the county,CENSUS_LEHD_LODES,LODES8-OD-JT01-2023-main;LODES8-OD-JT01-2023-aux,2026-08-10T21:40:54Z,cc4620a9cac908eeef0fd24893b8b79d3b557388e128224644acb166ee7514f6;d153527efc113cfbb112384189879f6a752505472a525244f223f88035a41875,selected LODES job component divided by S000 primary jobs,"LODES earnings bands are monthly job-earnings categories, not annual worker income or ACS median earnings.",administrative_noise_applied,lodes8_jt01_within_series
commuting_and_job_access,high_monthly_earnings_job_share_pct,"Primary jobs paying more than $3,333 per month",06095,Solano,2023,2023-12-31,annual,65.11244545,percent,,81763,125572,,,,,,,workplace county with home-work relation,LODES JT01 primary jobs located in the county,CENSUS_LEHD_LODES,LODES8-OD-JT01-2023-main;LODES8-OD-JT01-2023-aux,2026-08-10T21:40:54Z,cc4620a9cac908eeef0fd24893b8b79d3b557388e128224644acb166ee7514f6;d153527efc113cfbb112384189879f6a752505472a525244f223f88035a41875,selected LODES job component divided by S000 primary jobs,"LODES earnings bands are monthly job-earnings categories, not annual worker income or ACS median earnings.",administrative_noise_applied,lodes8_jt01_within_series
commuting_and_job_access,inbound_job_share_pct,Inbound share of primary jobs,06095,Solano,2023,2023-12-31,annual,51.45733125,percent,,64616,125572,,,,,,,workplace county with home-work relation,LODES JT01 primary jobs located in the county,CENSUS_LEHD_LODES,LODES8-OD-JT01-2023-main;LODES8-OD-JT01-2023-aux,2026-08-10T21:40:54Z,cc4620a9cac908eeef0fd24893b8b79d3b557388e128224644acb166ee7514f6;d153527efc113cfbb112384189879f6a752505472a525244f223f88035a41875,selected LODES job component divided by S000 primary jobs,"LODES earnings bands are monthly job-earnings categories, not annual worker income or ACS median earnings.",administrative_noise_applied,lodes8_jt01_within_series
commuting_and_job_access,local_resident_job_share_pct,Same-county resident share of primary jobs,06095,Solano,2023,2023-12-31,annual,48.54266875,percent,,60956,125572,,,,,,,workplace county with home-work relation,LODES JT01 primary jobs located in the county,CENSUS_LEHD_LODES,LODES8-OD-JT01-2023-main;LODES8-OD-JT01-2023-aux,2026-08-10T21:40:54Z,cc4620a9cac908eeef0fd24893b8b79d3b557388e128224644acb166ee7514f6;d153527efc113cfbb112384189879f6a752505472a525244f223f88035a41875,selected LODES job component divided by S000 primary jobs,"LODES earnings bands are monthly job-earnings categories, not annual worker income or ACS median earnings.",administrative_noise_applied,lodes8_jt01_within_series
commuting_and_job_access,local_resident_primary_jobs,Primary jobs held by same-county residents,06095,Solano,2023,2023-12-31,annual,60956,primary jobs,,,,,,,,,,workplace county with home-work relation,LODES JT01 primary jobs located in the county,CENSUS_LEHD_LODES,LODES8-OD-JT01-2023-main;LODES8-OD-JT01-2023-aux,2026-08-10T21:40:54Z,cc4620a9cac908eeef0fd24893b8b79d3b557388e128224644acb166ee7514f6;d153527efc113cfbb112384189879f6a752505472a525244f223f88035a41875,sum of LODES OD primary-job records,Jobs are not people or households. LODES values are noise-infused for disclosure protection and may not equal ACS estimates.,administrative_noise_applied,lodes8_jt01_within_series
commuting_and_job_access,low_monthly_earnings_job_share_pct,"Primary jobs paying $1,250 per month or less",06095,Solano,2023,2023-12-31,annual,11.54477113,percent,,14497,125572,,,,,,,workplace county with home-work relation,LODES JT01 primary jobs located in the county,CENSUS_LEHD_LODES,LODES8-OD-JT01-2023-main;LODES8-OD-JT01-2023-aux,2026-08-10T21:40:54Z,cc4620a9cac908eeef0fd24893b8b79d3b557388e128224644acb166ee7514f6;d153527efc113cfbb112384189879f6a752505472a525244f223f88035a41875,selected LODES job component divided by S000 primary jobs,"LODES earnings bands are monthly job-earnings categories, not annual worker income or ACS median earnings.",administrative_noise_applied,lodes8_jt01_within_series
commuting_and_job_access,middle_monthly_earnings_job_share_pct,"Primary jobs paying $1,251 to $3,333 per month",06095,Solano,2023,2023-12-31,annual,23.34278342,percent,,29312,125572,,,,,,,workplace county with home-work relation,LODES JT01 primary jobs located in the county,CENSUS_LEHD_LODES,LODES8-OD-JT01-2023-main;LODES8-OD-JT01-2023-aux,2026-08-10T21:40:54Z,cc4620a9cac908eeef0fd24893b8b79d3b557388e128224644acb166ee7514f6;d153527efc113cfbb112384189879f6a752505472a525244f223f88035a41875,selected LODES job component divided by S000 primary jobs,"LODES earnings bands are monthly job-earnings categories, not annual worker income or ACS median earnings.",administrative_noise_applied,lodes8_jt01_within_series
commuting_and_job_access,other_california_inbound_primary_jobs,Primary jobs held by residents of another California county,06095,Solano,2023,2023-12-31,annual,63811,primary jobs,,,,,,,,,,workplace county with home-work relation,LODES JT01 primary jobs located in the county,CENSUS_LEHD_LODES,LODES8-OD-JT01-2023-main;LODES8-OD-JT01-2023-aux,2026-08-10T21:40:54Z,cc4620a9cac908eeef0fd24893b8b79d3b557388e128224644acb166ee7514f6;d153527efc113cfbb112384189879f6a752505472a525244f223f88035a41875,sum of LODES OD primary-job records,Jobs are not people or households. LODES values are noise-infused for disclosure protection and may not equal ACS estimates.,administrative_noise_applied,lodes8_jt01_within_series
commuting_and_job_access,outside_california_inbound_primary_jobs,Primary jobs held by residents outside California,06095,Solano,2023,2023-12-31,annual,805,primary jobs,,,,,,,,,,workplace county with home-work relation,LODES JT01 primary jobs located in the county,CENSUS_LEHD_LODES,LODES8-OD-JT01-2023-main;LODES8-OD-JT01-2023-aux,2026-08-10T21:40:54Z,cc4620a9cac908eeef0fd24893b8b79d3b557388e128224644acb166ee7514f6;d153527efc113cfbb112384189879f6a752505472a525244f223f88035a41875,sum of LODES OD primary-job records,Jobs are not people or households. LODES values are noise-infused for disclosure protection and may not equal ACS estimates.,administrative_noise_applied,lodes8_jt01_within_series
commuting_and_job_access,primary_jobs,Primary jobs located in county,06095,Solano,2023,2023-12-31,annual,125572,primary jobs,,,,,,,,,,workplace county with home-work relation,LODES JT01 primary jobs located in the county,CENSUS_LEHD_LODES,LODES8-OD-JT01-2023-main;LODES8-OD-JT01-2023-aux,2026-08-10T21:40:54Z,cc4620a9cac908eeef0fd24893b8b79d3b557388e128224644acb166ee7514f6;d153527efc113cfbb112384189879f6a752505472a525244f223f88035a41875,sum of LODES OD primary-job records,Jobs are not people or households. LODES values are noise-infused for disclosure protection and may not equal ACS estimates.,administrative_noise_applied,lodes8_jt01_within_series
commuting_and_job_access,commute_30_to_59_minutes_pct,Workers commuting 30 to 59 minutes,06095,Solano,2024,2024-12-31,annual rolling five-year estimate,27.85322757,percent,1.08296571,50001,179516,,,,,,,person residence,workers age 16 and over who did not work from home,CENSUS_ACS5_DETAIL,ACS5-2024-B08303-table-based-summary-file,2026-08-10T21:40:54Z,8e34561f7d8524cf248d334127aa5509175073533f0df04c55ae435ea92310c2,selected travel-time categories divided by B08303 total,Travel time excludes people who worked from home. Consecutive ACS five-year vintages overlap.,project_flag_standard,comparable_within_series
commuting_and_job_access,commute_60_plus_minutes_pct,Workers commuting 60 minutes or more,06095,Solano,2024,2024-12-31,annual rolling five-year estimate,16.11889748,percent,0.72591182,28936,179516,,,,,,,person residence,workers age 16 and over who did not work from home,CENSUS_ACS5_DETAIL,ACS5-2024-B08303-table-based-summary-file,2026-08-10T21:40:54Z,8e34561f7d8524cf248d334127aa5509175073533f0df04c55ae435ea92310c2,selected travel-time categories divided by B08303 total,Travel time excludes people who worked from home. Consecutive ACS five-year vintages overlap.,project_flag_standard,comparable_within_series
commuting_and_job_access,commute_under_30_minutes_pct,Workers commuting under 30 minutes,06095,Solano,2024,2024-12-31,annual rolling five-year estimate,56.02787495,percent,1.32314157,100579,179516,,,,,,,person residence,workers age 16 and over who did not work from home,CENSUS_ACS5_DETAIL,ACS5-2024-B08303-table-based-summary-file,2026-08-10T21:40:54Z,8e34561f7d8524cf248d334127aa5509175073533f0df04c55ae435ea92310c2,selected travel-time categories divided by B08303 total,Travel time excludes people who worked from home. Consecutive ACS five-year vintages overlap.,project_flag_standard,comparable_within_series
commuting_and_job_access,public_transport_commute_pct,Workers using public transportation,06095,Solano,2024,2024-12-31,annual rolling five-year estimate,1.4566856,percent,0.24977647,2980,204574,,,,,,,person residence,workers age 16 and over,CENSUS_ACS5_DETAIL,ACS5-2024-B08006-table-based-summary-file,2026-08-10T21:40:54Z,722c8782e2675cbd2abb9a916f404e59b76de1799c939aaa0dd3ed74edf7e49f,B08006_008 divided by B08006_001,Means of transportation describe the usual commute in the ACS reference period.,project_flag_standard,comparable_within_series
commuting_and_job_access,worked_from_home_pct,Workers working from home,06095,Solano,2024,2024-12-31,annual rolling five-year estimate,12.24886838,percent,0.79849913,25058,204574,,,,,,,person residence,workers age 16 and over,CENSUS_ACS5_DETAIL,ACS5-2024-B08006-table-based-summary-file,2026-08-10T21:40:54Z,722c8782e2675cbd2abb9a916f404e59b76de1799c939aaa0dd3ed74edf7e49f,B08006_017 divided by B08006_001,Means of transportation describe the usual commute in the ACS reference period.,project_flag_standard,comparable_within_series
commuting_and_job_access,age_29_or_younger_job_share_pct,Primary jobs held by people age 29 or younger,06097,Sonoma,2023,2023-12-31,annual,19.43006333,percent,,34978,180020,,,,,,,workplace county with home-work relation,LODES JT01 primary jobs located in the county,CENSUS_LEHD_LODES,LODES8-OD-JT01-2023-main;LODES8-OD-JT01-2023-aux,2026-08-10T21:40:54Z,cc4620a9cac908eeef0fd24893b8b79d3b557388e128224644acb166ee7514f6;d153527efc113cfbb112384189879f6a752505472a525244f223f88035a41875,selected LODES job component divided by S000 primary jobs,"LODES earnings bands are monthly job-earnings categories, not annual worker income or ACS median earnings.",administrative_noise_applied,lodes8_jt01_within_series
commuting_and_job_access,age_30_to_54_job_share_pct,Primary jobs held by people age 30 to 54,06097,Sonoma,2023,2023-12-31,annual,52.12531941,percent,,93836,180020,,,,,,,workplace county with home-work relation,LODES JT01 primary jobs located in the county,CENSUS_LEHD_LODES,LODES8-OD-JT01-2023-main;LODES8-OD-JT01-2023-aux,2026-08-10T21:40:54Z,cc4620a9cac908eeef0fd24893b8b79d3b557388e128224644acb166ee7514f6;d153527efc113cfbb112384189879f6a752505472a525244f223f88035a41875,selected LODES job component divided by S000 primary jobs,"LODES earnings bands are monthly job-earnings categories, not annual worker income or ACS median earnings.",administrative_noise_applied,lodes8_jt01_within_series
commuting_and_job_access,age_55_plus_job_share_pct,Primary jobs held by people age 55 or older,06097,Sonoma,2023,2023-12-31,annual,28.44461726,percent,,51206,180020,,,,,,,workplace county with home-work relation,LODES JT01 primary jobs located in the county,CENSUS_LEHD_LODES,LODES8-OD-JT01-2023-main;LODES8-OD-JT01-2023-aux,2026-08-10T21:40:54Z,cc4620a9cac908eeef0fd24893b8b79d3b557388e128224644acb166ee7514f6;d153527efc113cfbb112384189879f6a752505472a525244f223f88035a41875,selected LODES job component divided by S000 primary jobs,"LODES earnings bands are monthly job-earnings categories, not annual worker income or ACS median earnings.",administrative_noise_applied,lodes8_jt01_within_series
commuting_and_job_access,high_monthly_earnings_job_share_pct,"Primary jobs paying more than $3,333 per month",06097,Sonoma,2023,2023-12-31,annual,66.4598378,percent,,119641,180020,,,,,,,workplace county with home-work relation,LODES JT01 primary jobs located in the county,CENSUS_LEHD_LODES,LODES8-OD-JT01-2023-main;LODES8-OD-JT01-2023-aux,2026-08-10T21:40:54Z,cc4620a9cac908eeef0fd24893b8b79d3b557388e128224644acb166ee7514f6;d153527efc113cfbb112384189879f6a752505472a525244f223f88035a41875,selected LODES job component divided by S000 primary jobs,"LODES earnings bands are monthly job-earnings categories, not annual worker income or ACS median earnings.",administrative_noise_applied,lodes8_jt01_within_series
commuting_and_job_access,inbound_job_share_pct,Inbound share of primary jobs,06097,Sonoma,2023,2023-12-31,annual,32.85134985,percent,,59139,180020,,,,,,,workplace county with home-work relation,LODES JT01 primary jobs located in the county,CENSUS_LEHD_LODES,LODES8-OD-JT01-2023-main;LODES8-OD-JT01-2023-aux,2026-08-10T21:40:54Z,cc4620a9cac908eeef0fd24893b8b79d3b557388e128224644acb166ee7514f6;d153527efc113cfbb112384189879f6a752505472a525244f223f88035a41875,selected LODES job component divided by S000 primary jobs,"LODES earnings bands are monthly job-earnings categories, not annual worker income or ACS median earnings.",administrative_noise_applied,lodes8_jt01_within_series
commuting_and_job_access,local_resident_job_share_pct,Same-county resident share of primary jobs,06097,Sonoma,2023,2023-12-31,annual,67.14865015,percent,,120881,180020,,,,,,,workplace county with home-work relation,LODES JT01 primary jobs located in the county,CENSUS_LEHD_LODES,LODES8-OD-JT01-2023-main;LODES8-OD-JT01-2023-aux,2026-08-10T21:40:54Z,cc4620a9cac908eeef0fd24893b8b79d3b557388e128224644acb166ee7514f6;d153527efc113cfbb112384189879f6a752505472a525244f223f88035a41875,selected LODES job component divided by S000 primary jobs,"LODES earnings bands are monthly job-earnings categories, not annual worker income or ACS median earnings.",administrative_noise_applied,lodes8_jt01_within_series
commuting_and_job_access,local_resident_primary_jobs,Primary jobs held by same-county residents,06097,Sonoma,2023,2023-12-31,annual,120881,primary jobs,,,,,,,,,,workplace county with home-work relation,LODES JT01 primary jobs located in the county,CENSUS_LEHD_LODES,LODES8-OD-JT01-2023-main;LODES8-OD-JT01-2023-aux,2026-08-10T21:40:54Z,cc4620a9cac908eeef0fd24893b8b79d3b557388e128224644acb166ee7514f6;d153527efc113cfbb112384189879f6a752505472a525244f223f88035a41875,sum of LODES OD primary-job records,Jobs are not people or households. LODES values are noise-infused for disclosure protection and may not equal ACS estimates.,administrative_noise_applied,lodes8_jt01_within_series
commuting_and_job_access,low_monthly_earnings_job_share_pct,"Primary jobs paying $1,250 per month or less",06097,Sonoma,2023,2023-12-31,annual,10.5493834,percent,,18991,180020,,,,,,,workplace county with home-work relation,LODES JT01 primary jobs located in the county,CENSUS_LEHD_LODES,LODES8-OD-JT01-2023-main;LODES8-OD-JT01-2023-aux,2026-08-10T21:40:54Z,cc4620a9cac908eeef0fd24893b8b79d3b557388e128224644acb166ee7514f6;d153527efc113cfbb112384189879f6a752505472a525244f223f88035a41875,selected LODES job component divided by S000 primary jobs,"LODES earnings bands are monthly job-earnings categories, not annual worker income or ACS median earnings.",administrative_noise_applied,lodes8_jt01_within_series
commuting_and_job_access,middle_monthly_earnings_job_share_pct,"Primary jobs paying $1,251 to $3,333 per month",06097,Sonoma,2023,2023-12-31,annual,22.9907788,percent,,41388,180020,,,,,,,workplace county with home-work relation,LODES JT01 primary jobs located in the county,CENSUS_LEHD_LODES,LODES8-OD-JT01-2023-main;LODES8-OD-JT01-2023-aux,2026-08-10T21:40:54Z,cc4620a9cac908eeef0fd24893b8b79d3b557388e128224644acb166ee7514f6;d153527efc113cfbb112384189879f6a752505472a525244f223f88035a41875,selected LODES job component divided by S000 primary jobs,"LODES earnings bands are monthly job-earnings categories, not annual worker income or ACS median earnings.",administrative_noise_applied,lodes8_jt01_within_series
commuting_and_job_access,other_california_inbound_primary_jobs,Primary jobs held by residents of another California county,06097,Sonoma,2023,2023-12-31,annual,57373,primary jobs,,,,,,,,,,workplace county with home-work relation,LODES JT01 primary jobs located in the county,CENSUS_LEHD_LODES,LODES8-OD-JT01-2023-main;LODES8-OD-JT01-2023-aux,2026-08-10T21:40:54Z,cc4620a9cac908eeef0fd24893b8b79d3b557388e128224644acb166ee7514f6;d153527efc113cfbb112384189879f6a752505472a525244f223f88035a41875,sum of LODES OD primary-job records,Jobs are not people or households. LODES values are noise-infused for disclosure protection and may not equal ACS estimates.,administrative_noise_applied,lodes8_jt01_within_series
commuting_and_job_access,outside_california_inbound_primary_jobs,Primary jobs held by residents outside California,06097,Sonoma,2023,2023-12-31,annual,1766,primary jobs,,,,,,,,,,workplace county with home-work relation,LODES JT01 primary jobs located in the county,CENSUS_LEHD_LODES,LODES8-OD-JT01-2023-main;LODES8-OD-JT01-2023-aux,2026-08-10T21:40:54Z,cc4620a9cac908eeef0fd24893b8b79d3b557388e128224644acb166ee7514f6;d153527efc113cfbb112384189879f6a752505472a525244f223f88035a41875,sum of LODES OD primary-job records,Jobs are not people or households. LODES values are noise-infused for disclosure protection and may not equal ACS estimates.,administrative_noise_applied,lodes8_jt01_within_series
commuting_and_job_access,primary_jobs,Primary jobs located in county,06097,Sonoma,2023,2023-12-31,annual,180020,primary jobs,,,,,,,,,,workplace county with home-work relation,LODES JT01 primary jobs located in the county,CENSUS_LEHD_LODES,LODES8-OD-JT01-2023-main;LODES8-OD-JT01-2023-aux,2026-08-10T21:40:54Z,cc4620a9cac908eeef0fd24893b8b79d3b557388e128224644acb166ee7514f6;d153527efc113cfbb112384189879f6a752505472a525244f223f88035a41875,sum of LODES OD primary-job records,Jobs are not people or households. LODES values are noise-infused for disclosure protection and may not equal ACS estimates.,administrative_noise_applied,lodes8_jt01_within_series
commuting_and_job_access,commute_30_to_59_minutes_pct,Workers commuting 30 to 59 minutes,06097,Sonoma,2024,2024-12-31,annual rolling five-year estimate,23.28885278,percent,0.86462559,46441,199413,,,,,,,person residence,workers age 16 and over who did not work from home,CENSUS_ACS5_DETAIL,ACS5-2024-B08303-table-based-summary-file,2026-08-10T21:40:54Z,8e34561f7d8524cf248d334127aa5509175073533f0df04c55ae435ea92310c2,selected travel-time categories divided by B08303 total,Travel time excludes people who worked from home. Consecutive ACS five-year vintages overlap.,project_flag_standard,comparable_within_series
commuting_and_job_access,commute_60_plus_minutes_pct,Workers commuting 60 minutes or more,06097,Sonoma,2024,2024-12-31,annual rolling five-year estimate,8.89811597,percent,0.57829433,17744,199413,,,,,,,person residence,workers age 16 and over who did not work from home,CENSUS_ACS5_DETAIL,ACS5-2024-B08303-table-based-summary-file,2026-08-10T21:40:54Z,8e34561f7d8524cf248d334127aa5509175073533f0df04c55ae435ea92310c2,selected travel-time categories divided by B08303 total,Travel time excludes people who worked from home. Consecutive ACS five-year vintages overlap.,project_flag_standard,comparable_within_series
commuting_and_job_access,commute_under_30_minutes_pct,Workers commuting under 30 minutes,06097,Sonoma,2024,2024-12-31,annual rolling five-year estimate,67.81303125,percent,1.37453655,135228,199413,,,,,,,person residence,workers age 16 and over who did not work from home,CENSUS_ACS5_DETAIL,ACS5-2024-B08303-table-based-summary-file,2026-08-10T21:40:54Z,8e34561f7d8524cf248d334127aa5509175073533f0df04c55ae435ea92310c2,selected travel-time categories divided by B08303 total,Travel time excludes people who worked from home. Consecutive ACS five-year vintages overlap.,project_flag_standard,comparable_within_series
commuting_and_job_access,public_transport_commute_pct,Workers using public transportation,06097,Sonoma,2024,2024-12-31,annual rolling five-year estimate,1.10556408,percent,0.15685309,2622,237164,,,,,,,person residence,workers age 16 and over,CENSUS_ACS5_DETAIL,ACS5-2024-B08006-table-based-summary-file,2026-08-10T21:40:54Z,722c8782e2675cbd2abb9a916f404e59b76de1799c939aaa0dd3ed74edf7e49f,B08006_008 divided by B08006_001,Means of transportation describe the usual commute in the ACS reference period.,project_flag_standard,comparable_within_series
commuting_and_job_access,worked_from_home_pct,Workers working from home,06097,Sonoma,2024,2024-12-31,annual rolling five-year estimate,15.91767722,percent,0.58629629,37751,237164,,,,,,,person residence,workers age 16 and over,CENSUS_ACS5_DETAIL,ACS5-2024-B08006-table-based-summary-file,2026-08-10T21:40:54Z,722c8782e2675cbd2abb9a916f404e59b76de1799c939aaa0dd3ed74edf7e49f,B08006_017 divided by B08006_001,Means of transportation describe the usual commute in the ACS reference period.,project_flag_standard,comparable_within_series
transportation_and_housing,zero_vehicle_households_pct,Occupied units with no vehicle available,06001,Alameda,2024,2024-12-31,annual rolling five-year estimate,3.40635743,percent,0.27445722,11088,325509,,,,,owner,,household residence,owner-occupied housing units,CENSUS_ACS5_DETAIL,ACS5-2024-B25044-table-based-summary-file,2026-08-10T21:40:54Z,8a5dea597e98b96d862b3b028d49be4ccfccaeed68b6e9941c054683d2855db2,B25044_003 divided by B25044_002,"Vehicle availability does not identify transit quality, household preference, disability, or affordability.",project_flag_standard,comparable_within_series
transportation_and_housing,zero_vehicle_households_pct,Occupied units with no vehicle available,06001,Alameda,2024,2024-12-31,annual rolling five-year estimate,17.93816021,percent,0.66325491,48924,272737,,,,,renter,,household residence,renter-occupied housing units,CENSUS_ACS5_DETAIL,ACS5-2024-B25044-table-based-summary-file,2026-08-10T21:40:54Z,8a5dea597e98b96d862b3b028d49be4ccfccaeed68b6e9941c054683d2855db2,B25044_010 divided by B25044_009,"Vehicle availability does not identify transit quality, household preference, disability, or affordability.",project_flag_standard,comparable_within_series
transportation_and_housing,zero_vehicle_households_pct,Occupied units with no vehicle available,06013,Contra Costa,2024,2024-12-31,annual rolling five-year estimate,2.95473336,percent,0.28599532,8327,281819,,,,,owner,,household residence,owner-occupied housing units,CENSUS_ACS5_DETAIL,ACS5-2024-B25044-table-based-summary-file,2026-08-10T21:40:54Z,8a5dea597e98b96d862b3b028d49be4ccfccaeed68b6e9941c054683d2855db2,B25044_003 divided by B25044_002,"Vehicle availability does not identify transit quality, household preference, disability, or affordability.",project_flag_standard,comparable_within_series
transportation_and_housing,zero_vehicle_households_pct,Occupied units with no vehicle available,06013,Contra Costa,2024,2024-12-31,annual rolling five-year estimate,10.0137257,percent,0.74238901,13278,132598,,,,,renter,,household residence,renter-occupied housing units,CENSUS_ACS5_DETAIL,ACS5-2024-B25044-table-based-summary-file,2026-08-10T21:40:54Z,8a5dea597e98b96d862b3b028d49be4ccfccaeed68b6e9941c054683d2855db2,B25044_010 divided by B25044_009,"Vehicle availability does not identify transit quality, household preference, disability, or affordability.",project_flag_standard,comparable_within_series
transportation_and_housing,zero_vehicle_households_pct,Occupied units with no vehicle available,06041,Marin,2024,2024-12-31,annual rolling five-year estimate,2.06256755,percent,0.42038509,1374,66616,,,,,owner,,household residence,owner-occupied housing units,CENSUS_ACS5_DETAIL,ACS5-2024-B25044-table-based-summary-file,2026-08-10T21:40:54Z,8a5dea597e98b96d862b3b028d49be4ccfccaeed68b6e9941c054683d2855db2,B25044_003 divided by B25044_002,"Vehicle availability does not identify transit quality, household preference, disability, or affordability.",project_flag_standard,comparable_within_series
transportation_and_housing,zero_vehicle_households_pct,Occupied units with no vehicle available,06041,Marin,2024,2024-12-31,annual rolling five-year estimate,10.11757596,percent,1.44190917,3683,36402,,,,,renter,,household residence,renter-occupied housing units,CENSUS_ACS5_DETAIL,ACS5-2024-B25044-table-based-summary-file,2026-08-10T21:40:54Z,8a5dea597e98b96d862b3b028d49be4ccfccaeed68b6e9941c054683d2855db2,B25044_010 divided by B25044_009,"Vehicle availability does not identify transit quality, household preference, disability, or affordability.",project_flag_standard,comparable_within_series
transportation_and_housing,zero_vehicle_households_pct,Occupied units with no vehicle available,06055,Napa,2024,2024-12-31,annual rolling five-year estimate,3.34970686,percent,1.59331599,1057,31555,,,,,owner,,household residence,owner-occupied housing units,CENSUS_ACS5_DETAIL,ACS5-2024-B25044-table-based-summary-file,2026-08-10T21:40:54Z,8a5dea597e98b96d862b3b028d49be4ccfccaeed68b6e9941c054683d2855db2,B25044_003 divided by B25044_002,"Vehicle availability does not identify transit quality, household preference, disability, or affordability.",project_flag_moderate_uncertainty,comparable_within_series
transportation_and_housing,zero_vehicle_households_pct,Occupied units with no vehicle available,06055,Napa,2024,2024-12-31,annual rolling five-year estimate,7.37038664,percent,1.89254436,1342,18208,,,,,renter,,household residence,renter-occupied housing units,CENSUS_ACS5_DETAIL,ACS5-2024-B25044-table-based-summary-file,2026-08-10T21:40:54Z,8a5dea597e98b96d862b3b028d49be4ccfccaeed68b6e9941c054683d2855db2,B25044_010 divided by B25044_009,"Vehicle availability does not identify transit quality, household preference, disability, or affordability.",project_flag_standard,comparable_within_series
transportation_and_housing,zero_vehicle_households_pct,Occupied units with no vehicle available,06075,San Francisco,2024,2024-12-31,annual rolling five-year estimate,11.33492021,percent,0.77740993,15762,139057,,,,,owner,,household residence,owner-occupied housing units,CENSUS_ACS5_DETAIL,ACS5-2024-B25044-table-based-summary-file,2026-08-10T21:40:54Z,8a5dea597e98b96d862b3b028d49be4ccfccaeed68b6e9941c054683d2855db2,B25044_003 divided by B25044_002,"Vehicle availability does not identify transit quality, household preference, disability, or affordability.",project_flag_standard,comparable_within_series
transportation_and_housing,zero_vehicle_households_pct,Occupied units with no vehicle available,06075,San Francisco,2024,2024-12-31,annual rolling five-year estimate,41.80238581,percent,0.92032873,94019,224913,,,,,renter,,household residence,renter-occupied housing units,CENSUS_ACS5_DETAIL,ACS5-2024-B25044-table-based-summary-file,2026-08-10T21:40:54Z,8a5dea597e98b96d862b3b028d49be4ccfccaeed68b6e9941c054683d2855db2,B25044_010 divided by B25044_009,"Vehicle availability does not identify transit quality, household preference, disability, or affordability.",project_flag_standard,comparable_within_series
transportation_and_housing,zero_vehicle_households_pct,Occupied units with no vehicle available,06081,San Mateo,2024,2024-12-31,annual rolling five-year estimate,2.81681942,percent,0.32351556,4355,154607,,,,,owner,,household residence,owner-occupied housing units,CENSUS_ACS5_DETAIL,ACS5-2024-B25044-table-based-summary-file,2026-08-10T21:40:54Z,8a5dea597e98b96d862b3b028d49be4ccfccaeed68b6e9941c054683d2855db2,B25044_003 divided by B25044_002,"Vehicle availability does not identify transit quality, household preference, disability, or affordability.",project_flag_standard,comparable_within_series
transportation_and_housing,zero_vehicle_households_pct,Occupied units with no vehicle available,06081,San Mateo,2024,2024-12-31,annual rolling five-year estimate,9.90237861,percent,0.77859254,10874,109812,,,,,renter,,household residence,renter-occupied housing units,CENSUS_ACS5_DETAIL,ACS5-2024-B25044-table-based-summary-file,2026-08-10T21:40:54Z,8a5dea597e98b96d862b3b028d49be4ccfccaeed68b6e9941c054683d2855db2,B25044_010 divided by B25044_009,"Vehicle availability does not identify transit quality, household preference, disability, or affordability.",project_flag_standard,comparable_within_series
transportation_and_housing,zero_vehicle_households_pct,Occupied units with no vehicle available,06085,Santa Clara,2024,2024-12-31,annual rolling five-year estimate,2.77821378,percent,0.23796641,10089,363147,,,,,owner,,household residence,owner-occupied housing units,CENSUS_ACS5_DETAIL,ACS5-2024-B25044-table-based-summary-file,2026-08-10T21:40:54Z,8a5dea597e98b96d862b3b028d49be4ccfccaeed68b6e9941c054683d2855db2,B25044_003 divided by B25044_002,"Vehicle availability does not identify transit quality, household preference, disability, or affordability.",project_flag_standard,comparable_within_series
transportation_and_housing,zero_vehicle_households_pct,Occupied units with no vehicle available,06085,Santa Clara,2024,2024-12-31,annual rolling five-year estimate,9.91235829,percent,0.45212781,29361,296206,,,,,renter,,household residence,renter-occupied housing units,CENSUS_ACS5_DETAIL,ACS5-2024-B25044-table-based-summary-file,2026-08-10T21:40:54Z,8a5dea597e98b96d862b3b028d49be4ccfccaeed68b6e9941c054683d2855db2,B25044_010 divided by B25044_009,"Vehicle availability does not identify transit quality, household preference, disability, or affordability.",project_flag_standard,comparable_within_series
transportation_and_housing,zero_vehicle_households_pct,Occupied units with no vehicle available,06095,Solano,2024,2024-12-31,annual rolling five-year estimate,2.25159425,percent,0.35423857,2235,99263,,,,,owner,,household residence,owner-occupied housing units,CENSUS_ACS5_DETAIL,ACS5-2024-B25044-table-based-summary-file,2026-08-10T21:40:54Z,8a5dea597e98b96d862b3b028d49be4ccfccaeed68b6e9941c054683d2855db2,B25044_003 divided by B25044_002,"Vehicle availability does not identify transit quality, household preference, disability, or affordability.",project_flag_standard,comparable_within_series
transportation_and_housing,zero_vehicle_households_pct,Occupied units with no vehicle available,06095,Solano,2024,2024-12-31,annual rolling five-year estimate,9.54694501,percent,1.08566894,5561,58249,,,,,renter,,household residence,renter-occupied housing units,CENSUS_ACS5_DETAIL,ACS5-2024-B25044-table-based-summary-file,2026-08-10T21:40:54Z,8a5dea597e98b96d862b3b028d49be4ccfccaeed68b6e9941c054683d2855db2,B25044_010 divided by B25044_009,"Vehicle availability does not identify transit quality, household preference, disability, or affordability.",project_flag_standard,comparable_within_series
transportation_and_housing,zero_vehicle_households_pct,Occupied units with no vehicle available,06097,Sonoma,2024,2024-12-31,annual rolling five-year estimate,2.48415525,percent,0.3788641,2971,119598,,,,,owner,,household residence,owner-occupied housing units,CENSUS_ACS5_DETAIL,ACS5-2024-B25044-table-based-summary-file,2026-08-10T21:40:54Z,8a5dea597e98b96d862b3b028d49be4ccfccaeed68b6e9941c054683d2855db2,B25044_003 divided by B25044_002,"Vehicle availability does not identify transit quality, household preference, disability, or affordability.",project_flag_standard,comparable_within_series
transportation_and_housing,zero_vehicle_households_pct,Occupied units with no vehicle available,06097,Sonoma,2024,2024-12-31,annual rolling five-year estimate,8.75630252,percent,0.78630389,6252,71400,,,,,renter,,household residence,renter-occupied housing units,CENSUS_ACS5_DETAIL,ACS5-2024-B25044-table-based-summary-file,2026-08-10T21:40:54Z,8a5dea597e98b96d862b3b028d49be4ccfccaeed68b6e9941c054683d2855db2,B25044_010 divided by B25044_009,"Vehicle availability does not identify transit quality, household preference, disability, or affordability.",project_flag_standard,comparable_within_series
