domain,metric_id,metric_name,county_fips,county_name,period,period_end,frequency,value,unit,margin_of_error_90,numerator,denominator,benchmark_value,subgroup_type,subgroup_id,subgroup_label,tenure,sex,geography_basis,universe,source_ids,source_releases,retrieved_at,raw_sha256s,calculation,notes,reliability_flag,comparability_status
education_and_earnings,earnings_coverage_2br_fmr_pct,Median earnings coverage of two-bedroom FMR income requirement,06001,Alameda,2024,2024-12-31,cross-vintage benchmark comparison,82.57554945,percent,1.50583791,96184,116480,2912,educational_attainment,bachelors,Bachelor's degree,,all,person residence compared with HUD FMR area,"population age 25 and over with earnings, by sex and educational attainment",CENSUS_ACS5_DETAIL;HUD_FMR,ACS5-2024-B20004-table-based-summary-file;HUD-FMR-FY2026-revised-effective-2026-05-21,2026-08-10T21:40:54Z,71b8cf106eab63397a9badd883cae562823225f1d65059a0608c8cdda479dc66;06af2feddaeb79ffd8f9402e8b8b9adb0deab684d599fba835c48fb985eb85cd,ACS median annual earnings divided by FY2026 2BR FMR times 40,A descriptive benchmark using the conventional 30% threshold. It does not measure an actual household budget or conclude that a unit is available.,project_flag_standard,acs_current_dollars_compared_with_fy2026_fmr
education_and_earnings,median_annual_earnings,Median annual earnings,06001,Alameda,2024,2024-12-31,annual rolling five-year estimate,96184,current dollars per year,1754,,,,educational_attainment,bachelors,Bachelor's degree,,all,person residence,"population age 25 and over with earnings, by sex and educational attainment",CENSUS_ACS5_DETAIL,ACS5-2024-B20004-table-based-summary-file,2026-08-10T21:40:54Z,71b8cf106eab63397a9badd883cae562823225f1d65059a0608c8cdda479dc66,published ACS median,"Residence-based individual earnings; not household income, a wage offer, or a workplace-based job measure.",project_flag_standard,current_dollars_and_overlapping_acs_vintages
education_and_earnings,monthly_gap_to_2br_fmr,Monthly gap between two-bedroom FMR and 30% of median earnings,06001,Alameda,2024,2024-12-31,cross-vintage benchmark comparison,507.4,current dollars per month,43.85,96184,116480,2912,educational_attainment,bachelors,Bachelor's degree,,all,person residence compared with HUD FMR area,"population age 25 and over with earnings, by sex and educational attainment",CENSUS_ACS5_DETAIL;HUD_FMR,ACS5-2024-B20004-table-based-summary-file;HUD-FMR-FY2026-revised-effective-2026-05-21,2026-08-10T21:40:54Z,71b8cf106eab63397a9badd883cae562823225f1d65059a0608c8cdda479dc66;06af2feddaeb79ffd8f9402e8b8b9adb0deab684d599fba835c48fb985eb85cd,FY2026 2BR FMR minus 30% of ACS median annual earnings divided by 12,"Positive values mean the FMR benchmark exceeds 30% of median individual earnings. No work-hour, household-size, or unit-availability assumption is added.",project_flag_standard,acs_current_dollars_compared_with_fy2026_fmr
education_and_earnings,earnings_coverage_2br_fmr_pct,Median earnings coverage of two-bedroom FMR income requirement,06001,Alameda,2024,2024-12-31,cross-vintage benchmark comparison,70.46960852,percent,1.47578984,82083,116480,2912,educational_attainment,bachelors,Bachelor's degree,,female,person residence compared with HUD FMR area,"population age 25 and over with earnings, by sex and educational attainment",CENSUS_ACS5_DETAIL;HUD_FMR,ACS5-2024-B20004-table-based-summary-file;HUD-FMR-FY2026-revised-effective-2026-05-21,2026-08-10T21:40:54Z,71b8cf106eab63397a9badd883cae562823225f1d65059a0608c8cdda479dc66;06af2feddaeb79ffd8f9402e8b8b9adb0deab684d599fba835c48fb985eb85cd,ACS median annual earnings divided by FY2026 2BR FMR times 40,A descriptive benchmark using the conventional 30% threshold. It does not measure an actual household budget or conclude that a unit is available.,project_flag_standard,acs_current_dollars_compared_with_fy2026_fmr
education_and_earnings,median_annual_earnings,Median annual earnings,06001,Alameda,2024,2024-12-31,annual rolling five-year estimate,82083,current dollars per year,1719,,,,educational_attainment,bachelors,Bachelor's degree,,female,person residence,"population age 25 and over with earnings, by sex and educational attainment",CENSUS_ACS5_DETAIL,ACS5-2024-B20004-table-based-summary-file,2026-08-10T21:40:54Z,71b8cf106eab63397a9badd883cae562823225f1d65059a0608c8cdda479dc66,published ACS median,"Residence-based individual earnings; not household income, a wage offer, or a workplace-based job measure.",project_flag_standard,current_dollars_and_overlapping_acs_vintages
education_and_earnings,monthly_gap_to_2br_fmr,Monthly gap between two-bedroom FMR and 30% of median earnings,06001,Alameda,2024,2024-12-31,cross-vintage benchmark comparison,859.925,current dollars per month,42.975,82083,116480,2912,educational_attainment,bachelors,Bachelor's degree,,female,person residence compared with HUD FMR area,"population age 25 and over with earnings, by sex and educational attainment",CENSUS_ACS5_DETAIL;HUD_FMR,ACS5-2024-B20004-table-based-summary-file;HUD-FMR-FY2026-revised-effective-2026-05-21,2026-08-10T21:40:54Z,71b8cf106eab63397a9badd883cae562823225f1d65059a0608c8cdda479dc66;06af2feddaeb79ffd8f9402e8b8b9adb0deab684d599fba835c48fb985eb85cd,FY2026 2BR FMR minus 30% of ACS median annual earnings divided by 12,"Positive values mean the FMR benchmark exceeds 30% of median individual earnings. No work-hour, household-size, or unit-availability assumption is added.",project_flag_standard,acs_current_dollars_compared_with_fy2026_fmr
education_and_earnings,earnings_coverage_2br_fmr_pct,Median earnings coverage of two-bedroom FMR income requirement,06001,Alameda,2024,2024-12-31,cross-vintage benchmark comparison,96.015625,percent,3.01682692,111839,116480,2912,educational_attainment,bachelors,Bachelor's degree,,male,person residence compared with HUD FMR area,"population age 25 and over with earnings, by sex and educational attainment",CENSUS_ACS5_DETAIL;HUD_FMR,ACS5-2024-B20004-table-based-summary-file;HUD-FMR-FY2026-revised-effective-2026-05-21,2026-08-10T21:40:54Z,71b8cf106eab63397a9badd883cae562823225f1d65059a0608c8cdda479dc66;06af2feddaeb79ffd8f9402e8b8b9adb0deab684d599fba835c48fb985eb85cd,ACS median annual earnings divided by FY2026 2BR FMR times 40,A descriptive benchmark using the conventional 30% threshold. It does not measure an actual household budget or conclude that a unit is available.,project_flag_standard,acs_current_dollars_compared_with_fy2026_fmr
education_and_earnings,median_annual_earnings,Median annual earnings,06001,Alameda,2024,2024-12-31,annual rolling five-year estimate,111839,current dollars per year,3514,,,,educational_attainment,bachelors,Bachelor's degree,,male,person residence,"population age 25 and over with earnings, by sex and educational attainment",CENSUS_ACS5_DETAIL,ACS5-2024-B20004-table-based-summary-file,2026-08-10T21:40:54Z,71b8cf106eab63397a9badd883cae562823225f1d65059a0608c8cdda479dc66,published ACS median,"Residence-based individual earnings; not household income, a wage offer, or a workplace-based job measure.",project_flag_standard,current_dollars_and_overlapping_acs_vintages
education_and_earnings,monthly_gap_to_2br_fmr,Monthly gap between two-bedroom FMR and 30% of median earnings,06001,Alameda,2024,2024-12-31,cross-vintage benchmark comparison,116.025,current dollars per month,87.85,111839,116480,2912,educational_attainment,bachelors,Bachelor's degree,,male,person residence compared with HUD FMR area,"population age 25 and over with earnings, by sex and educational attainment",CENSUS_ACS5_DETAIL;HUD_FMR,ACS5-2024-B20004-table-based-summary-file;HUD-FMR-FY2026-revised-effective-2026-05-21,2026-08-10T21:40:54Z,71b8cf106eab63397a9badd883cae562823225f1d65059a0608c8cdda479dc66;06af2feddaeb79ffd8f9402e8b8b9adb0deab684d599fba835c48fb985eb85cd,FY2026 2BR FMR minus 30% of ACS median annual earnings divided by 12,"Positive values mean the FMR benchmark exceeds 30% of median individual earnings. No work-hour, household-size, or unit-availability assumption is added.",project_flag_high_uncertainty,acs_current_dollars_compared_with_fy2026_fmr
education_and_earnings,earnings_coverage_2br_fmr_pct,Median earnings coverage of two-bedroom FMR income requirement,06001,Alameda,2024,2024-12-31,cross-vintage benchmark comparison,113.7551511,percent,1.88959478,132502,116480,2912,educational_attainment,graduate_professional,Graduate or professional degree,,all,person residence compared with HUD FMR area,"population age 25 and over with earnings, by sex and educational attainment",CENSUS_ACS5_DETAIL;HUD_FMR,ACS5-2024-B20004-table-based-summary-file;HUD-FMR-FY2026-revised-effective-2026-05-21,2026-08-10T21:40:54Z,71b8cf106eab63397a9badd883cae562823225f1d65059a0608c8cdda479dc66;06af2feddaeb79ffd8f9402e8b8b9adb0deab684d599fba835c48fb985eb85cd,ACS median annual earnings divided by FY2026 2BR FMR times 40,A descriptive benchmark using the conventional 30% threshold. It does not measure an actual household budget or conclude that a unit is available.,project_flag_standard,acs_current_dollars_compared_with_fy2026_fmr
education_and_earnings,median_annual_earnings,Median annual earnings,06001,Alameda,2024,2024-12-31,annual rolling five-year estimate,132502,current dollars per year,2201,,,,educational_attainment,graduate_professional,Graduate or professional degree,,all,person residence,"population age 25 and over with earnings, by sex and educational attainment",CENSUS_ACS5_DETAIL,ACS5-2024-B20004-table-based-summary-file,2026-08-10T21:40:54Z,71b8cf106eab63397a9badd883cae562823225f1d65059a0608c8cdda479dc66,published ACS median,"Residence-based individual earnings; not household income, a wage offer, or a workplace-based job measure.",project_flag_standard,current_dollars_and_overlapping_acs_vintages
education_and_earnings,monthly_gap_to_2br_fmr,Monthly gap between two-bedroom FMR and 30% of median earnings,06001,Alameda,2024,2024-12-31,cross-vintage benchmark comparison,-400.55,current dollars per month,55.025,132502,116480,2912,educational_attainment,graduate_professional,Graduate or professional degree,,all,person residence compared with HUD FMR area,"population age 25 and over with earnings, by sex and educational attainment",CENSUS_ACS5_DETAIL;HUD_FMR,ACS5-2024-B20004-table-based-summary-file;HUD-FMR-FY2026-revised-effective-2026-05-21,2026-08-10T21:40:54Z,71b8cf106eab63397a9badd883cae562823225f1d65059a0608c8cdda479dc66;06af2feddaeb79ffd8f9402e8b8b9adb0deab684d599fba835c48fb985eb85cd,FY2026 2BR FMR minus 30% of ACS median annual earnings divided by 12,"Positive values mean the FMR benchmark exceeds 30% of median individual earnings. No work-hour, household-size, or unit-availability assumption is added.",project_flag_standard,acs_current_dollars_compared_with_fy2026_fmr
education_and_earnings,earnings_coverage_2br_fmr_pct,Median earnings coverage of two-bedroom FMR income requirement,06001,Alameda,2024,2024-12-31,cross-vintage benchmark comparison,93.71565934,percent,1.76596841,109160,116480,2912,educational_attainment,graduate_professional,Graduate or professional degree,,female,person residence compared with HUD FMR area,"population age 25 and over with earnings, by sex and educational attainment",CENSUS_ACS5_DETAIL;HUD_FMR,ACS5-2024-B20004-table-based-summary-file;HUD-FMR-FY2026-revised-effective-2026-05-21,2026-08-10T21:40:54Z,71b8cf106eab63397a9badd883cae562823225f1d65059a0608c8cdda479dc66;06af2feddaeb79ffd8f9402e8b8b9adb0deab684d599fba835c48fb985eb85cd,ACS median annual earnings divided by FY2026 2BR FMR times 40,A descriptive benchmark using the conventional 30% threshold. It does not measure an actual household budget or conclude that a unit is available.,project_flag_standard,acs_current_dollars_compared_with_fy2026_fmr
education_and_earnings,median_annual_earnings,Median annual earnings,06001,Alameda,2024,2024-12-31,annual rolling five-year estimate,109160,current dollars per year,2057,,,,educational_attainment,graduate_professional,Graduate or professional degree,,female,person residence,"population age 25 and over with earnings, by sex and educational attainment",CENSUS_ACS5_DETAIL,ACS5-2024-B20004-table-based-summary-file,2026-08-10T21:40:54Z,71b8cf106eab63397a9badd883cae562823225f1d65059a0608c8cdda479dc66,published ACS median,"Residence-based individual earnings; not household income, a wage offer, or a workplace-based job measure.",project_flag_standard,current_dollars_and_overlapping_acs_vintages
education_and_earnings,monthly_gap_to_2br_fmr,Monthly gap between two-bedroom FMR and 30% of median earnings,06001,Alameda,2024,2024-12-31,cross-vintage benchmark comparison,183,current dollars per month,51.425,109160,116480,2912,educational_attainment,graduate_professional,Graduate or professional degree,,female,person residence compared with HUD FMR area,"population age 25 and over with earnings, by sex and educational attainment",CENSUS_ACS5_DETAIL;HUD_FMR,ACS5-2024-B20004-table-based-summary-file;HUD-FMR-FY2026-revised-effective-2026-05-21,2026-08-10T21:40:54Z,71b8cf106eab63397a9badd883cae562823225f1d65059a0608c8cdda479dc66;06af2feddaeb79ffd8f9402e8b8b9adb0deab684d599fba835c48fb985eb85cd,FY2026 2BR FMR minus 30% of ACS median annual earnings divided by 12,"Positive values mean the FMR benchmark exceeds 30% of median individual earnings. No work-hour, household-size, or unit-availability assumption is added.",project_flag_moderate_uncertainty,acs_current_dollars_compared_with_fy2026_fmr
education_and_earnings,earnings_coverage_2br_fmr_pct,Median earnings coverage of two-bedroom FMR income requirement,06001,Alameda,2024,2024-12-31,cross-vintage benchmark comparison,140.59924451,percent,3.70964973,163770,116480,2912,educational_attainment,graduate_professional,Graduate or professional degree,,male,person residence compared with HUD FMR area,"population age 25 and over with earnings, by sex and educational attainment",CENSUS_ACS5_DETAIL;HUD_FMR,ACS5-2024-B20004-table-based-summary-file;HUD-FMR-FY2026-revised-effective-2026-05-21,2026-08-10T21:40:54Z,71b8cf106eab63397a9badd883cae562823225f1d65059a0608c8cdda479dc66;06af2feddaeb79ffd8f9402e8b8b9adb0deab684d599fba835c48fb985eb85cd,ACS median annual earnings divided by FY2026 2BR FMR times 40,A descriptive benchmark using the conventional 30% threshold. It does not measure an actual household budget or conclude that a unit is available.,project_flag_standard,acs_current_dollars_compared_with_fy2026_fmr
education_and_earnings,median_annual_earnings,Median annual earnings,06001,Alameda,2024,2024-12-31,annual rolling five-year estimate,163770,current dollars per year,4321,,,,educational_attainment,graduate_professional,Graduate or professional degree,,male,person residence,"population age 25 and over with earnings, by sex and educational attainment",CENSUS_ACS5_DETAIL,ACS5-2024-B20004-table-based-summary-file,2026-08-10T21:40:54Z,71b8cf106eab63397a9badd883cae562823225f1d65059a0608c8cdda479dc66,published ACS median,"Residence-based individual earnings; not household income, a wage offer, or a workplace-based job measure.",project_flag_standard,current_dollars_and_overlapping_acs_vintages
education_and_earnings,monthly_gap_to_2br_fmr,Monthly gap between two-bedroom FMR and 30% of median earnings,06001,Alameda,2024,2024-12-31,cross-vintage benchmark comparison,-1182.25,current dollars per month,108.025,163770,116480,2912,educational_attainment,graduate_professional,Graduate or professional degree,,male,person residence compared with HUD FMR area,"population age 25 and over with earnings, by sex and educational attainment",CENSUS_ACS5_DETAIL;HUD_FMR,ACS5-2024-B20004-table-based-summary-file;HUD-FMR-FY2026-revised-effective-2026-05-21,2026-08-10T21:40:54Z,71b8cf106eab63397a9badd883cae562823225f1d65059a0608c8cdda479dc66;06af2feddaeb79ffd8f9402e8b8b9adb0deab684d599fba835c48fb985eb85cd,FY2026 2BR FMR minus 30% of ACS median annual earnings divided by 12,"Positive values mean the FMR benchmark exceeds 30% of median individual earnings. No work-hour, household-size, or unit-availability assumption is added.",project_flag_standard,acs_current_dollars_compared_with_fy2026_fmr
education_and_earnings,earnings_coverage_2br_fmr_pct,Median earnings coverage of two-bedroom FMR income requirement,06001,Alameda,2024,2024-12-31,cross-vintage benchmark comparison,38.29498626,percent,0.96325549,44606,116480,2912,educational_attainment,high_school,High school graduate or equivalent,,all,person residence compared with HUD FMR area,"population age 25 and over with earnings, by sex and educational attainment",CENSUS_ACS5_DETAIL;HUD_FMR,ACS5-2024-B20004-table-based-summary-file;HUD-FMR-FY2026-revised-effective-2026-05-21,2026-08-10T21:40:54Z,71b8cf106eab63397a9badd883cae562823225f1d65059a0608c8cdda479dc66;06af2feddaeb79ffd8f9402e8b8b9adb0deab684d599fba835c48fb985eb85cd,ACS median annual earnings divided by FY2026 2BR FMR times 40,A descriptive benchmark using the conventional 30% threshold. It does not measure an actual household budget or conclude that a unit is available.,project_flag_standard,acs_current_dollars_compared_with_fy2026_fmr
education_and_earnings,median_annual_earnings,Median annual earnings,06001,Alameda,2024,2024-12-31,annual rolling five-year estimate,44606,current dollars per year,1122,,,,educational_attainment,high_school,High school graduate or equivalent,,all,person residence,"population age 25 and over with earnings, by sex and educational attainment",CENSUS_ACS5_DETAIL,ACS5-2024-B20004-table-based-summary-file,2026-08-10T21:40:54Z,71b8cf106eab63397a9badd883cae562823225f1d65059a0608c8cdda479dc66,published ACS median,"Residence-based individual earnings; not household income, a wage offer, or a workplace-based job measure.",project_flag_standard,current_dollars_and_overlapping_acs_vintages
education_and_earnings,monthly_gap_to_2br_fmr,Monthly gap between two-bedroom FMR and 30% of median earnings,06001,Alameda,2024,2024-12-31,cross-vintage benchmark comparison,1796.85,current dollars per month,28.05,44606,116480,2912,educational_attainment,high_school,High school graduate or equivalent,,all,person residence compared with HUD FMR area,"population age 25 and over with earnings, by sex and educational attainment",CENSUS_ACS5_DETAIL;HUD_FMR,ACS5-2024-B20004-table-based-summary-file;HUD-FMR-FY2026-revised-effective-2026-05-21,2026-08-10T21:40:54Z,71b8cf106eab63397a9badd883cae562823225f1d65059a0608c8cdda479dc66;06af2feddaeb79ffd8f9402e8b8b9adb0deab684d599fba835c48fb985eb85cd,FY2026 2BR FMR minus 30% of ACS median annual earnings divided by 12,"Positive values mean the FMR benchmark exceeds 30% of median individual earnings. No work-hour, household-size, or unit-availability assumption is added.",project_flag_standard,acs_current_dollars_compared_with_fy2026_fmr
education_and_earnings,earnings_coverage_2br_fmr_pct,Median earnings coverage of two-bedroom FMR income requirement,06001,Alameda,2024,2024-12-31,cross-vintage benchmark comparison,33.16792582,percent,1.38478709,38634,116480,2912,educational_attainment,high_school,High school graduate or equivalent,,female,person residence compared with HUD FMR area,"population age 25 and over with earnings, by sex and educational attainment",CENSUS_ACS5_DETAIL;HUD_FMR,ACS5-2024-B20004-table-based-summary-file;HUD-FMR-FY2026-revised-effective-2026-05-21,2026-08-10T21:40:54Z,71b8cf106eab63397a9badd883cae562823225f1d65059a0608c8cdda479dc66;06af2feddaeb79ffd8f9402e8b8b9adb0deab684d599fba835c48fb985eb85cd,ACS median annual earnings divided by FY2026 2BR FMR times 40,A descriptive benchmark using the conventional 30% threshold. It does not measure an actual household budget or conclude that a unit is available.,project_flag_standard,acs_current_dollars_compared_with_fy2026_fmr
education_and_earnings,median_annual_earnings,Median annual earnings,06001,Alameda,2024,2024-12-31,annual rolling five-year estimate,38634,current dollars per year,1613,,,,educational_attainment,high_school,High school graduate or equivalent,,female,person residence,"population age 25 and over with earnings, by sex and educational attainment",CENSUS_ACS5_DETAIL,ACS5-2024-B20004-table-based-summary-file,2026-08-10T21:40:54Z,71b8cf106eab63397a9badd883cae562823225f1d65059a0608c8cdda479dc66,published ACS median,"Residence-based individual earnings; not household income, a wage offer, or a workplace-based job measure.",project_flag_standard,current_dollars_and_overlapping_acs_vintages
education_and_earnings,monthly_gap_to_2br_fmr,Monthly gap between two-bedroom FMR and 30% of median earnings,06001,Alameda,2024,2024-12-31,cross-vintage benchmark comparison,1946.15,current dollars per month,40.325,38634,116480,2912,educational_attainment,high_school,High school graduate or equivalent,,female,person residence compared with HUD FMR area,"population age 25 and over with earnings, by sex and educational attainment",CENSUS_ACS5_DETAIL;HUD_FMR,ACS5-2024-B20004-table-based-summary-file;HUD-FMR-FY2026-revised-effective-2026-05-21,2026-08-10T21:40:54Z,71b8cf106eab63397a9badd883cae562823225f1d65059a0608c8cdda479dc66;06af2feddaeb79ffd8f9402e8b8b9adb0deab684d599fba835c48fb985eb85cd,FY2026 2BR FMR minus 30% of ACS median annual earnings divided by 12,"Positive values mean the FMR benchmark exceeds 30% of median individual earnings. No work-hour, household-size, or unit-availability assumption is added.",project_flag_standard,acs_current_dollars_compared_with_fy2026_fmr
education_and_earnings,earnings_coverage_2br_fmr_pct,Median earnings coverage of two-bedroom FMR income requirement,06001,Alameda,2024,2024-12-31,cross-vintage benchmark comparison,42.66311813,percent,1.06541896,49694,116480,2912,educational_attainment,high_school,High school graduate or equivalent,,male,person residence compared with HUD FMR area,"population age 25 and over with earnings, by sex and educational attainment",CENSUS_ACS5_DETAIL;HUD_FMR,ACS5-2024-B20004-table-based-summary-file;HUD-FMR-FY2026-revised-effective-2026-05-21,2026-08-10T21:40:54Z,71b8cf106eab63397a9badd883cae562823225f1d65059a0608c8cdda479dc66;06af2feddaeb79ffd8f9402e8b8b9adb0deab684d599fba835c48fb985eb85cd,ACS median annual earnings divided by FY2026 2BR FMR times 40,A descriptive benchmark using the conventional 30% threshold. It does not measure an actual household budget or conclude that a unit is available.,project_flag_standard,acs_current_dollars_compared_with_fy2026_fmr
education_and_earnings,median_annual_earnings,Median annual earnings,06001,Alameda,2024,2024-12-31,annual rolling five-year estimate,49694,current dollars per year,1241,,,,educational_attainment,high_school,High school graduate or equivalent,,male,person residence,"population age 25 and over with earnings, by sex and educational attainment",CENSUS_ACS5_DETAIL,ACS5-2024-B20004-table-based-summary-file,2026-08-10T21:40:54Z,71b8cf106eab63397a9badd883cae562823225f1d65059a0608c8cdda479dc66,published ACS median,"Residence-based individual earnings; not household income, a wage offer, or a workplace-based job measure.",project_flag_standard,current_dollars_and_overlapping_acs_vintages
education_and_earnings,monthly_gap_to_2br_fmr,Monthly gap between two-bedroom FMR and 30% of median earnings,06001,Alameda,2024,2024-12-31,cross-vintage benchmark comparison,1669.65,current dollars per month,31.025,49694,116480,2912,educational_attainment,high_school,High school graduate or equivalent,,male,person residence compared with HUD FMR area,"population age 25 and over with earnings, by sex and educational attainment",CENSUS_ACS5_DETAIL;HUD_FMR,ACS5-2024-B20004-table-based-summary-file;HUD-FMR-FY2026-revised-effective-2026-05-21,2026-08-10T21:40:54Z,71b8cf106eab63397a9badd883cae562823225f1d65059a0608c8cdda479dc66;06af2feddaeb79ffd8f9402e8b8b9adb0deab684d599fba835c48fb985eb85cd,FY2026 2BR FMR minus 30% of ACS median annual earnings divided by 12,"Positive values mean the FMR benchmark exceeds 30% of median individual earnings. No work-hour, household-size, or unit-availability assumption is added.",project_flag_standard,acs_current_dollars_compared_with_fy2026_fmr
education_and_earnings,earnings_coverage_2br_fmr_pct,Median earnings coverage of two-bedroom FMR income requirement,06001,Alameda,2024,2024-12-31,cross-vintage benchmark comparison,30.47218407,percent,0.75120192,35494,116480,2912,educational_attainment,less_than_high_school,Less than high school graduate,,all,person residence compared with HUD FMR area,"population age 25 and over with earnings, by sex and educational attainment",CENSUS_ACS5_DETAIL;HUD_FMR,ACS5-2024-B20004-table-based-summary-file;HUD-FMR-FY2026-revised-effective-2026-05-21,2026-08-10T21:40:54Z,71b8cf106eab63397a9badd883cae562823225f1d65059a0608c8cdda479dc66;06af2feddaeb79ffd8f9402e8b8b9adb0deab684d599fba835c48fb985eb85cd,ACS median annual earnings divided by FY2026 2BR FMR times 40,A descriptive benchmark using the conventional 30% threshold. It does not measure an actual household budget or conclude that a unit is available.,project_flag_standard,acs_current_dollars_compared_with_fy2026_fmr
education_and_earnings,median_annual_earnings,Median annual earnings,06001,Alameda,2024,2024-12-31,annual rolling five-year estimate,35494,current dollars per year,875,,,,educational_attainment,less_than_high_school,Less than high school graduate,,all,person residence,"population age 25 and over with earnings, by sex and educational attainment",CENSUS_ACS5_DETAIL,ACS5-2024-B20004-table-based-summary-file,2026-08-10T21:40:54Z,71b8cf106eab63397a9badd883cae562823225f1d65059a0608c8cdda479dc66,published ACS median,"Residence-based individual earnings; not household income, a wage offer, or a workplace-based job measure.",project_flag_standard,current_dollars_and_overlapping_acs_vintages
education_and_earnings,monthly_gap_to_2br_fmr,Monthly gap between two-bedroom FMR and 30% of median earnings,06001,Alameda,2024,2024-12-31,cross-vintage benchmark comparison,2024.65,current dollars per month,21.875,35494,116480,2912,educational_attainment,less_than_high_school,Less than high school graduate,,all,person residence compared with HUD FMR area,"population age 25 and over with earnings, by sex and educational attainment",CENSUS_ACS5_DETAIL;HUD_FMR,ACS5-2024-B20004-table-based-summary-file;HUD-FMR-FY2026-revised-effective-2026-05-21,2026-08-10T21:40:54Z,71b8cf106eab63397a9badd883cae562823225f1d65059a0608c8cdda479dc66;06af2feddaeb79ffd8f9402e8b8b9adb0deab684d599fba835c48fb985eb85cd,FY2026 2BR FMR minus 30% of ACS median annual earnings divided by 12,"Positive values mean the FMR benchmark exceeds 30% of median individual earnings. No work-hour, household-size, or unit-availability assumption is added.",project_flag_standard,acs_current_dollars_compared_with_fy2026_fmr
education_and_earnings,earnings_coverage_2br_fmr_pct,Median earnings coverage of two-bedroom FMR income requirement,06001,Alameda,2024,2024-12-31,cross-vintage benchmark comparison,24.6668956,percent,1.0001717,28732,116480,2912,educational_attainment,less_than_high_school,Less than high school graduate,,female,person residence compared with HUD FMR area,"population age 25 and over with earnings, by sex and educational attainment",CENSUS_ACS5_DETAIL;HUD_FMR,ACS5-2024-B20004-table-based-summary-file;HUD-FMR-FY2026-revised-effective-2026-05-21,2026-08-10T21:40:54Z,71b8cf106eab63397a9badd883cae562823225f1d65059a0608c8cdda479dc66;06af2feddaeb79ffd8f9402e8b8b9adb0deab684d599fba835c48fb985eb85cd,ACS median annual earnings divided by FY2026 2BR FMR times 40,A descriptive benchmark using the conventional 30% threshold. It does not measure an actual household budget or conclude that a unit is available.,project_flag_standard,acs_current_dollars_compared_with_fy2026_fmr
education_and_earnings,median_annual_earnings,Median annual earnings,06001,Alameda,2024,2024-12-31,annual rolling five-year estimate,28732,current dollars per year,1165,,,,educational_attainment,less_than_high_school,Less than high school graduate,,female,person residence,"population age 25 and over with earnings, by sex and educational attainment",CENSUS_ACS5_DETAIL,ACS5-2024-B20004-table-based-summary-file,2026-08-10T21:40:54Z,71b8cf106eab63397a9badd883cae562823225f1d65059a0608c8cdda479dc66,published ACS median,"Residence-based individual earnings; not household income, a wage offer, or a workplace-based job measure.",project_flag_standard,current_dollars_and_overlapping_acs_vintages
education_and_earnings,monthly_gap_to_2br_fmr,Monthly gap between two-bedroom FMR and 30% of median earnings,06001,Alameda,2024,2024-12-31,cross-vintage benchmark comparison,2193.7,current dollars per month,29.125,28732,116480,2912,educational_attainment,less_than_high_school,Less than high school graduate,,female,person residence compared with HUD FMR area,"population age 25 and over with earnings, by sex and educational attainment",CENSUS_ACS5_DETAIL;HUD_FMR,ACS5-2024-B20004-table-based-summary-file;HUD-FMR-FY2026-revised-effective-2026-05-21,2026-08-10T21:40:54Z,71b8cf106eab63397a9badd883cae562823225f1d65059a0608c8cdda479dc66;06af2feddaeb79ffd8f9402e8b8b9adb0deab684d599fba835c48fb985eb85cd,FY2026 2BR FMR minus 30% of ACS median annual earnings divided by 12,"Positive values mean the FMR benchmark exceeds 30% of median individual earnings. No work-hour, household-size, or unit-availability assumption is added.",project_flag_standard,acs_current_dollars_compared_with_fy2026_fmr
education_and_earnings,earnings_coverage_2br_fmr_pct,Median earnings coverage of two-bedroom FMR income requirement,06001,Alameda,2024,2024-12-31,cross-vintage benchmark comparison,35.19574176,percent,0.88770604,40996,116480,2912,educational_attainment,less_than_high_school,Less than high school graduate,,male,person residence compared with HUD FMR area,"population age 25 and over with earnings, by sex and educational attainment",CENSUS_ACS5_DETAIL;HUD_FMR,ACS5-2024-B20004-table-based-summary-file;HUD-FMR-FY2026-revised-effective-2026-05-21,2026-08-10T21:40:54Z,71b8cf106eab63397a9badd883cae562823225f1d65059a0608c8cdda479dc66;06af2feddaeb79ffd8f9402e8b8b9adb0deab684d599fba835c48fb985eb85cd,ACS median annual earnings divided by FY2026 2BR FMR times 40,A descriptive benchmark using the conventional 30% threshold. It does not measure an actual household budget or conclude that a unit is available.,project_flag_standard,acs_current_dollars_compared_with_fy2026_fmr
education_and_earnings,median_annual_earnings,Median annual earnings,06001,Alameda,2024,2024-12-31,annual rolling five-year estimate,40996,current dollars per year,1034,,,,educational_attainment,less_than_high_school,Less than high school graduate,,male,person residence,"population age 25 and over with earnings, by sex and educational attainment",CENSUS_ACS5_DETAIL,ACS5-2024-B20004-table-based-summary-file,2026-08-10T21:40:54Z,71b8cf106eab63397a9badd883cae562823225f1d65059a0608c8cdda479dc66,published ACS median,"Residence-based individual earnings; not household income, a wage offer, or a workplace-based job measure.",project_flag_standard,current_dollars_and_overlapping_acs_vintages
education_and_earnings,monthly_gap_to_2br_fmr,Monthly gap between two-bedroom FMR and 30% of median earnings,06001,Alameda,2024,2024-12-31,cross-vintage benchmark comparison,1887.1,current dollars per month,25.85,40996,116480,2912,educational_attainment,less_than_high_school,Less than high school graduate,,male,person residence compared with HUD FMR area,"population age 25 and over with earnings, by sex and educational attainment",CENSUS_ACS5_DETAIL;HUD_FMR,ACS5-2024-B20004-table-based-summary-file;HUD-FMR-FY2026-revised-effective-2026-05-21,2026-08-10T21:40:54Z,71b8cf106eab63397a9badd883cae562823225f1d65059a0608c8cdda479dc66;06af2feddaeb79ffd8f9402e8b8b9adb0deab684d599fba835c48fb985eb85cd,FY2026 2BR FMR minus 30% of ACS median annual earnings divided by 12,"Positive values mean the FMR benchmark exceeds 30% of median individual earnings. No work-hour, household-size, or unit-availability assumption is added.",project_flag_standard,acs_current_dollars_compared_with_fy2026_fmr
education_and_earnings,earnings_coverage_2br_fmr_pct,Median earnings coverage of two-bedroom FMR income requirement,06001,Alameda,2024,2024-12-31,cross-vintage benchmark comparison,48.09581044,percent,1.14268544,56022,116480,2912,educational_attainment,some_college_associate,Some college or associate degree,,all,person residence compared with HUD FMR area,"population age 25 and over with earnings, by sex and educational attainment",CENSUS_ACS5_DETAIL;HUD_FMR,ACS5-2024-B20004-table-based-summary-file;HUD-FMR-FY2026-revised-effective-2026-05-21,2026-08-10T21:40:54Z,71b8cf106eab63397a9badd883cae562823225f1d65059a0608c8cdda479dc66;06af2feddaeb79ffd8f9402e8b8b9adb0deab684d599fba835c48fb985eb85cd,ACS median annual earnings divided by FY2026 2BR FMR times 40,A descriptive benchmark using the conventional 30% threshold. It does not measure an actual household budget or conclude that a unit is available.,project_flag_standard,acs_current_dollars_compared_with_fy2026_fmr
education_and_earnings,median_annual_earnings,Median annual earnings,06001,Alameda,2024,2024-12-31,annual rolling five-year estimate,56022,current dollars per year,1331,,,,educational_attainment,some_college_associate,Some college or associate degree,,all,person residence,"population age 25 and over with earnings, by sex and educational attainment",CENSUS_ACS5_DETAIL,ACS5-2024-B20004-table-based-summary-file,2026-08-10T21:40:54Z,71b8cf106eab63397a9badd883cae562823225f1d65059a0608c8cdda479dc66,published ACS median,"Residence-based individual earnings; not household income, a wage offer, or a workplace-based job measure.",project_flag_standard,current_dollars_and_overlapping_acs_vintages
education_and_earnings,monthly_gap_to_2br_fmr,Monthly gap between two-bedroom FMR and 30% of median earnings,06001,Alameda,2024,2024-12-31,cross-vintage benchmark comparison,1511.45,current dollars per month,33.275,56022,116480,2912,educational_attainment,some_college_associate,Some college or associate degree,,all,person residence compared with HUD FMR area,"population age 25 and over with earnings, by sex and educational attainment",CENSUS_ACS5_DETAIL;HUD_FMR,ACS5-2024-B20004-table-based-summary-file;HUD-FMR-FY2026-revised-effective-2026-05-21,2026-08-10T21:40:54Z,71b8cf106eab63397a9badd883cae562823225f1d65059a0608c8cdda479dc66;06af2feddaeb79ffd8f9402e8b8b9adb0deab684d599fba835c48fb985eb85cd,FY2026 2BR FMR minus 30% of ACS median annual earnings divided by 12,"Positive values mean the FMR benchmark exceeds 30% of median individual earnings. No work-hour, household-size, or unit-availability assumption is added.",project_flag_standard,acs_current_dollars_compared_with_fy2026_fmr
education_and_earnings,earnings_coverage_2br_fmr_pct,Median earnings coverage of two-bedroom FMR income requirement,06001,Alameda,2024,2024-12-31,cross-vintage benchmark comparison,41.37362637,percent,0.96926511,48192,116480,2912,educational_attainment,some_college_associate,Some college or associate degree,,female,person residence compared with HUD FMR area,"population age 25 and over with earnings, by sex and educational attainment",CENSUS_ACS5_DETAIL;HUD_FMR,ACS5-2024-B20004-table-based-summary-file;HUD-FMR-FY2026-revised-effective-2026-05-21,2026-08-10T21:40:54Z,71b8cf106eab63397a9badd883cae562823225f1d65059a0608c8cdda479dc66;06af2feddaeb79ffd8f9402e8b8b9adb0deab684d599fba835c48fb985eb85cd,ACS median annual earnings divided by FY2026 2BR FMR times 40,A descriptive benchmark using the conventional 30% threshold. It does not measure an actual household budget or conclude that a unit is available.,project_flag_standard,acs_current_dollars_compared_with_fy2026_fmr
education_and_earnings,median_annual_earnings,Median annual earnings,06001,Alameda,2024,2024-12-31,annual rolling five-year estimate,48192,current dollars per year,1129,,,,educational_attainment,some_college_associate,Some college or associate degree,,female,person residence,"population age 25 and over with earnings, by sex and educational attainment",CENSUS_ACS5_DETAIL,ACS5-2024-B20004-table-based-summary-file,2026-08-10T21:40:54Z,71b8cf106eab63397a9badd883cae562823225f1d65059a0608c8cdda479dc66,published ACS median,"Residence-based individual earnings; not household income, a wage offer, or a workplace-based job measure.",project_flag_standard,current_dollars_and_overlapping_acs_vintages
education_and_earnings,monthly_gap_to_2br_fmr,Monthly gap between two-bedroom FMR and 30% of median earnings,06001,Alameda,2024,2024-12-31,cross-vintage benchmark comparison,1707.2,current dollars per month,28.225,48192,116480,2912,educational_attainment,some_college_associate,Some college or associate degree,,female,person residence compared with HUD FMR area,"population age 25 and over with earnings, by sex and educational attainment",CENSUS_ACS5_DETAIL;HUD_FMR,ACS5-2024-B20004-table-based-summary-file;HUD-FMR-FY2026-revised-effective-2026-05-21,2026-08-10T21:40:54Z,71b8cf106eab63397a9badd883cae562823225f1d65059a0608c8cdda479dc66;06af2feddaeb79ffd8f9402e8b8b9adb0deab684d599fba835c48fb985eb85cd,FY2026 2BR FMR minus 30% of ACS median annual earnings divided by 12,"Positive values mean the FMR benchmark exceeds 30% of median individual earnings. No work-hour, household-size, or unit-availability assumption is added.",project_flag_standard,acs_current_dollars_compared_with_fy2026_fmr
education_and_earnings,earnings_coverage_2br_fmr_pct,Median earnings coverage of two-bedroom FMR income requirement,06001,Alameda,2024,2024-12-31,cross-vintage benchmark comparison,54.90041209,percent,1.42342033,63948,116480,2912,educational_attainment,some_college_associate,Some college or associate degree,,male,person residence compared with HUD FMR area,"population age 25 and over with earnings, by sex and educational attainment",CENSUS_ACS5_DETAIL;HUD_FMR,ACS5-2024-B20004-table-based-summary-file;HUD-FMR-FY2026-revised-effective-2026-05-21,2026-08-10T21:40:54Z,71b8cf106eab63397a9badd883cae562823225f1d65059a0608c8cdda479dc66;06af2feddaeb79ffd8f9402e8b8b9adb0deab684d599fba835c48fb985eb85cd,ACS median annual earnings divided by FY2026 2BR FMR times 40,A descriptive benchmark using the conventional 30% threshold. It does not measure an actual household budget or conclude that a unit is available.,project_flag_standard,acs_current_dollars_compared_with_fy2026_fmr
education_and_earnings,median_annual_earnings,Median annual earnings,06001,Alameda,2024,2024-12-31,annual rolling five-year estimate,63948,current dollars per year,1658,,,,educational_attainment,some_college_associate,Some college or associate degree,,male,person residence,"population age 25 and over with earnings, by sex and educational attainment",CENSUS_ACS5_DETAIL,ACS5-2024-B20004-table-based-summary-file,2026-08-10T21:40:54Z,71b8cf106eab63397a9badd883cae562823225f1d65059a0608c8cdda479dc66,published ACS median,"Residence-based individual earnings; not household income, a wage offer, or a workplace-based job measure.",project_flag_standard,current_dollars_and_overlapping_acs_vintages
education_and_earnings,monthly_gap_to_2br_fmr,Monthly gap between two-bedroom FMR and 30% of median earnings,06001,Alameda,2024,2024-12-31,cross-vintage benchmark comparison,1313.3,current dollars per month,41.45,63948,116480,2912,educational_attainment,some_college_associate,Some college or associate degree,,male,person residence compared with HUD FMR area,"population age 25 and over with earnings, by sex and educational attainment",CENSUS_ACS5_DETAIL;HUD_FMR,ACS5-2024-B20004-table-based-summary-file;HUD-FMR-FY2026-revised-effective-2026-05-21,2026-08-10T21:40:54Z,71b8cf106eab63397a9badd883cae562823225f1d65059a0608c8cdda479dc66;06af2feddaeb79ffd8f9402e8b8b9adb0deab684d599fba835c48fb985eb85cd,FY2026 2BR FMR minus 30% of ACS median annual earnings divided by 12,"Positive values mean the FMR benchmark exceeds 30% of median individual earnings. No work-hour, household-size, or unit-availability assumption is added.",project_flag_standard,acs_current_dollars_compared_with_fy2026_fmr
education_and_earnings,homeownership_pct,Homeownership share,06001,Alameda,2024,2024-12-31,annual rolling five-year estimate,61.97578991,percent,0.51764662,211449,341180,,educational_attainment_of_householder,bachelors_plus,Bachelor's degree or higher,,,household residence,occupied housing units by educational attainment of householder,CENSUS_ACS5_DETAIL,ACS5-2024-B25013-table-based-summary-file,2026-08-10T21:40:54Z,982753024aa23f6b8441be9599449cdf4ba415a686e2935135115f64f3f5d79b,owner-occupied units divided by owner- plus renter-occupied units,Householder education is a housing-unit characteristic and is not the same universe as individual earnings.,project_flag_standard,comparable_within_table_and_vintage
education_and_earnings,homeownership_pct,Homeownership share,06001,Alameda,2024,2024-12-31,annual rolling five-year estimate,42.51734778,percent,1.47636358,32658,76811,,educational_attainment_of_householder,high_school,High school graduate or equivalent,,,household residence,occupied housing units by educational attainment of householder,CENSUS_ACS5_DETAIL,ACS5-2024-B25013-table-based-summary-file,2026-08-10T21:40:54Z,982753024aa23f6b8441be9599449cdf4ba415a686e2935135115f64f3f5d79b,owner-occupied units divided by owner- plus renter-occupied units,Householder education is a housing-unit characteristic and is not the same universe as individual earnings.,project_flag_standard,comparable_within_table_and_vintage
education_and_earnings,homeownership_pct,Homeownership share,06001,Alameda,2024,2024-12-31,annual rolling five-year estimate,37.07065314,percent,1.43394701,18747,50571,,educational_attainment_of_householder,less_than_high_school,Less than high school graduate,,,household residence,occupied housing units by educational attainment of householder,CENSUS_ACS5_DETAIL,ACS5-2024-B25013-table-based-summary-file,2026-08-10T21:40:54Z,982753024aa23f6b8441be9599449cdf4ba415a686e2935135115f64f3f5d79b,owner-occupied units divided by owner- plus renter-occupied units,Householder education is a housing-unit characteristic and is not the same universe as individual earnings.,project_flag_standard,comparable_within_table_and_vintage
education_and_earnings,homeownership_pct,Homeownership share,06001,Alameda,2024,2024-12-31,annual rolling five-year estimate,48.31359304,percent,0.89752266,62655,129684,,educational_attainment_of_householder,some_college_associate,Some college or associate degree,,,household residence,occupied housing units by educational attainment of householder,CENSUS_ACS5_DETAIL,ACS5-2024-B25013-table-based-summary-file,2026-08-10T21:40:54Z,982753024aa23f6b8441be9599449cdf4ba415a686e2935135115f64f3f5d79b,owner-occupied units divided by owner- plus renter-occupied units,Householder education is a housing-unit characteristic and is not the same universe as individual earnings.,project_flag_standard,comparable_within_table_and_vintage
education_and_earnings,earnings_coverage_2br_fmr_pct,Median earnings coverage of two-bedroom FMR income requirement,06013,Contra Costa,2024,2024-12-31,cross-vintage benchmark comparison,84.11744505,percent,1.59941621,97980,116480,2912,educational_attainment,bachelors,Bachelor's degree,,all,person residence compared with HUD FMR area,"population age 25 and over with earnings, by sex and educational attainment",CENSUS_ACS5_DETAIL;HUD_FMR,ACS5-2024-B20004-table-based-summary-file;HUD-FMR-FY2026-revised-effective-2026-05-21,2026-08-10T21:40:54Z,71b8cf106eab63397a9badd883cae562823225f1d65059a0608c8cdda479dc66;06af2feddaeb79ffd8f9402e8b8b9adb0deab684d599fba835c48fb985eb85cd,ACS median annual earnings divided by FY2026 2BR FMR times 40,A descriptive benchmark using the conventional 30% threshold. It does not measure an actual household budget or conclude that a unit is available.,project_flag_standard,acs_current_dollars_compared_with_fy2026_fmr
education_and_earnings,median_annual_earnings,Median annual earnings,06013,Contra Costa,2024,2024-12-31,annual rolling five-year estimate,97980,current dollars per year,1863,,,,educational_attainment,bachelors,Bachelor's degree,,all,person residence,"population age 25 and over with earnings, by sex and educational attainment",CENSUS_ACS5_DETAIL,ACS5-2024-B20004-table-based-summary-file,2026-08-10T21:40:54Z,71b8cf106eab63397a9badd883cae562823225f1d65059a0608c8cdda479dc66,published ACS median,"Residence-based individual earnings; not household income, a wage offer, or a workplace-based job measure.",project_flag_standard,current_dollars_and_overlapping_acs_vintages
education_and_earnings,monthly_gap_to_2br_fmr,Monthly gap between two-bedroom FMR and 30% of median earnings,06013,Contra Costa,2024,2024-12-31,cross-vintage benchmark comparison,462.5,current dollars per month,46.575,97980,116480,2912,educational_attainment,bachelors,Bachelor's degree,,all,person residence compared with HUD FMR area,"population age 25 and over with earnings, by sex and educational attainment",CENSUS_ACS5_DETAIL;HUD_FMR,ACS5-2024-B20004-table-based-summary-file;HUD-FMR-FY2026-revised-effective-2026-05-21,2026-08-10T21:40:54Z,71b8cf106eab63397a9badd883cae562823225f1d65059a0608c8cdda479dc66;06af2feddaeb79ffd8f9402e8b8b9adb0deab684d599fba835c48fb985eb85cd,FY2026 2BR FMR minus 30% of ACS median annual earnings divided by 12,"Positive values mean the FMR benchmark exceeds 30% of median individual earnings. No work-hour, household-size, or unit-availability assumption is added.",project_flag_standard,acs_current_dollars_compared_with_fy2026_fmr
education_and_earnings,earnings_coverage_2br_fmr_pct,Median earnings coverage of two-bedroom FMR income requirement,06013,Contra Costa,2024,2024-12-31,cross-vintage benchmark comparison,70.28159341,percent,1.57881181,81864,116480,2912,educational_attainment,bachelors,Bachelor's degree,,female,person residence compared with HUD FMR area,"population age 25 and over with earnings, by sex and educational attainment",CENSUS_ACS5_DETAIL;HUD_FMR,ACS5-2024-B20004-table-based-summary-file;HUD-FMR-FY2026-revised-effective-2026-05-21,2026-08-10T21:40:54Z,71b8cf106eab63397a9badd883cae562823225f1d65059a0608c8cdda479dc66;06af2feddaeb79ffd8f9402e8b8b9adb0deab684d599fba835c48fb985eb85cd,ACS median annual earnings divided by FY2026 2BR FMR times 40,A descriptive benchmark using the conventional 30% threshold. It does not measure an actual household budget or conclude that a unit is available.,project_flag_standard,acs_current_dollars_compared_with_fy2026_fmr
education_and_earnings,median_annual_earnings,Median annual earnings,06013,Contra Costa,2024,2024-12-31,annual rolling five-year estimate,81864,current dollars per year,1839,,,,educational_attainment,bachelors,Bachelor's degree,,female,person residence,"population age 25 and over with earnings, by sex and educational attainment",CENSUS_ACS5_DETAIL,ACS5-2024-B20004-table-based-summary-file,2026-08-10T21:40:54Z,71b8cf106eab63397a9badd883cae562823225f1d65059a0608c8cdda479dc66,published ACS median,"Residence-based individual earnings; not household income, a wage offer, or a workplace-based job measure.",project_flag_standard,current_dollars_and_overlapping_acs_vintages
education_and_earnings,monthly_gap_to_2br_fmr,Monthly gap between two-bedroom FMR and 30% of median earnings,06013,Contra Costa,2024,2024-12-31,cross-vintage benchmark comparison,865.4,current dollars per month,45.975,81864,116480,2912,educational_attainment,bachelors,Bachelor's degree,,female,person residence compared with HUD FMR area,"population age 25 and over with earnings, by sex and educational attainment",CENSUS_ACS5_DETAIL;HUD_FMR,ACS5-2024-B20004-table-based-summary-file;HUD-FMR-FY2026-revised-effective-2026-05-21,2026-08-10T21:40:54Z,71b8cf106eab63397a9badd883cae562823225f1d65059a0608c8cdda479dc66;06af2feddaeb79ffd8f9402e8b8b9adb0deab684d599fba835c48fb985eb85cd,FY2026 2BR FMR minus 30% of ACS median annual earnings divided by 12,"Positive values mean the FMR benchmark exceeds 30% of median individual earnings. No work-hour, household-size, or unit-availability assumption is added.",project_flag_standard,acs_current_dollars_compared_with_fy2026_fmr
education_and_earnings,earnings_coverage_2br_fmr_pct,Median earnings coverage of two-bedroom FMR income requirement,06013,Contra Costa,2024,2024-12-31,cross-vintage benchmark comparison,100.02403846,percent,3.18853022,116508,116480,2912,educational_attainment,bachelors,Bachelor's degree,,male,person residence compared with HUD FMR area,"population age 25 and over with earnings, by sex and educational attainment",CENSUS_ACS5_DETAIL;HUD_FMR,ACS5-2024-B20004-table-based-summary-file;HUD-FMR-FY2026-revised-effective-2026-05-21,2026-08-10T21:40:54Z,71b8cf106eab63397a9badd883cae562823225f1d65059a0608c8cdda479dc66;06af2feddaeb79ffd8f9402e8b8b9adb0deab684d599fba835c48fb985eb85cd,ACS median annual earnings divided by FY2026 2BR FMR times 40,A descriptive benchmark using the conventional 30% threshold. It does not measure an actual household budget or conclude that a unit is available.,project_flag_standard,acs_current_dollars_compared_with_fy2026_fmr
education_and_earnings,median_annual_earnings,Median annual earnings,06013,Contra Costa,2024,2024-12-31,annual rolling five-year estimate,116508,current dollars per year,3714,,,,educational_attainment,bachelors,Bachelor's degree,,male,person residence,"population age 25 and over with earnings, by sex and educational attainment",CENSUS_ACS5_DETAIL,ACS5-2024-B20004-table-based-summary-file,2026-08-10T21:40:54Z,71b8cf106eab63397a9badd883cae562823225f1d65059a0608c8cdda479dc66,published ACS median,"Residence-based individual earnings; not household income, a wage offer, or a workplace-based job measure.",project_flag_standard,current_dollars_and_overlapping_acs_vintages
education_and_earnings,monthly_gap_to_2br_fmr,Monthly gap between two-bedroom FMR and 30% of median earnings,06013,Contra Costa,2024,2024-12-31,cross-vintage benchmark comparison,-0.7,current dollars per month,92.85,116508,116480,2912,educational_attainment,bachelors,Bachelor's degree,,male,person residence compared with HUD FMR area,"population age 25 and over with earnings, by sex and educational attainment",CENSUS_ACS5_DETAIL;HUD_FMR,ACS5-2024-B20004-table-based-summary-file;HUD-FMR-FY2026-revised-effective-2026-05-21,2026-08-10T21:40:54Z,71b8cf106eab63397a9badd883cae562823225f1d65059a0608c8cdda479dc66;06af2feddaeb79ffd8f9402e8b8b9adb0deab684d599fba835c48fb985eb85cd,FY2026 2BR FMR minus 30% of ACS median annual earnings divided by 12,"Positive values mean the FMR benchmark exceeds 30% of median individual earnings. No work-hour, household-size, or unit-availability assumption is added.",project_flag_high_uncertainty,acs_current_dollars_compared_with_fy2026_fmr
education_and_earnings,earnings_coverage_2br_fmr_pct,Median earnings coverage of two-bedroom FMR income requirement,06013,Contra Costa,2024,2024-12-31,cross-vintage benchmark comparison,108.45123626,percent,3.29069368,126324,116480,2912,educational_attainment,graduate_professional,Graduate or professional degree,,all,person residence compared with HUD FMR area,"population age 25 and over with earnings, by sex and educational attainment",CENSUS_ACS5_DETAIL;HUD_FMR,ACS5-2024-B20004-table-based-summary-file;HUD-FMR-FY2026-revised-effective-2026-05-21,2026-08-10T21:40:54Z,71b8cf106eab63397a9badd883cae562823225f1d65059a0608c8cdda479dc66;06af2feddaeb79ffd8f9402e8b8b9adb0deab684d599fba835c48fb985eb85cd,ACS median annual earnings divided by FY2026 2BR FMR times 40,A descriptive benchmark using the conventional 30% threshold. It does not measure an actual household budget or conclude that a unit is available.,project_flag_standard,acs_current_dollars_compared_with_fy2026_fmr
education_and_earnings,median_annual_earnings,Median annual earnings,06013,Contra Costa,2024,2024-12-31,annual rolling five-year estimate,126324,current dollars per year,3833,,,,educational_attainment,graduate_professional,Graduate or professional degree,,all,person residence,"population age 25 and over with earnings, by sex and educational attainment",CENSUS_ACS5_DETAIL,ACS5-2024-B20004-table-based-summary-file,2026-08-10T21:40:54Z,71b8cf106eab63397a9badd883cae562823225f1d65059a0608c8cdda479dc66,published ACS median,"Residence-based individual earnings; not household income, a wage offer, or a workplace-based job measure.",project_flag_standard,current_dollars_and_overlapping_acs_vintages
education_and_earnings,monthly_gap_to_2br_fmr,Monthly gap between two-bedroom FMR and 30% of median earnings,06013,Contra Costa,2024,2024-12-31,cross-vintage benchmark comparison,-246.1,current dollars per month,95.825,126324,116480,2912,educational_attainment,graduate_professional,Graduate or professional degree,,all,person residence compared with HUD FMR area,"population age 25 and over with earnings, by sex and educational attainment",CENSUS_ACS5_DETAIL;HUD_FMR,ACS5-2024-B20004-table-based-summary-file;HUD-FMR-FY2026-revised-effective-2026-05-21,2026-08-10T21:40:54Z,71b8cf106eab63397a9badd883cae562823225f1d65059a0608c8cdda479dc66;06af2feddaeb79ffd8f9402e8b8b9adb0deab684d599fba835c48fb985eb85cd,FY2026 2BR FMR minus 30% of ACS median annual earnings divided by 12,"Positive values mean the FMR benchmark exceeds 30% of median individual earnings. No work-hour, household-size, or unit-availability assumption is added.",project_flag_high_uncertainty,acs_current_dollars_compared_with_fy2026_fmr
education_and_earnings,earnings_coverage_2br_fmr_pct,Median earnings coverage of two-bedroom FMR income requirement,06013,Contra Costa,2024,2024-12-31,cross-vintage benchmark comparison,89.11315247,percent,1.98059753,103799,116480,2912,educational_attainment,graduate_professional,Graduate or professional degree,,female,person residence compared with HUD FMR area,"population age 25 and over with earnings, by sex and educational attainment",CENSUS_ACS5_DETAIL;HUD_FMR,ACS5-2024-B20004-table-based-summary-file;HUD-FMR-FY2026-revised-effective-2026-05-21,2026-08-10T21:40:54Z,71b8cf106eab63397a9badd883cae562823225f1d65059a0608c8cdda479dc66;06af2feddaeb79ffd8f9402e8b8b9adb0deab684d599fba835c48fb985eb85cd,ACS median annual earnings divided by FY2026 2BR FMR times 40,A descriptive benchmark using the conventional 30% threshold. It does not measure an actual household budget or conclude that a unit is available.,project_flag_standard,acs_current_dollars_compared_with_fy2026_fmr
education_and_earnings,median_annual_earnings,Median annual earnings,06013,Contra Costa,2024,2024-12-31,annual rolling five-year estimate,103799,current dollars per year,2307,,,,educational_attainment,graduate_professional,Graduate or professional degree,,female,person residence,"population age 25 and over with earnings, by sex and educational attainment",CENSUS_ACS5_DETAIL,ACS5-2024-B20004-table-based-summary-file,2026-08-10T21:40:54Z,71b8cf106eab63397a9badd883cae562823225f1d65059a0608c8cdda479dc66,published ACS median,"Residence-based individual earnings; not household income, a wage offer, or a workplace-based job measure.",project_flag_standard,current_dollars_and_overlapping_acs_vintages
education_and_earnings,monthly_gap_to_2br_fmr,Monthly gap between two-bedroom FMR and 30% of median earnings,06013,Contra Costa,2024,2024-12-31,cross-vintage benchmark comparison,317.025,current dollars per month,57.675,103799,116480,2912,educational_attainment,graduate_professional,Graduate or professional degree,,female,person residence compared with HUD FMR area,"population age 25 and over with earnings, by sex and educational attainment",CENSUS_ACS5_DETAIL;HUD_FMR,ACS5-2024-B20004-table-based-summary-file;HUD-FMR-FY2026-revised-effective-2026-05-21,2026-08-10T21:40:54Z,71b8cf106eab63397a9badd883cae562823225f1d65059a0608c8cdda479dc66;06af2feddaeb79ffd8f9402e8b8b9adb0deab684d599fba835c48fb985eb85cd,FY2026 2BR FMR minus 30% of ACS median annual earnings divided by 12,"Positive values mean the FMR benchmark exceeds 30% of median individual earnings. No work-hour, household-size, or unit-availability assumption is added.",project_flag_moderate_uncertainty,acs_current_dollars_compared_with_fy2026_fmr
education_and_earnings,earnings_coverage_2br_fmr_pct,Median earnings coverage of two-bedroom FMR income requirement,06013,Contra Costa,2024,2024-12-31,cross-vintage benchmark comparison,135.84735577,percent,4.27541209,158235,116480,2912,educational_attainment,graduate_professional,Graduate or professional degree,,male,person residence compared with HUD FMR area,"population age 25 and over with earnings, by sex and educational attainment",CENSUS_ACS5_DETAIL;HUD_FMR,ACS5-2024-B20004-table-based-summary-file;HUD-FMR-FY2026-revised-effective-2026-05-21,2026-08-10T21:40:54Z,71b8cf106eab63397a9badd883cae562823225f1d65059a0608c8cdda479dc66;06af2feddaeb79ffd8f9402e8b8b9adb0deab684d599fba835c48fb985eb85cd,ACS median annual earnings divided by FY2026 2BR FMR times 40,A descriptive benchmark using the conventional 30% threshold. It does not measure an actual household budget or conclude that a unit is available.,project_flag_standard,acs_current_dollars_compared_with_fy2026_fmr
education_and_earnings,median_annual_earnings,Median annual earnings,06013,Contra Costa,2024,2024-12-31,annual rolling five-year estimate,158235,current dollars per year,4980,,,,educational_attainment,graduate_professional,Graduate or professional degree,,male,person residence,"population age 25 and over with earnings, by sex and educational attainment",CENSUS_ACS5_DETAIL,ACS5-2024-B20004-table-based-summary-file,2026-08-10T21:40:54Z,71b8cf106eab63397a9badd883cae562823225f1d65059a0608c8cdda479dc66,published ACS median,"Residence-based individual earnings; not household income, a wage offer, or a workplace-based job measure.",project_flag_standard,current_dollars_and_overlapping_acs_vintages
education_and_earnings,monthly_gap_to_2br_fmr,Monthly gap between two-bedroom FMR and 30% of median earnings,06013,Contra Costa,2024,2024-12-31,cross-vintage benchmark comparison,-1043.875,current dollars per month,124.5,158235,116480,2912,educational_attainment,graduate_professional,Graduate or professional degree,,male,person residence compared with HUD FMR area,"population age 25 and over with earnings, by sex and educational attainment",CENSUS_ACS5_DETAIL;HUD_FMR,ACS5-2024-B20004-table-based-summary-file;HUD-FMR-FY2026-revised-effective-2026-05-21,2026-08-10T21:40:54Z,71b8cf106eab63397a9badd883cae562823225f1d65059a0608c8cdda479dc66;06af2feddaeb79ffd8f9402e8b8b9adb0deab684d599fba835c48fb985eb85cd,FY2026 2BR FMR minus 30% of ACS median annual earnings divided by 12,"Positive values mean the FMR benchmark exceeds 30% of median individual earnings. No work-hour, household-size, or unit-availability assumption is added.",project_flag_standard,acs_current_dollars_compared_with_fy2026_fmr
education_and_earnings,earnings_coverage_2br_fmr_pct,Median earnings coverage of two-bedroom FMR income requirement,06013,Contra Costa,2024,2024-12-31,cross-vintage benchmark comparison,40.84563874,percent,1.12809066,47577,116480,2912,educational_attainment,high_school,High school graduate or equivalent,,all,person residence compared with HUD FMR area,"population age 25 and over with earnings, by sex and educational attainment",CENSUS_ACS5_DETAIL;HUD_FMR,ACS5-2024-B20004-table-based-summary-file;HUD-FMR-FY2026-revised-effective-2026-05-21,2026-08-10T21:40:54Z,71b8cf106eab63397a9badd883cae562823225f1d65059a0608c8cdda479dc66;06af2feddaeb79ffd8f9402e8b8b9adb0deab684d599fba835c48fb985eb85cd,ACS median annual earnings divided by FY2026 2BR FMR times 40,A descriptive benchmark using the conventional 30% threshold. It does not measure an actual household budget or conclude that a unit is available.,project_flag_standard,acs_current_dollars_compared_with_fy2026_fmr
education_and_earnings,median_annual_earnings,Median annual earnings,06013,Contra Costa,2024,2024-12-31,annual rolling five-year estimate,47577,current dollars per year,1314,,,,educational_attainment,high_school,High school graduate or equivalent,,all,person residence,"population age 25 and over with earnings, by sex and educational attainment",CENSUS_ACS5_DETAIL,ACS5-2024-B20004-table-based-summary-file,2026-08-10T21:40:54Z,71b8cf106eab63397a9badd883cae562823225f1d65059a0608c8cdda479dc66,published ACS median,"Residence-based individual earnings; not household income, a wage offer, or a workplace-based job measure.",project_flag_standard,current_dollars_and_overlapping_acs_vintages
education_and_earnings,monthly_gap_to_2br_fmr,Monthly gap between two-bedroom FMR and 30% of median earnings,06013,Contra Costa,2024,2024-12-31,cross-vintage benchmark comparison,1722.575,current dollars per month,32.85,47577,116480,2912,educational_attainment,high_school,High school graduate or equivalent,,all,person residence compared with HUD FMR area,"population age 25 and over with earnings, by sex and educational attainment",CENSUS_ACS5_DETAIL;HUD_FMR,ACS5-2024-B20004-table-based-summary-file;HUD-FMR-FY2026-revised-effective-2026-05-21,2026-08-10T21:40:54Z,71b8cf106eab63397a9badd883cae562823225f1d65059a0608c8cdda479dc66;06af2feddaeb79ffd8f9402e8b8b9adb0deab684d599fba835c48fb985eb85cd,FY2026 2BR FMR minus 30% of ACS median annual earnings divided by 12,"Positive values mean the FMR benchmark exceeds 30% of median individual earnings. No work-hour, household-size, or unit-availability assumption is added.",project_flag_standard,acs_current_dollars_compared_with_fy2026_fmr
education_and_earnings,earnings_coverage_2br_fmr_pct,Median earnings coverage of two-bedroom FMR income requirement,06013,Contra Costa,2024,2024-12-31,cross-vintage benchmark comparison,31.21651786,percent,1.14955357,36361,116480,2912,educational_attainment,high_school,High school graduate or equivalent,,female,person residence compared with HUD FMR area,"population age 25 and over with earnings, by sex and educational attainment",CENSUS_ACS5_DETAIL;HUD_FMR,ACS5-2024-B20004-table-based-summary-file;HUD-FMR-FY2026-revised-effective-2026-05-21,2026-08-10T21:40:54Z,71b8cf106eab63397a9badd883cae562823225f1d65059a0608c8cdda479dc66;06af2feddaeb79ffd8f9402e8b8b9adb0deab684d599fba835c48fb985eb85cd,ACS median annual earnings divided by FY2026 2BR FMR times 40,A descriptive benchmark using the conventional 30% threshold. It does not measure an actual household budget or conclude that a unit is available.,project_flag_standard,acs_current_dollars_compared_with_fy2026_fmr
education_and_earnings,median_annual_earnings,Median annual earnings,06013,Contra Costa,2024,2024-12-31,annual rolling five-year estimate,36361,current dollars per year,1339,,,,educational_attainment,high_school,High school graduate or equivalent,,female,person residence,"population age 25 and over with earnings, by sex and educational attainment",CENSUS_ACS5_DETAIL,ACS5-2024-B20004-table-based-summary-file,2026-08-10T21:40:54Z,71b8cf106eab63397a9badd883cae562823225f1d65059a0608c8cdda479dc66,published ACS median,"Residence-based individual earnings; not household income, a wage offer, or a workplace-based job measure.",project_flag_standard,current_dollars_and_overlapping_acs_vintages
education_and_earnings,monthly_gap_to_2br_fmr,Monthly gap between two-bedroom FMR and 30% of median earnings,06013,Contra Costa,2024,2024-12-31,cross-vintage benchmark comparison,2002.975,current dollars per month,33.475,36361,116480,2912,educational_attainment,high_school,High school graduate or equivalent,,female,person residence compared with HUD FMR area,"population age 25 and over with earnings, by sex and educational attainment",CENSUS_ACS5_DETAIL;HUD_FMR,ACS5-2024-B20004-table-based-summary-file;HUD-FMR-FY2026-revised-effective-2026-05-21,2026-08-10T21:40:54Z,71b8cf106eab63397a9badd883cae562823225f1d65059a0608c8cdda479dc66;06af2feddaeb79ffd8f9402e8b8b9adb0deab684d599fba835c48fb985eb85cd,FY2026 2BR FMR minus 30% of ACS median annual earnings divided by 12,"Positive values mean the FMR benchmark exceeds 30% of median individual earnings. No work-hour, household-size, or unit-availability assumption is added.",project_flag_standard,acs_current_dollars_compared_with_fy2026_fmr
education_and_earnings,earnings_coverage_2br_fmr_pct,Median earnings coverage of two-bedroom FMR income requirement,06013,Contra Costa,2024,2024-12-31,cross-vintage benchmark comparison,47.47338599,percent,2.15401786,55297,116480,2912,educational_attainment,high_school,High school graduate or equivalent,,male,person residence compared with HUD FMR area,"population age 25 and over with earnings, by sex and educational attainment",CENSUS_ACS5_DETAIL;HUD_FMR,ACS5-2024-B20004-table-based-summary-file;HUD-FMR-FY2026-revised-effective-2026-05-21,2026-08-10T21:40:54Z,71b8cf106eab63397a9badd883cae562823225f1d65059a0608c8cdda479dc66;06af2feddaeb79ffd8f9402e8b8b9adb0deab684d599fba835c48fb985eb85cd,ACS median annual earnings divided by FY2026 2BR FMR times 40,A descriptive benchmark using the conventional 30% threshold. It does not measure an actual household budget or conclude that a unit is available.,project_flag_standard,acs_current_dollars_compared_with_fy2026_fmr
education_and_earnings,median_annual_earnings,Median annual earnings,06013,Contra Costa,2024,2024-12-31,annual rolling five-year estimate,55297,current dollars per year,2509,,,,educational_attainment,high_school,High school graduate or equivalent,,male,person residence,"population age 25 and over with earnings, by sex and educational attainment",CENSUS_ACS5_DETAIL,ACS5-2024-B20004-table-based-summary-file,2026-08-10T21:40:54Z,71b8cf106eab63397a9badd883cae562823225f1d65059a0608c8cdda479dc66,published ACS median,"Residence-based individual earnings; not household income, a wage offer, or a workplace-based job measure.",project_flag_standard,current_dollars_and_overlapping_acs_vintages
education_and_earnings,monthly_gap_to_2br_fmr,Monthly gap between two-bedroom FMR and 30% of median earnings,06013,Contra Costa,2024,2024-12-31,cross-vintage benchmark comparison,1529.575,current dollars per month,62.725,55297,116480,2912,educational_attainment,high_school,High school graduate or equivalent,,male,person residence compared with HUD FMR area,"population age 25 and over with earnings, by sex and educational attainment",CENSUS_ACS5_DETAIL;HUD_FMR,ACS5-2024-B20004-table-based-summary-file;HUD-FMR-FY2026-revised-effective-2026-05-21,2026-08-10T21:40:54Z,71b8cf106eab63397a9badd883cae562823225f1d65059a0608c8cdda479dc66;06af2feddaeb79ffd8f9402e8b8b9adb0deab684d599fba835c48fb985eb85cd,FY2026 2BR FMR minus 30% of ACS median annual earnings divided by 12,"Positive values mean the FMR benchmark exceeds 30% of median individual earnings. No work-hour, household-size, or unit-availability assumption is added.",project_flag_standard,acs_current_dollars_compared_with_fy2026_fmr
education_and_earnings,earnings_coverage_2br_fmr_pct,Median earnings coverage of two-bedroom FMR income requirement,06013,Contra Costa,2024,2024-12-31,cross-vintage benchmark comparison,30.64732143,percent,0.92376374,35698,116480,2912,educational_attainment,less_than_high_school,Less than high school graduate,,all,person residence compared with HUD FMR area,"population age 25 and over with earnings, by sex and educational attainment",CENSUS_ACS5_DETAIL;HUD_FMR,ACS5-2024-B20004-table-based-summary-file;HUD-FMR-FY2026-revised-effective-2026-05-21,2026-08-10T21:40:54Z,71b8cf106eab63397a9badd883cae562823225f1d65059a0608c8cdda479dc66;06af2feddaeb79ffd8f9402e8b8b9adb0deab684d599fba835c48fb985eb85cd,ACS median annual earnings divided by FY2026 2BR FMR times 40,A descriptive benchmark using the conventional 30% threshold. It does not measure an actual household budget or conclude that a unit is available.,project_flag_standard,acs_current_dollars_compared_with_fy2026_fmr
education_and_earnings,median_annual_earnings,Median annual earnings,06013,Contra Costa,2024,2024-12-31,annual rolling five-year estimate,35698,current dollars per year,1076,,,,educational_attainment,less_than_high_school,Less than high school graduate,,all,person residence,"population age 25 and over with earnings, by sex and educational attainment",CENSUS_ACS5_DETAIL,ACS5-2024-B20004-table-based-summary-file,2026-08-10T21:40:54Z,71b8cf106eab63397a9badd883cae562823225f1d65059a0608c8cdda479dc66,published ACS median,"Residence-based individual earnings; not household income, a wage offer, or a workplace-based job measure.",project_flag_standard,current_dollars_and_overlapping_acs_vintages
education_and_earnings,monthly_gap_to_2br_fmr,Monthly gap between two-bedroom FMR and 30% of median earnings,06013,Contra Costa,2024,2024-12-31,cross-vintage benchmark comparison,2019.55,current dollars per month,26.9,35698,116480,2912,educational_attainment,less_than_high_school,Less than high school graduate,,all,person residence compared with HUD FMR area,"population age 25 and over with earnings, by sex and educational attainment",CENSUS_ACS5_DETAIL;HUD_FMR,ACS5-2024-B20004-table-based-summary-file;HUD-FMR-FY2026-revised-effective-2026-05-21,2026-08-10T21:40:54Z,71b8cf106eab63397a9badd883cae562823225f1d65059a0608c8cdda479dc66;06af2feddaeb79ffd8f9402e8b8b9adb0deab684d599fba835c48fb985eb85cd,FY2026 2BR FMR minus 30% of ACS median annual earnings divided by 12,"Positive values mean the FMR benchmark exceeds 30% of median individual earnings. No work-hour, household-size, or unit-availability assumption is added.",project_flag_standard,acs_current_dollars_compared_with_fy2026_fmr
education_and_earnings,earnings_coverage_2br_fmr_pct,Median earnings coverage of two-bedroom FMR income requirement,06013,Contra Costa,2024,2024-12-31,cross-vintage benchmark comparison,22.95673077,percent,0.98643544,26740,116480,2912,educational_attainment,less_than_high_school,Less than high school graduate,,female,person residence compared with HUD FMR area,"population age 25 and over with earnings, by sex and educational attainment",CENSUS_ACS5_DETAIL;HUD_FMR,ACS5-2024-B20004-table-based-summary-file;HUD-FMR-FY2026-revised-effective-2026-05-21,2026-08-10T21:40:54Z,71b8cf106eab63397a9badd883cae562823225f1d65059a0608c8cdda479dc66;06af2feddaeb79ffd8f9402e8b8b9adb0deab684d599fba835c48fb985eb85cd,ACS median annual earnings divided by FY2026 2BR FMR times 40,A descriptive benchmark using the conventional 30% threshold. It does not measure an actual household budget or conclude that a unit is available.,project_flag_standard,acs_current_dollars_compared_with_fy2026_fmr
education_and_earnings,median_annual_earnings,Median annual earnings,06013,Contra Costa,2024,2024-12-31,annual rolling five-year estimate,26740,current dollars per year,1149,,,,educational_attainment,less_than_high_school,Less than high school graduate,,female,person residence,"population age 25 and over with earnings, by sex and educational attainment",CENSUS_ACS5_DETAIL,ACS5-2024-B20004-table-based-summary-file,2026-08-10T21:40:54Z,71b8cf106eab63397a9badd883cae562823225f1d65059a0608c8cdda479dc66,published ACS median,"Residence-based individual earnings; not household income, a wage offer, or a workplace-based job measure.",project_flag_standard,current_dollars_and_overlapping_acs_vintages
education_and_earnings,monthly_gap_to_2br_fmr,Monthly gap between two-bedroom FMR and 30% of median earnings,06013,Contra Costa,2024,2024-12-31,cross-vintage benchmark comparison,2243.5,current dollars per month,28.725,26740,116480,2912,educational_attainment,less_than_high_school,Less than high school graduate,,female,person residence compared with HUD FMR area,"population age 25 and over with earnings, by sex and educational attainment",CENSUS_ACS5_DETAIL;HUD_FMR,ACS5-2024-B20004-table-based-summary-file;HUD-FMR-FY2026-revised-effective-2026-05-21,2026-08-10T21:40:54Z,71b8cf106eab63397a9badd883cae562823225f1d65059a0608c8cdda479dc66;06af2feddaeb79ffd8f9402e8b8b9adb0deab684d599fba835c48fb985eb85cd,FY2026 2BR FMR minus 30% of ACS median annual earnings divided by 12,"Positive values mean the FMR benchmark exceeds 30% of median individual earnings. No work-hour, household-size, or unit-availability assumption is added.",project_flag_standard,acs_current_dollars_compared_with_fy2026_fmr
education_and_earnings,earnings_coverage_2br_fmr_pct,Median earnings coverage of two-bedroom FMR income requirement,06013,Contra Costa,2024,2024-12-31,cross-vintage benchmark comparison,36.91706731,percent,1.63203984,43001,116480,2912,educational_attainment,less_than_high_school,Less than high school graduate,,male,person residence compared with HUD FMR area,"population age 25 and over with earnings, by sex and educational attainment",CENSUS_ACS5_DETAIL;HUD_FMR,ACS5-2024-B20004-table-based-summary-file;HUD-FMR-FY2026-revised-effective-2026-05-21,2026-08-10T21:40:54Z,71b8cf106eab63397a9badd883cae562823225f1d65059a0608c8cdda479dc66;06af2feddaeb79ffd8f9402e8b8b9adb0deab684d599fba835c48fb985eb85cd,ACS median annual earnings divided by FY2026 2BR FMR times 40,A descriptive benchmark using the conventional 30% threshold. It does not measure an actual household budget or conclude that a unit is available.,project_flag_standard,acs_current_dollars_compared_with_fy2026_fmr
education_and_earnings,median_annual_earnings,Median annual earnings,06013,Contra Costa,2024,2024-12-31,annual rolling five-year estimate,43001,current dollars per year,1901,,,,educational_attainment,less_than_high_school,Less than high school graduate,,male,person residence,"population age 25 and over with earnings, by sex and educational attainment",CENSUS_ACS5_DETAIL,ACS5-2024-B20004-table-based-summary-file,2026-08-10T21:40:54Z,71b8cf106eab63397a9badd883cae562823225f1d65059a0608c8cdda479dc66,published ACS median,"Residence-based individual earnings; not household income, a wage offer, or a workplace-based job measure.",project_flag_standard,current_dollars_and_overlapping_acs_vintages
education_and_earnings,monthly_gap_to_2br_fmr,Monthly gap between two-bedroom FMR and 30% of median earnings,06013,Contra Costa,2024,2024-12-31,cross-vintage benchmark comparison,1836.975,current dollars per month,47.525,43001,116480,2912,educational_attainment,less_than_high_school,Less than high school graduate,,male,person residence compared with HUD FMR area,"population age 25 and over with earnings, by sex and educational attainment",CENSUS_ACS5_DETAIL;HUD_FMR,ACS5-2024-B20004-table-based-summary-file;HUD-FMR-FY2026-revised-effective-2026-05-21,2026-08-10T21:40:54Z,71b8cf106eab63397a9badd883cae562823225f1d65059a0608c8cdda479dc66;06af2feddaeb79ffd8f9402e8b8b9adb0deab684d599fba835c48fb985eb85cd,FY2026 2BR FMR minus 30% of ACS median annual earnings divided by 12,"Positive values mean the FMR benchmark exceeds 30% of median individual earnings. No work-hour, household-size, or unit-availability assumption is added.",project_flag_standard,acs_current_dollars_compared_with_fy2026_fmr
education_and_earnings,earnings_coverage_2br_fmr_pct,Median earnings coverage of two-bedroom FMR income requirement,06013,Contra Costa,2024,2024-12-31,cross-vintage benchmark comparison,51.39680632,percent,1.1512706,59867,116480,2912,educational_attainment,some_college_associate,Some college or associate degree,,all,person residence compared with HUD FMR area,"population age 25 and over with earnings, by sex and educational attainment",CENSUS_ACS5_DETAIL;HUD_FMR,ACS5-2024-B20004-table-based-summary-file;HUD-FMR-FY2026-revised-effective-2026-05-21,2026-08-10T21:40:54Z,71b8cf106eab63397a9badd883cae562823225f1d65059a0608c8cdda479dc66;06af2feddaeb79ffd8f9402e8b8b9adb0deab684d599fba835c48fb985eb85cd,ACS median annual earnings divided by FY2026 2BR FMR times 40,A descriptive benchmark using the conventional 30% threshold. It does not measure an actual household budget or conclude that a unit is available.,project_flag_standard,acs_current_dollars_compared_with_fy2026_fmr
education_and_earnings,median_annual_earnings,Median annual earnings,06013,Contra Costa,2024,2024-12-31,annual rolling five-year estimate,59867,current dollars per year,1341,,,,educational_attainment,some_college_associate,Some college or associate degree,,all,person residence,"population age 25 and over with earnings, by sex and educational attainment",CENSUS_ACS5_DETAIL,ACS5-2024-B20004-table-based-summary-file,2026-08-10T21:40:54Z,71b8cf106eab63397a9badd883cae562823225f1d65059a0608c8cdda479dc66,published ACS median,"Residence-based individual earnings; not household income, a wage offer, or a workplace-based job measure.",project_flag_standard,current_dollars_and_overlapping_acs_vintages
education_and_earnings,monthly_gap_to_2br_fmr,Monthly gap between two-bedroom FMR and 30% of median earnings,06013,Contra Costa,2024,2024-12-31,cross-vintage benchmark comparison,1415.325,current dollars per month,33.525,59867,116480,2912,educational_attainment,some_college_associate,Some college or associate degree,,all,person residence compared with HUD FMR area,"population age 25 and over with earnings, by sex and educational attainment",CENSUS_ACS5_DETAIL;HUD_FMR,ACS5-2024-B20004-table-based-summary-file;HUD-FMR-FY2026-revised-effective-2026-05-21,2026-08-10T21:40:54Z,71b8cf106eab63397a9badd883cae562823225f1d65059a0608c8cdda479dc66;06af2feddaeb79ffd8f9402e8b8b9adb0deab684d599fba835c48fb985eb85cd,FY2026 2BR FMR minus 30% of ACS median annual earnings divided by 12,"Positive values mean the FMR benchmark exceeds 30% of median individual earnings. No work-hour, household-size, or unit-availability assumption is added.",project_flag_standard,acs_current_dollars_compared_with_fy2026_fmr
education_and_earnings,earnings_coverage_2br_fmr_pct,Median earnings coverage of two-bedroom FMR income requirement,06013,Contra Costa,2024,2024-12-31,cross-vintage benchmark comparison,41.6981456,percent,1.27403846,48570,116480,2912,educational_attainment,some_college_associate,Some college or associate degree,,female,person residence compared with HUD FMR area,"population age 25 and over with earnings, by sex and educational attainment",CENSUS_ACS5_DETAIL;HUD_FMR,ACS5-2024-B20004-table-based-summary-file;HUD-FMR-FY2026-revised-effective-2026-05-21,2026-08-10T21:40:54Z,71b8cf106eab63397a9badd883cae562823225f1d65059a0608c8cdda479dc66;06af2feddaeb79ffd8f9402e8b8b9adb0deab684d599fba835c48fb985eb85cd,ACS median annual earnings divided by FY2026 2BR FMR times 40,A descriptive benchmark using the conventional 30% threshold. It does not measure an actual household budget or conclude that a unit is available.,project_flag_standard,acs_current_dollars_compared_with_fy2026_fmr
education_and_earnings,median_annual_earnings,Median annual earnings,06013,Contra Costa,2024,2024-12-31,annual rolling five-year estimate,48570,current dollars per year,1484,,,,educational_attainment,some_college_associate,Some college or associate degree,,female,person residence,"population age 25 and over with earnings, by sex and educational attainment",CENSUS_ACS5_DETAIL,ACS5-2024-B20004-table-based-summary-file,2026-08-10T21:40:54Z,71b8cf106eab63397a9badd883cae562823225f1d65059a0608c8cdda479dc66,published ACS median,"Residence-based individual earnings; not household income, a wage offer, or a workplace-based job measure.",project_flag_standard,current_dollars_and_overlapping_acs_vintages
education_and_earnings,monthly_gap_to_2br_fmr,Monthly gap between two-bedroom FMR and 30% of median earnings,06013,Contra Costa,2024,2024-12-31,cross-vintage benchmark comparison,1697.75,current dollars per month,37.1,48570,116480,2912,educational_attainment,some_college_associate,Some college or associate degree,,female,person residence compared with HUD FMR area,"population age 25 and over with earnings, by sex and educational attainment",CENSUS_ACS5_DETAIL;HUD_FMR,ACS5-2024-B20004-table-based-summary-file;HUD-FMR-FY2026-revised-effective-2026-05-21,2026-08-10T21:40:54Z,71b8cf106eab63397a9badd883cae562823225f1d65059a0608c8cdda479dc66;06af2feddaeb79ffd8f9402e8b8b9adb0deab684d599fba835c48fb985eb85cd,FY2026 2BR FMR minus 30% of ACS median annual earnings divided by 12,"Positive values mean the FMR benchmark exceeds 30% of median individual earnings. No work-hour, household-size, or unit-availability assumption is added.",project_flag_standard,acs_current_dollars_compared_with_fy2026_fmr
education_and_earnings,earnings_coverage_2br_fmr_pct,Median earnings coverage of two-bedroom FMR income requirement,06013,Contra Costa,2024,2024-12-31,cross-vintage benchmark comparison,61.28090659,percent,1.7342033,71380,116480,2912,educational_attainment,some_college_associate,Some college or associate degree,,male,person residence compared with HUD FMR area,"population age 25 and over with earnings, by sex and educational attainment",CENSUS_ACS5_DETAIL;HUD_FMR,ACS5-2024-B20004-table-based-summary-file;HUD-FMR-FY2026-revised-effective-2026-05-21,2026-08-10T21:40:54Z,71b8cf106eab63397a9badd883cae562823225f1d65059a0608c8cdda479dc66;06af2feddaeb79ffd8f9402e8b8b9adb0deab684d599fba835c48fb985eb85cd,ACS median annual earnings divided by FY2026 2BR FMR times 40,A descriptive benchmark using the conventional 30% threshold. It does not measure an actual household budget or conclude that a unit is available.,project_flag_standard,acs_current_dollars_compared_with_fy2026_fmr
education_and_earnings,median_annual_earnings,Median annual earnings,06013,Contra Costa,2024,2024-12-31,annual rolling five-year estimate,71380,current dollars per year,2020,,,,educational_attainment,some_college_associate,Some college or associate degree,,male,person residence,"population age 25 and over with earnings, by sex and educational attainment",CENSUS_ACS5_DETAIL,ACS5-2024-B20004-table-based-summary-file,2026-08-10T21:40:54Z,71b8cf106eab63397a9badd883cae562823225f1d65059a0608c8cdda479dc66,published ACS median,"Residence-based individual earnings; not household income, a wage offer, or a workplace-based job measure.",project_flag_standard,current_dollars_and_overlapping_acs_vintages
education_and_earnings,monthly_gap_to_2br_fmr,Monthly gap between two-bedroom FMR and 30% of median earnings,06013,Contra Costa,2024,2024-12-31,cross-vintage benchmark comparison,1127.5,current dollars per month,50.5,71380,116480,2912,educational_attainment,some_college_associate,Some college or associate degree,,male,person residence compared with HUD FMR area,"population age 25 and over with earnings, by sex and educational attainment",CENSUS_ACS5_DETAIL;HUD_FMR,ACS5-2024-B20004-table-based-summary-file;HUD-FMR-FY2026-revised-effective-2026-05-21,2026-08-10T21:40:54Z,71b8cf106eab63397a9badd883cae562823225f1d65059a0608c8cdda479dc66;06af2feddaeb79ffd8f9402e8b8b9adb0deab684d599fba835c48fb985eb85cd,FY2026 2BR FMR minus 30% of ACS median annual earnings divided by 12,"Positive values mean the FMR benchmark exceeds 30% of median individual earnings. No work-hour, household-size, or unit-availability assumption is added.",project_flag_standard,acs_current_dollars_compared_with_fy2026_fmr
education_and_earnings,homeownership_pct,Homeownership share,06013,Contra Costa,2024,2024-12-31,annual rolling five-year estimate,76.8201415,percent,0.4604613,157870,205506,,educational_attainment_of_householder,bachelors_plus,Bachelor's degree or higher,,,household residence,occupied housing units by educational attainment of householder,CENSUS_ACS5_DETAIL,ACS5-2024-B25013-table-based-summary-file,2026-08-10T21:40:54Z,982753024aa23f6b8441be9599449cdf4ba415a686e2935135115f64f3f5d79b,owner-occupied units divided by owner- plus renter-occupied units,Householder education is a housing-unit characteristic and is not the same universe as individual earnings.,project_flag_standard,comparable_within_table_and_vintage
education_and_earnings,homeownership_pct,Homeownership share,06013,Contra Costa,2024,2024-12-31,annual rolling five-year estimate,57.55423367,percent,1.21534545,35896,62369,,educational_attainment_of_householder,high_school,High school graduate or equivalent,,,household residence,occupied housing units by educational attainment of householder,CENSUS_ACS5_DETAIL,ACS5-2024-B25013-table-based-summary-file,2026-08-10T21:40:54Z,982753024aa23f6b8441be9599449cdf4ba415a686e2935135115f64f3f5d79b,owner-occupied units divided by owner- plus renter-occupied units,Householder education is a housing-unit characteristic and is not the same universe as individual earnings.,project_flag_standard,comparable_within_table_and_vintage
education_and_earnings,homeownership_pct,Homeownership share,06013,Contra Costa,2024,2024-12-31,annual rolling five-year estimate,44.31038265,percent,2.10838661,14139,31909,,educational_attainment_of_householder,less_than_high_school,Less than high school graduate,,,household residence,occupied housing units by educational attainment of householder,CENSUS_ACS5_DETAIL,ACS5-2024-B25013-table-based-summary-file,2026-08-10T21:40:54Z,982753024aa23f6b8441be9599449cdf4ba415a686e2935135115f64f3f5d79b,owner-occupied units divided by owner- plus renter-occupied units,Householder education is a housing-unit characteristic and is not the same universe as individual earnings.,project_flag_standard,comparable_within_table_and_vintage
education_and_earnings,homeownership_pct,Homeownership share,06013,Contra Costa,2024,2024-12-31,annual rolling five-year estimate,64.478815,percent,1.2052794,73914,114633,,educational_attainment_of_householder,some_college_associate,Some college or associate degree,,,household residence,occupied housing units by educational attainment of householder,CENSUS_ACS5_DETAIL,ACS5-2024-B25013-table-based-summary-file,2026-08-10T21:40:54Z,982753024aa23f6b8441be9599449cdf4ba415a686e2935135115f64f3f5d79b,owner-occupied units divided by owner- plus renter-occupied units,Householder education is a housing-unit characteristic and is not the same universe as individual earnings.,project_flag_standard,comparable_within_table_and_vintage
education_and_earnings,earnings_coverage_2br_fmr_pct,Median earnings coverage of two-bedroom FMR income requirement,06041,Marin,2024,2024-12-31,cross-vintage benchmark comparison,72.59780799,percent,3.43507214,104657,144160,3604,educational_attainment,bachelors,Bachelor's degree,,all,person residence compared with HUD FMR area,"population age 25 and over with earnings, by sex and educational attainment",CENSUS_ACS5_DETAIL;HUD_FMR,ACS5-2024-B20004-table-based-summary-file;HUD-FMR-FY2026-revised-effective-2026-05-21,2026-08-10T21:40:54Z,71b8cf106eab63397a9badd883cae562823225f1d65059a0608c8cdda479dc66;06af2feddaeb79ffd8f9402e8b8b9adb0deab684d599fba835c48fb985eb85cd,ACS median annual earnings divided by FY2026 2BR FMR times 40,A descriptive benchmark using the conventional 30% threshold. It does not measure an actual household budget or conclude that a unit is available.,project_flag_standard,acs_current_dollars_compared_with_fy2026_fmr
education_and_earnings,median_annual_earnings,Median annual earnings,06041,Marin,2024,2024-12-31,annual rolling five-year estimate,104657,current dollars per year,4952,,,,educational_attainment,bachelors,Bachelor's degree,,all,person residence,"population age 25 and over with earnings, by sex and educational attainment",CENSUS_ACS5_DETAIL,ACS5-2024-B20004-table-based-summary-file,2026-08-10T21:40:54Z,71b8cf106eab63397a9badd883cae562823225f1d65059a0608c8cdda479dc66,published ACS median,"Residence-based individual earnings; not household income, a wage offer, or a workplace-based job measure.",project_flag_standard,current_dollars_and_overlapping_acs_vintages
education_and_earnings,monthly_gap_to_2br_fmr,Monthly gap between two-bedroom FMR and 30% of median earnings,06041,Marin,2024,2024-12-31,cross-vintage benchmark comparison,987.575,current dollars per month,123.8,104657,144160,3604,educational_attainment,bachelors,Bachelor's degree,,all,person residence compared with HUD FMR area,"population age 25 and over with earnings, by sex and educational attainment",CENSUS_ACS5_DETAIL;HUD_FMR,ACS5-2024-B20004-table-based-summary-file;HUD-FMR-FY2026-revised-effective-2026-05-21,2026-08-10T21:40:54Z,71b8cf106eab63397a9badd883cae562823225f1d65059a0608c8cdda479dc66;06af2feddaeb79ffd8f9402e8b8b9adb0deab684d599fba835c48fb985eb85cd,FY2026 2BR FMR minus 30% of ACS median annual earnings divided by 12,"Positive values mean the FMR benchmark exceeds 30% of median individual earnings. No work-hour, household-size, or unit-availability assumption is added.",project_flag_standard,acs_current_dollars_compared_with_fy2026_fmr
education_and_earnings,earnings_coverage_2br_fmr_pct,Median earnings coverage of two-bedroom FMR income requirement,06041,Marin,2024,2024-12-31,cross-vintage benchmark comparison,59.03579356,percent,4.00388457,85106,144160,3604,educational_attainment,bachelors,Bachelor's degree,,female,person residence compared with HUD FMR area,"population age 25 and over with earnings, by sex and educational attainment",CENSUS_ACS5_DETAIL;HUD_FMR,ACS5-2024-B20004-table-based-summary-file;HUD-FMR-FY2026-revised-effective-2026-05-21,2026-08-10T21:40:54Z,71b8cf106eab63397a9badd883cae562823225f1d65059a0608c8cdda479dc66;06af2feddaeb79ffd8f9402e8b8b9adb0deab684d599fba835c48fb985eb85cd,ACS median annual earnings divided by FY2026 2BR FMR times 40,A descriptive benchmark using the conventional 30% threshold. It does not measure an actual household budget or conclude that a unit is available.,project_flag_standard,acs_current_dollars_compared_with_fy2026_fmr
education_and_earnings,median_annual_earnings,Median annual earnings,06041,Marin,2024,2024-12-31,annual rolling five-year estimate,85106,current dollars per year,5772,,,,educational_attainment,bachelors,Bachelor's degree,,female,person residence,"population age 25 and over with earnings, by sex and educational attainment",CENSUS_ACS5_DETAIL,ACS5-2024-B20004-table-based-summary-file,2026-08-10T21:40:54Z,71b8cf106eab63397a9badd883cae562823225f1d65059a0608c8cdda479dc66,published ACS median,"Residence-based individual earnings; not household income, a wage offer, or a workplace-based job measure.",project_flag_standard,current_dollars_and_overlapping_acs_vintages
education_and_earnings,monthly_gap_to_2br_fmr,Monthly gap between two-bedroom FMR and 30% of median earnings,06041,Marin,2024,2024-12-31,cross-vintage benchmark comparison,1476.35,current dollars per month,144.3,85106,144160,3604,educational_attainment,bachelors,Bachelor's degree,,female,person residence compared with HUD FMR area,"population age 25 and over with earnings, by sex and educational attainment",CENSUS_ACS5_DETAIL;HUD_FMR,ACS5-2024-B20004-table-based-summary-file;HUD-FMR-FY2026-revised-effective-2026-05-21,2026-08-10T21:40:54Z,71b8cf106eab63397a9badd883cae562823225f1d65059a0608c8cdda479dc66;06af2feddaeb79ffd8f9402e8b8b9adb0deab684d599fba835c48fb985eb85cd,FY2026 2BR FMR minus 30% of ACS median annual earnings divided by 12,"Positive values mean the FMR benchmark exceeds 30% of median individual earnings. No work-hour, household-size, or unit-availability assumption is added.",project_flag_standard,acs_current_dollars_compared_with_fy2026_fmr
education_and_earnings,earnings_coverage_2br_fmr_pct,Median earnings coverage of two-bedroom FMR income requirement,06041,Marin,2024,2024-12-31,cross-vintage benchmark comparison,97.87597114,percent,9.15718646,141098,144160,3604,educational_attainment,bachelors,Bachelor's degree,,male,person residence compared with HUD FMR area,"population age 25 and over with earnings, by sex and educational attainment",CENSUS_ACS5_DETAIL;HUD_FMR,ACS5-2024-B20004-table-based-summary-file;HUD-FMR-FY2026-revised-effective-2026-05-21,2026-08-10T21:40:54Z,71b8cf106eab63397a9badd883cae562823225f1d65059a0608c8cdda479dc66;06af2feddaeb79ffd8f9402e8b8b9adb0deab684d599fba835c48fb985eb85cd,ACS median annual earnings divided by FY2026 2BR FMR times 40,A descriptive benchmark using the conventional 30% threshold. It does not measure an actual household budget or conclude that a unit is available.,project_flag_standard,acs_current_dollars_compared_with_fy2026_fmr
education_and_earnings,median_annual_earnings,Median annual earnings,06041,Marin,2024,2024-12-31,annual rolling five-year estimate,141098,current dollars per year,13201,,,,educational_attainment,bachelors,Bachelor's degree,,male,person residence,"population age 25 and over with earnings, by sex and educational attainment",CENSUS_ACS5_DETAIL,ACS5-2024-B20004-table-based-summary-file,2026-08-10T21:40:54Z,71b8cf106eab63397a9badd883cae562823225f1d65059a0608c8cdda479dc66,published ACS median,"Residence-based individual earnings; not household income, a wage offer, or a workplace-based job measure.",project_flag_standard,current_dollars_and_overlapping_acs_vintages
education_and_earnings,monthly_gap_to_2br_fmr,Monthly gap between two-bedroom FMR and 30% of median earnings,06041,Marin,2024,2024-12-31,cross-vintage benchmark comparison,76.55,current dollars per month,330.025,141098,144160,3604,educational_attainment,bachelors,Bachelor's degree,,male,person residence compared with HUD FMR area,"population age 25 and over with earnings, by sex and educational attainment",CENSUS_ACS5_DETAIL;HUD_FMR,ACS5-2024-B20004-table-based-summary-file;HUD-FMR-FY2026-revised-effective-2026-05-21,2026-08-10T21:40:54Z,71b8cf106eab63397a9badd883cae562823225f1d65059a0608c8cdda479dc66;06af2feddaeb79ffd8f9402e8b8b9adb0deab684d599fba835c48fb985eb85cd,FY2026 2BR FMR minus 30% of ACS median annual earnings divided by 12,"Positive values mean the FMR benchmark exceeds 30% of median individual earnings. No work-hour, household-size, or unit-availability assumption is added.",project_flag_high_uncertainty,acs_current_dollars_compared_with_fy2026_fmr
education_and_earnings,earnings_coverage_2br_fmr_pct,Median earnings coverage of two-bedroom FMR income requirement,06041,Marin,2024,2024-12-31,cross-vintage benchmark comparison,94.34378468,percent,5.30937847,136006,144160,3604,educational_attainment,graduate_professional,Graduate or professional degree,,all,person residence compared with HUD FMR area,"population age 25 and over with earnings, by sex and educational attainment",CENSUS_ACS5_DETAIL;HUD_FMR,ACS5-2024-B20004-table-based-summary-file;HUD-FMR-FY2026-revised-effective-2026-05-21,2026-08-10T21:40:54Z,71b8cf106eab63397a9badd883cae562823225f1d65059a0608c8cdda479dc66;06af2feddaeb79ffd8f9402e8b8b9adb0deab684d599fba835c48fb985eb85cd,ACS median annual earnings divided by FY2026 2BR FMR times 40,A descriptive benchmark using the conventional 30% threshold. It does not measure an actual household budget or conclude that a unit is available.,project_flag_standard,acs_current_dollars_compared_with_fy2026_fmr
education_and_earnings,median_annual_earnings,Median annual earnings,06041,Marin,2024,2024-12-31,annual rolling five-year estimate,136006,current dollars per year,7654,,,,educational_attainment,graduate_professional,Graduate or professional degree,,all,person residence,"population age 25 and over with earnings, by sex and educational attainment",CENSUS_ACS5_DETAIL,ACS5-2024-B20004-table-based-summary-file,2026-08-10T21:40:54Z,71b8cf106eab63397a9badd883cae562823225f1d65059a0608c8cdda479dc66,published ACS median,"Residence-based individual earnings; not household income, a wage offer, or a workplace-based job measure.",project_flag_standard,current_dollars_and_overlapping_acs_vintages
education_and_earnings,monthly_gap_to_2br_fmr,Monthly gap between two-bedroom FMR and 30% of median earnings,06041,Marin,2024,2024-12-31,cross-vintage benchmark comparison,203.85,current dollars per month,191.35,136006,144160,3604,educational_attainment,graduate_professional,Graduate or professional degree,,all,person residence compared with HUD FMR area,"population age 25 and over with earnings, by sex and educational attainment",CENSUS_ACS5_DETAIL;HUD_FMR,ACS5-2024-B20004-table-based-summary-file;HUD-FMR-FY2026-revised-effective-2026-05-21,2026-08-10T21:40:54Z,71b8cf106eab63397a9badd883cae562823225f1d65059a0608c8cdda479dc66;06af2feddaeb79ffd8f9402e8b8b9adb0deab684d599fba835c48fb985eb85cd,FY2026 2BR FMR minus 30% of ACS median annual earnings divided by 12,"Positive values mean the FMR benchmark exceeds 30% of median individual earnings. No work-hour, household-size, or unit-availability assumption is added.",project_flag_high_uncertainty,acs_current_dollars_compared_with_fy2026_fmr
education_and_earnings,earnings_coverage_2br_fmr_pct,Median earnings coverage of two-bedroom FMR income requirement,06041,Marin,2024,2024-12-31,cross-vintage benchmark comparison,74.3326859,percent,3.3358768,107158,144160,3604,educational_attainment,graduate_professional,Graduate or professional degree,,female,person residence compared with HUD FMR area,"population age 25 and over with earnings, by sex and educational attainment",CENSUS_ACS5_DETAIL;HUD_FMR,ACS5-2024-B20004-table-based-summary-file;HUD-FMR-FY2026-revised-effective-2026-05-21,2026-08-10T21:40:54Z,71b8cf106eab63397a9badd883cae562823225f1d65059a0608c8cdda479dc66;06af2feddaeb79ffd8f9402e8b8b9adb0deab684d599fba835c48fb985eb85cd,ACS median annual earnings divided by FY2026 2BR FMR times 40,A descriptive benchmark using the conventional 30% threshold. It does not measure an actual household budget or conclude that a unit is available.,project_flag_standard,acs_current_dollars_compared_with_fy2026_fmr
education_and_earnings,median_annual_earnings,Median annual earnings,06041,Marin,2024,2024-12-31,annual rolling five-year estimate,107158,current dollars per year,4809,,,,educational_attainment,graduate_professional,Graduate or professional degree,,female,person residence,"population age 25 and over with earnings, by sex and educational attainment",CENSUS_ACS5_DETAIL,ACS5-2024-B20004-table-based-summary-file,2026-08-10T21:40:54Z,71b8cf106eab63397a9badd883cae562823225f1d65059a0608c8cdda479dc66,published ACS median,"Residence-based individual earnings; not household income, a wage offer, or a workplace-based job measure.",project_flag_standard,current_dollars_and_overlapping_acs_vintages
education_and_earnings,monthly_gap_to_2br_fmr,Monthly gap between two-bedroom FMR and 30% of median earnings,06041,Marin,2024,2024-12-31,cross-vintage benchmark comparison,925.05,current dollars per month,120.225,107158,144160,3604,educational_attainment,graduate_professional,Graduate or professional degree,,female,person residence compared with HUD FMR area,"population age 25 and over with earnings, by sex and educational attainment",CENSUS_ACS5_DETAIL;HUD_FMR,ACS5-2024-B20004-table-based-summary-file;HUD-FMR-FY2026-revised-effective-2026-05-21,2026-08-10T21:40:54Z,71b8cf106eab63397a9badd883cae562823225f1d65059a0608c8cdda479dc66;06af2feddaeb79ffd8f9402e8b8b9adb0deab684d599fba835c48fb985eb85cd,FY2026 2BR FMR minus 30% of ACS median annual earnings divided by 12,"Positive values mean the FMR benchmark exceeds 30% of median individual earnings. No work-hour, household-size, or unit-availability assumption is added.",project_flag_standard,acs_current_dollars_compared_with_fy2026_fmr
education_and_earnings,earnings_coverage_2br_fmr_pct,Median earnings coverage of two-bedroom FMR income requirement,06041,Marin,2024,2024-12-31,cross-vintage benchmark comparison,122.58670921,percent,6.23473918,176721,144160,3604,educational_attainment,graduate_professional,Graduate or professional degree,,male,person residence compared with HUD FMR area,"population age 25 and over with earnings, by sex and educational attainment",CENSUS_ACS5_DETAIL;HUD_FMR,ACS5-2024-B20004-table-based-summary-file;HUD-FMR-FY2026-revised-effective-2026-05-21,2026-08-10T21:40:54Z,71b8cf106eab63397a9badd883cae562823225f1d65059a0608c8cdda479dc66;06af2feddaeb79ffd8f9402e8b8b9adb0deab684d599fba835c48fb985eb85cd,ACS median annual earnings divided by FY2026 2BR FMR times 40,A descriptive benchmark using the conventional 30% threshold. It does not measure an actual household budget or conclude that a unit is available.,project_flag_standard,acs_current_dollars_compared_with_fy2026_fmr
education_and_earnings,median_annual_earnings,Median annual earnings,06041,Marin,2024,2024-12-31,annual rolling five-year estimate,176721,current dollars per year,8988,,,,educational_attainment,graduate_professional,Graduate or professional degree,,male,person residence,"population age 25 and over with earnings, by sex and educational attainment",CENSUS_ACS5_DETAIL,ACS5-2024-B20004-table-based-summary-file,2026-08-10T21:40:54Z,71b8cf106eab63397a9badd883cae562823225f1d65059a0608c8cdda479dc66,published ACS median,"Residence-based individual earnings; not household income, a wage offer, or a workplace-based job measure.",project_flag_standard,current_dollars_and_overlapping_acs_vintages
education_and_earnings,monthly_gap_to_2br_fmr,Monthly gap between two-bedroom FMR and 30% of median earnings,06041,Marin,2024,2024-12-31,cross-vintage benchmark comparison,-814.025,current dollars per month,224.7,176721,144160,3604,educational_attainment,graduate_professional,Graduate or professional degree,,male,person residence compared with HUD FMR area,"population age 25 and over with earnings, by sex and educational attainment",CENSUS_ACS5_DETAIL;HUD_FMR,ACS5-2024-B20004-table-based-summary-file;HUD-FMR-FY2026-revised-effective-2026-05-21,2026-08-10T21:40:54Z,71b8cf106eab63397a9badd883cae562823225f1d65059a0608c8cdda479dc66;06af2feddaeb79ffd8f9402e8b8b9adb0deab684d599fba835c48fb985eb85cd,FY2026 2BR FMR minus 30% of ACS median annual earnings divided by 12,"Positive values mean the FMR benchmark exceeds 30% of median individual earnings. No work-hour, household-size, or unit-availability assumption is added.",project_flag_moderate_uncertainty,acs_current_dollars_compared_with_fy2026_fmr
education_and_earnings,earnings_coverage_2br_fmr_pct,Median earnings coverage of two-bedroom FMR income requirement,06041,Marin,2024,2024-12-31,cross-vintage benchmark comparison,32.17536071,percent,3.25124861,46384,144160,3604,educational_attainment,high_school,High school graduate or equivalent,,all,person residence compared with HUD FMR area,"population age 25 and over with earnings, by sex and educational attainment",CENSUS_ACS5_DETAIL;HUD_FMR,ACS5-2024-B20004-table-based-summary-file;HUD-FMR-FY2026-revised-effective-2026-05-21,2026-08-10T21:40:54Z,71b8cf106eab63397a9badd883cae562823225f1d65059a0608c8cdda479dc66;06af2feddaeb79ffd8f9402e8b8b9adb0deab684d599fba835c48fb985eb85cd,ACS median annual earnings divided by FY2026 2BR FMR times 40,A descriptive benchmark using the conventional 30% threshold. It does not measure an actual household budget or conclude that a unit is available.,project_flag_standard,acs_current_dollars_compared_with_fy2026_fmr
education_and_earnings,median_annual_earnings,Median annual earnings,06041,Marin,2024,2024-12-31,annual rolling five-year estimate,46384,current dollars per year,4687,,,,educational_attainment,high_school,High school graduate or equivalent,,all,person residence,"population age 25 and over with earnings, by sex and educational attainment",CENSUS_ACS5_DETAIL,ACS5-2024-B20004-table-based-summary-file,2026-08-10T21:40:54Z,71b8cf106eab63397a9badd883cae562823225f1d65059a0608c8cdda479dc66,published ACS median,"Residence-based individual earnings; not household income, a wage offer, or a workplace-based job measure.",project_flag_standard,current_dollars_and_overlapping_acs_vintages
education_and_earnings,monthly_gap_to_2br_fmr,Monthly gap between two-bedroom FMR and 30% of median earnings,06041,Marin,2024,2024-12-31,cross-vintage benchmark comparison,2444.4,current dollars per month,117.175,46384,144160,3604,educational_attainment,high_school,High school graduate or equivalent,,all,person residence compared with HUD FMR area,"population age 25 and over with earnings, by sex and educational attainment",CENSUS_ACS5_DETAIL;HUD_FMR,ACS5-2024-B20004-table-based-summary-file;HUD-FMR-FY2026-revised-effective-2026-05-21,2026-08-10T21:40:54Z,71b8cf106eab63397a9badd883cae562823225f1d65059a0608c8cdda479dc66;06af2feddaeb79ffd8f9402e8b8b9adb0deab684d599fba835c48fb985eb85cd,FY2026 2BR FMR minus 30% of ACS median annual earnings divided by 12,"Positive values mean the FMR benchmark exceeds 30% of median individual earnings. No work-hour, household-size, or unit-availability assumption is added.",project_flag_standard,acs_current_dollars_compared_with_fy2026_fmr
education_and_earnings,earnings_coverage_2br_fmr_pct,Median earnings coverage of two-bedroom FMR income requirement,06041,Marin,2024,2024-12-31,cross-vintage benchmark comparison,26.51290233,percent,2.11084906,38221,144160,3604,educational_attainment,high_school,High school graduate or equivalent,,female,person residence compared with HUD FMR area,"population age 25 and over with earnings, by sex and educational attainment",CENSUS_ACS5_DETAIL;HUD_FMR,ACS5-2024-B20004-table-based-summary-file;HUD-FMR-FY2026-revised-effective-2026-05-21,2026-08-10T21:40:54Z,71b8cf106eab63397a9badd883cae562823225f1d65059a0608c8cdda479dc66;06af2feddaeb79ffd8f9402e8b8b9adb0deab684d599fba835c48fb985eb85cd,ACS median annual earnings divided by FY2026 2BR FMR times 40,A descriptive benchmark using the conventional 30% threshold. It does not measure an actual household budget or conclude that a unit is available.,project_flag_standard,acs_current_dollars_compared_with_fy2026_fmr
education_and_earnings,median_annual_earnings,Median annual earnings,06041,Marin,2024,2024-12-31,annual rolling five-year estimate,38221,current dollars per year,3043,,,,educational_attainment,high_school,High school graduate or equivalent,,female,person residence,"population age 25 and over with earnings, by sex and educational attainment",CENSUS_ACS5_DETAIL,ACS5-2024-B20004-table-based-summary-file,2026-08-10T21:40:54Z,71b8cf106eab63397a9badd883cae562823225f1d65059a0608c8cdda479dc66,published ACS median,"Residence-based individual earnings; not household income, a wage offer, or a workplace-based job measure.",project_flag_standard,current_dollars_and_overlapping_acs_vintages
education_and_earnings,monthly_gap_to_2br_fmr,Monthly gap between two-bedroom FMR and 30% of median earnings,06041,Marin,2024,2024-12-31,cross-vintage benchmark comparison,2648.475,current dollars per month,76.075,38221,144160,3604,educational_attainment,high_school,High school graduate or equivalent,,female,person residence compared with HUD FMR area,"population age 25 and over with earnings, by sex and educational attainment",CENSUS_ACS5_DETAIL;HUD_FMR,ACS5-2024-B20004-table-based-summary-file;HUD-FMR-FY2026-revised-effective-2026-05-21,2026-08-10T21:40:54Z,71b8cf106eab63397a9badd883cae562823225f1d65059a0608c8cdda479dc66;06af2feddaeb79ffd8f9402e8b8b9adb0deab684d599fba835c48fb985eb85cd,FY2026 2BR FMR minus 30% of ACS median annual earnings divided by 12,"Positive values mean the FMR benchmark exceeds 30% of median individual earnings. No work-hour, household-size, or unit-availability assumption is added.",project_flag_standard,acs_current_dollars_compared_with_fy2026_fmr
education_and_earnings,earnings_coverage_2br_fmr_pct,Median earnings coverage of two-bedroom FMR income requirement,06041,Marin,2024,2024-12-31,cross-vintage benchmark comparison,35.45019423,percent,3.49125971,51105,144160,3604,educational_attainment,high_school,High school graduate or equivalent,,male,person residence compared with HUD FMR area,"population age 25 and over with earnings, by sex and educational attainment",CENSUS_ACS5_DETAIL;HUD_FMR,ACS5-2024-B20004-table-based-summary-file;HUD-FMR-FY2026-revised-effective-2026-05-21,2026-08-10T21:40:54Z,71b8cf106eab63397a9badd883cae562823225f1d65059a0608c8cdda479dc66;06af2feddaeb79ffd8f9402e8b8b9adb0deab684d599fba835c48fb985eb85cd,ACS median annual earnings divided by FY2026 2BR FMR times 40,A descriptive benchmark using the conventional 30% threshold. It does not measure an actual household budget or conclude that a unit is available.,project_flag_standard,acs_current_dollars_compared_with_fy2026_fmr
education_and_earnings,median_annual_earnings,Median annual earnings,06041,Marin,2024,2024-12-31,annual rolling five-year estimate,51105,current dollars per year,5033,,,,educational_attainment,high_school,High school graduate or equivalent,,male,person residence,"population age 25 and over with earnings, by sex and educational attainment",CENSUS_ACS5_DETAIL,ACS5-2024-B20004-table-based-summary-file,2026-08-10T21:40:54Z,71b8cf106eab63397a9badd883cae562823225f1d65059a0608c8cdda479dc66,published ACS median,"Residence-based individual earnings; not household income, a wage offer, or a workplace-based job measure.",project_flag_standard,current_dollars_and_overlapping_acs_vintages
education_and_earnings,monthly_gap_to_2br_fmr,Monthly gap between two-bedroom FMR and 30% of median earnings,06041,Marin,2024,2024-12-31,cross-vintage benchmark comparison,2326.375,current dollars per month,125.825,51105,144160,3604,educational_attainment,high_school,High school graduate or equivalent,,male,person residence compared with HUD FMR area,"population age 25 and over with earnings, by sex and educational attainment",CENSUS_ACS5_DETAIL;HUD_FMR,ACS5-2024-B20004-table-based-summary-file;HUD-FMR-FY2026-revised-effective-2026-05-21,2026-08-10T21:40:54Z,71b8cf106eab63397a9badd883cae562823225f1d65059a0608c8cdda479dc66;06af2feddaeb79ffd8f9402e8b8b9adb0deab684d599fba835c48fb985eb85cd,FY2026 2BR FMR minus 30% of ACS median annual earnings divided by 12,"Positive values mean the FMR benchmark exceeds 30% of median individual earnings. No work-hour, household-size, or unit-availability assumption is added.",project_flag_standard,acs_current_dollars_compared_with_fy2026_fmr
education_and_earnings,earnings_coverage_2br_fmr_pct,Median earnings coverage of two-bedroom FMR income requirement,06041,Marin,2024,2024-12-31,cross-vintage benchmark comparison,22.09142619,percent,2.87527747,31847,144160,3604,educational_attainment,less_than_high_school,Less than high school graduate,,all,person residence compared with HUD FMR area,"population age 25 and over with earnings, by sex and educational attainment",CENSUS_ACS5_DETAIL;HUD_FMR,ACS5-2024-B20004-table-based-summary-file;HUD-FMR-FY2026-revised-effective-2026-05-21,2026-08-10T21:40:54Z,71b8cf106eab63397a9badd883cae562823225f1d65059a0608c8cdda479dc66;06af2feddaeb79ffd8f9402e8b8b9adb0deab684d599fba835c48fb985eb85cd,ACS median annual earnings divided by FY2026 2BR FMR times 40,A descriptive benchmark using the conventional 30% threshold. It does not measure an actual household budget or conclude that a unit is available.,project_flag_standard,acs_current_dollars_compared_with_fy2026_fmr
education_and_earnings,median_annual_earnings,Median annual earnings,06041,Marin,2024,2024-12-31,annual rolling five-year estimate,31847,current dollars per year,4145,,,,educational_attainment,less_than_high_school,Less than high school graduate,,all,person residence,"population age 25 and over with earnings, by sex and educational attainment",CENSUS_ACS5_DETAIL,ACS5-2024-B20004-table-based-summary-file,2026-08-10T21:40:54Z,71b8cf106eab63397a9badd883cae562823225f1d65059a0608c8cdda479dc66,published ACS median,"Residence-based individual earnings; not household income, a wage offer, or a workplace-based job measure.",project_flag_standard,current_dollars_and_overlapping_acs_vintages
education_and_earnings,monthly_gap_to_2br_fmr,Monthly gap between two-bedroom FMR and 30% of median earnings,06041,Marin,2024,2024-12-31,cross-vintage benchmark comparison,2807.825,current dollars per month,103.625,31847,144160,3604,educational_attainment,less_than_high_school,Less than high school graduate,,all,person residence compared with HUD FMR area,"population age 25 and over with earnings, by sex and educational attainment",CENSUS_ACS5_DETAIL;HUD_FMR,ACS5-2024-B20004-table-based-summary-file;HUD-FMR-FY2026-revised-effective-2026-05-21,2026-08-10T21:40:54Z,71b8cf106eab63397a9badd883cae562823225f1d65059a0608c8cdda479dc66;06af2feddaeb79ffd8f9402e8b8b9adb0deab684d599fba835c48fb985eb85cd,FY2026 2BR FMR minus 30% of ACS median annual earnings divided by 12,"Positive values mean the FMR benchmark exceeds 30% of median individual earnings. No work-hour, household-size, or unit-availability assumption is added.",project_flag_standard,acs_current_dollars_compared_with_fy2026_fmr
education_and_earnings,earnings_coverage_2br_fmr_pct,Median earnings coverage of two-bedroom FMR income requirement,06041,Marin,2024,2024-12-31,cross-vintage benchmark comparison,17.59364595,percent,2.06645394,25363,144160,3604,educational_attainment,less_than_high_school,Less than high school graduate,,female,person residence compared with HUD FMR area,"population age 25 and over with earnings, by sex and educational attainment",CENSUS_ACS5_DETAIL;HUD_FMR,ACS5-2024-B20004-table-based-summary-file;HUD-FMR-FY2026-revised-effective-2026-05-21,2026-08-10T21:40:54Z,71b8cf106eab63397a9badd883cae562823225f1d65059a0608c8cdda479dc66;06af2feddaeb79ffd8f9402e8b8b9adb0deab684d599fba835c48fb985eb85cd,ACS median annual earnings divided by FY2026 2BR FMR times 40,A descriptive benchmark using the conventional 30% threshold. It does not measure an actual household budget or conclude that a unit is available.,project_flag_standard,acs_current_dollars_compared_with_fy2026_fmr
education_and_earnings,median_annual_earnings,Median annual earnings,06041,Marin,2024,2024-12-31,annual rolling five-year estimate,25363,current dollars per year,2979,,,,educational_attainment,less_than_high_school,Less than high school graduate,,female,person residence,"population age 25 and over with earnings, by sex and educational attainment",CENSUS_ACS5_DETAIL,ACS5-2024-B20004-table-based-summary-file,2026-08-10T21:40:54Z,71b8cf106eab63397a9badd883cae562823225f1d65059a0608c8cdda479dc66,published ACS median,"Residence-based individual earnings; not household income, a wage offer, or a workplace-based job measure.",project_flag_standard,current_dollars_and_overlapping_acs_vintages
education_and_earnings,monthly_gap_to_2br_fmr,Monthly gap between two-bedroom FMR and 30% of median earnings,06041,Marin,2024,2024-12-31,cross-vintage benchmark comparison,2969.925,current dollars per month,74.475,25363,144160,3604,educational_attainment,less_than_high_school,Less than high school graduate,,female,person residence compared with HUD FMR area,"population age 25 and over with earnings, by sex and educational attainment",CENSUS_ACS5_DETAIL;HUD_FMR,ACS5-2024-B20004-table-based-summary-file;HUD-FMR-FY2026-revised-effective-2026-05-21,2026-08-10T21:40:54Z,71b8cf106eab63397a9badd883cae562823225f1d65059a0608c8cdda479dc66;06af2feddaeb79ffd8f9402e8b8b9adb0deab684d599fba835c48fb985eb85cd,FY2026 2BR FMR minus 30% of ACS median annual earnings divided by 12,"Positive values mean the FMR benchmark exceeds 30% of median individual earnings. No work-hour, household-size, or unit-availability assumption is added.",project_flag_standard,acs_current_dollars_compared_with_fy2026_fmr
education_and_earnings,earnings_coverage_2br_fmr_pct,Median earnings coverage of two-bedroom FMR income requirement,06041,Marin,2024,2024-12-31,cross-vintage benchmark comparison,25.20879578,percent,3.78537736,36341,144160,3604,educational_attainment,less_than_high_school,Less than high school graduate,,male,person residence compared with HUD FMR area,"population age 25 and over with earnings, by sex and educational attainment",CENSUS_ACS5_DETAIL;HUD_FMR,ACS5-2024-B20004-table-based-summary-file;HUD-FMR-FY2026-revised-effective-2026-05-21,2026-08-10T21:40:54Z,71b8cf106eab63397a9badd883cae562823225f1d65059a0608c8cdda479dc66;06af2feddaeb79ffd8f9402e8b8b9adb0deab684d599fba835c48fb985eb85cd,ACS median annual earnings divided by FY2026 2BR FMR times 40,A descriptive benchmark using the conventional 30% threshold. It does not measure an actual household budget or conclude that a unit is available.,project_flag_moderate_uncertainty,acs_current_dollars_compared_with_fy2026_fmr
education_and_earnings,median_annual_earnings,Median annual earnings,06041,Marin,2024,2024-12-31,annual rolling five-year estimate,36341,current dollars per year,5457,,,,educational_attainment,less_than_high_school,Less than high school graduate,,male,person residence,"population age 25 and over with earnings, by sex and educational attainment",CENSUS_ACS5_DETAIL,ACS5-2024-B20004-table-based-summary-file,2026-08-10T21:40:54Z,71b8cf106eab63397a9badd883cae562823225f1d65059a0608c8cdda479dc66,published ACS median,"Residence-based individual earnings; not household income, a wage offer, or a workplace-based job measure.",project_flag_moderate_uncertainty,current_dollars_and_overlapping_acs_vintages
education_and_earnings,monthly_gap_to_2br_fmr,Monthly gap between two-bedroom FMR and 30% of median earnings,06041,Marin,2024,2024-12-31,cross-vintage benchmark comparison,2695.475,current dollars per month,136.425,36341,144160,3604,educational_attainment,less_than_high_school,Less than high school graduate,,male,person residence compared with HUD FMR area,"population age 25 and over with earnings, by sex and educational attainment",CENSUS_ACS5_DETAIL;HUD_FMR,ACS5-2024-B20004-table-based-summary-file;HUD-FMR-FY2026-revised-effective-2026-05-21,2026-08-10T21:40:54Z,71b8cf106eab63397a9badd883cae562823225f1d65059a0608c8cdda479dc66;06af2feddaeb79ffd8f9402e8b8b9adb0deab684d599fba835c48fb985eb85cd,FY2026 2BR FMR minus 30% of ACS median annual earnings divided by 12,"Positive values mean the FMR benchmark exceeds 30% of median individual earnings. No work-hour, household-size, or unit-availability assumption is added.",project_flag_standard,acs_current_dollars_compared_with_fy2026_fmr
education_and_earnings,earnings_coverage_2br_fmr_pct,Median earnings coverage of two-bedroom FMR income requirement,06041,Marin,2024,2024-12-31,cross-vintage benchmark comparison,37.06090455,percent,2.34461709,53427,144160,3604,educational_attainment,some_college_associate,Some college or associate degree,,all,person residence compared with HUD FMR area,"population age 25 and over with earnings, by sex and educational attainment",CENSUS_ACS5_DETAIL;HUD_FMR,ACS5-2024-B20004-table-based-summary-file;HUD-FMR-FY2026-revised-effective-2026-05-21,2026-08-10T21:40:54Z,71b8cf106eab63397a9badd883cae562823225f1d65059a0608c8cdda479dc66;06af2feddaeb79ffd8f9402e8b8b9adb0deab684d599fba835c48fb985eb85cd,ACS median annual earnings divided by FY2026 2BR FMR times 40,A descriptive benchmark using the conventional 30% threshold. It does not measure an actual household budget or conclude that a unit is available.,project_flag_standard,acs_current_dollars_compared_with_fy2026_fmr
education_and_earnings,median_annual_earnings,Median annual earnings,06041,Marin,2024,2024-12-31,annual rolling five-year estimate,53427,current dollars per year,3380,,,,educational_attainment,some_college_associate,Some college or associate degree,,all,person residence,"population age 25 and over with earnings, by sex and educational attainment",CENSUS_ACS5_DETAIL,ACS5-2024-B20004-table-based-summary-file,2026-08-10T21:40:54Z,71b8cf106eab63397a9badd883cae562823225f1d65059a0608c8cdda479dc66,published ACS median,"Residence-based individual earnings; not household income, a wage offer, or a workplace-based job measure.",project_flag_standard,current_dollars_and_overlapping_acs_vintages
education_and_earnings,monthly_gap_to_2br_fmr,Monthly gap between two-bedroom FMR and 30% of median earnings,06041,Marin,2024,2024-12-31,cross-vintage benchmark comparison,2268.325,current dollars per month,84.5,53427,144160,3604,educational_attainment,some_college_associate,Some college or associate degree,,all,person residence compared with HUD FMR area,"population age 25 and over with earnings, by sex and educational attainment",CENSUS_ACS5_DETAIL;HUD_FMR,ACS5-2024-B20004-table-based-summary-file;HUD-FMR-FY2026-revised-effective-2026-05-21,2026-08-10T21:40:54Z,71b8cf106eab63397a9badd883cae562823225f1d65059a0608c8cdda479dc66;06af2feddaeb79ffd8f9402e8b8b9adb0deab684d599fba835c48fb985eb85cd,FY2026 2BR FMR minus 30% of ACS median annual earnings divided by 12,"Positive values mean the FMR benchmark exceeds 30% of median individual earnings. No work-hour, household-size, or unit-availability assumption is added.",project_flag_standard,acs_current_dollars_compared_with_fy2026_fmr
education_and_earnings,earnings_coverage_2br_fmr_pct,Median earnings coverage of two-bedroom FMR income requirement,06041,Marin,2024,2024-12-31,cross-vintage benchmark comparison,29.95005549,percent,1.30896226,43176,144160,3604,educational_attainment,some_college_associate,Some college or associate degree,,female,person residence compared with HUD FMR area,"population age 25 and over with earnings, by sex and educational attainment",CENSUS_ACS5_DETAIL;HUD_FMR,ACS5-2024-B20004-table-based-summary-file;HUD-FMR-FY2026-revised-effective-2026-05-21,2026-08-10T21:40:54Z,71b8cf106eab63397a9badd883cae562823225f1d65059a0608c8cdda479dc66;06af2feddaeb79ffd8f9402e8b8b9adb0deab684d599fba835c48fb985eb85cd,ACS median annual earnings divided by FY2026 2BR FMR times 40,A descriptive benchmark using the conventional 30% threshold. It does not measure an actual household budget or conclude that a unit is available.,project_flag_standard,acs_current_dollars_compared_with_fy2026_fmr
education_and_earnings,median_annual_earnings,Median annual earnings,06041,Marin,2024,2024-12-31,annual rolling five-year estimate,43176,current dollars per year,1887,,,,educational_attainment,some_college_associate,Some college or associate degree,,female,person residence,"population age 25 and over with earnings, by sex and educational attainment",CENSUS_ACS5_DETAIL,ACS5-2024-B20004-table-based-summary-file,2026-08-10T21:40:54Z,71b8cf106eab63397a9badd883cae562823225f1d65059a0608c8cdda479dc66,published ACS median,"Residence-based individual earnings; not household income, a wage offer, or a workplace-based job measure.",project_flag_standard,current_dollars_and_overlapping_acs_vintages
education_and_earnings,monthly_gap_to_2br_fmr,Monthly gap between two-bedroom FMR and 30% of median earnings,06041,Marin,2024,2024-12-31,cross-vintage benchmark comparison,2524.6,current dollars per month,47.175,43176,144160,3604,educational_attainment,some_college_associate,Some college or associate degree,,female,person residence compared with HUD FMR area,"population age 25 and over with earnings, by sex and educational attainment",CENSUS_ACS5_DETAIL;HUD_FMR,ACS5-2024-B20004-table-based-summary-file;HUD-FMR-FY2026-revised-effective-2026-05-21,2026-08-10T21:40:54Z,71b8cf106eab63397a9badd883cae562823225f1d65059a0608c8cdda479dc66;06af2feddaeb79ffd8f9402e8b8b9adb0deab684d599fba835c48fb985eb85cd,FY2026 2BR FMR minus 30% of ACS median annual earnings divided by 12,"Positive values mean the FMR benchmark exceeds 30% of median individual earnings. No work-hour, household-size, or unit-availability assumption is added.",project_flag_standard,acs_current_dollars_compared_with_fy2026_fmr
education_and_earnings,earnings_coverage_2br_fmr_pct,Median earnings coverage of two-bedroom FMR income requirement,06041,Marin,2024,2024-12-31,cross-vintage benchmark comparison,46.20421754,percent,5.56187569,66608,144160,3604,educational_attainment,some_college_associate,Some college or associate degree,,male,person residence compared with HUD FMR area,"population age 25 and over with earnings, by sex and educational attainment",CENSUS_ACS5_DETAIL;HUD_FMR,ACS5-2024-B20004-table-based-summary-file;HUD-FMR-FY2026-revised-effective-2026-05-21,2026-08-10T21:40:54Z,71b8cf106eab63397a9badd883cae562823225f1d65059a0608c8cdda479dc66;06af2feddaeb79ffd8f9402e8b8b9adb0deab684d599fba835c48fb985eb85cd,ACS median annual earnings divided by FY2026 2BR FMR times 40,A descriptive benchmark using the conventional 30% threshold. It does not measure an actual household budget or conclude that a unit is available.,project_flag_standard,acs_current_dollars_compared_with_fy2026_fmr
education_and_earnings,median_annual_earnings,Median annual earnings,06041,Marin,2024,2024-12-31,annual rolling five-year estimate,66608,current dollars per year,8018,,,,educational_attainment,some_college_associate,Some college or associate degree,,male,person residence,"population age 25 and over with earnings, by sex and educational attainment",CENSUS_ACS5_DETAIL,ACS5-2024-B20004-table-based-summary-file,2026-08-10T21:40:54Z,71b8cf106eab63397a9badd883cae562823225f1d65059a0608c8cdda479dc66,published ACS median,"Residence-based individual earnings; not household income, a wage offer, or a workplace-based job measure.",project_flag_standard,current_dollars_and_overlapping_acs_vintages
education_and_earnings,monthly_gap_to_2br_fmr,Monthly gap between two-bedroom FMR and 30% of median earnings,06041,Marin,2024,2024-12-31,cross-vintage benchmark comparison,1938.8,current dollars per month,200.45,66608,144160,3604,educational_attainment,some_college_associate,Some college or associate degree,,male,person residence compared with HUD FMR area,"population age 25 and over with earnings, by sex and educational attainment",CENSUS_ACS5_DETAIL;HUD_FMR,ACS5-2024-B20004-table-based-summary-file;HUD-FMR-FY2026-revised-effective-2026-05-21,2026-08-10T21:40:54Z,71b8cf106eab63397a9badd883cae562823225f1d65059a0608c8cdda479dc66;06af2feddaeb79ffd8f9402e8b8b9adb0deab684d599fba835c48fb985eb85cd,FY2026 2BR FMR minus 30% of ACS median annual earnings divided by 12,"Positive values mean the FMR benchmark exceeds 30% of median individual earnings. No work-hour, household-size, or unit-availability assumption is added.",project_flag_standard,acs_current_dollars_compared_with_fy2026_fmr
education_and_earnings,homeownership_pct,Homeownership share,06041,Marin,2024,2024-12-31,annual rolling five-year estimate,72.63021103,percent,0.68898463,49183,67717,,educational_attainment_of_householder,bachelors_plus,Bachelor's degree or higher,,,household residence,occupied housing units by educational attainment of householder,CENSUS_ACS5_DETAIL,ACS5-2024-B25013-table-based-summary-file,2026-08-10T21:40:54Z,982753024aa23f6b8441be9599449cdf4ba415a686e2935135115f64f3f5d79b,owner-occupied units divided by owner- plus renter-occupied units,Householder education is a housing-unit characteristic and is not the same universe as individual earnings.,project_flag_standard,comparable_within_table_and_vintage
education_and_earnings,homeownership_pct,Homeownership share,06041,Marin,2024,2024-12-31,annual rolling five-year estimate,44.45222261,percent,3.84184235,3810,8571,,educational_attainment_of_householder,high_school,High school graduate or equivalent,,,household residence,occupied housing units by educational attainment of householder,CENSUS_ACS5_DETAIL,ACS5-2024-B25013-table-based-summary-file,2026-08-10T21:40:54Z,982753024aa23f6b8441be9599449cdf4ba415a686e2935135115f64f3f5d79b,owner-occupied units divided by owner- plus renter-occupied units,Householder education is a housing-unit characteristic and is not the same universe as individual earnings.,project_flag_standard,comparable_within_table_and_vintage
education_and_earnings,homeownership_pct,Homeownership share,06041,Marin,2024,2024-12-31,annual rolling five-year estimate,20.51502146,percent,6.0918266,956,4660,,educational_attainment_of_householder,less_than_high_school,Less than high school graduate,,,household residence,occupied housing units by educational attainment of householder,CENSUS_ACS5_DETAIL,ACS5-2024-B25013-table-based-summary-file,2026-08-10T21:40:54Z,982753024aa23f6b8441be9599449cdf4ba415a686e2935135115f64f3f5d79b,owner-occupied units divided by owner- plus renter-occupied units,Householder education is a housing-unit characteristic and is not the same universe as individual earnings.,project_flag_moderate_uncertainty,comparable_within_table_and_vintage
education_and_earnings,homeownership_pct,Homeownership share,06041,Marin,2024,2024-12-31,annual rolling five-year estimate,57.39465338,percent,2.48503012,12667,22070,,educational_attainment_of_householder,some_college_associate,Some college or associate degree,,,household residence,occupied housing units by educational attainment of householder,CENSUS_ACS5_DETAIL,ACS5-2024-B25013-table-based-summary-file,2026-08-10T21:40:54Z,982753024aa23f6b8441be9599449cdf4ba415a686e2935135115f64f3f5d79b,owner-occupied units divided by owner- plus renter-occupied units,Householder education is a housing-unit characteristic and is not the same universe as individual earnings.,project_flag_standard,comparable_within_table_and_vintage
education_and_earnings,earnings_coverage_2br_fmr_pct,Median earnings coverage of two-bedroom FMR income requirement,06055,Napa,2024,2024-12-31,cross-vintage benchmark comparison,65.32730015,percent,3.02413273,86624,132600,3315,educational_attainment,bachelors,Bachelor's degree,,all,person residence compared with HUD FMR area,"population age 25 and over with earnings, by sex and educational attainment",CENSUS_ACS5_DETAIL;HUD_FMR,ACS5-2024-B20004-table-based-summary-file;HUD-FMR-FY2026-revised-effective-2026-05-21,2026-08-10T21:40:54Z,71b8cf106eab63397a9badd883cae562823225f1d65059a0608c8cdda479dc66;06af2feddaeb79ffd8f9402e8b8b9adb0deab684d599fba835c48fb985eb85cd,ACS median annual earnings divided by FY2026 2BR FMR times 40,A descriptive benchmark using the conventional 30% threshold. It does not measure an actual household budget or conclude that a unit is available.,project_flag_standard,acs_current_dollars_compared_with_fy2026_fmr
education_and_earnings,median_annual_earnings,Median annual earnings,06055,Napa,2024,2024-12-31,annual rolling five-year estimate,86624,current dollars per year,4010,,,,educational_attainment,bachelors,Bachelor's degree,,all,person residence,"population age 25 and over with earnings, by sex and educational attainment",CENSUS_ACS5_DETAIL,ACS5-2024-B20004-table-based-summary-file,2026-08-10T21:40:54Z,71b8cf106eab63397a9badd883cae562823225f1d65059a0608c8cdda479dc66,published ACS median,"Residence-based individual earnings; not household income, a wage offer, or a workplace-based job measure.",project_flag_standard,current_dollars_and_overlapping_acs_vintages
education_and_earnings,monthly_gap_to_2br_fmr,Monthly gap between two-bedroom FMR and 30% of median earnings,06055,Napa,2024,2024-12-31,cross-vintage benchmark comparison,1149.4,current dollars per month,100.25,86624,132600,3315,educational_attainment,bachelors,Bachelor's degree,,all,person residence compared with HUD FMR area,"population age 25 and over with earnings, by sex and educational attainment",CENSUS_ACS5_DETAIL;HUD_FMR,ACS5-2024-B20004-table-based-summary-file;HUD-FMR-FY2026-revised-effective-2026-05-21,2026-08-10T21:40:54Z,71b8cf106eab63397a9badd883cae562823225f1d65059a0608c8cdda479dc66;06af2feddaeb79ffd8f9402e8b8b9adb0deab684d599fba835c48fb985eb85cd,FY2026 2BR FMR minus 30% of ACS median annual earnings divided by 12,"Positive values mean the FMR benchmark exceeds 30% of median individual earnings. No work-hour, household-size, or unit-availability assumption is added.",project_flag_standard,acs_current_dollars_compared_with_fy2026_fmr
education_and_earnings,earnings_coverage_2br_fmr_pct,Median earnings coverage of two-bedroom FMR income requirement,06055,Napa,2024,2024-12-31,cross-vintage benchmark comparison,60.63122172,percent,5.28054299,80397,132600,3315,educational_attainment,bachelors,Bachelor's degree,,female,person residence compared with HUD FMR area,"population age 25 and over with earnings, by sex and educational attainment",CENSUS_ACS5_DETAIL;HUD_FMR,ACS5-2024-B20004-table-based-summary-file;HUD-FMR-FY2026-revised-effective-2026-05-21,2026-08-10T21:40:54Z,71b8cf106eab63397a9badd883cae562823225f1d65059a0608c8cdda479dc66;06af2feddaeb79ffd8f9402e8b8b9adb0deab684d599fba835c48fb985eb85cd,ACS median annual earnings divided by FY2026 2BR FMR times 40,A descriptive benchmark using the conventional 30% threshold. It does not measure an actual household budget or conclude that a unit is available.,project_flag_standard,acs_current_dollars_compared_with_fy2026_fmr
education_and_earnings,median_annual_earnings,Median annual earnings,06055,Napa,2024,2024-12-31,annual rolling five-year estimate,80397,current dollars per year,7002,,,,educational_attainment,bachelors,Bachelor's degree,,female,person residence,"population age 25 and over with earnings, by sex and educational attainment",CENSUS_ACS5_DETAIL,ACS5-2024-B20004-table-based-summary-file,2026-08-10T21:40:54Z,71b8cf106eab63397a9badd883cae562823225f1d65059a0608c8cdda479dc66,published ACS median,"Residence-based individual earnings; not household income, a wage offer, or a workplace-based job measure.",project_flag_standard,current_dollars_and_overlapping_acs_vintages
education_and_earnings,monthly_gap_to_2br_fmr,Monthly gap between two-bedroom FMR and 30% of median earnings,06055,Napa,2024,2024-12-31,cross-vintage benchmark comparison,1305.075,current dollars per month,175.05,80397,132600,3315,educational_attainment,bachelors,Bachelor's degree,,female,person residence compared with HUD FMR area,"population age 25 and over with earnings, by sex and educational attainment",CENSUS_ACS5_DETAIL;HUD_FMR,ACS5-2024-B20004-table-based-summary-file;HUD-FMR-FY2026-revised-effective-2026-05-21,2026-08-10T21:40:54Z,71b8cf106eab63397a9badd883cae562823225f1d65059a0608c8cdda479dc66;06af2feddaeb79ffd8f9402e8b8b9adb0deab684d599fba835c48fb985eb85cd,FY2026 2BR FMR minus 30% of ACS median annual earnings divided by 12,"Positive values mean the FMR benchmark exceeds 30% of median individual earnings. No work-hour, household-size, or unit-availability assumption is added.",project_flag_standard,acs_current_dollars_compared_with_fy2026_fmr
education_and_earnings,earnings_coverage_2br_fmr_pct,Median earnings coverage of two-bedroom FMR income requirement,06055,Napa,2024,2024-12-31,cross-vintage benchmark comparison,72.49170437,percent,5.92609351,96124,132600,3315,educational_attainment,bachelors,Bachelor's degree,,male,person residence compared with HUD FMR area,"population age 25 and over with earnings, by sex and educational attainment",CENSUS_ACS5_DETAIL;HUD_FMR,ACS5-2024-B20004-table-based-summary-file;HUD-FMR-FY2026-revised-effective-2026-05-21,2026-08-10T21:40:54Z,71b8cf106eab63397a9badd883cae562823225f1d65059a0608c8cdda479dc66;06af2feddaeb79ffd8f9402e8b8b9adb0deab684d599fba835c48fb985eb85cd,ACS median annual earnings divided by FY2026 2BR FMR times 40,A descriptive benchmark using the conventional 30% threshold. It does not measure an actual household budget or conclude that a unit is available.,project_flag_standard,acs_current_dollars_compared_with_fy2026_fmr
education_and_earnings,median_annual_earnings,Median annual earnings,06055,Napa,2024,2024-12-31,annual rolling five-year estimate,96124,current dollars per year,7858,,,,educational_attainment,bachelors,Bachelor's degree,,male,person residence,"population age 25 and over with earnings, by sex and educational attainment",CENSUS_ACS5_DETAIL,ACS5-2024-B20004-table-based-summary-file,2026-08-10T21:40:54Z,71b8cf106eab63397a9badd883cae562823225f1d65059a0608c8cdda479dc66,published ACS median,"Residence-based individual earnings; not household income, a wage offer, or a workplace-based job measure.",project_flag_standard,current_dollars_and_overlapping_acs_vintages
education_and_earnings,monthly_gap_to_2br_fmr,Monthly gap between two-bedroom FMR and 30% of median earnings,06055,Napa,2024,2024-12-31,cross-vintage benchmark comparison,911.9,current dollars per month,196.45,96124,132600,3315,educational_attainment,bachelors,Bachelor's degree,,male,person residence compared with HUD FMR area,"population age 25 and over with earnings, by sex and educational attainment",CENSUS_ACS5_DETAIL;HUD_FMR,ACS5-2024-B20004-table-based-summary-file;HUD-FMR-FY2026-revised-effective-2026-05-21,2026-08-10T21:40:54Z,71b8cf106eab63397a9badd883cae562823225f1d65059a0608c8cdda479dc66;06af2feddaeb79ffd8f9402e8b8b9adb0deab684d599fba835c48fb985eb85cd,FY2026 2BR FMR minus 30% of ACS median annual earnings divided by 12,"Positive values mean the FMR benchmark exceeds 30% of median individual earnings. No work-hour, household-size, or unit-availability assumption is added.",project_flag_moderate_uncertainty,acs_current_dollars_compared_with_fy2026_fmr
education_and_earnings,earnings_coverage_2br_fmr_pct,Median earnings coverage of two-bedroom FMR income requirement,06055,Napa,2024,2024-12-31,cross-vintage benchmark comparison,81.49321267,percent,5.07541478,108060,132600,3315,educational_attainment,graduate_professional,Graduate or professional degree,,all,person residence compared with HUD FMR area,"population age 25 and over with earnings, by sex and educational attainment",CENSUS_ACS5_DETAIL;HUD_FMR,ACS5-2024-B20004-table-based-summary-file;HUD-FMR-FY2026-revised-effective-2026-05-21,2026-08-10T21:40:54Z,71b8cf106eab63397a9badd883cae562823225f1d65059a0608c8cdda479dc66;06af2feddaeb79ffd8f9402e8b8b9adb0deab684d599fba835c48fb985eb85cd,ACS median annual earnings divided by FY2026 2BR FMR times 40,A descriptive benchmark using the conventional 30% threshold. It does not measure an actual household budget or conclude that a unit is available.,project_flag_standard,acs_current_dollars_compared_with_fy2026_fmr
education_and_earnings,median_annual_earnings,Median annual earnings,06055,Napa,2024,2024-12-31,annual rolling five-year estimate,108060,current dollars per year,6730,,,,educational_attainment,graduate_professional,Graduate or professional degree,,all,person residence,"population age 25 and over with earnings, by sex and educational attainment",CENSUS_ACS5_DETAIL,ACS5-2024-B20004-table-based-summary-file,2026-08-10T21:40:54Z,71b8cf106eab63397a9badd883cae562823225f1d65059a0608c8cdda479dc66,published ACS median,"Residence-based individual earnings; not household income, a wage offer, or a workplace-based job measure.",project_flag_standard,current_dollars_and_overlapping_acs_vintages
education_and_earnings,monthly_gap_to_2br_fmr,Monthly gap between two-bedroom FMR and 30% of median earnings,06055,Napa,2024,2024-12-31,cross-vintage benchmark comparison,613.5,current dollars per month,168.25,108060,132600,3315,educational_attainment,graduate_professional,Graduate or professional degree,,all,person residence compared with HUD FMR area,"population age 25 and over with earnings, by sex and educational attainment",CENSUS_ACS5_DETAIL;HUD_FMR,ACS5-2024-B20004-table-based-summary-file;HUD-FMR-FY2026-revised-effective-2026-05-21,2026-08-10T21:40:54Z,71b8cf106eab63397a9badd883cae562823225f1d65059a0608c8cdda479dc66;06af2feddaeb79ffd8f9402e8b8b9adb0deab684d599fba835c48fb985eb85cd,FY2026 2BR FMR minus 30% of ACS median annual earnings divided by 12,"Positive values mean the FMR benchmark exceeds 30% of median individual earnings. No work-hour, household-size, or unit-availability assumption is added.",project_flag_moderate_uncertainty,acs_current_dollars_compared_with_fy2026_fmr
education_and_earnings,earnings_coverage_2br_fmr_pct,Median earnings coverage of two-bedroom FMR income requirement,06055,Napa,2024,2024-12-31,cross-vintage benchmark comparison,73.13197587,percent,8.23378582,96973,132600,3315,educational_attainment,graduate_professional,Graduate or professional degree,,female,person residence compared with HUD FMR area,"population age 25 and over with earnings, by sex and educational attainment",CENSUS_ACS5_DETAIL;HUD_FMR,ACS5-2024-B20004-table-based-summary-file;HUD-FMR-FY2026-revised-effective-2026-05-21,2026-08-10T21:40:54Z,71b8cf106eab63397a9badd883cae562823225f1d65059a0608c8cdda479dc66;06af2feddaeb79ffd8f9402e8b8b9adb0deab684d599fba835c48fb985eb85cd,ACS median annual earnings divided by FY2026 2BR FMR times 40,A descriptive benchmark using the conventional 30% threshold. It does not measure an actual household budget or conclude that a unit is available.,project_flag_standard,acs_current_dollars_compared_with_fy2026_fmr
education_and_earnings,median_annual_earnings,Median annual earnings,06055,Napa,2024,2024-12-31,annual rolling five-year estimate,96973,current dollars per year,10918,,,,educational_attainment,graduate_professional,Graduate or professional degree,,female,person residence,"population age 25 and over with earnings, by sex and educational attainment",CENSUS_ACS5_DETAIL,ACS5-2024-B20004-table-based-summary-file,2026-08-10T21:40:54Z,71b8cf106eab63397a9badd883cae562823225f1d65059a0608c8cdda479dc66,published ACS median,"Residence-based individual earnings; not household income, a wage offer, or a workplace-based job measure.",project_flag_standard,current_dollars_and_overlapping_acs_vintages
education_and_earnings,monthly_gap_to_2br_fmr,Monthly gap between two-bedroom FMR and 30% of median earnings,06055,Napa,2024,2024-12-31,cross-vintage benchmark comparison,890.675,current dollars per month,272.95,96973,132600,3315,educational_attainment,graduate_professional,Graduate or professional degree,,female,person residence compared with HUD FMR area,"population age 25 and over with earnings, by sex and educational attainment",CENSUS_ACS5_DETAIL;HUD_FMR,ACS5-2024-B20004-table-based-summary-file;HUD-FMR-FY2026-revised-effective-2026-05-21,2026-08-10T21:40:54Z,71b8cf106eab63397a9badd883cae562823225f1d65059a0608c8cdda479dc66;06af2feddaeb79ffd8f9402e8b8b9adb0deab684d599fba835c48fb985eb85cd,FY2026 2BR FMR minus 30% of ACS median annual earnings divided by 12,"Positive values mean the FMR benchmark exceeds 30% of median individual earnings. No work-hour, household-size, or unit-availability assumption is added.",project_flag_high_uncertainty,acs_current_dollars_compared_with_fy2026_fmr
education_and_earnings,earnings_coverage_2br_fmr_pct,Median earnings coverage of two-bedroom FMR income requirement,06055,Napa,2024,2024-12-31,cross-vintage benchmark comparison,94.32051282,percent,9.84841629,125069,132600,3315,educational_attainment,graduate_professional,Graduate or professional degree,,male,person residence compared with HUD FMR area,"population age 25 and over with earnings, by sex and educational attainment",CENSUS_ACS5_DETAIL;HUD_FMR,ACS5-2024-B20004-table-based-summary-file;HUD-FMR-FY2026-revised-effective-2026-05-21,2026-08-10T21:40:54Z,71b8cf106eab63397a9badd883cae562823225f1d65059a0608c8cdda479dc66;06af2feddaeb79ffd8f9402e8b8b9adb0deab684d599fba835c48fb985eb85cd,ACS median annual earnings divided by FY2026 2BR FMR times 40,A descriptive benchmark using the conventional 30% threshold. It does not measure an actual household budget or conclude that a unit is available.,project_flag_standard,acs_current_dollars_compared_with_fy2026_fmr
education_and_earnings,median_annual_earnings,Median annual earnings,06055,Napa,2024,2024-12-31,annual rolling five-year estimate,125069,current dollars per year,13059,,,,educational_attainment,graduate_professional,Graduate or professional degree,,male,person residence,"population age 25 and over with earnings, by sex and educational attainment",CENSUS_ACS5_DETAIL,ACS5-2024-B20004-table-based-summary-file,2026-08-10T21:40:54Z,71b8cf106eab63397a9badd883cae562823225f1d65059a0608c8cdda479dc66,published ACS median,"Residence-based individual earnings; not household income, a wage offer, or a workplace-based job measure.",project_flag_standard,current_dollars_and_overlapping_acs_vintages
education_and_earnings,monthly_gap_to_2br_fmr,Monthly gap between two-bedroom FMR and 30% of median earnings,06055,Napa,2024,2024-12-31,cross-vintage benchmark comparison,188.275,current dollars per month,326.475,125069,132600,3315,educational_attainment,graduate_professional,Graduate or professional degree,,male,person residence compared with HUD FMR area,"population age 25 and over with earnings, by sex and educational attainment",CENSUS_ACS5_DETAIL;HUD_FMR,ACS5-2024-B20004-table-based-summary-file;HUD-FMR-FY2026-revised-effective-2026-05-21,2026-08-10T21:40:54Z,71b8cf106eab63397a9badd883cae562823225f1d65059a0608c8cdda479dc66;06af2feddaeb79ffd8f9402e8b8b9adb0deab684d599fba835c48fb985eb85cd,FY2026 2BR FMR minus 30% of ACS median annual earnings divided by 12,"Positive values mean the FMR benchmark exceeds 30% of median individual earnings. No work-hour, household-size, or unit-availability assumption is added.",project_flag_high_uncertainty,acs_current_dollars_compared_with_fy2026_fmr
education_and_earnings,earnings_coverage_2br_fmr_pct,Median earnings coverage of two-bedroom FMR income requirement,06055,Napa,2024,2024-12-31,cross-vintage benchmark comparison,34.69306184,percent,3.84766214,46003,132600,3315,educational_attainment,high_school,High school graduate or equivalent,,all,person residence compared with HUD FMR area,"population age 25 and over with earnings, by sex and educational attainment",CENSUS_ACS5_DETAIL;HUD_FMR,ACS5-2024-B20004-table-based-summary-file;HUD-FMR-FY2026-revised-effective-2026-05-21,2026-08-10T21:40:54Z,71b8cf106eab63397a9badd883cae562823225f1d65059a0608c8cdda479dc66;06af2feddaeb79ffd8f9402e8b8b9adb0deab684d599fba835c48fb985eb85cd,ACS median annual earnings divided by FY2026 2BR FMR times 40,A descriptive benchmark using the conventional 30% threshold. It does not measure an actual household budget or conclude that a unit is available.,project_flag_standard,acs_current_dollars_compared_with_fy2026_fmr
education_and_earnings,median_annual_earnings,Median annual earnings,06055,Napa,2024,2024-12-31,annual rolling five-year estimate,46003,current dollars per year,5102,,,,educational_attainment,high_school,High school graduate or equivalent,,all,person residence,"population age 25 and over with earnings, by sex and educational attainment",CENSUS_ACS5_DETAIL,ACS5-2024-B20004-table-based-summary-file,2026-08-10T21:40:54Z,71b8cf106eab63397a9badd883cae562823225f1d65059a0608c8cdda479dc66,published ACS median,"Residence-based individual earnings; not household income, a wage offer, or a workplace-based job measure.",project_flag_standard,current_dollars_and_overlapping_acs_vintages
education_and_earnings,monthly_gap_to_2br_fmr,Monthly gap between two-bedroom FMR and 30% of median earnings,06055,Napa,2024,2024-12-31,cross-vintage benchmark comparison,2164.925,current dollars per month,127.55,46003,132600,3315,educational_attainment,high_school,High school graduate or equivalent,,all,person residence compared with HUD FMR area,"population age 25 and over with earnings, by sex and educational attainment",CENSUS_ACS5_DETAIL;HUD_FMR,ACS5-2024-B20004-table-based-summary-file;HUD-FMR-FY2026-revised-effective-2026-05-21,2026-08-10T21:40:54Z,71b8cf106eab63397a9badd883cae562823225f1d65059a0608c8cdda479dc66;06af2feddaeb79ffd8f9402e8b8b9adb0deab684d599fba835c48fb985eb85cd,FY2026 2BR FMR minus 30% of ACS median annual earnings divided by 12,"Positive values mean the FMR benchmark exceeds 30% of median individual earnings. No work-hour, household-size, or unit-availability assumption is added.",project_flag_standard,acs_current_dollars_compared_with_fy2026_fmr
education_and_earnings,earnings_coverage_2br_fmr_pct,Median earnings coverage of two-bedroom FMR income requirement,06055,Napa,2024,2024-12-31,cross-vintage benchmark comparison,27.27073906,percent,2.4479638,36161,132600,3315,educational_attainment,high_school,High school graduate or equivalent,,female,person residence compared with HUD FMR area,"population age 25 and over with earnings, by sex and educational attainment",CENSUS_ACS5_DETAIL;HUD_FMR,ACS5-2024-B20004-table-based-summary-file;HUD-FMR-FY2026-revised-effective-2026-05-21,2026-08-10T21:40:54Z,71b8cf106eab63397a9badd883cae562823225f1d65059a0608c8cdda479dc66;06af2feddaeb79ffd8f9402e8b8b9adb0deab684d599fba835c48fb985eb85cd,ACS median annual earnings divided by FY2026 2BR FMR times 40,A descriptive benchmark using the conventional 30% threshold. It does not measure an actual household budget or conclude that a unit is available.,project_flag_standard,acs_current_dollars_compared_with_fy2026_fmr
education_and_earnings,median_annual_earnings,Median annual earnings,06055,Napa,2024,2024-12-31,annual rolling five-year estimate,36161,current dollars per year,3246,,,,educational_attainment,high_school,High school graduate or equivalent,,female,person residence,"population age 25 and over with earnings, by sex and educational attainment",CENSUS_ACS5_DETAIL,ACS5-2024-B20004-table-based-summary-file,2026-08-10T21:40:54Z,71b8cf106eab63397a9badd883cae562823225f1d65059a0608c8cdda479dc66,published ACS median,"Residence-based individual earnings; not household income, a wage offer, or a workplace-based job measure.",project_flag_standard,current_dollars_and_overlapping_acs_vintages
education_and_earnings,monthly_gap_to_2br_fmr,Monthly gap between two-bedroom FMR and 30% of median earnings,06055,Napa,2024,2024-12-31,cross-vintage benchmark comparison,2410.975,current dollars per month,81.15,36161,132600,3315,educational_attainment,high_school,High school graduate or equivalent,,female,person residence compared with HUD FMR area,"population age 25 and over with earnings, by sex and educational attainment",CENSUS_ACS5_DETAIL;HUD_FMR,ACS5-2024-B20004-table-based-summary-file;HUD-FMR-FY2026-revised-effective-2026-05-21,2026-08-10T21:40:54Z,71b8cf106eab63397a9badd883cae562823225f1d65059a0608c8cdda479dc66;06af2feddaeb79ffd8f9402e8b8b9adb0deab684d599fba835c48fb985eb85cd,FY2026 2BR FMR minus 30% of ACS median annual earnings divided by 12,"Positive values mean the FMR benchmark exceeds 30% of median individual earnings. No work-hour, household-size, or unit-availability assumption is added.",project_flag_standard,acs_current_dollars_compared_with_fy2026_fmr
education_and_earnings,earnings_coverage_2br_fmr_pct,Median earnings coverage of two-bedroom FMR income requirement,06055,Napa,2024,2024-12-31,cross-vintage benchmark comparison,40.10935143,percent,3.02111614,53185,132600,3315,educational_attainment,high_school,High school graduate or equivalent,,male,person residence compared with HUD FMR area,"population age 25 and over with earnings, by sex and educational attainment",CENSUS_ACS5_DETAIL;HUD_FMR,ACS5-2024-B20004-table-based-summary-file;HUD-FMR-FY2026-revised-effective-2026-05-21,2026-08-10T21:40:54Z,71b8cf106eab63397a9badd883cae562823225f1d65059a0608c8cdda479dc66;06af2feddaeb79ffd8f9402e8b8b9adb0deab684d599fba835c48fb985eb85cd,ACS median annual earnings divided by FY2026 2BR FMR times 40,A descriptive benchmark using the conventional 30% threshold. It does not measure an actual household budget or conclude that a unit is available.,project_flag_standard,acs_current_dollars_compared_with_fy2026_fmr
education_and_earnings,median_annual_earnings,Median annual earnings,06055,Napa,2024,2024-12-31,annual rolling five-year estimate,53185,current dollars per year,4006,,,,educational_attainment,high_school,High school graduate or equivalent,,male,person residence,"population age 25 and over with earnings, by sex and educational attainment",CENSUS_ACS5_DETAIL,ACS5-2024-B20004-table-based-summary-file,2026-08-10T21:40:54Z,71b8cf106eab63397a9badd883cae562823225f1d65059a0608c8cdda479dc66,published ACS median,"Residence-based individual earnings; not household income, a wage offer, or a workplace-based job measure.",project_flag_standard,current_dollars_and_overlapping_acs_vintages
education_and_earnings,monthly_gap_to_2br_fmr,Monthly gap between two-bedroom FMR and 30% of median earnings,06055,Napa,2024,2024-12-31,cross-vintage benchmark comparison,1985.375,current dollars per month,100.15,53185,132600,3315,educational_attainment,high_school,High school graduate or equivalent,,male,person residence compared with HUD FMR area,"population age 25 and over with earnings, by sex and educational attainment",CENSUS_ACS5_DETAIL;HUD_FMR,ACS5-2024-B20004-table-based-summary-file;HUD-FMR-FY2026-revised-effective-2026-05-21,2026-08-10T21:40:54Z,71b8cf106eab63397a9badd883cae562823225f1d65059a0608c8cdda479dc66;06af2feddaeb79ffd8f9402e8b8b9adb0deab684d599fba835c48fb985eb85cd,FY2026 2BR FMR minus 30% of ACS median annual earnings divided by 12,"Positive values mean the FMR benchmark exceeds 30% of median individual earnings. No work-hour, household-size, or unit-availability assumption is added.",project_flag_standard,acs_current_dollars_compared_with_fy2026_fmr
education_and_earnings,earnings_coverage_2br_fmr_pct,Median earnings coverage of two-bedroom FMR income requirement,06055,Napa,2024,2024-12-31,cross-vintage benchmark comparison,31.39819005,percent,1.8959276,41634,132600,3315,educational_attainment,less_than_high_school,Less than high school graduate,,all,person residence compared with HUD FMR area,"population age 25 and over with earnings, by sex and educational attainment",CENSUS_ACS5_DETAIL;HUD_FMR,ACS5-2024-B20004-table-based-summary-file;HUD-FMR-FY2026-revised-effective-2026-05-21,2026-08-10T21:40:54Z,71b8cf106eab63397a9badd883cae562823225f1d65059a0608c8cdda479dc66;06af2feddaeb79ffd8f9402e8b8b9adb0deab684d599fba835c48fb985eb85cd,ACS median annual earnings divided by FY2026 2BR FMR times 40,A descriptive benchmark using the conventional 30% threshold. It does not measure an actual household budget or conclude that a unit is available.,project_flag_standard,acs_current_dollars_compared_with_fy2026_fmr
education_and_earnings,median_annual_earnings,Median annual earnings,06055,Napa,2024,2024-12-31,annual rolling five-year estimate,41634,current dollars per year,2514,,,,educational_attainment,less_than_high_school,Less than high school graduate,,all,person residence,"population age 25 and over with earnings, by sex and educational attainment",CENSUS_ACS5_DETAIL,ACS5-2024-B20004-table-based-summary-file,2026-08-10T21:40:54Z,71b8cf106eab63397a9badd883cae562823225f1d65059a0608c8cdda479dc66,published ACS median,"Residence-based individual earnings; not household income, a wage offer, or a workplace-based job measure.",project_flag_standard,current_dollars_and_overlapping_acs_vintages
education_and_earnings,monthly_gap_to_2br_fmr,Monthly gap between two-bedroom FMR and 30% of median earnings,06055,Napa,2024,2024-12-31,cross-vintage benchmark comparison,2274.15,current dollars per month,62.85,41634,132600,3315,educational_attainment,less_than_high_school,Less than high school graduate,,all,person residence compared with HUD FMR area,"population age 25 and over with earnings, by sex and educational attainment",CENSUS_ACS5_DETAIL;HUD_FMR,ACS5-2024-B20004-table-based-summary-file;HUD-FMR-FY2026-revised-effective-2026-05-21,2026-08-10T21:40:54Z,71b8cf106eab63397a9badd883cae562823225f1d65059a0608c8cdda479dc66;06af2feddaeb79ffd8f9402e8b8b9adb0deab684d599fba835c48fb985eb85cd,FY2026 2BR FMR minus 30% of ACS median annual earnings divided by 12,"Positive values mean the FMR benchmark exceeds 30% of median individual earnings. No work-hour, household-size, or unit-availability assumption is added.",project_flag_standard,acs_current_dollars_compared_with_fy2026_fmr
education_and_earnings,earnings_coverage_2br_fmr_pct,Median earnings coverage of two-bedroom FMR income requirement,06055,Napa,2024,2024-12-31,cross-vintage benchmark comparison,25.2760181,percent,3.74585219,33516,132600,3315,educational_attainment,less_than_high_school,Less than high school graduate,,female,person residence compared with HUD FMR area,"population age 25 and over with earnings, by sex and educational attainment",CENSUS_ACS5_DETAIL;HUD_FMR,ACS5-2024-B20004-table-based-summary-file;HUD-FMR-FY2026-revised-effective-2026-05-21,2026-08-10T21:40:54Z,71b8cf106eab63397a9badd883cae562823225f1d65059a0608c8cdda479dc66;06af2feddaeb79ffd8f9402e8b8b9adb0deab684d599fba835c48fb985eb85cd,ACS median annual earnings divided by FY2026 2BR FMR times 40,A descriptive benchmark using the conventional 30% threshold. It does not measure an actual household budget or conclude that a unit is available.,project_flag_standard,acs_current_dollars_compared_with_fy2026_fmr
education_and_earnings,median_annual_earnings,Median annual earnings,06055,Napa,2024,2024-12-31,annual rolling five-year estimate,33516,current dollars per year,4967,,,,educational_attainment,less_than_high_school,Less than high school graduate,,female,person residence,"population age 25 and over with earnings, by sex and educational attainment",CENSUS_ACS5_DETAIL,ACS5-2024-B20004-table-based-summary-file,2026-08-10T21:40:54Z,71b8cf106eab63397a9badd883cae562823225f1d65059a0608c8cdda479dc66,published ACS median,"Residence-based individual earnings; not household income, a wage offer, or a workplace-based job measure.",project_flag_standard,current_dollars_and_overlapping_acs_vintages
education_and_earnings,monthly_gap_to_2br_fmr,Monthly gap between two-bedroom FMR and 30% of median earnings,06055,Napa,2024,2024-12-31,cross-vintage benchmark comparison,2477.1,current dollars per month,124.175,33516,132600,3315,educational_attainment,less_than_high_school,Less than high school graduate,,female,person residence compared with HUD FMR area,"population age 25 and over with earnings, by sex and educational attainment",CENSUS_ACS5_DETAIL;HUD_FMR,ACS5-2024-B20004-table-based-summary-file;HUD-FMR-FY2026-revised-effective-2026-05-21,2026-08-10T21:40:54Z,71b8cf106eab63397a9badd883cae562823225f1d65059a0608c8cdda479dc66;06af2feddaeb79ffd8f9402e8b8b9adb0deab684d599fba835c48fb985eb85cd,FY2026 2BR FMR minus 30% of ACS median annual earnings divided by 12,"Positive values mean the FMR benchmark exceeds 30% of median individual earnings. No work-hour, household-size, or unit-availability assumption is added.",project_flag_standard,acs_current_dollars_compared_with_fy2026_fmr
education_and_earnings,earnings_coverage_2br_fmr_pct,Median earnings coverage of two-bedroom FMR income requirement,06055,Napa,2024,2024-12-31,cross-vintage benchmark comparison,35.84992459,percent,3.53770739,47537,132600,3315,educational_attainment,less_than_high_school,Less than high school graduate,,male,person residence compared with HUD FMR area,"population age 25 and over with earnings, by sex and educational attainment",CENSUS_ACS5_DETAIL;HUD_FMR,ACS5-2024-B20004-table-based-summary-file;HUD-FMR-FY2026-revised-effective-2026-05-21,2026-08-10T21:40:54Z,71b8cf106eab63397a9badd883cae562823225f1d65059a0608c8cdda479dc66;06af2feddaeb79ffd8f9402e8b8b9adb0deab684d599fba835c48fb985eb85cd,ACS median annual earnings divided by FY2026 2BR FMR times 40,A descriptive benchmark using the conventional 30% threshold. It does not measure an actual household budget or conclude that a unit is available.,project_flag_standard,acs_current_dollars_compared_with_fy2026_fmr
education_and_earnings,median_annual_earnings,Median annual earnings,06055,Napa,2024,2024-12-31,annual rolling five-year estimate,47537,current dollars per year,4691,,,,educational_attainment,less_than_high_school,Less than high school graduate,,male,person residence,"population age 25 and over with earnings, by sex and educational attainment",CENSUS_ACS5_DETAIL,ACS5-2024-B20004-table-based-summary-file,2026-08-10T21:40:54Z,71b8cf106eab63397a9badd883cae562823225f1d65059a0608c8cdda479dc66,published ACS median,"Residence-based individual earnings; not household income, a wage offer, or a workplace-based job measure.",project_flag_standard,current_dollars_and_overlapping_acs_vintages
education_and_earnings,monthly_gap_to_2br_fmr,Monthly gap between two-bedroom FMR and 30% of median earnings,06055,Napa,2024,2024-12-31,cross-vintage benchmark comparison,2126.575,current dollars per month,117.275,47537,132600,3315,educational_attainment,less_than_high_school,Less than high school graduate,,male,person residence compared with HUD FMR area,"population age 25 and over with earnings, by sex and educational attainment",CENSUS_ACS5_DETAIL;HUD_FMR,ACS5-2024-B20004-table-based-summary-file;HUD-FMR-FY2026-revised-effective-2026-05-21,2026-08-10T21:40:54Z,71b8cf106eab63397a9badd883cae562823225f1d65059a0608c8cdda479dc66;06af2feddaeb79ffd8f9402e8b8b9adb0deab684d599fba835c48fb985eb85cd,FY2026 2BR FMR minus 30% of ACS median annual earnings divided by 12,"Positive values mean the FMR benchmark exceeds 30% of median individual earnings. No work-hour, household-size, or unit-availability assumption is added.",project_flag_standard,acs_current_dollars_compared_with_fy2026_fmr
education_and_earnings,earnings_coverage_2br_fmr_pct,Median earnings coverage of two-bedroom FMR income requirement,06055,Napa,2024,2024-12-31,cross-vintage benchmark comparison,43.11915535,percent,3.78582202,57176,132600,3315,educational_attainment,some_college_associate,Some college or associate degree,,all,person residence compared with HUD FMR area,"population age 25 and over with earnings, by sex and educational attainment",CENSUS_ACS5_DETAIL;HUD_FMR,ACS5-2024-B20004-table-based-summary-file;HUD-FMR-FY2026-revised-effective-2026-05-21,2026-08-10T21:40:54Z,71b8cf106eab63397a9badd883cae562823225f1d65059a0608c8cdda479dc66;06af2feddaeb79ffd8f9402e8b8b9adb0deab684d599fba835c48fb985eb85cd,ACS median annual earnings divided by FY2026 2BR FMR times 40,A descriptive benchmark using the conventional 30% threshold. It does not measure an actual household budget or conclude that a unit is available.,project_flag_standard,acs_current_dollars_compared_with_fy2026_fmr
education_and_earnings,median_annual_earnings,Median annual earnings,06055,Napa,2024,2024-12-31,annual rolling five-year estimate,57176,current dollars per year,5020,,,,educational_attainment,some_college_associate,Some college or associate degree,,all,person residence,"population age 25 and over with earnings, by sex and educational attainment",CENSUS_ACS5_DETAIL,ACS5-2024-B20004-table-based-summary-file,2026-08-10T21:40:54Z,71b8cf106eab63397a9badd883cae562823225f1d65059a0608c8cdda479dc66,published ACS median,"Residence-based individual earnings; not household income, a wage offer, or a workplace-based job measure.",project_flag_standard,current_dollars_and_overlapping_acs_vintages
education_and_earnings,monthly_gap_to_2br_fmr,Monthly gap between two-bedroom FMR and 30% of median earnings,06055,Napa,2024,2024-12-31,cross-vintage benchmark comparison,1885.6,current dollars per month,125.5,57176,132600,3315,educational_attainment,some_college_associate,Some college or associate degree,,all,person residence compared with HUD FMR area,"population age 25 and over with earnings, by sex and educational attainment",CENSUS_ACS5_DETAIL;HUD_FMR,ACS5-2024-B20004-table-based-summary-file;HUD-FMR-FY2026-revised-effective-2026-05-21,2026-08-10T21:40:54Z,71b8cf106eab63397a9badd883cae562823225f1d65059a0608c8cdda479dc66;06af2feddaeb79ffd8f9402e8b8b9adb0deab684d599fba835c48fb985eb85cd,FY2026 2BR FMR minus 30% of ACS median annual earnings divided by 12,"Positive values mean the FMR benchmark exceeds 30% of median individual earnings. No work-hour, household-size, or unit-availability assumption is added.",project_flag_standard,acs_current_dollars_compared_with_fy2026_fmr
education_and_earnings,earnings_coverage_2br_fmr_pct,Median earnings coverage of two-bedroom FMR income requirement,06055,Napa,2024,2024-12-31,cross-vintage benchmark comparison,36.30542986,percent,4.15309201,48141,132600,3315,educational_attainment,some_college_associate,Some college or associate degree,,female,person residence compared with HUD FMR area,"population age 25 and over with earnings, by sex and educational attainment",CENSUS_ACS5_DETAIL;HUD_FMR,ACS5-2024-B20004-table-based-summary-file;HUD-FMR-FY2026-revised-effective-2026-05-21,2026-08-10T21:40:54Z,71b8cf106eab63397a9badd883cae562823225f1d65059a0608c8cdda479dc66;06af2feddaeb79ffd8f9402e8b8b9adb0deab684d599fba835c48fb985eb85cd,ACS median annual earnings divided by FY2026 2BR FMR times 40,A descriptive benchmark using the conventional 30% threshold. It does not measure an actual household budget or conclude that a unit is available.,project_flag_standard,acs_current_dollars_compared_with_fy2026_fmr
education_and_earnings,median_annual_earnings,Median annual earnings,06055,Napa,2024,2024-12-31,annual rolling five-year estimate,48141,current dollars per year,5507,,,,educational_attainment,some_college_associate,Some college or associate degree,,female,person residence,"population age 25 and over with earnings, by sex and educational attainment",CENSUS_ACS5_DETAIL,ACS5-2024-B20004-table-based-summary-file,2026-08-10T21:40:54Z,71b8cf106eab63397a9badd883cae562823225f1d65059a0608c8cdda479dc66,published ACS median,"Residence-based individual earnings; not household income, a wage offer, or a workplace-based job measure.",project_flag_standard,current_dollars_and_overlapping_acs_vintages
education_and_earnings,monthly_gap_to_2br_fmr,Monthly gap between two-bedroom FMR and 30% of median earnings,06055,Napa,2024,2024-12-31,cross-vintage benchmark comparison,2111.475,current dollars per month,137.675,48141,132600,3315,educational_attainment,some_college_associate,Some college or associate degree,,female,person residence compared with HUD FMR area,"population age 25 and over with earnings, by sex and educational attainment",CENSUS_ACS5_DETAIL;HUD_FMR,ACS5-2024-B20004-table-based-summary-file;HUD-FMR-FY2026-revised-effective-2026-05-21,2026-08-10T21:40:54Z,71b8cf106eab63397a9badd883cae562823225f1d65059a0608c8cdda479dc66;06af2feddaeb79ffd8f9402e8b8b9adb0deab684d599fba835c48fb985eb85cd,FY2026 2BR FMR minus 30% of ACS median annual earnings divided by 12,"Positive values mean the FMR benchmark exceeds 30% of median individual earnings. No work-hour, household-size, or unit-availability assumption is added.",project_flag_standard,acs_current_dollars_compared_with_fy2026_fmr
education_and_earnings,earnings_coverage_2br_fmr_pct,Median earnings coverage of two-bedroom FMR income requirement,06055,Napa,2024,2024-12-31,cross-vintage benchmark comparison,50.13951735,percent,3.64932127,66485,132600,3315,educational_attainment,some_college_associate,Some college or associate degree,,male,person residence compared with HUD FMR area,"population age 25 and over with earnings, by sex and educational attainment",CENSUS_ACS5_DETAIL;HUD_FMR,ACS5-2024-B20004-table-based-summary-file;HUD-FMR-FY2026-revised-effective-2026-05-21,2026-08-10T21:40:54Z,71b8cf106eab63397a9badd883cae562823225f1d65059a0608c8cdda479dc66;06af2feddaeb79ffd8f9402e8b8b9adb0deab684d599fba835c48fb985eb85cd,ACS median annual earnings divided by FY2026 2BR FMR times 40,A descriptive benchmark using the conventional 30% threshold. It does not measure an actual household budget or conclude that a unit is available.,project_flag_standard,acs_current_dollars_compared_with_fy2026_fmr
education_and_earnings,median_annual_earnings,Median annual earnings,06055,Napa,2024,2024-12-31,annual rolling five-year estimate,66485,current dollars per year,4839,,,,educational_attainment,some_college_associate,Some college or associate degree,,male,person residence,"population age 25 and over with earnings, by sex and educational attainment",CENSUS_ACS5_DETAIL,ACS5-2024-B20004-table-based-summary-file,2026-08-10T21:40:54Z,71b8cf106eab63397a9badd883cae562823225f1d65059a0608c8cdda479dc66,published ACS median,"Residence-based individual earnings; not household income, a wage offer, or a workplace-based job measure.",project_flag_standard,current_dollars_and_overlapping_acs_vintages
education_and_earnings,monthly_gap_to_2br_fmr,Monthly gap between two-bedroom FMR and 30% of median earnings,06055,Napa,2024,2024-12-31,cross-vintage benchmark comparison,1652.875,current dollars per month,120.975,66485,132600,3315,educational_attainment,some_college_associate,Some college or associate degree,,male,person residence compared with HUD FMR area,"population age 25 and over with earnings, by sex and educational attainment",CENSUS_ACS5_DETAIL;HUD_FMR,ACS5-2024-B20004-table-based-summary-file;HUD-FMR-FY2026-revised-effective-2026-05-21,2026-08-10T21:40:54Z,71b8cf106eab63397a9badd883cae562823225f1d65059a0608c8cdda479dc66;06af2feddaeb79ffd8f9402e8b8b9adb0deab684d599fba835c48fb985eb85cd,FY2026 2BR FMR minus 30% of ACS median annual earnings divided by 12,"Positive values mean the FMR benchmark exceeds 30% of median individual earnings. No work-hour, household-size, or unit-availability assumption is added.",project_flag_standard,acs_current_dollars_compared_with_fy2026_fmr
education_and_earnings,homeownership_pct,Homeownership share,06055,Napa,2024,2024-12-31,annual rolling five-year estimate,72.57470514,percent,3.40162829,15568,21451,,educational_attainment_of_householder,bachelors_plus,Bachelor's degree or higher,,,household residence,occupied housing units by educational attainment of householder,CENSUS_ACS5_DETAIL,ACS5-2024-B25013-table-based-summary-file,2026-08-10T21:40:54Z,982753024aa23f6b8441be9599449cdf4ba415a686e2935135115f64f3f5d79b,owner-occupied units divided by owner- plus renter-occupied units,Householder education is a housing-unit characteristic and is not the same universe as individual earnings.,project_flag_standard,comparable_within_table_and_vintage
education_and_earnings,homeownership_pct,Homeownership share,06055,Napa,2024,2024-12-31,annual rolling five-year estimate,53.27868852,percent,4.19846311,3770,7076,,educational_attainment_of_householder,high_school,High school graduate or equivalent,,,household residence,occupied housing units by educational attainment of householder,CENSUS_ACS5_DETAIL,ACS5-2024-B25013-table-based-summary-file,2026-08-10T21:40:54Z,982753024aa23f6b8441be9599449cdf4ba415a686e2935135115f64f3f5d79b,owner-occupied units divided by owner- plus renter-occupied units,Householder education is a housing-unit characteristic and is not the same universe as individual earnings.,project_flag_standard,comparable_within_table_and_vintage
education_and_earnings,homeownership_pct,Homeownership share,06055,Napa,2024,2024-12-31,annual rolling five-year estimate,45.77105359,percent,7.91463728,2511,5486,,educational_attainment_of_householder,less_than_high_school,Less than high school graduate,,,household residence,occupied housing units by educational attainment of householder,CENSUS_ACS5_DETAIL,ACS5-2024-B25013-table-based-summary-file,2026-08-10T21:40:54Z,982753024aa23f6b8441be9599449cdf4ba415a686e2935135115f64f3f5d79b,owner-occupied units divided by owner- plus renter-occupied units,Householder education is a housing-unit characteristic and is not the same universe as individual earnings.,project_flag_moderate_uncertainty,comparable_within_table_and_vintage
education_and_earnings,homeownership_pct,Homeownership share,06055,Napa,2024,2024-12-31,annual rolling five-year estimate,61.62539683,percent,3.44599606,9706,15750,,educational_attainment_of_householder,some_college_associate,Some college or associate degree,,,household residence,occupied housing units by educational attainment of householder,CENSUS_ACS5_DETAIL,ACS5-2024-B25013-table-based-summary-file,2026-08-10T21:40:54Z,982753024aa23f6b8441be9599449cdf4ba415a686e2935135115f64f3f5d79b,owner-occupied units divided by owner- plus renter-occupied units,Householder education is a housing-unit characteristic and is not the same universe as individual earnings.,project_flag_standard,comparable_within_table_and_vintage
education_and_earnings,earnings_coverage_2br_fmr_pct,Median earnings coverage of two-bedroom FMR income requirement,06075,San Francisco,2024,2024-12-31,cross-vintage benchmark comparison,77.34045505,percent,1.34295228,111494,144160,3604,educational_attainment,bachelors,Bachelor's degree,,all,person residence compared with HUD FMR area,"population age 25 and over with earnings, by sex and educational attainment",CENSUS_ACS5_DETAIL;HUD_FMR,ACS5-2024-B20004-table-based-summary-file;HUD-FMR-FY2026-revised-effective-2026-05-21,2026-08-10T21:40:54Z,71b8cf106eab63397a9badd883cae562823225f1d65059a0608c8cdda479dc66;06af2feddaeb79ffd8f9402e8b8b9adb0deab684d599fba835c48fb985eb85cd,ACS median annual earnings divided by FY2026 2BR FMR times 40,A descriptive benchmark using the conventional 30% threshold. It does not measure an actual household budget or conclude that a unit is available.,project_flag_standard,acs_current_dollars_compared_with_fy2026_fmr
education_and_earnings,median_annual_earnings,Median annual earnings,06075,San Francisco,2024,2024-12-31,annual rolling five-year estimate,111494,current dollars per year,1936,,,,educational_attainment,bachelors,Bachelor's degree,,all,person residence,"population age 25 and over with earnings, by sex and educational attainment",CENSUS_ACS5_DETAIL,ACS5-2024-B20004-table-based-summary-file,2026-08-10T21:40:54Z,71b8cf106eab63397a9badd883cae562823225f1d65059a0608c8cdda479dc66,published ACS median,"Residence-based individual earnings; not household income, a wage offer, or a workplace-based job measure.",project_flag_standard,current_dollars_and_overlapping_acs_vintages
education_and_earnings,monthly_gap_to_2br_fmr,Monthly gap between two-bedroom FMR and 30% of median earnings,06075,San Francisco,2024,2024-12-31,cross-vintage benchmark comparison,816.65,current dollars per month,48.4,111494,144160,3604,educational_attainment,bachelors,Bachelor's degree,,all,person residence compared with HUD FMR area,"population age 25 and over with earnings, by sex and educational attainment",CENSUS_ACS5_DETAIL;HUD_FMR,ACS5-2024-B20004-table-based-summary-file;HUD-FMR-FY2026-revised-effective-2026-05-21,2026-08-10T21:40:54Z,71b8cf106eab63397a9badd883cae562823225f1d65059a0608c8cdda479dc66;06af2feddaeb79ffd8f9402e8b8b9adb0deab684d599fba835c48fb985eb85cd,FY2026 2BR FMR minus 30% of ACS median annual earnings divided by 12,"Positive values mean the FMR benchmark exceeds 30% of median individual earnings. No work-hour, household-size, or unit-availability assumption is added.",project_flag_standard,acs_current_dollars_compared_with_fy2026_fmr
education_and_earnings,earnings_coverage_2br_fmr_pct,Median earnings coverage of two-bedroom FMR income requirement,06075,San Francisco,2024,2024-12-31,cross-vintage benchmark comparison,68.97128191,percent,2.05327414,99429,144160,3604,educational_attainment,bachelors,Bachelor's degree,,female,person residence compared with HUD FMR area,"population age 25 and over with earnings, by sex and educational attainment",CENSUS_ACS5_DETAIL;HUD_FMR,ACS5-2024-B20004-table-based-summary-file;HUD-FMR-FY2026-revised-effective-2026-05-21,2026-08-10T21:40:54Z,71b8cf106eab63397a9badd883cae562823225f1d65059a0608c8cdda479dc66;06af2feddaeb79ffd8f9402e8b8b9adb0deab684d599fba835c48fb985eb85cd,ACS median annual earnings divided by FY2026 2BR FMR times 40,A descriptive benchmark using the conventional 30% threshold. It does not measure an actual household budget or conclude that a unit is available.,project_flag_standard,acs_current_dollars_compared_with_fy2026_fmr
education_and_earnings,median_annual_earnings,Median annual earnings,06075,San Francisco,2024,2024-12-31,annual rolling five-year estimate,99429,current dollars per year,2960,,,,educational_attainment,bachelors,Bachelor's degree,,female,person residence,"population age 25 and over with earnings, by sex and educational attainment",CENSUS_ACS5_DETAIL,ACS5-2024-B20004-table-based-summary-file,2026-08-10T21:40:54Z,71b8cf106eab63397a9badd883cae562823225f1d65059a0608c8cdda479dc66,published ACS median,"Residence-based individual earnings; not household income, a wage offer, or a workplace-based job measure.",project_flag_standard,current_dollars_and_overlapping_acs_vintages
education_and_earnings,monthly_gap_to_2br_fmr,Monthly gap between two-bedroom FMR and 30% of median earnings,06075,San Francisco,2024,2024-12-31,cross-vintage benchmark comparison,1118.275,current dollars per month,74,99429,144160,3604,educational_attainment,bachelors,Bachelor's degree,,female,person residence compared with HUD FMR area,"population age 25 and over with earnings, by sex and educational attainment",CENSUS_ACS5_DETAIL;HUD_FMR,ACS5-2024-B20004-table-based-summary-file;HUD-FMR-FY2026-revised-effective-2026-05-21,2026-08-10T21:40:54Z,71b8cf106eab63397a9badd883cae562823225f1d65059a0608c8cdda479dc66;06af2feddaeb79ffd8f9402e8b8b9adb0deab684d599fba835c48fb985eb85cd,FY2026 2BR FMR minus 30% of ACS median annual earnings divided by 12,"Positive values mean the FMR benchmark exceeds 30% of median individual earnings. No work-hour, household-size, or unit-availability assumption is added.",project_flag_standard,acs_current_dollars_compared_with_fy2026_fmr
education_and_earnings,earnings_coverage_2br_fmr_pct,Median earnings coverage of two-bedroom FMR income requirement,06075,San Francisco,2024,2024-12-31,cross-vintage benchmark comparison,88.59253607,percent,3.85266371,127715,144160,3604,educational_attainment,bachelors,Bachelor's degree,,male,person residence compared with HUD FMR area,"population age 25 and over with earnings, by sex and educational attainment",CENSUS_ACS5_DETAIL;HUD_FMR,ACS5-2024-B20004-table-based-summary-file;HUD-FMR-FY2026-revised-effective-2026-05-21,2026-08-10T21:40:54Z,71b8cf106eab63397a9badd883cae562823225f1d65059a0608c8cdda479dc66;06af2feddaeb79ffd8f9402e8b8b9adb0deab684d599fba835c48fb985eb85cd,ACS median annual earnings divided by FY2026 2BR FMR times 40,A descriptive benchmark using the conventional 30% threshold. It does not measure an actual household budget or conclude that a unit is available.,project_flag_standard,acs_current_dollars_compared_with_fy2026_fmr
education_and_earnings,median_annual_earnings,Median annual earnings,06075,San Francisco,2024,2024-12-31,annual rolling five-year estimate,127715,current dollars per year,5554,,,,educational_attainment,bachelors,Bachelor's degree,,male,person residence,"population age 25 and over with earnings, by sex and educational attainment",CENSUS_ACS5_DETAIL,ACS5-2024-B20004-table-based-summary-file,2026-08-10T21:40:54Z,71b8cf106eab63397a9badd883cae562823225f1d65059a0608c8cdda479dc66,published ACS median,"Residence-based individual earnings; not household income, a wage offer, or a workplace-based job measure.",project_flag_standard,current_dollars_and_overlapping_acs_vintages
education_and_earnings,monthly_gap_to_2br_fmr,Monthly gap between two-bedroom FMR and 30% of median earnings,06075,San Francisco,2024,2024-12-31,cross-vintage benchmark comparison,411.125,current dollars per month,138.85,127715,144160,3604,educational_attainment,bachelors,Bachelor's degree,,male,person residence compared with HUD FMR area,"population age 25 and over with earnings, by sex and educational attainment",CENSUS_ACS5_DETAIL;HUD_FMR,ACS5-2024-B20004-table-based-summary-file;HUD-FMR-FY2026-revised-effective-2026-05-21,2026-08-10T21:40:54Z,71b8cf106eab63397a9badd883cae562823225f1d65059a0608c8cdda479dc66;06af2feddaeb79ffd8f9402e8b8b9adb0deab684d599fba835c48fb985eb85cd,FY2026 2BR FMR minus 30% of ACS median annual earnings divided by 12,"Positive values mean the FMR benchmark exceeds 30% of median individual earnings. No work-hour, household-size, or unit-availability assumption is added.",project_flag_high_uncertainty,acs_current_dollars_compared_with_fy2026_fmr
education_and_earnings,earnings_coverage_2br_fmr_pct,Median earnings coverage of two-bedroom FMR income requirement,06075,San Francisco,2024,2024-12-31,cross-vintage benchmark comparison,102.84683685,percent,3.41981132,148264,144160,3604,educational_attainment,graduate_professional,Graduate or professional degree,,all,person residence compared with HUD FMR area,"population age 25 and over with earnings, by sex and educational attainment",CENSUS_ACS5_DETAIL;HUD_FMR,ACS5-2024-B20004-table-based-summary-file;HUD-FMR-FY2026-revised-effective-2026-05-21,2026-08-10T21:40:54Z,71b8cf106eab63397a9badd883cae562823225f1d65059a0608c8cdda479dc66;06af2feddaeb79ffd8f9402e8b8b9adb0deab684d599fba835c48fb985eb85cd,ACS median annual earnings divided by FY2026 2BR FMR times 40,A descriptive benchmark using the conventional 30% threshold. It does not measure an actual household budget or conclude that a unit is available.,project_flag_standard,acs_current_dollars_compared_with_fy2026_fmr
education_and_earnings,median_annual_earnings,Median annual earnings,06075,San Francisco,2024,2024-12-31,annual rolling five-year estimate,148264,current dollars per year,4930,,,,educational_attainment,graduate_professional,Graduate or professional degree,,all,person residence,"population age 25 and over with earnings, by sex and educational attainment",CENSUS_ACS5_DETAIL,ACS5-2024-B20004-table-based-summary-file,2026-08-10T21:40:54Z,71b8cf106eab63397a9badd883cae562823225f1d65059a0608c8cdda479dc66,published ACS median,"Residence-based individual earnings; not household income, a wage offer, or a workplace-based job measure.",project_flag_standard,current_dollars_and_overlapping_acs_vintages
education_and_earnings,monthly_gap_to_2br_fmr,Monthly gap between two-bedroom FMR and 30% of median earnings,06075,San Francisco,2024,2024-12-31,cross-vintage benchmark comparison,-102.6,current dollars per month,123.25,148264,144160,3604,educational_attainment,graduate_professional,Graduate or professional degree,,all,person residence compared with HUD FMR area,"population age 25 and over with earnings, by sex and educational attainment",CENSUS_ACS5_DETAIL;HUD_FMR,ACS5-2024-B20004-table-based-summary-file;HUD-FMR-FY2026-revised-effective-2026-05-21,2026-08-10T21:40:54Z,71b8cf106eab63397a9badd883cae562823225f1d65059a0608c8cdda479dc66;06af2feddaeb79ffd8f9402e8b8b9adb0deab684d599fba835c48fb985eb85cd,FY2026 2BR FMR minus 30% of ACS median annual earnings divided by 12,"Positive values mean the FMR benchmark exceeds 30% of median individual earnings. No work-hour, household-size, or unit-availability assumption is added.",project_flag_high_uncertainty,acs_current_dollars_compared_with_fy2026_fmr
education_and_earnings,earnings_coverage_2br_fmr_pct,Median earnings coverage of two-bedroom FMR income requirement,06075,San Francisco,2024,2024-12-31,cross-vintage benchmark comparison,87.18784684,percent,3.4995838,125690,144160,3604,educational_attainment,graduate_professional,Graduate or professional degree,,female,person residence compared with HUD FMR area,"population age 25 and over with earnings, by sex and educational attainment",CENSUS_ACS5_DETAIL;HUD_FMR,ACS5-2024-B20004-table-based-summary-file;HUD-FMR-FY2026-revised-effective-2026-05-21,2026-08-10T21:40:54Z,71b8cf106eab63397a9badd883cae562823225f1d65059a0608c8cdda479dc66;06af2feddaeb79ffd8f9402e8b8b9adb0deab684d599fba835c48fb985eb85cd,ACS median annual earnings divided by FY2026 2BR FMR times 40,A descriptive benchmark using the conventional 30% threshold. It does not measure an actual household budget or conclude that a unit is available.,project_flag_standard,acs_current_dollars_compared_with_fy2026_fmr
education_and_earnings,median_annual_earnings,Median annual earnings,06075,San Francisco,2024,2024-12-31,annual rolling five-year estimate,125690,current dollars per year,5045,,,,educational_attainment,graduate_professional,Graduate or professional degree,,female,person residence,"population age 25 and over with earnings, by sex and educational attainment",CENSUS_ACS5_DETAIL,ACS5-2024-B20004-table-based-summary-file,2026-08-10T21:40:54Z,71b8cf106eab63397a9badd883cae562823225f1d65059a0608c8cdda479dc66,published ACS median,"Residence-based individual earnings; not household income, a wage offer, or a workplace-based job measure.",project_flag_standard,current_dollars_and_overlapping_acs_vintages
education_and_earnings,monthly_gap_to_2br_fmr,Monthly gap between two-bedroom FMR and 30% of median earnings,06075,San Francisco,2024,2024-12-31,cross-vintage benchmark comparison,461.75,current dollars per month,126.125,125690,144160,3604,educational_attainment,graduate_professional,Graduate or professional degree,,female,person residence compared with HUD FMR area,"population age 25 and over with earnings, by sex and educational attainment",CENSUS_ACS5_DETAIL;HUD_FMR,ACS5-2024-B20004-table-based-summary-file;HUD-FMR-FY2026-revised-effective-2026-05-21,2026-08-10T21:40:54Z,71b8cf106eab63397a9badd883cae562823225f1d65059a0608c8cdda479dc66;06af2feddaeb79ffd8f9402e8b8b9adb0deab684d599fba835c48fb985eb85cd,FY2026 2BR FMR minus 30% of ACS median annual earnings divided by 12,"Positive values mean the FMR benchmark exceeds 30% of median individual earnings. No work-hour, household-size, or unit-availability assumption is added.",project_flag_moderate_uncertainty,acs_current_dollars_compared_with_fy2026_fmr
education_and_earnings,earnings_coverage_2br_fmr_pct,Median earnings coverage of two-bedroom FMR income requirement,06075,San Francisco,2024,2024-12-31,cross-vintage benchmark comparison,120.07422309,percent,4.24944506,173099,144160,3604,educational_attainment,graduate_professional,Graduate or professional degree,,male,person residence compared with HUD FMR area,"population age 25 and over with earnings, by sex and educational attainment",CENSUS_ACS5_DETAIL;HUD_FMR,ACS5-2024-B20004-table-based-summary-file;HUD-FMR-FY2026-revised-effective-2026-05-21,2026-08-10T21:40:54Z,71b8cf106eab63397a9badd883cae562823225f1d65059a0608c8cdda479dc66;06af2feddaeb79ffd8f9402e8b8b9adb0deab684d599fba835c48fb985eb85cd,ACS median annual earnings divided by FY2026 2BR FMR times 40,A descriptive benchmark using the conventional 30% threshold. It does not measure an actual household budget or conclude that a unit is available.,project_flag_standard,acs_current_dollars_compared_with_fy2026_fmr
education_and_earnings,median_annual_earnings,Median annual earnings,06075,San Francisco,2024,2024-12-31,annual rolling five-year estimate,173099,current dollars per year,6126,,,,educational_attainment,graduate_professional,Graduate or professional degree,,male,person residence,"population age 25 and over with earnings, by sex and educational attainment",CENSUS_ACS5_DETAIL,ACS5-2024-B20004-table-based-summary-file,2026-08-10T21:40:54Z,71b8cf106eab63397a9badd883cae562823225f1d65059a0608c8cdda479dc66,published ACS median,"Residence-based individual earnings; not household income, a wage offer, or a workplace-based job measure.",project_flag_standard,current_dollars_and_overlapping_acs_vintages
education_and_earnings,monthly_gap_to_2br_fmr,Monthly gap between two-bedroom FMR and 30% of median earnings,06075,San Francisco,2024,2024-12-31,cross-vintage benchmark comparison,-723.475,current dollars per month,153.15,173099,144160,3604,educational_attainment,graduate_professional,Graduate or professional degree,,male,person residence compared with HUD FMR area,"population age 25 and over with earnings, by sex and educational attainment",CENSUS_ACS5_DETAIL;HUD_FMR,ACS5-2024-B20004-table-based-summary-file;HUD-FMR-FY2026-revised-effective-2026-05-21,2026-08-10T21:40:54Z,71b8cf106eab63397a9badd883cae562823225f1d65059a0608c8cdda479dc66;06af2feddaeb79ffd8f9402e8b8b9adb0deab684d599fba835c48fb985eb85cd,FY2026 2BR FMR minus 30% of ACS median annual earnings divided by 12,"Positive values mean the FMR benchmark exceeds 30% of median individual earnings. No work-hour, household-size, or unit-availability assumption is added.",project_flag_moderate_uncertainty,acs_current_dollars_compared_with_fy2026_fmr
education_and_earnings,earnings_coverage_2br_fmr_pct,Median earnings coverage of two-bedroom FMR income requirement,06075,San Francisco,2024,2024-12-31,cross-vintage benchmark comparison,29.35557714,percent,1.42966149,42319,144160,3604,educational_attainment,high_school,High school graduate or equivalent,,all,person residence compared with HUD FMR area,"population age 25 and over with earnings, by sex and educational attainment",CENSUS_ACS5_DETAIL;HUD_FMR,ACS5-2024-B20004-table-based-summary-file;HUD-FMR-FY2026-revised-effective-2026-05-21,2026-08-10T21:40:54Z,71b8cf106eab63397a9badd883cae562823225f1d65059a0608c8cdda479dc66;06af2feddaeb79ffd8f9402e8b8b9adb0deab684d599fba835c48fb985eb85cd,ACS median annual earnings divided by FY2026 2BR FMR times 40,A descriptive benchmark using the conventional 30% threshold. It does not measure an actual household budget or conclude that a unit is available.,project_flag_standard,acs_current_dollars_compared_with_fy2026_fmr
education_and_earnings,median_annual_earnings,Median annual earnings,06075,San Francisco,2024,2024-12-31,annual rolling five-year estimate,42319,current dollars per year,2061,,,,educational_attainment,high_school,High school graduate or equivalent,,all,person residence,"population age 25 and over with earnings, by sex and educational attainment",CENSUS_ACS5_DETAIL,ACS5-2024-B20004-table-based-summary-file,2026-08-10T21:40:54Z,71b8cf106eab63397a9badd883cae562823225f1d65059a0608c8cdda479dc66,published ACS median,"Residence-based individual earnings; not household income, a wage offer, or a workplace-based job measure.",project_flag_standard,current_dollars_and_overlapping_acs_vintages
education_and_earnings,monthly_gap_to_2br_fmr,Monthly gap between two-bedroom FMR and 30% of median earnings,06075,San Francisco,2024,2024-12-31,cross-vintage benchmark comparison,2546.025,current dollars per month,51.525,42319,144160,3604,educational_attainment,high_school,High school graduate or equivalent,,all,person residence compared with HUD FMR area,"population age 25 and over with earnings, by sex and educational attainment",CENSUS_ACS5_DETAIL;HUD_FMR,ACS5-2024-B20004-table-based-summary-file;HUD-FMR-FY2026-revised-effective-2026-05-21,2026-08-10T21:40:54Z,71b8cf106eab63397a9badd883cae562823225f1d65059a0608c8cdda479dc66;06af2feddaeb79ffd8f9402e8b8b9adb0deab684d599fba835c48fb985eb85cd,FY2026 2BR FMR minus 30% of ACS median annual earnings divided by 12,"Positive values mean the FMR benchmark exceeds 30% of median individual earnings. No work-hour, household-size, or unit-availability assumption is added.",project_flag_standard,acs_current_dollars_compared_with_fy2026_fmr
education_and_earnings,earnings_coverage_2br_fmr_pct,Median earnings coverage of two-bedroom FMR income requirement,06075,San Francisco,2024,2024-12-31,cross-vintage benchmark comparison,26.118202,percent,1.69533851,37652,144160,3604,educational_attainment,high_school,High school graduate or equivalent,,female,person residence compared with HUD FMR area,"population age 25 and over with earnings, by sex and educational attainment",CENSUS_ACS5_DETAIL;HUD_FMR,ACS5-2024-B20004-table-based-summary-file;HUD-FMR-FY2026-revised-effective-2026-05-21,2026-08-10T21:40:54Z,71b8cf106eab63397a9badd883cae562823225f1d65059a0608c8cdda479dc66;06af2feddaeb79ffd8f9402e8b8b9adb0deab684d599fba835c48fb985eb85cd,ACS median annual earnings divided by FY2026 2BR FMR times 40,A descriptive benchmark using the conventional 30% threshold. It does not measure an actual household budget or conclude that a unit is available.,project_flag_standard,acs_current_dollars_compared_with_fy2026_fmr
education_and_earnings,median_annual_earnings,Median annual earnings,06075,San Francisco,2024,2024-12-31,annual rolling five-year estimate,37652,current dollars per year,2444,,,,educational_attainment,high_school,High school graduate or equivalent,,female,person residence,"population age 25 and over with earnings, by sex and educational attainment",CENSUS_ACS5_DETAIL,ACS5-2024-B20004-table-based-summary-file,2026-08-10T21:40:54Z,71b8cf106eab63397a9badd883cae562823225f1d65059a0608c8cdda479dc66,published ACS median,"Residence-based individual earnings; not household income, a wage offer, or a workplace-based job measure.",project_flag_standard,current_dollars_and_overlapping_acs_vintages
education_and_earnings,monthly_gap_to_2br_fmr,Monthly gap between two-bedroom FMR and 30% of median earnings,06075,San Francisco,2024,2024-12-31,cross-vintage benchmark comparison,2662.7,current dollars per month,61.1,37652,144160,3604,educational_attainment,high_school,High school graduate or equivalent,,female,person residence compared with HUD FMR area,"population age 25 and over with earnings, by sex and educational attainment",CENSUS_ACS5_DETAIL;HUD_FMR,ACS5-2024-B20004-table-based-summary-file;HUD-FMR-FY2026-revised-effective-2026-05-21,2026-08-10T21:40:54Z,71b8cf106eab63397a9badd883cae562823225f1d65059a0608c8cdda479dc66;06af2feddaeb79ffd8f9402e8b8b9adb0deab684d599fba835c48fb985eb85cd,FY2026 2BR FMR minus 30% of ACS median annual earnings divided by 12,"Positive values mean the FMR benchmark exceeds 30% of median individual earnings. No work-hour, household-size, or unit-availability assumption is added.",project_flag_standard,acs_current_dollars_compared_with_fy2026_fmr
education_and_earnings,earnings_coverage_2br_fmr_pct,Median earnings coverage of two-bedroom FMR income requirement,06075,San Francisco,2024,2024-12-31,cross-vintage benchmark comparison,31.29508879,percent,1.62111543,45115,144160,3604,educational_attainment,high_school,High school graduate or equivalent,,male,person residence compared with HUD FMR area,"population age 25 and over with earnings, by sex and educational attainment",CENSUS_ACS5_DETAIL;HUD_FMR,ACS5-2024-B20004-table-based-summary-file;HUD-FMR-FY2026-revised-effective-2026-05-21,2026-08-10T21:40:54Z,71b8cf106eab63397a9badd883cae562823225f1d65059a0608c8cdda479dc66;06af2feddaeb79ffd8f9402e8b8b9adb0deab684d599fba835c48fb985eb85cd,ACS median annual earnings divided by FY2026 2BR FMR times 40,A descriptive benchmark using the conventional 30% threshold. It does not measure an actual household budget or conclude that a unit is available.,project_flag_standard,acs_current_dollars_compared_with_fy2026_fmr
education_and_earnings,median_annual_earnings,Median annual earnings,06075,San Francisco,2024,2024-12-31,annual rolling five-year estimate,45115,current dollars per year,2337,,,,educational_attainment,high_school,High school graduate or equivalent,,male,person residence,"population age 25 and over with earnings, by sex and educational attainment",CENSUS_ACS5_DETAIL,ACS5-2024-B20004-table-based-summary-file,2026-08-10T21:40:54Z,71b8cf106eab63397a9badd883cae562823225f1d65059a0608c8cdda479dc66,published ACS median,"Residence-based individual earnings; not household income, a wage offer, or a workplace-based job measure.",project_flag_standard,current_dollars_and_overlapping_acs_vintages
education_and_earnings,monthly_gap_to_2br_fmr,Monthly gap between two-bedroom FMR and 30% of median earnings,06075,San Francisco,2024,2024-12-31,cross-vintage benchmark comparison,2476.125,current dollars per month,58.425,45115,144160,3604,educational_attainment,high_school,High school graduate or equivalent,,male,person residence compared with HUD FMR area,"population age 25 and over with earnings, by sex and educational attainment",CENSUS_ACS5_DETAIL;HUD_FMR,ACS5-2024-B20004-table-based-summary-file;HUD-FMR-FY2026-revised-effective-2026-05-21,2026-08-10T21:40:54Z,71b8cf106eab63397a9badd883cae562823225f1d65059a0608c8cdda479dc66;06af2feddaeb79ffd8f9402e8b8b9adb0deab684d599fba835c48fb985eb85cd,FY2026 2BR FMR minus 30% of ACS median annual earnings divided by 12,"Positive values mean the FMR benchmark exceeds 30% of median individual earnings. No work-hour, household-size, or unit-availability assumption is added.",project_flag_standard,acs_current_dollars_compared_with_fy2026_fmr
education_and_earnings,earnings_coverage_2br_fmr_pct,Median earnings coverage of two-bedroom FMR income requirement,06075,San Francisco,2024,2024-12-31,cross-vintage benchmark comparison,24.29869589,percent,1.11403996,35029,144160,3604,educational_attainment,less_than_high_school,Less than high school graduate,,all,person residence compared with HUD FMR area,"population age 25 and over with earnings, by sex and educational attainment",CENSUS_ACS5_DETAIL;HUD_FMR,ACS5-2024-B20004-table-based-summary-file;HUD-FMR-FY2026-revised-effective-2026-05-21,2026-08-10T21:40:54Z,71b8cf106eab63397a9badd883cae562823225f1d65059a0608c8cdda479dc66;06af2feddaeb79ffd8f9402e8b8b9adb0deab684d599fba835c48fb985eb85cd,ACS median annual earnings divided by FY2026 2BR FMR times 40,A descriptive benchmark using the conventional 30% threshold. It does not measure an actual household budget or conclude that a unit is available.,project_flag_standard,acs_current_dollars_compared_with_fy2026_fmr
education_and_earnings,median_annual_earnings,Median annual earnings,06075,San Francisco,2024,2024-12-31,annual rolling five-year estimate,35029,current dollars per year,1606,,,,educational_attainment,less_than_high_school,Less than high school graduate,,all,person residence,"population age 25 and over with earnings, by sex and educational attainment",CENSUS_ACS5_DETAIL,ACS5-2024-B20004-table-based-summary-file,2026-08-10T21:40:54Z,71b8cf106eab63397a9badd883cae562823225f1d65059a0608c8cdda479dc66,published ACS median,"Residence-based individual earnings; not household income, a wage offer, or a workplace-based job measure.",project_flag_standard,current_dollars_and_overlapping_acs_vintages
education_and_earnings,monthly_gap_to_2br_fmr,Monthly gap between two-bedroom FMR and 30% of median earnings,06075,San Francisco,2024,2024-12-31,cross-vintage benchmark comparison,2728.275,current dollars per month,40.15,35029,144160,3604,educational_attainment,less_than_high_school,Less than high school graduate,,all,person residence compared with HUD FMR area,"population age 25 and over with earnings, by sex and educational attainment",CENSUS_ACS5_DETAIL;HUD_FMR,ACS5-2024-B20004-table-based-summary-file;HUD-FMR-FY2026-revised-effective-2026-05-21,2026-08-10T21:40:54Z,71b8cf106eab63397a9badd883cae562823225f1d65059a0608c8cdda479dc66;06af2feddaeb79ffd8f9402e8b8b9adb0deab684d599fba835c48fb985eb85cd,FY2026 2BR FMR minus 30% of ACS median annual earnings divided by 12,"Positive values mean the FMR benchmark exceeds 30% of median individual earnings. No work-hour, household-size, or unit-availability assumption is added.",project_flag_standard,acs_current_dollars_compared_with_fy2026_fmr
education_and_earnings,earnings_coverage_2br_fmr_pct,Median earnings coverage of two-bedroom FMR income requirement,06075,San Francisco,2024,2024-12-31,cross-vintage benchmark comparison,19.68854051,percent,2.29605993,28383,144160,3604,educational_attainment,less_than_high_school,Less than high school graduate,,female,person residence compared with HUD FMR area,"population age 25 and over with earnings, by sex and educational attainment",CENSUS_ACS5_DETAIL;HUD_FMR,ACS5-2024-B20004-table-based-summary-file;HUD-FMR-FY2026-revised-effective-2026-05-21,2026-08-10T21:40:54Z,71b8cf106eab63397a9badd883cae562823225f1d65059a0608c8cdda479dc66;06af2feddaeb79ffd8f9402e8b8b9adb0deab684d599fba835c48fb985eb85cd,ACS median annual earnings divided by FY2026 2BR FMR times 40,A descriptive benchmark using the conventional 30% threshold. It does not measure an actual household budget or conclude that a unit is available.,project_flag_standard,acs_current_dollars_compared_with_fy2026_fmr
education_and_earnings,median_annual_earnings,Median annual earnings,06075,San Francisco,2024,2024-12-31,annual rolling five-year estimate,28383,current dollars per year,3310,,,,educational_attainment,less_than_high_school,Less than high school graduate,,female,person residence,"population age 25 and over with earnings, by sex and educational attainment",CENSUS_ACS5_DETAIL,ACS5-2024-B20004-table-based-summary-file,2026-08-10T21:40:54Z,71b8cf106eab63397a9badd883cae562823225f1d65059a0608c8cdda479dc66,published ACS median,"Residence-based individual earnings; not household income, a wage offer, or a workplace-based job measure.",project_flag_standard,current_dollars_and_overlapping_acs_vintages
education_and_earnings,monthly_gap_to_2br_fmr,Monthly gap between two-bedroom FMR and 30% of median earnings,06075,San Francisco,2024,2024-12-31,cross-vintage benchmark comparison,2894.425,current dollars per month,82.75,28383,144160,3604,educational_attainment,less_than_high_school,Less than high school graduate,,female,person residence compared with HUD FMR area,"population age 25 and over with earnings, by sex and educational attainment",CENSUS_ACS5_DETAIL;HUD_FMR,ACS5-2024-B20004-table-based-summary-file;HUD-FMR-FY2026-revised-effective-2026-05-21,2026-08-10T21:40:54Z,71b8cf106eab63397a9badd883cae562823225f1d65059a0608c8cdda479dc66;06af2feddaeb79ffd8f9402e8b8b9adb0deab684d599fba835c48fb985eb85cd,FY2026 2BR FMR minus 30% of ACS median annual earnings divided by 12,"Positive values mean the FMR benchmark exceeds 30% of median individual earnings. No work-hour, household-size, or unit-availability assumption is added.",project_flag_standard,acs_current_dollars_compared_with_fy2026_fmr
education_and_earnings,earnings_coverage_2br_fmr_pct,Median earnings coverage of two-bedroom FMR income requirement,06075,San Francisco,2024,2024-12-31,cross-vintage benchmark comparison,26.37555494,percent,1.89650388,38023,144160,3604,educational_attainment,less_than_high_school,Less than high school graduate,,male,person residence compared with HUD FMR area,"population age 25 and over with earnings, by sex and educational attainment",CENSUS_ACS5_DETAIL;HUD_FMR,ACS5-2024-B20004-table-based-summary-file;HUD-FMR-FY2026-revised-effective-2026-05-21,2026-08-10T21:40:54Z,71b8cf106eab63397a9badd883cae562823225f1d65059a0608c8cdda479dc66;06af2feddaeb79ffd8f9402e8b8b9adb0deab684d599fba835c48fb985eb85cd,ACS median annual earnings divided by FY2026 2BR FMR times 40,A descriptive benchmark using the conventional 30% threshold. It does not measure an actual household budget or conclude that a unit is available.,project_flag_standard,acs_current_dollars_compared_with_fy2026_fmr
education_and_earnings,median_annual_earnings,Median annual earnings,06075,San Francisco,2024,2024-12-31,annual rolling five-year estimate,38023,current dollars per year,2734,,,,educational_attainment,less_than_high_school,Less than high school graduate,,male,person residence,"population age 25 and over with earnings, by sex and educational attainment",CENSUS_ACS5_DETAIL,ACS5-2024-B20004-table-based-summary-file,2026-08-10T21:40:54Z,71b8cf106eab63397a9badd883cae562823225f1d65059a0608c8cdda479dc66,published ACS median,"Residence-based individual earnings; not household income, a wage offer, or a workplace-based job measure.",project_flag_standard,current_dollars_and_overlapping_acs_vintages
education_and_earnings,monthly_gap_to_2br_fmr,Monthly gap between two-bedroom FMR and 30% of median earnings,06075,San Francisco,2024,2024-12-31,cross-vintage benchmark comparison,2653.425,current dollars per month,68.35,38023,144160,3604,educational_attainment,less_than_high_school,Less than high school graduate,,male,person residence compared with HUD FMR area,"population age 25 and over with earnings, by sex and educational attainment",CENSUS_ACS5_DETAIL;HUD_FMR,ACS5-2024-B20004-table-based-summary-file;HUD-FMR-FY2026-revised-effective-2026-05-21,2026-08-10T21:40:54Z,71b8cf106eab63397a9badd883cae562823225f1d65059a0608c8cdda479dc66;06af2feddaeb79ffd8f9402e8b8b9adb0deab684d599fba835c48fb985eb85cd,FY2026 2BR FMR minus 30% of ACS median annual earnings divided by 12,"Positive values mean the FMR benchmark exceeds 30% of median individual earnings. No work-hour, household-size, or unit-availability assumption is added.",project_flag_standard,acs_current_dollars_compared_with_fy2026_fmr
education_and_earnings,earnings_coverage_2br_fmr_pct,Median earnings coverage of two-bedroom FMR income requirement,06075,San Francisco,2024,2024-12-31,cross-vintage benchmark comparison,37.17813541,percent,1.43382353,53596,144160,3604,educational_attainment,some_college_associate,Some college or associate degree,,all,person residence compared with HUD FMR area,"population age 25 and over with earnings, by sex and educational attainment",CENSUS_ACS5_DETAIL;HUD_FMR,ACS5-2024-B20004-table-based-summary-file;HUD-FMR-FY2026-revised-effective-2026-05-21,2026-08-10T21:40:54Z,71b8cf106eab63397a9badd883cae562823225f1d65059a0608c8cdda479dc66;06af2feddaeb79ffd8f9402e8b8b9adb0deab684d599fba835c48fb985eb85cd,ACS median annual earnings divided by FY2026 2BR FMR times 40,A descriptive benchmark using the conventional 30% threshold. It does not measure an actual household budget or conclude that a unit is available.,project_flag_standard,acs_current_dollars_compared_with_fy2026_fmr
education_and_earnings,median_annual_earnings,Median annual earnings,06075,San Francisco,2024,2024-12-31,annual rolling five-year estimate,53596,current dollars per year,2067,,,,educational_attainment,some_college_associate,Some college or associate degree,,all,person residence,"population age 25 and over with earnings, by sex and educational attainment",CENSUS_ACS5_DETAIL,ACS5-2024-B20004-table-based-summary-file,2026-08-10T21:40:54Z,71b8cf106eab63397a9badd883cae562823225f1d65059a0608c8cdda479dc66,published ACS median,"Residence-based individual earnings; not household income, a wage offer, or a workplace-based job measure.",project_flag_standard,current_dollars_and_overlapping_acs_vintages
education_and_earnings,monthly_gap_to_2br_fmr,Monthly gap between two-bedroom FMR and 30% of median earnings,06075,San Francisco,2024,2024-12-31,cross-vintage benchmark comparison,2264.1,current dollars per month,51.675,53596,144160,3604,educational_attainment,some_college_associate,Some college or associate degree,,all,person residence compared with HUD FMR area,"population age 25 and over with earnings, by sex and educational attainment",CENSUS_ACS5_DETAIL;HUD_FMR,ACS5-2024-B20004-table-based-summary-file;HUD-FMR-FY2026-revised-effective-2026-05-21,2026-08-10T21:40:54Z,71b8cf106eab63397a9badd883cae562823225f1d65059a0608c8cdda479dc66;06af2feddaeb79ffd8f9402e8b8b9adb0deab684d599fba835c48fb985eb85cd,FY2026 2BR FMR minus 30% of ACS median annual earnings divided by 12,"Positive values mean the FMR benchmark exceeds 30% of median individual earnings. No work-hour, household-size, or unit-availability assumption is added.",project_flag_standard,acs_current_dollars_compared_with_fy2026_fmr
education_and_earnings,earnings_coverage_2br_fmr_pct,Median earnings coverage of two-bedroom FMR income requirement,06075,San Francisco,2024,2024-12-31,cross-vintage benchmark comparison,33.6022475,percent,1.62389012,48441,144160,3604,educational_attainment,some_college_associate,Some college or associate degree,,female,person residence compared with HUD FMR area,"population age 25 and over with earnings, by sex and educational attainment",CENSUS_ACS5_DETAIL;HUD_FMR,ACS5-2024-B20004-table-based-summary-file;HUD-FMR-FY2026-revised-effective-2026-05-21,2026-08-10T21:40:54Z,71b8cf106eab63397a9badd883cae562823225f1d65059a0608c8cdda479dc66;06af2feddaeb79ffd8f9402e8b8b9adb0deab684d599fba835c48fb985eb85cd,ACS median annual earnings divided by FY2026 2BR FMR times 40,A descriptive benchmark using the conventional 30% threshold. It does not measure an actual household budget or conclude that a unit is available.,project_flag_standard,acs_current_dollars_compared_with_fy2026_fmr
education_and_earnings,median_annual_earnings,Median annual earnings,06075,San Francisco,2024,2024-12-31,annual rolling five-year estimate,48441,current dollars per year,2341,,,,educational_attainment,some_college_associate,Some college or associate degree,,female,person residence,"population age 25 and over with earnings, by sex and educational attainment",CENSUS_ACS5_DETAIL,ACS5-2024-B20004-table-based-summary-file,2026-08-10T21:40:54Z,71b8cf106eab63397a9badd883cae562823225f1d65059a0608c8cdda479dc66,published ACS median,"Residence-based individual earnings; not household income, a wage offer, or a workplace-based job measure.",project_flag_standard,current_dollars_and_overlapping_acs_vintages
education_and_earnings,monthly_gap_to_2br_fmr,Monthly gap between two-bedroom FMR and 30% of median earnings,06075,San Francisco,2024,2024-12-31,cross-vintage benchmark comparison,2392.975,current dollars per month,58.525,48441,144160,3604,educational_attainment,some_college_associate,Some college or associate degree,,female,person residence compared with HUD FMR area,"population age 25 and over with earnings, by sex and educational attainment",CENSUS_ACS5_DETAIL;HUD_FMR,ACS5-2024-B20004-table-based-summary-file;HUD-FMR-FY2026-revised-effective-2026-05-21,2026-08-10T21:40:54Z,71b8cf106eab63397a9badd883cae562823225f1d65059a0608c8cdda479dc66;06af2feddaeb79ffd8f9402e8b8b9adb0deab684d599fba835c48fb985eb85cd,FY2026 2BR FMR minus 30% of ACS median annual earnings divided by 12,"Positive values mean the FMR benchmark exceeds 30% of median individual earnings. No work-hour, household-size, or unit-availability assumption is added.",project_flag_standard,acs_current_dollars_compared_with_fy2026_fmr
education_and_earnings,earnings_coverage_2br_fmr_pct,Median earnings coverage of two-bedroom FMR income requirement,06075,San Francisco,2024,2024-12-31,cross-vintage benchmark comparison,41.81326304,percent,1.90344062,60278,144160,3604,educational_attainment,some_college_associate,Some college or associate degree,,male,person residence compared with HUD FMR area,"population age 25 and over with earnings, by sex and educational attainment",CENSUS_ACS5_DETAIL;HUD_FMR,ACS5-2024-B20004-table-based-summary-file;HUD-FMR-FY2026-revised-effective-2026-05-21,2026-08-10T21:40:54Z,71b8cf106eab63397a9badd883cae562823225f1d65059a0608c8cdda479dc66;06af2feddaeb79ffd8f9402e8b8b9adb0deab684d599fba835c48fb985eb85cd,ACS median annual earnings divided by FY2026 2BR FMR times 40,A descriptive benchmark using the conventional 30% threshold. It does not measure an actual household budget or conclude that a unit is available.,project_flag_standard,acs_current_dollars_compared_with_fy2026_fmr
education_and_earnings,median_annual_earnings,Median annual earnings,06075,San Francisco,2024,2024-12-31,annual rolling five-year estimate,60278,current dollars per year,2744,,,,educational_attainment,some_college_associate,Some college or associate degree,,male,person residence,"population age 25 and over with earnings, by sex and educational attainment",CENSUS_ACS5_DETAIL,ACS5-2024-B20004-table-based-summary-file,2026-08-10T21:40:54Z,71b8cf106eab63397a9badd883cae562823225f1d65059a0608c8cdda479dc66,published ACS median,"Residence-based individual earnings; not household income, a wage offer, or a workplace-based job measure.",project_flag_standard,current_dollars_and_overlapping_acs_vintages
education_and_earnings,monthly_gap_to_2br_fmr,Monthly gap between two-bedroom FMR and 30% of median earnings,06075,San Francisco,2024,2024-12-31,cross-vintage benchmark comparison,2097.05,current dollars per month,68.6,60278,144160,3604,educational_attainment,some_college_associate,Some college or associate degree,,male,person residence compared with HUD FMR area,"population age 25 and over with earnings, by sex and educational attainment",CENSUS_ACS5_DETAIL;HUD_FMR,ACS5-2024-B20004-table-based-summary-file;HUD-FMR-FY2026-revised-effective-2026-05-21,2026-08-10T21:40:54Z,71b8cf106eab63397a9badd883cae562823225f1d65059a0608c8cdda479dc66;06af2feddaeb79ffd8f9402e8b8b9adb0deab684d599fba835c48fb985eb85cd,FY2026 2BR FMR minus 30% of ACS median annual earnings divided by 12,"Positive values mean the FMR benchmark exceeds 30% of median individual earnings. No work-hour, household-size, or unit-availability assumption is added.",project_flag_standard,acs_current_dollars_compared_with_fy2026_fmr
education_and_earnings,homeownership_pct,Homeownership share,06075,San Francisco,2024,2024-12-31,annual rolling five-year estimate,40.34818035,percent,0.61060401,96067,238095,,educational_attainment_of_householder,bachelors_plus,Bachelor's degree or higher,,,household residence,occupied housing units by educational attainment of householder,CENSUS_ACS5_DETAIL,ACS5-2024-B25013-table-based-summary-file,2026-08-10T21:40:54Z,982753024aa23f6b8441be9599449cdf4ba415a686e2935135115f64f3f5d79b,owner-occupied units divided by owner- plus renter-occupied units,Householder education is a housing-unit characteristic and is not the same universe as individual earnings.,project_flag_standard,comparable_within_table_and_vintage
education_and_earnings,homeownership_pct,Homeownership share,06075,San Francisco,2024,2024-12-31,annual rolling five-year estimate,35.71587549,percent,2.33845101,11233,31451,,educational_attainment_of_householder,high_school,High school graduate or equivalent,,,household residence,occupied housing units by educational attainment of householder,CENSUS_ACS5_DETAIL,ACS5-2024-B25013-table-based-summary-file,2026-08-10T21:40:54Z,982753024aa23f6b8441be9599449cdf4ba415a686e2935135115f64f3f5d79b,owner-occupied units divided by owner- plus renter-occupied units,Householder education is a housing-unit characteristic and is not the same universe as individual earnings.,project_flag_standard,comparable_within_table_and_vintage
education_and_earnings,homeownership_pct,Homeownership share,06075,San Francisco,2024,2024-12-31,annual rolling five-year estimate,28.67013185,percent,1.8047417,9046,31552,,educational_attainment_of_householder,less_than_high_school,Less than high school graduate,,,household residence,occupied housing units by educational attainment of householder,CENSUS_ACS5_DETAIL,ACS5-2024-B25013-table-based-summary-file,2026-08-10T21:40:54Z,982753024aa23f6b8441be9599449cdf4ba415a686e2935135115f64f3f5d79b,owner-occupied units divided by owner- plus renter-occupied units,Householder education is a housing-unit characteristic and is not the same universe as individual earnings.,project_flag_standard,comparable_within_table_and_vintage
education_and_earnings,homeownership_pct,Homeownership share,06075,San Francisco,2024,2024-12-31,annual rolling five-year estimate,36.12259829,percent,1.73604455,22711,62872,,educational_attainment_of_householder,some_college_associate,Some college or associate degree,,,household residence,occupied housing units by educational attainment of householder,CENSUS_ACS5_DETAIL,ACS5-2024-B25013-table-based-summary-file,2026-08-10T21:40:54Z,982753024aa23f6b8441be9599449cdf4ba415a686e2935135115f64f3f5d79b,owner-occupied units divided by owner- plus renter-occupied units,Householder education is a housing-unit characteristic and is not the same universe as individual earnings.,project_flag_standard,comparable_within_table_and_vintage
education_and_earnings,earnings_coverage_2br_fmr_pct,Median earnings coverage of two-bedroom FMR income requirement,06081,San Mateo,2024,2024-12-31,cross-vintage benchmark comparison,72.35849057,percent,1.61071032,104312,144160,3604,educational_attainment,bachelors,Bachelor's degree,,all,person residence compared with HUD FMR area,"population age 25 and over with earnings, by sex and educational attainment",CENSUS_ACS5_DETAIL;HUD_FMR,ACS5-2024-B20004-table-based-summary-file;HUD-FMR-FY2026-revised-effective-2026-05-21,2026-08-10T21:40:54Z,71b8cf106eab63397a9badd883cae562823225f1d65059a0608c8cdda479dc66;06af2feddaeb79ffd8f9402e8b8b9adb0deab684d599fba835c48fb985eb85cd,ACS median annual earnings divided by FY2026 2BR FMR times 40,A descriptive benchmark using the conventional 30% threshold. It does not measure an actual household budget or conclude that a unit is available.,project_flag_standard,acs_current_dollars_compared_with_fy2026_fmr
education_and_earnings,median_annual_earnings,Median annual earnings,06081,San Mateo,2024,2024-12-31,annual rolling five-year estimate,104312,current dollars per year,2322,,,,educational_attainment,bachelors,Bachelor's degree,,all,person residence,"population age 25 and over with earnings, by sex and educational attainment",CENSUS_ACS5_DETAIL,ACS5-2024-B20004-table-based-summary-file,2026-08-10T21:40:54Z,71b8cf106eab63397a9badd883cae562823225f1d65059a0608c8cdda479dc66,published ACS median,"Residence-based individual earnings; not household income, a wage offer, or a workplace-based job measure.",project_flag_standard,current_dollars_and_overlapping_acs_vintages
education_and_earnings,monthly_gap_to_2br_fmr,Monthly gap between two-bedroom FMR and 30% of median earnings,06081,San Mateo,2024,2024-12-31,cross-vintage benchmark comparison,996.2,current dollars per month,58.05,104312,144160,3604,educational_attainment,bachelors,Bachelor's degree,,all,person residence compared with HUD FMR area,"population age 25 and over with earnings, by sex and educational attainment",CENSUS_ACS5_DETAIL;HUD_FMR,ACS5-2024-B20004-table-based-summary-file;HUD-FMR-FY2026-revised-effective-2026-05-21,2026-08-10T21:40:54Z,71b8cf106eab63397a9badd883cae562823225f1d65059a0608c8cdda479dc66;06af2feddaeb79ffd8f9402e8b8b9adb0deab684d599fba835c48fb985eb85cd,FY2026 2BR FMR minus 30% of ACS median annual earnings divided by 12,"Positive values mean the FMR benchmark exceeds 30% of median individual earnings. No work-hour, household-size, or unit-availability assumption is added.",project_flag_standard,acs_current_dollars_compared_with_fy2026_fmr
education_and_earnings,earnings_coverage_2br_fmr_pct,Median earnings coverage of two-bedroom FMR income requirement,06081,San Mateo,2024,2024-12-31,cross-vintage benchmark comparison,63.03066038,percent,2.32519423,90865,144160,3604,educational_attainment,bachelors,Bachelor's degree,,female,person residence compared with HUD FMR area,"population age 25 and over with earnings, by sex and educational attainment",CENSUS_ACS5_DETAIL;HUD_FMR,ACS5-2024-B20004-table-based-summary-file;HUD-FMR-FY2026-revised-effective-2026-05-21,2026-08-10T21:40:54Z,71b8cf106eab63397a9badd883cae562823225f1d65059a0608c8cdda479dc66;06af2feddaeb79ffd8f9402e8b8b9adb0deab684d599fba835c48fb985eb85cd,ACS median annual earnings divided by FY2026 2BR FMR times 40,A descriptive benchmark using the conventional 30% threshold. It does not measure an actual household budget or conclude that a unit is available.,project_flag_standard,acs_current_dollars_compared_with_fy2026_fmr
education_and_earnings,median_annual_earnings,Median annual earnings,06081,San Mateo,2024,2024-12-31,annual rolling five-year estimate,90865,current dollars per year,3352,,,,educational_attainment,bachelors,Bachelor's degree,,female,person residence,"population age 25 and over with earnings, by sex and educational attainment",CENSUS_ACS5_DETAIL,ACS5-2024-B20004-table-based-summary-file,2026-08-10T21:40:54Z,71b8cf106eab63397a9badd883cae562823225f1d65059a0608c8cdda479dc66,published ACS median,"Residence-based individual earnings; not household income, a wage offer, or a workplace-based job measure.",project_flag_standard,current_dollars_and_overlapping_acs_vintages
education_and_earnings,monthly_gap_to_2br_fmr,Monthly gap between two-bedroom FMR and 30% of median earnings,06081,San Mateo,2024,2024-12-31,cross-vintage benchmark comparison,1332.375,current dollars per month,83.8,90865,144160,3604,educational_attainment,bachelors,Bachelor's degree,,female,person residence compared with HUD FMR area,"population age 25 and over with earnings, by sex and educational attainment",CENSUS_ACS5_DETAIL;HUD_FMR,ACS5-2024-B20004-table-based-summary-file;HUD-FMR-FY2026-revised-effective-2026-05-21,2026-08-10T21:40:54Z,71b8cf106eab63397a9badd883cae562823225f1d65059a0608c8cdda479dc66;06af2feddaeb79ffd8f9402e8b8b9adb0deab684d599fba835c48fb985eb85cd,FY2026 2BR FMR minus 30% of ACS median annual earnings divided by 12,"Positive values mean the FMR benchmark exceeds 30% of median individual earnings. No work-hour, household-size, or unit-availability assumption is added.",project_flag_standard,acs_current_dollars_compared_with_fy2026_fmr
education_and_earnings,earnings_coverage_2br_fmr_pct,Median earnings coverage of two-bedroom FMR income requirement,06081,San Mateo,2024,2024-12-31,cross-vintage benchmark comparison,83.88665372,percent,2.10460599,120931,144160,3604,educational_attainment,bachelors,Bachelor's degree,,male,person residence compared with HUD FMR area,"population age 25 and over with earnings, by sex and educational attainment",CENSUS_ACS5_DETAIL;HUD_FMR,ACS5-2024-B20004-table-based-summary-file;HUD-FMR-FY2026-revised-effective-2026-05-21,2026-08-10T21:40:54Z,71b8cf106eab63397a9badd883cae562823225f1d65059a0608c8cdda479dc66;06af2feddaeb79ffd8f9402e8b8b9adb0deab684d599fba835c48fb985eb85cd,ACS median annual earnings divided by FY2026 2BR FMR times 40,A descriptive benchmark using the conventional 30% threshold. It does not measure an actual household budget or conclude that a unit is available.,project_flag_standard,acs_current_dollars_compared_with_fy2026_fmr
education_and_earnings,median_annual_earnings,Median annual earnings,06081,San Mateo,2024,2024-12-31,annual rolling five-year estimate,120931,current dollars per year,3034,,,,educational_attainment,bachelors,Bachelor's degree,,male,person residence,"population age 25 and over with earnings, by sex and educational attainment",CENSUS_ACS5_DETAIL,ACS5-2024-B20004-table-based-summary-file,2026-08-10T21:40:54Z,71b8cf106eab63397a9badd883cae562823225f1d65059a0608c8cdda479dc66,published ACS median,"Residence-based individual earnings; not household income, a wage offer, or a workplace-based job measure.",project_flag_standard,current_dollars_and_overlapping_acs_vintages
education_and_earnings,monthly_gap_to_2br_fmr,Monthly gap between two-bedroom FMR and 30% of median earnings,06081,San Mateo,2024,2024-12-31,cross-vintage benchmark comparison,580.725,current dollars per month,75.85,120931,144160,3604,educational_attainment,bachelors,Bachelor's degree,,male,person residence compared with HUD FMR area,"population age 25 and over with earnings, by sex and educational attainment",CENSUS_ACS5_DETAIL;HUD_FMR,ACS5-2024-B20004-table-based-summary-file;HUD-FMR-FY2026-revised-effective-2026-05-21,2026-08-10T21:40:54Z,71b8cf106eab63397a9badd883cae562823225f1d65059a0608c8cdda479dc66;06af2feddaeb79ffd8f9402e8b8b9adb0deab684d599fba835c48fb985eb85cd,FY2026 2BR FMR minus 30% of ACS median annual earnings divided by 12,"Positive values mean the FMR benchmark exceeds 30% of median individual earnings. No work-hour, household-size, or unit-availability assumption is added.",project_flag_standard,acs_current_dollars_compared_with_fy2026_fmr
education_and_earnings,earnings_coverage_2br_fmr_pct,Median earnings coverage of two-bedroom FMR income requirement,06081,San Mateo,2024,2024-12-31,cross-vintage benchmark comparison,110.42036626,percent,2.49028857,159182,144160,3604,educational_attainment,graduate_professional,Graduate or professional degree,,all,person residence compared with HUD FMR area,"population age 25 and over with earnings, by sex and educational attainment",CENSUS_ACS5_DETAIL;HUD_FMR,ACS5-2024-B20004-table-based-summary-file;HUD-FMR-FY2026-revised-effective-2026-05-21,2026-08-10T21:40:54Z,71b8cf106eab63397a9badd883cae562823225f1d65059a0608c8cdda479dc66;06af2feddaeb79ffd8f9402e8b8b9adb0deab684d599fba835c48fb985eb85cd,ACS median annual earnings divided by FY2026 2BR FMR times 40,A descriptive benchmark using the conventional 30% threshold. It does not measure an actual household budget or conclude that a unit is available.,project_flag_standard,acs_current_dollars_compared_with_fy2026_fmr
education_and_earnings,median_annual_earnings,Median annual earnings,06081,San Mateo,2024,2024-12-31,annual rolling five-year estimate,159182,current dollars per year,3590,,,,educational_attainment,graduate_professional,Graduate or professional degree,,all,person residence,"population age 25 and over with earnings, by sex and educational attainment",CENSUS_ACS5_DETAIL,ACS5-2024-B20004-table-based-summary-file,2026-08-10T21:40:54Z,71b8cf106eab63397a9badd883cae562823225f1d65059a0608c8cdda479dc66,published ACS median,"Residence-based individual earnings; not household income, a wage offer, or a workplace-based job measure.",project_flag_standard,current_dollars_and_overlapping_acs_vintages
education_and_earnings,monthly_gap_to_2br_fmr,Monthly gap between two-bedroom FMR and 30% of median earnings,06081,San Mateo,2024,2024-12-31,cross-vintage benchmark comparison,-375.55,current dollars per month,89.75,159182,144160,3604,educational_attainment,graduate_professional,Graduate or professional degree,,all,person residence compared with HUD FMR area,"population age 25 and over with earnings, by sex and educational attainment",CENSUS_ACS5_DETAIL;HUD_FMR,ACS5-2024-B20004-table-based-summary-file;HUD-FMR-FY2026-revised-effective-2026-05-21,2026-08-10T21:40:54Z,71b8cf106eab63397a9badd883cae562823225f1d65059a0608c8cdda479dc66;06af2feddaeb79ffd8f9402e8b8b9adb0deab684d599fba835c48fb985eb85cd,FY2026 2BR FMR minus 30% of ACS median annual earnings divided by 12,"Positive values mean the FMR benchmark exceeds 30% of median individual earnings. No work-hour, household-size, or unit-availability assumption is added.",project_flag_moderate_uncertainty,acs_current_dollars_compared_with_fy2026_fmr
education_and_earnings,earnings_coverage_2br_fmr_pct,Median earnings coverage of two-bedroom FMR income requirement,06081,San Mateo,2024,2024-12-31,cross-vintage benchmark comparison,93.56201443,percent,3.06465039,134879,144160,3604,educational_attainment,graduate_professional,Graduate or professional degree,,female,person residence compared with HUD FMR area,"population age 25 and over with earnings, by sex and educational attainment",CENSUS_ACS5_DETAIL;HUD_FMR,ACS5-2024-B20004-table-based-summary-file;HUD-FMR-FY2026-revised-effective-2026-05-21,2026-08-10T21:40:54Z,71b8cf106eab63397a9badd883cae562823225f1d65059a0608c8cdda479dc66;06af2feddaeb79ffd8f9402e8b8b9adb0deab684d599fba835c48fb985eb85cd,ACS median annual earnings divided by FY2026 2BR FMR times 40,A descriptive benchmark using the conventional 30% threshold. It does not measure an actual household budget or conclude that a unit is available.,project_flag_standard,acs_current_dollars_compared_with_fy2026_fmr
education_and_earnings,median_annual_earnings,Median annual earnings,06081,San Mateo,2024,2024-12-31,annual rolling five-year estimate,134879,current dollars per year,4418,,,,educational_attainment,graduate_professional,Graduate or professional degree,,female,person residence,"population age 25 and over with earnings, by sex and educational attainment",CENSUS_ACS5_DETAIL,ACS5-2024-B20004-table-based-summary-file,2026-08-10T21:40:54Z,71b8cf106eab63397a9badd883cae562823225f1d65059a0608c8cdda479dc66,published ACS median,"Residence-based individual earnings; not household income, a wage offer, or a workplace-based job measure.",project_flag_standard,current_dollars_and_overlapping_acs_vintages
education_and_earnings,monthly_gap_to_2br_fmr,Monthly gap between two-bedroom FMR and 30% of median earnings,06081,San Mateo,2024,2024-12-31,cross-vintage benchmark comparison,232.025,current dollars per month,110.45,134879,144160,3604,educational_attainment,graduate_professional,Graduate or professional degree,,female,person residence compared with HUD FMR area,"population age 25 and over with earnings, by sex and educational attainment",CENSUS_ACS5_DETAIL;HUD_FMR,ACS5-2024-B20004-table-based-summary-file;HUD-FMR-FY2026-revised-effective-2026-05-21,2026-08-10T21:40:54Z,71b8cf106eab63397a9badd883cae562823225f1d65059a0608c8cdda479dc66;06af2feddaeb79ffd8f9402e8b8b9adb0deab684d599fba835c48fb985eb85cd,FY2026 2BR FMR minus 30% of ACS median annual earnings divided by 12,"Positive values mean the FMR benchmark exceeds 30% of median individual earnings. No work-hour, household-size, or unit-availability assumption is added.",project_flag_high_uncertainty,acs_current_dollars_compared_with_fy2026_fmr
education_and_earnings,earnings_coverage_2br_fmr_pct,Median earnings coverage of two-bedroom FMR income requirement,06081,San Mateo,2024,2024-12-31,cross-vintage benchmark comparison,133.00221976,percent,4.45754717,191736,144160,3604,educational_attainment,graduate_professional,Graduate or professional degree,,male,person residence compared with HUD FMR area,"population age 25 and over with earnings, by sex and educational attainment",CENSUS_ACS5_DETAIL;HUD_FMR,ACS5-2024-B20004-table-based-summary-file;HUD-FMR-FY2026-revised-effective-2026-05-21,2026-08-10T21:40:54Z,71b8cf106eab63397a9badd883cae562823225f1d65059a0608c8cdda479dc66;06af2feddaeb79ffd8f9402e8b8b9adb0deab684d599fba835c48fb985eb85cd,ACS median annual earnings divided by FY2026 2BR FMR times 40,A descriptive benchmark using the conventional 30% threshold. It does not measure an actual household budget or conclude that a unit is available.,project_flag_standard,acs_current_dollars_compared_with_fy2026_fmr
education_and_earnings,median_annual_earnings,Median annual earnings,06081,San Mateo,2024,2024-12-31,annual rolling five-year estimate,191736,current dollars per year,6426,,,,educational_attainment,graduate_professional,Graduate or professional degree,,male,person residence,"population age 25 and over with earnings, by sex and educational attainment",CENSUS_ACS5_DETAIL,ACS5-2024-B20004-table-based-summary-file,2026-08-10T21:40:54Z,71b8cf106eab63397a9badd883cae562823225f1d65059a0608c8cdda479dc66,published ACS median,"Residence-based individual earnings; not household income, a wage offer, or a workplace-based job measure.",project_flag_standard,current_dollars_and_overlapping_acs_vintages
education_and_earnings,monthly_gap_to_2br_fmr,Monthly gap between two-bedroom FMR and 30% of median earnings,06081,San Mateo,2024,2024-12-31,cross-vintage benchmark comparison,-1189.4,current dollars per month,160.65,191736,144160,3604,educational_attainment,graduate_professional,Graduate or professional degree,,male,person residence compared with HUD FMR area,"population age 25 and over with earnings, by sex and educational attainment",CENSUS_ACS5_DETAIL;HUD_FMR,ACS5-2024-B20004-table-based-summary-file;HUD-FMR-FY2026-revised-effective-2026-05-21,2026-08-10T21:40:54Z,71b8cf106eab63397a9badd883cae562823225f1d65059a0608c8cdda479dc66;06af2feddaeb79ffd8f9402e8b8b9adb0deab684d599fba835c48fb985eb85cd,FY2026 2BR FMR minus 30% of ACS median annual earnings divided by 12,"Positive values mean the FMR benchmark exceeds 30% of median individual earnings. No work-hour, household-size, or unit-availability assumption is added.",project_flag_standard,acs_current_dollars_compared_with_fy2026_fmr
education_and_earnings,earnings_coverage_2br_fmr_pct,Median earnings coverage of two-bedroom FMR income requirement,06081,San Mateo,2024,2024-12-31,cross-vintage benchmark comparison,32.18229745,percent,1.77927303,46394,144160,3604,educational_attainment,high_school,High school graduate or equivalent,,all,person residence compared with HUD FMR area,"population age 25 and over with earnings, by sex and educational attainment",CENSUS_ACS5_DETAIL;HUD_FMR,ACS5-2024-B20004-table-based-summary-file;HUD-FMR-FY2026-revised-effective-2026-05-21,2026-08-10T21:40:54Z,71b8cf106eab63397a9badd883cae562823225f1d65059a0608c8cdda479dc66;06af2feddaeb79ffd8f9402e8b8b9adb0deab684d599fba835c48fb985eb85cd,ACS median annual earnings divided by FY2026 2BR FMR times 40,A descriptive benchmark using the conventional 30% threshold. It does not measure an actual household budget or conclude that a unit is available.,project_flag_standard,acs_current_dollars_compared_with_fy2026_fmr
education_and_earnings,median_annual_earnings,Median annual earnings,06081,San Mateo,2024,2024-12-31,annual rolling five-year estimate,46394,current dollars per year,2565,,,,educational_attainment,high_school,High school graduate or equivalent,,all,person residence,"population age 25 and over with earnings, by sex and educational attainment",CENSUS_ACS5_DETAIL,ACS5-2024-B20004-table-based-summary-file,2026-08-10T21:40:54Z,71b8cf106eab63397a9badd883cae562823225f1d65059a0608c8cdda479dc66,published ACS median,"Residence-based individual earnings; not household income, a wage offer, or a workplace-based job measure.",project_flag_standard,current_dollars_and_overlapping_acs_vintages
education_and_earnings,monthly_gap_to_2br_fmr,Monthly gap between two-bedroom FMR and 30% of median earnings,06081,San Mateo,2024,2024-12-31,cross-vintage benchmark comparison,2444.15,current dollars per month,64.125,46394,144160,3604,educational_attainment,high_school,High school graduate or equivalent,,all,person residence compared with HUD FMR area,"population age 25 and over with earnings, by sex and educational attainment",CENSUS_ACS5_DETAIL;HUD_FMR,ACS5-2024-B20004-table-based-summary-file;HUD-FMR-FY2026-revised-effective-2026-05-21,2026-08-10T21:40:54Z,71b8cf106eab63397a9badd883cae562823225f1d65059a0608c8cdda479dc66;06af2feddaeb79ffd8f9402e8b8b9adb0deab684d599fba835c48fb985eb85cd,FY2026 2BR FMR minus 30% of ACS median annual earnings divided by 12,"Positive values mean the FMR benchmark exceeds 30% of median individual earnings. No work-hour, household-size, or unit-availability assumption is added.",project_flag_standard,acs_current_dollars_compared_with_fy2026_fmr
education_and_earnings,earnings_coverage_2br_fmr_pct,Median earnings coverage of two-bedroom FMR income requirement,06081,San Mateo,2024,2024-12-31,cross-vintage benchmark comparison,26.57672031,percent,2.78440622,38313,144160,3604,educational_attainment,high_school,High school graduate or equivalent,,female,person residence compared with HUD FMR area,"population age 25 and over with earnings, by sex and educational attainment",CENSUS_ACS5_DETAIL;HUD_FMR,ACS5-2024-B20004-table-based-summary-file;HUD-FMR-FY2026-revised-effective-2026-05-21,2026-08-10T21:40:54Z,71b8cf106eab63397a9badd883cae562823225f1d65059a0608c8cdda479dc66;06af2feddaeb79ffd8f9402e8b8b9adb0deab684d599fba835c48fb985eb85cd,ACS median annual earnings divided by FY2026 2BR FMR times 40,A descriptive benchmark using the conventional 30% threshold. It does not measure an actual household budget or conclude that a unit is available.,project_flag_standard,acs_current_dollars_compared_with_fy2026_fmr
education_and_earnings,median_annual_earnings,Median annual earnings,06081,San Mateo,2024,2024-12-31,annual rolling five-year estimate,38313,current dollars per year,4014,,,,educational_attainment,high_school,High school graduate or equivalent,,female,person residence,"population age 25 and over with earnings, by sex and educational attainment",CENSUS_ACS5_DETAIL,ACS5-2024-B20004-table-based-summary-file,2026-08-10T21:40:54Z,71b8cf106eab63397a9badd883cae562823225f1d65059a0608c8cdda479dc66,published ACS median,"Residence-based individual earnings; not household income, a wage offer, or a workplace-based job measure.",project_flag_standard,current_dollars_and_overlapping_acs_vintages
education_and_earnings,monthly_gap_to_2br_fmr,Monthly gap between two-bedroom FMR and 30% of median earnings,06081,San Mateo,2024,2024-12-31,cross-vintage benchmark comparison,2646.175,current dollars per month,100.35,38313,144160,3604,educational_attainment,high_school,High school graduate or equivalent,,female,person residence compared with HUD FMR area,"population age 25 and over with earnings, by sex and educational attainment",CENSUS_ACS5_DETAIL;HUD_FMR,ACS5-2024-B20004-table-based-summary-file;HUD-FMR-FY2026-revised-effective-2026-05-21,2026-08-10T21:40:54Z,71b8cf106eab63397a9badd883cae562823225f1d65059a0608c8cdda479dc66;06af2feddaeb79ffd8f9402e8b8b9adb0deab684d599fba835c48fb985eb85cd,FY2026 2BR FMR minus 30% of ACS median annual earnings divided by 12,"Positive values mean the FMR benchmark exceeds 30% of median individual earnings. No work-hour, household-size, or unit-availability assumption is added.",project_flag_standard,acs_current_dollars_compared_with_fy2026_fmr
education_and_earnings,earnings_coverage_2br_fmr_pct,Median earnings coverage of two-bedroom FMR income requirement,06081,San Mateo,2024,2024-12-31,cross-vintage benchmark comparison,35.46268036,percent,1.96379023,51123,144160,3604,educational_attainment,high_school,High school graduate or equivalent,,male,person residence compared with HUD FMR area,"population age 25 and over with earnings, by sex and educational attainment",CENSUS_ACS5_DETAIL;HUD_FMR,ACS5-2024-B20004-table-based-summary-file;HUD-FMR-FY2026-revised-effective-2026-05-21,2026-08-10T21:40:54Z,71b8cf106eab63397a9badd883cae562823225f1d65059a0608c8cdda479dc66;06af2feddaeb79ffd8f9402e8b8b9adb0deab684d599fba835c48fb985eb85cd,ACS median annual earnings divided by FY2026 2BR FMR times 40,A descriptive benchmark using the conventional 30% threshold. It does not measure an actual household budget or conclude that a unit is available.,project_flag_standard,acs_current_dollars_compared_with_fy2026_fmr
education_and_earnings,median_annual_earnings,Median annual earnings,06081,San Mateo,2024,2024-12-31,annual rolling five-year estimate,51123,current dollars per year,2831,,,,educational_attainment,high_school,High school graduate or equivalent,,male,person residence,"population age 25 and over with earnings, by sex and educational attainment",CENSUS_ACS5_DETAIL,ACS5-2024-B20004-table-based-summary-file,2026-08-10T21:40:54Z,71b8cf106eab63397a9badd883cae562823225f1d65059a0608c8cdda479dc66,published ACS median,"Residence-based individual earnings; not household income, a wage offer, or a workplace-based job measure.",project_flag_standard,current_dollars_and_overlapping_acs_vintages
education_and_earnings,monthly_gap_to_2br_fmr,Monthly gap between two-bedroom FMR and 30% of median earnings,06081,San Mateo,2024,2024-12-31,cross-vintage benchmark comparison,2325.925,current dollars per month,70.775,51123,144160,3604,educational_attainment,high_school,High school graduate or equivalent,,male,person residence compared with HUD FMR area,"population age 25 and over with earnings, by sex and educational attainment",CENSUS_ACS5_DETAIL;HUD_FMR,ACS5-2024-B20004-table-based-summary-file;HUD-FMR-FY2026-revised-effective-2026-05-21,2026-08-10T21:40:54Z,71b8cf106eab63397a9badd883cae562823225f1d65059a0608c8cdda479dc66;06af2feddaeb79ffd8f9402e8b8b9adb0deab684d599fba835c48fb985eb85cd,FY2026 2BR FMR minus 30% of ACS median annual earnings divided by 12,"Positive values mean the FMR benchmark exceeds 30% of median individual earnings. No work-hour, household-size, or unit-availability assumption is added.",project_flag_standard,acs_current_dollars_compared_with_fy2026_fmr
education_and_earnings,earnings_coverage_2br_fmr_pct,Median earnings coverage of two-bedroom FMR income requirement,06081,San Mateo,2024,2024-12-31,cross-vintage benchmark comparison,25.29827969,percent,0.79425638,36470,144160,3604,educational_attainment,less_than_high_school,Less than high school graduate,,all,person residence compared with HUD FMR area,"population age 25 and over with earnings, by sex and educational attainment",CENSUS_ACS5_DETAIL;HUD_FMR,ACS5-2024-B20004-table-based-summary-file;HUD-FMR-FY2026-revised-effective-2026-05-21,2026-08-10T21:40:54Z,71b8cf106eab63397a9badd883cae562823225f1d65059a0608c8cdda479dc66;06af2feddaeb79ffd8f9402e8b8b9adb0deab684d599fba835c48fb985eb85cd,ACS median annual earnings divided by FY2026 2BR FMR times 40,A descriptive benchmark using the conventional 30% threshold. It does not measure an actual household budget or conclude that a unit is available.,project_flag_standard,acs_current_dollars_compared_with_fy2026_fmr
education_and_earnings,median_annual_earnings,Median annual earnings,06081,San Mateo,2024,2024-12-31,annual rolling five-year estimate,36470,current dollars per year,1145,,,,educational_attainment,less_than_high_school,Less than high school graduate,,all,person residence,"population age 25 and over with earnings, by sex and educational attainment",CENSUS_ACS5_DETAIL,ACS5-2024-B20004-table-based-summary-file,2026-08-10T21:40:54Z,71b8cf106eab63397a9badd883cae562823225f1d65059a0608c8cdda479dc66,published ACS median,"Residence-based individual earnings; not household income, a wage offer, or a workplace-based job measure.",project_flag_standard,current_dollars_and_overlapping_acs_vintages
education_and_earnings,monthly_gap_to_2br_fmr,Monthly gap between two-bedroom FMR and 30% of median earnings,06081,San Mateo,2024,2024-12-31,cross-vintage benchmark comparison,2692.25,current dollars per month,28.625,36470,144160,3604,educational_attainment,less_than_high_school,Less than high school graduate,,all,person residence compared with HUD FMR area,"population age 25 and over with earnings, by sex and educational attainment",CENSUS_ACS5_DETAIL;HUD_FMR,ACS5-2024-B20004-table-based-summary-file;HUD-FMR-FY2026-revised-effective-2026-05-21,2026-08-10T21:40:54Z,71b8cf106eab63397a9badd883cae562823225f1d65059a0608c8cdda479dc66;06af2feddaeb79ffd8f9402e8b8b9adb0deab684d599fba835c48fb985eb85cd,FY2026 2BR FMR minus 30% of ACS median annual earnings divided by 12,"Positive values mean the FMR benchmark exceeds 30% of median individual earnings. No work-hour, household-size, or unit-availability assumption is added.",project_flag_standard,acs_current_dollars_compared_with_fy2026_fmr
education_and_earnings,earnings_coverage_2br_fmr_pct,Median earnings coverage of two-bedroom FMR income requirement,06081,San Mateo,2024,2024-12-31,cross-vintage benchmark comparison,20.60696448,percent,1.64608768,29707,144160,3604,educational_attainment,less_than_high_school,Less than high school graduate,,female,person residence compared with HUD FMR area,"population age 25 and over with earnings, by sex and educational attainment",CENSUS_ACS5_DETAIL;HUD_FMR,ACS5-2024-B20004-table-based-summary-file;HUD-FMR-FY2026-revised-effective-2026-05-21,2026-08-10T21:40:54Z,71b8cf106eab63397a9badd883cae562823225f1d65059a0608c8cdda479dc66;06af2feddaeb79ffd8f9402e8b8b9adb0deab684d599fba835c48fb985eb85cd,ACS median annual earnings divided by FY2026 2BR FMR times 40,A descriptive benchmark using the conventional 30% threshold. It does not measure an actual household budget or conclude that a unit is available.,project_flag_standard,acs_current_dollars_compared_with_fy2026_fmr
education_and_earnings,median_annual_earnings,Median annual earnings,06081,San Mateo,2024,2024-12-31,annual rolling five-year estimate,29707,current dollars per year,2373,,,,educational_attainment,less_than_high_school,Less than high school graduate,,female,person residence,"population age 25 and over with earnings, by sex and educational attainment",CENSUS_ACS5_DETAIL,ACS5-2024-B20004-table-based-summary-file,2026-08-10T21:40:54Z,71b8cf106eab63397a9badd883cae562823225f1d65059a0608c8cdda479dc66,published ACS median,"Residence-based individual earnings; not household income, a wage offer, or a workplace-based job measure.",project_flag_standard,current_dollars_and_overlapping_acs_vintages
education_and_earnings,monthly_gap_to_2br_fmr,Monthly gap between two-bedroom FMR and 30% of median earnings,06081,San Mateo,2024,2024-12-31,cross-vintage benchmark comparison,2861.325,current dollars per month,59.325,29707,144160,3604,educational_attainment,less_than_high_school,Less than high school graduate,,female,person residence compared with HUD FMR area,"population age 25 and over with earnings, by sex and educational attainment",CENSUS_ACS5_DETAIL;HUD_FMR,ACS5-2024-B20004-table-based-summary-file;HUD-FMR-FY2026-revised-effective-2026-05-21,2026-08-10T21:40:54Z,71b8cf106eab63397a9badd883cae562823225f1d65059a0608c8cdda479dc66;06af2feddaeb79ffd8f9402e8b8b9adb0deab684d599fba835c48fb985eb85cd,FY2026 2BR FMR minus 30% of ACS median annual earnings divided by 12,"Positive values mean the FMR benchmark exceeds 30% of median individual earnings. No work-hour, household-size, or unit-availability assumption is added.",project_flag_standard,acs_current_dollars_compared_with_fy2026_fmr
education_and_earnings,earnings_coverage_2br_fmr_pct,Median earnings coverage of two-bedroom FMR income requirement,06081,San Mateo,2024,2024-12-31,cross-vintage benchmark comparison,28.50305216,percent,1.22849612,41090,144160,3604,educational_attainment,less_than_high_school,Less than high school graduate,,male,person residence compared with HUD FMR area,"population age 25 and over with earnings, by sex and educational attainment",CENSUS_ACS5_DETAIL;HUD_FMR,ACS5-2024-B20004-table-based-summary-file;HUD-FMR-FY2026-revised-effective-2026-05-21,2026-08-10T21:40:54Z,71b8cf106eab63397a9badd883cae562823225f1d65059a0608c8cdda479dc66;06af2feddaeb79ffd8f9402e8b8b9adb0deab684d599fba835c48fb985eb85cd,ACS median annual earnings divided by FY2026 2BR FMR times 40,A descriptive benchmark using the conventional 30% threshold. It does not measure an actual household budget or conclude that a unit is available.,project_flag_standard,acs_current_dollars_compared_with_fy2026_fmr
education_and_earnings,median_annual_earnings,Median annual earnings,06081,San Mateo,2024,2024-12-31,annual rolling five-year estimate,41090,current dollars per year,1771,,,,educational_attainment,less_than_high_school,Less than high school graduate,,male,person residence,"population age 25 and over with earnings, by sex and educational attainment",CENSUS_ACS5_DETAIL,ACS5-2024-B20004-table-based-summary-file,2026-08-10T21:40:54Z,71b8cf106eab63397a9badd883cae562823225f1d65059a0608c8cdda479dc66,published ACS median,"Residence-based individual earnings; not household income, a wage offer, or a workplace-based job measure.",project_flag_standard,current_dollars_and_overlapping_acs_vintages
education_and_earnings,monthly_gap_to_2br_fmr,Monthly gap between two-bedroom FMR and 30% of median earnings,06081,San Mateo,2024,2024-12-31,cross-vintage benchmark comparison,2576.75,current dollars per month,44.275,41090,144160,3604,educational_attainment,less_than_high_school,Less than high school graduate,,male,person residence compared with HUD FMR area,"population age 25 and over with earnings, by sex and educational attainment",CENSUS_ACS5_DETAIL;HUD_FMR,ACS5-2024-B20004-table-based-summary-file;HUD-FMR-FY2026-revised-effective-2026-05-21,2026-08-10T21:40:54Z,71b8cf106eab63397a9badd883cae562823225f1d65059a0608c8cdda479dc66;06af2feddaeb79ffd8f9402e8b8b9adb0deab684d599fba835c48fb985eb85cd,FY2026 2BR FMR minus 30% of ACS median annual earnings divided by 12,"Positive values mean the FMR benchmark exceeds 30% of median individual earnings. No work-hour, household-size, or unit-availability assumption is added.",project_flag_standard,acs_current_dollars_compared_with_fy2026_fmr
education_and_earnings,earnings_coverage_2br_fmr_pct,Median earnings coverage of two-bedroom FMR income requirement,06081,San Mateo,2024,2024-12-31,cross-vintage benchmark comparison,41.81603774,percent,0.98085461,60282,144160,3604,educational_attainment,some_college_associate,Some college or associate degree,,all,person residence compared with HUD FMR area,"population age 25 and over with earnings, by sex and educational attainment",CENSUS_ACS5_DETAIL;HUD_FMR,ACS5-2024-B20004-table-based-summary-file;HUD-FMR-FY2026-revised-effective-2026-05-21,2026-08-10T21:40:54Z,71b8cf106eab63397a9badd883cae562823225f1d65059a0608c8cdda479dc66;06af2feddaeb79ffd8f9402e8b8b9adb0deab684d599fba835c48fb985eb85cd,ACS median annual earnings divided by FY2026 2BR FMR times 40,A descriptive benchmark using the conventional 30% threshold. It does not measure an actual household budget or conclude that a unit is available.,project_flag_standard,acs_current_dollars_compared_with_fy2026_fmr
education_and_earnings,median_annual_earnings,Median annual earnings,06081,San Mateo,2024,2024-12-31,annual rolling five-year estimate,60282,current dollars per year,1414,,,,educational_attainment,some_college_associate,Some college or associate degree,,all,person residence,"population age 25 and over with earnings, by sex and educational attainment",CENSUS_ACS5_DETAIL,ACS5-2024-B20004-table-based-summary-file,2026-08-10T21:40:54Z,71b8cf106eab63397a9badd883cae562823225f1d65059a0608c8cdda479dc66,published ACS median,"Residence-based individual earnings; not household income, a wage offer, or a workplace-based job measure.",project_flag_standard,current_dollars_and_overlapping_acs_vintages
education_and_earnings,monthly_gap_to_2br_fmr,Monthly gap between two-bedroom FMR and 30% of median earnings,06081,San Mateo,2024,2024-12-31,cross-vintage benchmark comparison,2096.95,current dollars per month,35.35,60282,144160,3604,educational_attainment,some_college_associate,Some college or associate degree,,all,person residence compared with HUD FMR area,"population age 25 and over with earnings, by sex and educational attainment",CENSUS_ACS5_DETAIL;HUD_FMR,ACS5-2024-B20004-table-based-summary-file;HUD-FMR-FY2026-revised-effective-2026-05-21,2026-08-10T21:40:54Z,71b8cf106eab63397a9badd883cae562823225f1d65059a0608c8cdda479dc66;06af2feddaeb79ffd8f9402e8b8b9adb0deab684d599fba835c48fb985eb85cd,FY2026 2BR FMR minus 30% of ACS median annual earnings divided by 12,"Positive values mean the FMR benchmark exceeds 30% of median individual earnings. No work-hour, household-size, or unit-availability assumption is added.",project_flag_standard,acs_current_dollars_compared_with_fy2026_fmr
education_and_earnings,earnings_coverage_2br_fmr_pct,Median earnings coverage of two-bedroom FMR income requirement,06081,San Mateo,2024,2024-12-31,cross-vintage benchmark comparison,36.43867925,percent,1.3054939,52530,144160,3604,educational_attainment,some_college_associate,Some college or associate degree,,female,person residence compared with HUD FMR area,"population age 25 and over with earnings, by sex and educational attainment",CENSUS_ACS5_DETAIL;HUD_FMR,ACS5-2024-B20004-table-based-summary-file;HUD-FMR-FY2026-revised-effective-2026-05-21,2026-08-10T21:40:54Z,71b8cf106eab63397a9badd883cae562823225f1d65059a0608c8cdda479dc66;06af2feddaeb79ffd8f9402e8b8b9adb0deab684d599fba835c48fb985eb85cd,ACS median annual earnings divided by FY2026 2BR FMR times 40,A descriptive benchmark using the conventional 30% threshold. It does not measure an actual household budget or conclude that a unit is available.,project_flag_standard,acs_current_dollars_compared_with_fy2026_fmr
education_and_earnings,median_annual_earnings,Median annual earnings,06081,San Mateo,2024,2024-12-31,annual rolling five-year estimate,52530,current dollars per year,1882,,,,educational_attainment,some_college_associate,Some college or associate degree,,female,person residence,"population age 25 and over with earnings, by sex and educational attainment",CENSUS_ACS5_DETAIL,ACS5-2024-B20004-table-based-summary-file,2026-08-10T21:40:54Z,71b8cf106eab63397a9badd883cae562823225f1d65059a0608c8cdda479dc66,published ACS median,"Residence-based individual earnings; not household income, a wage offer, or a workplace-based job measure.",project_flag_standard,current_dollars_and_overlapping_acs_vintages
education_and_earnings,monthly_gap_to_2br_fmr,Monthly gap between two-bedroom FMR and 30% of median earnings,06081,San Mateo,2024,2024-12-31,cross-vintage benchmark comparison,2290.75,current dollars per month,47.05,52530,144160,3604,educational_attainment,some_college_associate,Some college or associate degree,,female,person residence compared with HUD FMR area,"population age 25 and over with earnings, by sex and educational attainment",CENSUS_ACS5_DETAIL;HUD_FMR,ACS5-2024-B20004-table-based-summary-file;HUD-FMR-FY2026-revised-effective-2026-05-21,2026-08-10T21:40:54Z,71b8cf106eab63397a9badd883cae562823225f1d65059a0608c8cdda479dc66;06af2feddaeb79ffd8f9402e8b8b9adb0deab684d599fba835c48fb985eb85cd,FY2026 2BR FMR minus 30% of ACS median annual earnings divided by 12,"Positive values mean the FMR benchmark exceeds 30% of median individual earnings. No work-hour, household-size, or unit-availability assumption is added.",project_flag_standard,acs_current_dollars_compared_with_fy2026_fmr
education_and_earnings,earnings_coverage_2br_fmr_pct,Median earnings coverage of two-bedroom FMR income requirement,06081,San Mateo,2024,2024-12-31,cross-vintage benchmark comparison,47.15038846,percent,1.61071032,67972,144160,3604,educational_attainment,some_college_associate,Some college or associate degree,,male,person residence compared with HUD FMR area,"population age 25 and over with earnings, by sex and educational attainment",CENSUS_ACS5_DETAIL;HUD_FMR,ACS5-2024-B20004-table-based-summary-file;HUD-FMR-FY2026-revised-effective-2026-05-21,2026-08-10T21:40:54Z,71b8cf106eab63397a9badd883cae562823225f1d65059a0608c8cdda479dc66;06af2feddaeb79ffd8f9402e8b8b9adb0deab684d599fba835c48fb985eb85cd,ACS median annual earnings divided by FY2026 2BR FMR times 40,A descriptive benchmark using the conventional 30% threshold. It does not measure an actual household budget or conclude that a unit is available.,project_flag_standard,acs_current_dollars_compared_with_fy2026_fmr
education_and_earnings,median_annual_earnings,Median annual earnings,06081,San Mateo,2024,2024-12-31,annual rolling five-year estimate,67972,current dollars per year,2322,,,,educational_attainment,some_college_associate,Some college or associate degree,,male,person residence,"population age 25 and over with earnings, by sex and educational attainment",CENSUS_ACS5_DETAIL,ACS5-2024-B20004-table-based-summary-file,2026-08-10T21:40:54Z,71b8cf106eab63397a9badd883cae562823225f1d65059a0608c8cdda479dc66,published ACS median,"Residence-based individual earnings; not household income, a wage offer, or a workplace-based job measure.",project_flag_standard,current_dollars_and_overlapping_acs_vintages
education_and_earnings,monthly_gap_to_2br_fmr,Monthly gap between two-bedroom FMR and 30% of median earnings,06081,San Mateo,2024,2024-12-31,cross-vintage benchmark comparison,1904.7,current dollars per month,58.05,67972,144160,3604,educational_attainment,some_college_associate,Some college or associate degree,,male,person residence compared with HUD FMR area,"population age 25 and over with earnings, by sex and educational attainment",CENSUS_ACS5_DETAIL;HUD_FMR,ACS5-2024-B20004-table-based-summary-file;HUD-FMR-FY2026-revised-effective-2026-05-21,2026-08-10T21:40:54Z,71b8cf106eab63397a9badd883cae562823225f1d65059a0608c8cdda479dc66;06af2feddaeb79ffd8f9402e8b8b9adb0deab684d599fba835c48fb985eb85cd,FY2026 2BR FMR minus 30% of ACS median annual earnings divided by 12,"Positive values mean the FMR benchmark exceeds 30% of median individual earnings. No work-hour, household-size, or unit-availability assumption is added.",project_flag_standard,acs_current_dollars_compared_with_fy2026_fmr
education_and_earnings,homeownership_pct,Homeownership share,06081,San Mateo,2024,2024-12-31,annual rolling five-year estimate,63.34140683,percent,0.66100221,99116,156479,,educational_attainment_of_householder,bachelors_plus,Bachelor's degree or higher,,,household residence,occupied housing units by educational attainment of householder,CENSUS_ACS5_DETAIL,ACS5-2024-B25013-table-based-summary-file,2026-08-10T21:40:54Z,982753024aa23f6b8441be9599449cdf4ba415a686e2935135115f64f3f5d79b,owner-occupied units divided by owner- plus renter-occupied units,Householder education is a housing-unit characteristic and is not the same universe as individual earnings.,project_flag_standard,comparable_within_table_and_vintage
education_and_earnings,homeownership_pct,Homeownership share,06081,San Mateo,2024,2024-12-31,annual rolling five-year estimate,49.91876259,percent,1.39073145,15362,30774,,educational_attainment_of_householder,high_school,High school graduate or equivalent,,,household residence,occupied housing units by educational attainment of householder,CENSUS_ACS5_DETAIL,ACS5-2024-B25013-table-based-summary-file,2026-08-10T21:40:54Z,982753024aa23f6b8441be9599449cdf4ba415a686e2935135115f64f3f5d79b,owner-occupied units divided by owner- plus renter-occupied units,Householder education is a housing-unit characteristic and is not the same universe as individual earnings.,project_flag_standard,comparable_within_table_and_vintage
education_and_earnings,homeownership_pct,Homeownership share,06081,San Mateo,2024,2024-12-31,annual rolling five-year estimate,36.44393865,percent,2.64759401,6725,18453,,educational_attainment_of_householder,less_than_high_school,Less than high school graduate,,,household residence,occupied housing units by educational attainment of householder,CENSUS_ACS5_DETAIL,ACS5-2024-B25013-table-based-summary-file,2026-08-10T21:40:54Z,982753024aa23f6b8441be9599449cdf4ba415a686e2935135115f64f3f5d79b,owner-occupied units divided by owner- plus renter-occupied units,Householder education is a housing-unit characteristic and is not the same universe as individual earnings.,project_flag_standard,comparable_within_table_and_vintage
education_and_earnings,homeownership_pct,Homeownership share,06081,San Mateo,2024,2024-12-31,annual rolling five-year estimate,56.89370327,percent,1.07404172,33404,58713,,educational_attainment_of_householder,some_college_associate,Some college or associate degree,,,household residence,occupied housing units by educational attainment of householder,CENSUS_ACS5_DETAIL,ACS5-2024-B25013-table-based-summary-file,2026-08-10T21:40:54Z,982753024aa23f6b8441be9599449cdf4ba415a686e2935135115f64f3f5d79b,owner-occupied units divided by owner- plus renter-occupied units,Householder education is a housing-unit characteristic and is not the same universe as individual earnings.,project_flag_standard,comparable_within_table_and_vintage
education_and_earnings,earnings_coverage_2br_fmr_pct,Median earnings coverage of two-bedroom FMR income requirement,06085,Santa Clara,2024,2024-12-31,cross-vintage benchmark comparison,79.80620155,percent,1.45061728,111186,139320,3483,educational_attainment,bachelors,Bachelor's degree,,all,person residence compared with HUD FMR area,"population age 25 and over with earnings, by sex and educational attainment",CENSUS_ACS5_DETAIL;HUD_FMR,ACS5-2024-B20004-table-based-summary-file;HUD-FMR-FY2026-revised-effective-2026-05-21,2026-08-10T21:40:54Z,71b8cf106eab63397a9badd883cae562823225f1d65059a0608c8cdda479dc66;06af2feddaeb79ffd8f9402e8b8b9adb0deab684d599fba835c48fb985eb85cd,ACS median annual earnings divided by FY2026 2BR FMR times 40,A descriptive benchmark using the conventional 30% threshold. It does not measure an actual household budget or conclude that a unit is available.,project_flag_standard,acs_current_dollars_compared_with_fy2026_fmr
education_and_earnings,median_annual_earnings,Median annual earnings,06085,Santa Clara,2024,2024-12-31,annual rolling five-year estimate,111186,current dollars per year,2021,,,,educational_attainment,bachelors,Bachelor's degree,,all,person residence,"population age 25 and over with earnings, by sex and educational attainment",CENSUS_ACS5_DETAIL,ACS5-2024-B20004-table-based-summary-file,2026-08-10T21:40:54Z,71b8cf106eab63397a9badd883cae562823225f1d65059a0608c8cdda479dc66,published ACS median,"Residence-based individual earnings; not household income, a wage offer, or a workplace-based job measure.",project_flag_standard,current_dollars_and_overlapping_acs_vintages
education_and_earnings,monthly_gap_to_2br_fmr,Monthly gap between two-bedroom FMR and 30% of median earnings,06085,Santa Clara,2024,2024-12-31,cross-vintage benchmark comparison,703.35,current dollars per month,50.525,111186,139320,3483,educational_attainment,bachelors,Bachelor's degree,,all,person residence compared with HUD FMR area,"population age 25 and over with earnings, by sex and educational attainment",CENSUS_ACS5_DETAIL;HUD_FMR,ACS5-2024-B20004-table-based-summary-file;HUD-FMR-FY2026-revised-effective-2026-05-21,2026-08-10T21:40:54Z,71b8cf106eab63397a9badd883cae562823225f1d65059a0608c8cdda479dc66;06af2feddaeb79ffd8f9402e8b8b9adb0deab684d599fba835c48fb985eb85cd,FY2026 2BR FMR minus 30% of ACS median annual earnings divided by 12,"Positive values mean the FMR benchmark exceeds 30% of median individual earnings. No work-hour, household-size, or unit-availability assumption is added.",project_flag_standard,acs_current_dollars_compared_with_fy2026_fmr
education_and_earnings,earnings_coverage_2br_fmr_pct,Median earnings coverage of two-bedroom FMR income requirement,06085,Santa Clara,2024,2024-12-31,cross-vintage benchmark comparison,63.52641401,percent,1.97961527,88505,139320,3483,educational_attainment,bachelors,Bachelor's degree,,female,person residence compared with HUD FMR area,"population age 25 and over with earnings, by sex and educational attainment",CENSUS_ACS5_DETAIL;HUD_FMR,ACS5-2024-B20004-table-based-summary-file;HUD-FMR-FY2026-revised-effective-2026-05-21,2026-08-10T21:40:54Z,71b8cf106eab63397a9badd883cae562823225f1d65059a0608c8cdda479dc66;06af2feddaeb79ffd8f9402e8b8b9adb0deab684d599fba835c48fb985eb85cd,ACS median annual earnings divided by FY2026 2BR FMR times 40,A descriptive benchmark using the conventional 30% threshold. It does not measure an actual household budget or conclude that a unit is available.,project_flag_standard,acs_current_dollars_compared_with_fy2026_fmr
education_and_earnings,median_annual_earnings,Median annual earnings,06085,Santa Clara,2024,2024-12-31,annual rolling five-year estimate,88505,current dollars per year,2758,,,,educational_attainment,bachelors,Bachelor's degree,,female,person residence,"population age 25 and over with earnings, by sex and educational attainment",CENSUS_ACS5_DETAIL,ACS5-2024-B20004-table-based-summary-file,2026-08-10T21:40:54Z,71b8cf106eab63397a9badd883cae562823225f1d65059a0608c8cdda479dc66,published ACS median,"Residence-based individual earnings; not household income, a wage offer, or a workplace-based job measure.",project_flag_standard,current_dollars_and_overlapping_acs_vintages
education_and_earnings,monthly_gap_to_2br_fmr,Monthly gap between two-bedroom FMR and 30% of median earnings,06085,Santa Clara,2024,2024-12-31,cross-vintage benchmark comparison,1270.375,current dollars per month,68.95,88505,139320,3483,educational_attainment,bachelors,Bachelor's degree,,female,person residence compared with HUD FMR area,"population age 25 and over with earnings, by sex and educational attainment",CENSUS_ACS5_DETAIL;HUD_FMR,ACS5-2024-B20004-table-based-summary-file;HUD-FMR-FY2026-revised-effective-2026-05-21,2026-08-10T21:40:54Z,71b8cf106eab63397a9badd883cae562823225f1d65059a0608c8cdda479dc66;06af2feddaeb79ffd8f9402e8b8b9adb0deab684d599fba835c48fb985eb85cd,FY2026 2BR FMR minus 30% of ACS median annual earnings divided by 12,"Positive values mean the FMR benchmark exceeds 30% of median individual earnings. No work-hour, household-size, or unit-availability assumption is added.",project_flag_standard,acs_current_dollars_compared_with_fy2026_fmr
education_and_earnings,earnings_coverage_2br_fmr_pct,Median earnings coverage of two-bedroom FMR income requirement,06085,Santa Clara,2024,2024-12-31,cross-vintage benchmark comparison,98.70298593,percent,3.08857307,137513,139320,3483,educational_attainment,bachelors,Bachelor's degree,,male,person residence compared with HUD FMR area,"population age 25 and over with earnings, by sex and educational attainment",CENSUS_ACS5_DETAIL;HUD_FMR,ACS5-2024-B20004-table-based-summary-file;HUD-FMR-FY2026-revised-effective-2026-05-21,2026-08-10T21:40:54Z,71b8cf106eab63397a9badd883cae562823225f1d65059a0608c8cdda479dc66;06af2feddaeb79ffd8f9402e8b8b9adb0deab684d599fba835c48fb985eb85cd,ACS median annual earnings divided by FY2026 2BR FMR times 40,A descriptive benchmark using the conventional 30% threshold. It does not measure an actual household budget or conclude that a unit is available.,project_flag_standard,acs_current_dollars_compared_with_fy2026_fmr
education_and_earnings,median_annual_earnings,Median annual earnings,06085,Santa Clara,2024,2024-12-31,annual rolling five-year estimate,137513,current dollars per year,4303,,,,educational_attainment,bachelors,Bachelor's degree,,male,person residence,"population age 25 and over with earnings, by sex and educational attainment",CENSUS_ACS5_DETAIL,ACS5-2024-B20004-table-based-summary-file,2026-08-10T21:40:54Z,71b8cf106eab63397a9badd883cae562823225f1d65059a0608c8cdda479dc66,published ACS median,"Residence-based individual earnings; not household income, a wage offer, or a workplace-based job measure.",project_flag_standard,current_dollars_and_overlapping_acs_vintages
education_and_earnings,monthly_gap_to_2br_fmr,Monthly gap between two-bedroom FMR and 30% of median earnings,06085,Santa Clara,2024,2024-12-31,cross-vintage benchmark comparison,45.175,current dollars per month,107.575,137513,139320,3483,educational_attainment,bachelors,Bachelor's degree,,male,person residence compared with HUD FMR area,"population age 25 and over with earnings, by sex and educational attainment",CENSUS_ACS5_DETAIL;HUD_FMR,ACS5-2024-B20004-table-based-summary-file;HUD-FMR-FY2026-revised-effective-2026-05-21,2026-08-10T21:40:54Z,71b8cf106eab63397a9badd883cae562823225f1d65059a0608c8cdda479dc66;06af2feddaeb79ffd8f9402e8b8b9adb0deab684d599fba835c48fb985eb85cd,FY2026 2BR FMR minus 30% of ACS median annual earnings divided by 12,"Positive values mean the FMR benchmark exceeds 30% of median individual earnings. No work-hour, household-size, or unit-availability assumption is added.",project_flag_high_uncertainty,acs_current_dollars_compared_with_fy2026_fmr
education_and_earnings,earnings_coverage_2br_fmr_pct,Median earnings coverage of two-bedroom FMR income requirement,06085,Santa Clara,2024,2024-12-31,cross-vintage benchmark comparison,122.74763135,percent,1.50516796,171012,139320,3483,educational_attainment,graduate_professional,Graduate or professional degree,,all,person residence compared with HUD FMR area,"population age 25 and over with earnings, by sex and educational attainment",CENSUS_ACS5_DETAIL;HUD_FMR,ACS5-2024-B20004-table-based-summary-file;HUD-FMR-FY2026-revised-effective-2026-05-21,2026-08-10T21:40:54Z,71b8cf106eab63397a9badd883cae562823225f1d65059a0608c8cdda479dc66;06af2feddaeb79ffd8f9402e8b8b9adb0deab684d599fba835c48fb985eb85cd,ACS median annual earnings divided by FY2026 2BR FMR times 40,A descriptive benchmark using the conventional 30% threshold. It does not measure an actual household budget or conclude that a unit is available.,project_flag_standard,acs_current_dollars_compared_with_fy2026_fmr
education_and_earnings,median_annual_earnings,Median annual earnings,06085,Santa Clara,2024,2024-12-31,annual rolling five-year estimate,171012,current dollars per year,2097,,,,educational_attainment,graduate_professional,Graduate or professional degree,,all,person residence,"population age 25 and over with earnings, by sex and educational attainment",CENSUS_ACS5_DETAIL,ACS5-2024-B20004-table-based-summary-file,2026-08-10T21:40:54Z,71b8cf106eab63397a9badd883cae562823225f1d65059a0608c8cdda479dc66,published ACS median,"Residence-based individual earnings; not household income, a wage offer, or a workplace-based job measure.",project_flag_standard,current_dollars_and_overlapping_acs_vintages
education_and_earnings,monthly_gap_to_2br_fmr,Monthly gap between two-bedroom FMR and 30% of median earnings,06085,Santa Clara,2024,2024-12-31,cross-vintage benchmark comparison,-792.3,current dollars per month,52.425,171012,139320,3483,educational_attainment,graduate_professional,Graduate or professional degree,,all,person residence compared with HUD FMR area,"population age 25 and over with earnings, by sex and educational attainment",CENSUS_ACS5_DETAIL;HUD_FMR,ACS5-2024-B20004-table-based-summary-file;HUD-FMR-FY2026-revised-effective-2026-05-21,2026-08-10T21:40:54Z,71b8cf106eab63397a9badd883cae562823225f1d65059a0608c8cdda479dc66;06af2feddaeb79ffd8f9402e8b8b9adb0deab684d599fba835c48fb985eb85cd,FY2026 2BR FMR minus 30% of ACS median annual earnings divided by 12,"Positive values mean the FMR benchmark exceeds 30% of median individual earnings. No work-hour, household-size, or unit-availability assumption is added.",project_flag_standard,acs_current_dollars_compared_with_fy2026_fmr
education_and_earnings,earnings_coverage_2br_fmr_pct,Median earnings coverage of two-bedroom FMR income requirement,06085,Santa Clara,2024,2024-12-31,cross-vintage benchmark comparison,94.32385874,percent,1.55397646,131412,139320,3483,educational_attainment,graduate_professional,Graduate or professional degree,,female,person residence compared with HUD FMR area,"population age 25 and over with earnings, by sex and educational attainment",CENSUS_ACS5_DETAIL;HUD_FMR,ACS5-2024-B20004-table-based-summary-file;HUD-FMR-FY2026-revised-effective-2026-05-21,2026-08-10T21:40:54Z,71b8cf106eab63397a9badd883cae562823225f1d65059a0608c8cdda479dc66;06af2feddaeb79ffd8f9402e8b8b9adb0deab684d599fba835c48fb985eb85cd,ACS median annual earnings divided by FY2026 2BR FMR times 40,A descriptive benchmark using the conventional 30% threshold. It does not measure an actual household budget or conclude that a unit is available.,project_flag_standard,acs_current_dollars_compared_with_fy2026_fmr
education_and_earnings,median_annual_earnings,Median annual earnings,06085,Santa Clara,2024,2024-12-31,annual rolling five-year estimate,131412,current dollars per year,2165,,,,educational_attainment,graduate_professional,Graduate or professional degree,,female,person residence,"population age 25 and over with earnings, by sex and educational attainment",CENSUS_ACS5_DETAIL,ACS5-2024-B20004-table-based-summary-file,2026-08-10T21:40:54Z,71b8cf106eab63397a9badd883cae562823225f1d65059a0608c8cdda479dc66,published ACS median,"Residence-based individual earnings; not household income, a wage offer, or a workplace-based job measure.",project_flag_standard,current_dollars_and_overlapping_acs_vintages
education_and_earnings,monthly_gap_to_2br_fmr,Monthly gap between two-bedroom FMR and 30% of median earnings,06085,Santa Clara,2024,2024-12-31,cross-vintage benchmark comparison,197.7,current dollars per month,54.125,131412,139320,3483,educational_attainment,graduate_professional,Graduate or professional degree,,female,person residence compared with HUD FMR area,"population age 25 and over with earnings, by sex and educational attainment",CENSUS_ACS5_DETAIL;HUD_FMR,ACS5-2024-B20004-table-based-summary-file;HUD-FMR-FY2026-revised-effective-2026-05-21,2026-08-10T21:40:54Z,71b8cf106eab63397a9badd883cae562823225f1d65059a0608c8cdda479dc66;06af2feddaeb79ffd8f9402e8b8b9adb0deab684d599fba835c48fb985eb85cd,FY2026 2BR FMR minus 30% of ACS median annual earnings divided by 12,"Positive values mean the FMR benchmark exceeds 30% of median individual earnings. No work-hour, household-size, or unit-availability assumption is added.",project_flag_moderate_uncertainty,acs_current_dollars_compared_with_fy2026_fmr
education_and_earnings,earnings_coverage_2br_fmr_pct,Median earnings coverage of two-bedroom FMR income requirement,06085,Santa Clara,2024,2024-12-31,cross-vintage benchmark comparison,144.81983922,percent,1.25322997,201763,139320,3483,educational_attainment,graduate_professional,Graduate or professional degree,,male,person residence compared with HUD FMR area,"population age 25 and over with earnings, by sex and educational attainment",CENSUS_ACS5_DETAIL;HUD_FMR,ACS5-2024-B20004-table-based-summary-file;HUD-FMR-FY2026-revised-effective-2026-05-21,2026-08-10T21:40:54Z,71b8cf106eab63397a9badd883cae562823225f1d65059a0608c8cdda479dc66;06af2feddaeb79ffd8f9402e8b8b9adb0deab684d599fba835c48fb985eb85cd,ACS median annual earnings divided by FY2026 2BR FMR times 40,A descriptive benchmark using the conventional 30% threshold. It does not measure an actual household budget or conclude that a unit is available.,project_flag_standard,acs_current_dollars_compared_with_fy2026_fmr
education_and_earnings,median_annual_earnings,Median annual earnings,06085,Santa Clara,2024,2024-12-31,annual rolling five-year estimate,201763,current dollars per year,1746,,,,educational_attainment,graduate_professional,Graduate or professional degree,,male,person residence,"population age 25 and over with earnings, by sex and educational attainment",CENSUS_ACS5_DETAIL,ACS5-2024-B20004-table-based-summary-file,2026-08-10T21:40:54Z,71b8cf106eab63397a9badd883cae562823225f1d65059a0608c8cdda479dc66,published ACS median,"Residence-based individual earnings; not household income, a wage offer, or a workplace-based job measure.",project_flag_standard,current_dollars_and_overlapping_acs_vintages
education_and_earnings,monthly_gap_to_2br_fmr,Monthly gap between two-bedroom FMR and 30% of median earnings,06085,Santa Clara,2024,2024-12-31,cross-vintage benchmark comparison,-1561.075,current dollars per month,43.65,201763,139320,3483,educational_attainment,graduate_professional,Graduate or professional degree,,male,person residence compared with HUD FMR area,"population age 25 and over with earnings, by sex and educational attainment",CENSUS_ACS5_DETAIL;HUD_FMR,ACS5-2024-B20004-table-based-summary-file;HUD-FMR-FY2026-revised-effective-2026-05-21,2026-08-10T21:40:54Z,71b8cf106eab63397a9badd883cae562823225f1d65059a0608c8cdda479dc66;06af2feddaeb79ffd8f9402e8b8b9adb0deab684d599fba835c48fb985eb85cd,FY2026 2BR FMR minus 30% of ACS median annual earnings divided by 12,"Positive values mean the FMR benchmark exceeds 30% of median individual earnings. No work-hour, household-size, or unit-availability assumption is added.",project_flag_standard,acs_current_dollars_compared_with_fy2026_fmr
education_and_earnings,earnings_coverage_2br_fmr_pct,Median earnings coverage of two-bedroom FMR income requirement,06085,Santa Clara,2024,2024-12-31,cross-vintage benchmark comparison,33.62474878,percent,0.64743038,46846,139320,3483,educational_attainment,high_school,High school graduate or equivalent,,all,person residence compared with HUD FMR area,"population age 25 and over with earnings, by sex and educational attainment",CENSUS_ACS5_DETAIL;HUD_FMR,ACS5-2024-B20004-table-based-summary-file;HUD-FMR-FY2026-revised-effective-2026-05-21,2026-08-10T21:40:54Z,71b8cf106eab63397a9badd883cae562823225f1d65059a0608c8cdda479dc66;06af2feddaeb79ffd8f9402e8b8b9adb0deab684d599fba835c48fb985eb85cd,ACS median annual earnings divided by FY2026 2BR FMR times 40,A descriptive benchmark using the conventional 30% threshold. It does not measure an actual household budget or conclude that a unit is available.,project_flag_standard,acs_current_dollars_compared_with_fy2026_fmr
education_and_earnings,median_annual_earnings,Median annual earnings,06085,Santa Clara,2024,2024-12-31,annual rolling five-year estimate,46846,current dollars per year,902,,,,educational_attainment,high_school,High school graduate or equivalent,,all,person residence,"population age 25 and over with earnings, by sex and educational attainment",CENSUS_ACS5_DETAIL,ACS5-2024-B20004-table-based-summary-file,2026-08-10T21:40:54Z,71b8cf106eab63397a9badd883cae562823225f1d65059a0608c8cdda479dc66,published ACS median,"Residence-based individual earnings; not household income, a wage offer, or a workplace-based job measure.",project_flag_standard,current_dollars_and_overlapping_acs_vintages
education_and_earnings,monthly_gap_to_2br_fmr,Monthly gap between two-bedroom FMR and 30% of median earnings,06085,Santa Clara,2024,2024-12-31,cross-vintage benchmark comparison,2311.85,current dollars per month,22.55,46846,139320,3483,educational_attainment,high_school,High school graduate or equivalent,,all,person residence compared with HUD FMR area,"population age 25 and over with earnings, by sex and educational attainment",CENSUS_ACS5_DETAIL;HUD_FMR,ACS5-2024-B20004-table-based-summary-file;HUD-FMR-FY2026-revised-effective-2026-05-21,2026-08-10T21:40:54Z,71b8cf106eab63397a9badd883cae562823225f1d65059a0608c8cdda479dc66;06af2feddaeb79ffd8f9402e8b8b9adb0deab684d599fba835c48fb985eb85cd,FY2026 2BR FMR minus 30% of ACS median annual earnings divided by 12,"Positive values mean the FMR benchmark exceeds 30% of median individual earnings. No work-hour, household-size, or unit-availability assumption is added.",project_flag_standard,acs_current_dollars_compared_with_fy2026_fmr
education_and_earnings,earnings_coverage_2br_fmr_pct,Median earnings coverage of two-bedroom FMR income requirement,06085,Santa Clara,2024,2024-12-31,cross-vintage benchmark comparison,27.46052254,percent,1.40037324,38258,139320,3483,educational_attainment,high_school,High school graduate or equivalent,,female,person residence compared with HUD FMR area,"population age 25 and over with earnings, by sex and educational attainment",CENSUS_ACS5_DETAIL;HUD_FMR,ACS5-2024-B20004-table-based-summary-file;HUD-FMR-FY2026-revised-effective-2026-05-21,2026-08-10T21:40:54Z,71b8cf106eab63397a9badd883cae562823225f1d65059a0608c8cdda479dc66;06af2feddaeb79ffd8f9402e8b8b9adb0deab684d599fba835c48fb985eb85cd,ACS median annual earnings divided by FY2026 2BR FMR times 40,A descriptive benchmark using the conventional 30% threshold. It does not measure an actual household budget or conclude that a unit is available.,project_flag_standard,acs_current_dollars_compared_with_fy2026_fmr
education_and_earnings,median_annual_earnings,Median annual earnings,06085,Santa Clara,2024,2024-12-31,annual rolling five-year estimate,38258,current dollars per year,1951,,,,educational_attainment,high_school,High school graduate or equivalent,,female,person residence,"population age 25 and over with earnings, by sex and educational attainment",CENSUS_ACS5_DETAIL,ACS5-2024-B20004-table-based-summary-file,2026-08-10T21:40:54Z,71b8cf106eab63397a9badd883cae562823225f1d65059a0608c8cdda479dc66,published ACS median,"Residence-based individual earnings; not household income, a wage offer, or a workplace-based job measure.",project_flag_standard,current_dollars_and_overlapping_acs_vintages
education_and_earnings,monthly_gap_to_2br_fmr,Monthly gap between two-bedroom FMR and 30% of median earnings,06085,Santa Clara,2024,2024-12-31,cross-vintage benchmark comparison,2526.55,current dollars per month,48.775,38258,139320,3483,educational_attainment,high_school,High school graduate or equivalent,,female,person residence compared with HUD FMR area,"population age 25 and over with earnings, by sex and educational attainment",CENSUS_ACS5_DETAIL;HUD_FMR,ACS5-2024-B20004-table-based-summary-file;HUD-FMR-FY2026-revised-effective-2026-05-21,2026-08-10T21:40:54Z,71b8cf106eab63397a9badd883cae562823225f1d65059a0608c8cdda479dc66;06af2feddaeb79ffd8f9402e8b8b9adb0deab684d599fba835c48fb985eb85cd,FY2026 2BR FMR minus 30% of ACS median annual earnings divided by 12,"Positive values mean the FMR benchmark exceeds 30% of median individual earnings. No work-hour, household-size, or unit-availability assumption is added.",project_flag_standard,acs_current_dollars_compared_with_fy2026_fmr
education_and_earnings,earnings_coverage_2br_fmr_pct,Median earnings coverage of two-bedroom FMR income requirement,06085,Santa Clara,2024,2024-12-31,cross-vintage benchmark comparison,37.3794143,percent,0.74361183,52077,139320,3483,educational_attainment,high_school,High school graduate or equivalent,,male,person residence compared with HUD FMR area,"population age 25 and over with earnings, by sex and educational attainment",CENSUS_ACS5_DETAIL;HUD_FMR,ACS5-2024-B20004-table-based-summary-file;HUD-FMR-FY2026-revised-effective-2026-05-21,2026-08-10T21:40:54Z,71b8cf106eab63397a9badd883cae562823225f1d65059a0608c8cdda479dc66;06af2feddaeb79ffd8f9402e8b8b9adb0deab684d599fba835c48fb985eb85cd,ACS median annual earnings divided by FY2026 2BR FMR times 40,A descriptive benchmark using the conventional 30% threshold. It does not measure an actual household budget or conclude that a unit is available.,project_flag_standard,acs_current_dollars_compared_with_fy2026_fmr
education_and_earnings,median_annual_earnings,Median annual earnings,06085,Santa Clara,2024,2024-12-31,annual rolling five-year estimate,52077,current dollars per year,1036,,,,educational_attainment,high_school,High school graduate or equivalent,,male,person residence,"population age 25 and over with earnings, by sex and educational attainment",CENSUS_ACS5_DETAIL,ACS5-2024-B20004-table-based-summary-file,2026-08-10T21:40:54Z,71b8cf106eab63397a9badd883cae562823225f1d65059a0608c8cdda479dc66,published ACS median,"Residence-based individual earnings; not household income, a wage offer, or a workplace-based job measure.",project_flag_standard,current_dollars_and_overlapping_acs_vintages
education_and_earnings,monthly_gap_to_2br_fmr,Monthly gap between two-bedroom FMR and 30% of median earnings,06085,Santa Clara,2024,2024-12-31,cross-vintage benchmark comparison,2181.075,current dollars per month,25.9,52077,139320,3483,educational_attainment,high_school,High school graduate or equivalent,,male,person residence compared with HUD FMR area,"population age 25 and over with earnings, by sex and educational attainment",CENSUS_ACS5_DETAIL;HUD_FMR,ACS5-2024-B20004-table-based-summary-file;HUD-FMR-FY2026-revised-effective-2026-05-21,2026-08-10T21:40:54Z,71b8cf106eab63397a9badd883cae562823225f1d65059a0608c8cdda479dc66;06af2feddaeb79ffd8f9402e8b8b9adb0deab684d599fba835c48fb985eb85cd,FY2026 2BR FMR minus 30% of ACS median annual earnings divided by 12,"Positive values mean the FMR benchmark exceeds 30% of median individual earnings. No work-hour, household-size, or unit-availability assumption is added.",project_flag_standard,acs_current_dollars_compared_with_fy2026_fmr
education_and_earnings,earnings_coverage_2br_fmr_pct,Median earnings coverage of two-bedroom FMR income requirement,06085,Santa Clara,2024,2024-12-31,cross-vintage benchmark comparison,27.79643985,percent,0.77662934,38726,139320,3483,educational_attainment,less_than_high_school,Less than high school graduate,,all,person residence compared with HUD FMR area,"population age 25 and over with earnings, by sex and educational attainment",CENSUS_ACS5_DETAIL;HUD_FMR,ACS5-2024-B20004-table-based-summary-file;HUD-FMR-FY2026-revised-effective-2026-05-21,2026-08-10T21:40:54Z,71b8cf106eab63397a9badd883cae562823225f1d65059a0608c8cdda479dc66;06af2feddaeb79ffd8f9402e8b8b9adb0deab684d599fba835c48fb985eb85cd,ACS median annual earnings divided by FY2026 2BR FMR times 40,A descriptive benchmark using the conventional 30% threshold. It does not measure an actual household budget or conclude that a unit is available.,project_flag_standard,acs_current_dollars_compared_with_fy2026_fmr
education_and_earnings,median_annual_earnings,Median annual earnings,06085,Santa Clara,2024,2024-12-31,annual rolling five-year estimate,38726,current dollars per year,1082,,,,educational_attainment,less_than_high_school,Less than high school graduate,,all,person residence,"population age 25 and over with earnings, by sex and educational attainment",CENSUS_ACS5_DETAIL,ACS5-2024-B20004-table-based-summary-file,2026-08-10T21:40:54Z,71b8cf106eab63397a9badd883cae562823225f1d65059a0608c8cdda479dc66,published ACS median,"Residence-based individual earnings; not household income, a wage offer, or a workplace-based job measure.",project_flag_standard,current_dollars_and_overlapping_acs_vintages
education_and_earnings,monthly_gap_to_2br_fmr,Monthly gap between two-bedroom FMR and 30% of median earnings,06085,Santa Clara,2024,2024-12-31,cross-vintage benchmark comparison,2514.85,current dollars per month,27.05,38726,139320,3483,educational_attainment,less_than_high_school,Less than high school graduate,,all,person residence compared with HUD FMR area,"population age 25 and over with earnings, by sex and educational attainment",CENSUS_ACS5_DETAIL;HUD_FMR,ACS5-2024-B20004-table-based-summary-file;HUD-FMR-FY2026-revised-effective-2026-05-21,2026-08-10T21:40:54Z,71b8cf106eab63397a9badd883cae562823225f1d65059a0608c8cdda479dc66;06af2feddaeb79ffd8f9402e8b8b9adb0deab684d599fba835c48fb985eb85cd,FY2026 2BR FMR minus 30% of ACS median annual earnings divided by 12,"Positive values mean the FMR benchmark exceeds 30% of median individual earnings. No work-hour, household-size, or unit-availability assumption is added.",project_flag_standard,acs_current_dollars_compared_with_fy2026_fmr
education_and_earnings,earnings_coverage_2br_fmr_pct,Median earnings coverage of two-bedroom FMR income requirement,06085,Santa Clara,2024,2024-12-31,cross-vintage benchmark comparison,22.58756819,percent,0.92090152,31469,139320,3483,educational_attainment,less_than_high_school,Less than high school graduate,,female,person residence compared with HUD FMR area,"population age 25 and over with earnings, by sex and educational attainment",CENSUS_ACS5_DETAIL;HUD_FMR,ACS5-2024-B20004-table-based-summary-file;HUD-FMR-FY2026-revised-effective-2026-05-21,2026-08-10T21:40:54Z,71b8cf106eab63397a9badd883cae562823225f1d65059a0608c8cdda479dc66;06af2feddaeb79ffd8f9402e8b8b9adb0deab684d599fba835c48fb985eb85cd,ACS median annual earnings divided by FY2026 2BR FMR times 40,A descriptive benchmark using the conventional 30% threshold. It does not measure an actual household budget or conclude that a unit is available.,project_flag_standard,acs_current_dollars_compared_with_fy2026_fmr
education_and_earnings,median_annual_earnings,Median annual earnings,06085,Santa Clara,2024,2024-12-31,annual rolling five-year estimate,31469,current dollars per year,1283,,,,educational_attainment,less_than_high_school,Less than high school graduate,,female,person residence,"population age 25 and over with earnings, by sex and educational attainment",CENSUS_ACS5_DETAIL,ACS5-2024-B20004-table-based-summary-file,2026-08-10T21:40:54Z,71b8cf106eab63397a9badd883cae562823225f1d65059a0608c8cdda479dc66,published ACS median,"Residence-based individual earnings; not household income, a wage offer, or a workplace-based job measure.",project_flag_standard,current_dollars_and_overlapping_acs_vintages
education_and_earnings,monthly_gap_to_2br_fmr,Monthly gap between two-bedroom FMR and 30% of median earnings,06085,Santa Clara,2024,2024-12-31,cross-vintage benchmark comparison,2696.275,current dollars per month,32.075,31469,139320,3483,educational_attainment,less_than_high_school,Less than high school graduate,,female,person residence compared with HUD FMR area,"population age 25 and over with earnings, by sex and educational attainment",CENSUS_ACS5_DETAIL;HUD_FMR,ACS5-2024-B20004-table-based-summary-file;HUD-FMR-FY2026-revised-effective-2026-05-21,2026-08-10T21:40:54Z,71b8cf106eab63397a9badd883cae562823225f1d65059a0608c8cdda479dc66;06af2feddaeb79ffd8f9402e8b8b9adb0deab684d599fba835c48fb985eb85cd,FY2026 2BR FMR minus 30% of ACS median annual earnings divided by 12,"Positive values mean the FMR benchmark exceeds 30% of median individual earnings. No work-hour, household-size, or unit-availability assumption is added.",project_flag_standard,acs_current_dollars_compared_with_fy2026_fmr
education_and_earnings,earnings_coverage_2br_fmr_pct,Median earnings coverage of two-bedroom FMR income requirement,06085,Santa Clara,2024,2024-12-31,cross-vintage benchmark comparison,31.46066609,percent,0.68834338,43831,139320,3483,educational_attainment,less_than_high_school,Less than high school graduate,,male,person residence compared with HUD FMR area,"population age 25 and over with earnings, by sex and educational attainment",CENSUS_ACS5_DETAIL;HUD_FMR,ACS5-2024-B20004-table-based-summary-file;HUD-FMR-FY2026-revised-effective-2026-05-21,2026-08-10T21:40:54Z,71b8cf106eab63397a9badd883cae562823225f1d65059a0608c8cdda479dc66;06af2feddaeb79ffd8f9402e8b8b9adb0deab684d599fba835c48fb985eb85cd,ACS median annual earnings divided by FY2026 2BR FMR times 40,A descriptive benchmark using the conventional 30% threshold. It does not measure an actual household budget or conclude that a unit is available.,project_flag_standard,acs_current_dollars_compared_with_fy2026_fmr
education_and_earnings,median_annual_earnings,Median annual earnings,06085,Santa Clara,2024,2024-12-31,annual rolling five-year estimate,43831,current dollars per year,959,,,,educational_attainment,less_than_high_school,Less than high school graduate,,male,person residence,"population age 25 and over with earnings, by sex and educational attainment",CENSUS_ACS5_DETAIL,ACS5-2024-B20004-table-based-summary-file,2026-08-10T21:40:54Z,71b8cf106eab63397a9badd883cae562823225f1d65059a0608c8cdda479dc66,published ACS median,"Residence-based individual earnings; not household income, a wage offer, or a workplace-based job measure.",project_flag_standard,current_dollars_and_overlapping_acs_vintages
education_and_earnings,monthly_gap_to_2br_fmr,Monthly gap between two-bedroom FMR and 30% of median earnings,06085,Santa Clara,2024,2024-12-31,cross-vintage benchmark comparison,2387.225,current dollars per month,23.975,43831,139320,3483,educational_attainment,less_than_high_school,Less than high school graduate,,male,person residence compared with HUD FMR area,"population age 25 and over with earnings, by sex and educational attainment",CENSUS_ACS5_DETAIL;HUD_FMR,ACS5-2024-B20004-table-based-summary-file;HUD-FMR-FY2026-revised-effective-2026-05-21,2026-08-10T21:40:54Z,71b8cf106eab63397a9badd883cae562823225f1d65059a0608c8cdda479dc66;06af2feddaeb79ffd8f9402e8b8b9adb0deab684d599fba835c48fb985eb85cd,FY2026 2BR FMR minus 30% of ACS median annual earnings divided by 12,"Positive values mean the FMR benchmark exceeds 30% of median individual earnings. No work-hour, household-size, or unit-availability assumption is added.",project_flag_standard,acs_current_dollars_compared_with_fy2026_fmr
education_and_earnings,earnings_coverage_2br_fmr_pct,Median earnings coverage of two-bedroom FMR income requirement,06085,Santa Clara,2024,2024-12-31,cross-vintage benchmark comparison,42.79859317,percent,0.8110824,59627,139320,3483,educational_attainment,some_college_associate,Some college or associate degree,,all,person residence compared with HUD FMR area,"population age 25 and over with earnings, by sex and educational attainment",CENSUS_ACS5_DETAIL;HUD_FMR,ACS5-2024-B20004-table-based-summary-file;HUD-FMR-FY2026-revised-effective-2026-05-21,2026-08-10T21:40:54Z,71b8cf106eab63397a9badd883cae562823225f1d65059a0608c8cdda479dc66;06af2feddaeb79ffd8f9402e8b8b9adb0deab684d599fba835c48fb985eb85cd,ACS median annual earnings divided by FY2026 2BR FMR times 40,A descriptive benchmark using the conventional 30% threshold. It does not measure an actual household budget or conclude that a unit is available.,project_flag_standard,acs_current_dollars_compared_with_fy2026_fmr
education_and_earnings,median_annual_earnings,Median annual earnings,06085,Santa Clara,2024,2024-12-31,annual rolling five-year estimate,59627,current dollars per year,1130,,,,educational_attainment,some_college_associate,Some college or associate degree,,all,person residence,"population age 25 and over with earnings, by sex and educational attainment",CENSUS_ACS5_DETAIL,ACS5-2024-B20004-table-based-summary-file,2026-08-10T21:40:54Z,71b8cf106eab63397a9badd883cae562823225f1d65059a0608c8cdda479dc66,published ACS median,"Residence-based individual earnings; not household income, a wage offer, or a workplace-based job measure.",project_flag_standard,current_dollars_and_overlapping_acs_vintages
education_and_earnings,monthly_gap_to_2br_fmr,Monthly gap between two-bedroom FMR and 30% of median earnings,06085,Santa Clara,2024,2024-12-31,cross-vintage benchmark comparison,1992.325,current dollars per month,28.25,59627,139320,3483,educational_attainment,some_college_associate,Some college or associate degree,,all,person residence compared with HUD FMR area,"population age 25 and over with earnings, by sex and educational attainment",CENSUS_ACS5_DETAIL;HUD_FMR,ACS5-2024-B20004-table-based-summary-file;HUD-FMR-FY2026-revised-effective-2026-05-21,2026-08-10T21:40:54Z,71b8cf106eab63397a9badd883cae562823225f1d65059a0608c8cdda479dc66;06af2feddaeb79ffd8f9402e8b8b9adb0deab684d599fba835c48fb985eb85cd,FY2026 2BR FMR minus 30% of ACS median annual earnings divided by 12,"Positive values mean the FMR benchmark exceeds 30% of median individual earnings. No work-hour, household-size, or unit-availability assumption is added.",project_flag_standard,acs_current_dollars_compared_with_fy2026_fmr
education_and_earnings,earnings_coverage_2br_fmr_pct,Median earnings coverage of two-bedroom FMR income requirement,06085,Santa Clara,2024,2024-12-31,cross-vintage benchmark comparison,36.34654034,percent,1.04364054,50638,139320,3483,educational_attainment,some_college_associate,Some college or associate degree,,female,person residence compared with HUD FMR area,"population age 25 and over with earnings, by sex and educational attainment",CENSUS_ACS5_DETAIL;HUD_FMR,ACS5-2024-B20004-table-based-summary-file;HUD-FMR-FY2026-revised-effective-2026-05-21,2026-08-10T21:40:54Z,71b8cf106eab63397a9badd883cae562823225f1d65059a0608c8cdda479dc66;06af2feddaeb79ffd8f9402e8b8b9adb0deab684d599fba835c48fb985eb85cd,ACS median annual earnings divided by FY2026 2BR FMR times 40,A descriptive benchmark using the conventional 30% threshold. It does not measure an actual household budget or conclude that a unit is available.,project_flag_standard,acs_current_dollars_compared_with_fy2026_fmr
education_and_earnings,median_annual_earnings,Median annual earnings,06085,Santa Clara,2024,2024-12-31,annual rolling five-year estimate,50638,current dollars per year,1454,,,,educational_attainment,some_college_associate,Some college or associate degree,,female,person residence,"population age 25 and over with earnings, by sex and educational attainment",CENSUS_ACS5_DETAIL,ACS5-2024-B20004-table-based-summary-file,2026-08-10T21:40:54Z,71b8cf106eab63397a9badd883cae562823225f1d65059a0608c8cdda479dc66,published ACS median,"Residence-based individual earnings; not household income, a wage offer, or a workplace-based job measure.",project_flag_standard,current_dollars_and_overlapping_acs_vintages
education_and_earnings,monthly_gap_to_2br_fmr,Monthly gap between two-bedroom FMR and 30% of median earnings,06085,Santa Clara,2024,2024-12-31,cross-vintage benchmark comparison,2217.05,current dollars per month,36.35,50638,139320,3483,educational_attainment,some_college_associate,Some college or associate degree,,female,person residence compared with HUD FMR area,"population age 25 and over with earnings, by sex and educational attainment",CENSUS_ACS5_DETAIL;HUD_FMR,ACS5-2024-B20004-table-based-summary-file;HUD-FMR-FY2026-revised-effective-2026-05-21,2026-08-10T21:40:54Z,71b8cf106eab63397a9badd883cae562823225f1d65059a0608c8cdda479dc66;06af2feddaeb79ffd8f9402e8b8b9adb0deab684d599fba835c48fb985eb85cd,FY2026 2BR FMR minus 30% of ACS median annual earnings divided by 12,"Positive values mean the FMR benchmark exceeds 30% of median individual earnings. No work-hour, household-size, or unit-availability assumption is added.",project_flag_standard,acs_current_dollars_compared_with_fy2026_fmr
education_and_earnings,earnings_coverage_2br_fmr_pct,Median earnings coverage of two-bedroom FMR income requirement,06085,Santa Clara,2024,2024-12-31,cross-vintage benchmark comparison,49.36477175,percent,1.48148148,68775,139320,3483,educational_attainment,some_college_associate,Some college or associate degree,,male,person residence compared with HUD FMR area,"population age 25 and over with earnings, by sex and educational attainment",CENSUS_ACS5_DETAIL;HUD_FMR,ACS5-2024-B20004-table-based-summary-file;HUD-FMR-FY2026-revised-effective-2026-05-21,2026-08-10T21:40:54Z,71b8cf106eab63397a9badd883cae562823225f1d65059a0608c8cdda479dc66;06af2feddaeb79ffd8f9402e8b8b9adb0deab684d599fba835c48fb985eb85cd,ACS median annual earnings divided by FY2026 2BR FMR times 40,A descriptive benchmark using the conventional 30% threshold. It does not measure an actual household budget or conclude that a unit is available.,project_flag_standard,acs_current_dollars_compared_with_fy2026_fmr
education_and_earnings,median_annual_earnings,Median annual earnings,06085,Santa Clara,2024,2024-12-31,annual rolling five-year estimate,68775,current dollars per year,2064,,,,educational_attainment,some_college_associate,Some college or associate degree,,male,person residence,"population age 25 and over with earnings, by sex and educational attainment",CENSUS_ACS5_DETAIL,ACS5-2024-B20004-table-based-summary-file,2026-08-10T21:40:54Z,71b8cf106eab63397a9badd883cae562823225f1d65059a0608c8cdda479dc66,published ACS median,"Residence-based individual earnings; not household income, a wage offer, or a workplace-based job measure.",project_flag_standard,current_dollars_and_overlapping_acs_vintages
education_and_earnings,monthly_gap_to_2br_fmr,Monthly gap between two-bedroom FMR and 30% of median earnings,06085,Santa Clara,2024,2024-12-31,cross-vintage benchmark comparison,1763.625,current dollars per month,51.6,68775,139320,3483,educational_attainment,some_college_associate,Some college or associate degree,,male,person residence compared with HUD FMR area,"population age 25 and over with earnings, by sex and educational attainment",CENSUS_ACS5_DETAIL;HUD_FMR,ACS5-2024-B20004-table-based-summary-file;HUD-FMR-FY2026-revised-effective-2026-05-21,2026-08-10T21:40:54Z,71b8cf106eab63397a9badd883cae562823225f1d65059a0608c8cdda479dc66;06af2feddaeb79ffd8f9402e8b8b9adb0deab684d599fba835c48fb985eb85cd,FY2026 2BR FMR minus 30% of ACS median annual earnings divided by 12,"Positive values mean the FMR benchmark exceeds 30% of median individual earnings. No work-hour, household-size, or unit-availability assumption is added.",project_flag_standard,acs_current_dollars_compared_with_fy2026_fmr
education_and_earnings,homeownership_pct,Homeownership share,06085,Santa Clara,2024,2024-12-31,annual rolling five-year estimate,60.05018425,percent,0.33994364,247695,412480,,educational_attainment_of_householder,bachelors_plus,Bachelor's degree or higher,,,household residence,occupied housing units by educational attainment of householder,CENSUS_ACS5_DETAIL,ACS5-2024-B25013-table-based-summary-file,2026-08-10T21:40:54Z,982753024aa23f6b8441be9599449cdf4ba415a686e2935135115f64f3f5d79b,owner-occupied units divided by owner- plus renter-occupied units,Householder education is a housing-unit characteristic and is not the same universe as individual earnings.,project_flag_standard,comparable_within_table_and_vintage
education_and_earnings,homeownership_pct,Homeownership share,06085,Santa Clara,2024,2024-12-31,annual rolling five-year estimate,43.9136164,percent,1.34724463,29993,68300,,educational_attainment_of_householder,high_school,High school graduate or equivalent,,,household residence,occupied housing units by educational attainment of householder,CENSUS_ACS5_DETAIL,ACS5-2024-B25013-table-based-summary-file,2026-08-10T21:40:54Z,982753024aa23f6b8441be9599449cdf4ba415a686e2935135115f64f3f5d79b,owner-occupied units divided by owner- plus renter-occupied units,Householder education is a housing-unit characteristic and is not the same universe as individual earnings.,project_flag_standard,comparable_within_table_and_vintage
education_and_earnings,homeownership_pct,Homeownership share,06085,Santa Clara,2024,2024-12-31,annual rolling five-year estimate,37.72805781,percent,1.45159169,19004,50371,,educational_attainment_of_householder,less_than_high_school,Less than high school graduate,,,household residence,occupied housing units by educational attainment of householder,CENSUS_ACS5_DETAIL,ACS5-2024-B25013-table-based-summary-file,2026-08-10T21:40:54Z,982753024aa23f6b8441be9599449cdf4ba415a686e2935135115f64f3f5d79b,owner-occupied units divided by owner- plus renter-occupied units,Householder education is a housing-unit characteristic and is not the same universe as individual earnings.,project_flag_standard,comparable_within_table_and_vintage
education_and_earnings,homeownership_pct,Homeownership share,06085,Santa Clara,2024,2024-12-31,annual rolling five-year estimate,51.8361648,percent,0.41995335,66455,128202,,educational_attainment_of_householder,some_college_associate,Some college or associate degree,,,household residence,occupied housing units by educational attainment of householder,CENSUS_ACS5_DETAIL,ACS5-2024-B25013-table-based-summary-file,2026-08-10T21:40:54Z,982753024aa23f6b8441be9599449cdf4ba415a686e2935135115f64f3f5d79b,owner-occupied units divided by owner- plus renter-occupied units,Householder education is a housing-unit characteristic and is not the same universe as individual earnings.,project_flag_standard,comparable_within_table_and_vintage
education_and_earnings,earnings_coverage_2br_fmr_pct,Median earnings coverage of two-bedroom FMR income requirement,06095,Solano,2024,2024-12-31,cross-vintage benchmark comparison,90.64508724,percent,3.86937557,78970,87120,2178,educational_attainment,bachelors,Bachelor's degree,,all,person residence compared with HUD FMR area,"population age 25 and over with earnings, by sex and educational attainment",CENSUS_ACS5_DETAIL;HUD_FMR,ACS5-2024-B20004-table-based-summary-file;HUD-FMR-FY2026-revised-effective-2026-05-21,2026-08-10T21:40:54Z,71b8cf106eab63397a9badd883cae562823225f1d65059a0608c8cdda479dc66;06af2feddaeb79ffd8f9402e8b8b9adb0deab684d599fba835c48fb985eb85cd,ACS median annual earnings divided by FY2026 2BR FMR times 40,A descriptive benchmark using the conventional 30% threshold. It does not measure an actual household budget or conclude that a unit is available.,project_flag_standard,acs_current_dollars_compared_with_fy2026_fmr
education_and_earnings,median_annual_earnings,Median annual earnings,06095,Solano,2024,2024-12-31,annual rolling five-year estimate,78970,current dollars per year,3371,,,,educational_attainment,bachelors,Bachelor's degree,,all,person residence,"population age 25 and over with earnings, by sex and educational attainment",CENSUS_ACS5_DETAIL,ACS5-2024-B20004-table-based-summary-file,2026-08-10T21:40:54Z,71b8cf106eab63397a9badd883cae562823225f1d65059a0608c8cdda479dc66,published ACS median,"Residence-based individual earnings; not household income, a wage offer, or a workplace-based job measure.",project_flag_standard,current_dollars_and_overlapping_acs_vintages
education_and_earnings,monthly_gap_to_2br_fmr,Monthly gap between two-bedroom FMR and 30% of median earnings,06095,Solano,2024,2024-12-31,cross-vintage benchmark comparison,203.75,current dollars per month,84.275,78970,87120,2178,educational_attainment,bachelors,Bachelor's degree,,all,person residence compared with HUD FMR area,"population age 25 and over with earnings, by sex and educational attainment",CENSUS_ACS5_DETAIL;HUD_FMR,ACS5-2024-B20004-table-based-summary-file;HUD-FMR-FY2026-revised-effective-2026-05-21,2026-08-10T21:40:54Z,71b8cf106eab63397a9badd883cae562823225f1d65059a0608c8cdda479dc66;06af2feddaeb79ffd8f9402e8b8b9adb0deab684d599fba835c48fb985eb85cd,FY2026 2BR FMR minus 30% of ACS median annual earnings divided by 12,"Positive values mean the FMR benchmark exceeds 30% of median individual earnings. No work-hour, household-size, or unit-availability assumption is added.",project_flag_high_uncertainty,acs_current_dollars_compared_with_fy2026_fmr
education_and_earnings,earnings_coverage_2br_fmr_pct,Median earnings coverage of two-bedroom FMR income requirement,06095,Solano,2024,2024-12-31,cross-vintage benchmark comparison,82.76629936,percent,3.92561983,72106,87120,2178,educational_attainment,bachelors,Bachelor's degree,,female,person residence compared with HUD FMR area,"population age 25 and over with earnings, by sex and educational attainment",CENSUS_ACS5_DETAIL;HUD_FMR,ACS5-2024-B20004-table-based-summary-file;HUD-FMR-FY2026-revised-effective-2026-05-21,2026-08-10T21:40:54Z,71b8cf106eab63397a9badd883cae562823225f1d65059a0608c8cdda479dc66;06af2feddaeb79ffd8f9402e8b8b9adb0deab684d599fba835c48fb985eb85cd,ACS median annual earnings divided by FY2026 2BR FMR times 40,A descriptive benchmark using the conventional 30% threshold. It does not measure an actual household budget or conclude that a unit is available.,project_flag_standard,acs_current_dollars_compared_with_fy2026_fmr
education_and_earnings,median_annual_earnings,Median annual earnings,06095,Solano,2024,2024-12-31,annual rolling five-year estimate,72106,current dollars per year,3420,,,,educational_attainment,bachelors,Bachelor's degree,,female,person residence,"population age 25 and over with earnings, by sex and educational attainment",CENSUS_ACS5_DETAIL,ACS5-2024-B20004-table-based-summary-file,2026-08-10T21:40:54Z,71b8cf106eab63397a9badd883cae562823225f1d65059a0608c8cdda479dc66,published ACS median,"Residence-based individual earnings; not household income, a wage offer, or a workplace-based job measure.",project_flag_standard,current_dollars_and_overlapping_acs_vintages
education_and_earnings,monthly_gap_to_2br_fmr,Monthly gap between two-bedroom FMR and 30% of median earnings,06095,Solano,2024,2024-12-31,cross-vintage benchmark comparison,375.35,current dollars per month,85.5,72106,87120,2178,educational_attainment,bachelors,Bachelor's degree,,female,person residence compared with HUD FMR area,"population age 25 and over with earnings, by sex and educational attainment",CENSUS_ACS5_DETAIL;HUD_FMR,ACS5-2024-B20004-table-based-summary-file;HUD-FMR-FY2026-revised-effective-2026-05-21,2026-08-10T21:40:54Z,71b8cf106eab63397a9badd883cae562823225f1d65059a0608c8cdda479dc66;06af2feddaeb79ffd8f9402e8b8b9adb0deab684d599fba835c48fb985eb85cd,FY2026 2BR FMR minus 30% of ACS median annual earnings divided by 12,"Positive values mean the FMR benchmark exceeds 30% of median individual earnings. No work-hour, household-size, or unit-availability assumption is added.",project_flag_moderate_uncertainty,acs_current_dollars_compared_with_fy2026_fmr
education_and_earnings,earnings_coverage_2br_fmr_pct,Median earnings coverage of two-bedroom FMR income requirement,06095,Solano,2024,2024-12-31,cross-vintage benchmark comparison,106.01928375,percent,6.87327824,92364,87120,2178,educational_attainment,bachelors,Bachelor's degree,,male,person residence compared with HUD FMR area,"population age 25 and over with earnings, by sex and educational attainment",CENSUS_ACS5_DETAIL;HUD_FMR,ACS5-2024-B20004-table-based-summary-file;HUD-FMR-FY2026-revised-effective-2026-05-21,2026-08-10T21:40:54Z,71b8cf106eab63397a9badd883cae562823225f1d65059a0608c8cdda479dc66;06af2feddaeb79ffd8f9402e8b8b9adb0deab684d599fba835c48fb985eb85cd,ACS median annual earnings divided by FY2026 2BR FMR times 40,A descriptive benchmark using the conventional 30% threshold. It does not measure an actual household budget or conclude that a unit is available.,project_flag_standard,acs_current_dollars_compared_with_fy2026_fmr
education_and_earnings,median_annual_earnings,Median annual earnings,06095,Solano,2024,2024-12-31,annual rolling five-year estimate,92364,current dollars per year,5988,,,,educational_attainment,bachelors,Bachelor's degree,,male,person residence,"population age 25 and over with earnings, by sex and educational attainment",CENSUS_ACS5_DETAIL,ACS5-2024-B20004-table-based-summary-file,2026-08-10T21:40:54Z,71b8cf106eab63397a9badd883cae562823225f1d65059a0608c8cdda479dc66,published ACS median,"Residence-based individual earnings; not household income, a wage offer, or a workplace-based job measure.",project_flag_standard,current_dollars_and_overlapping_acs_vintages
education_and_earnings,monthly_gap_to_2br_fmr,Monthly gap between two-bedroom FMR and 30% of median earnings,06095,Solano,2024,2024-12-31,cross-vintage benchmark comparison,-131.1,current dollars per month,149.7,92364,87120,2178,educational_attainment,bachelors,Bachelor's degree,,male,person residence compared with HUD FMR area,"population age 25 and over with earnings, by sex and educational attainment",CENSUS_ACS5_DETAIL;HUD_FMR,ACS5-2024-B20004-table-based-summary-file;HUD-FMR-FY2026-revised-effective-2026-05-21,2026-08-10T21:40:54Z,71b8cf106eab63397a9badd883cae562823225f1d65059a0608c8cdda479dc66;06af2feddaeb79ffd8f9402e8b8b9adb0deab684d599fba835c48fb985eb85cd,FY2026 2BR FMR minus 30% of ACS median annual earnings divided by 12,"Positive values mean the FMR benchmark exceeds 30% of median individual earnings. No work-hour, household-size, or unit-availability assumption is added.",project_flag_high_uncertainty,acs_current_dollars_compared_with_fy2026_fmr
education_and_earnings,earnings_coverage_2br_fmr_pct,Median earnings coverage of two-bedroom FMR income requirement,06095,Solano,2024,2024-12-31,cross-vintage benchmark comparison,116.32805326,percent,5.30647383,101345,87120,2178,educational_attainment,graduate_professional,Graduate or professional degree,,all,person residence compared with HUD FMR area,"population age 25 and over with earnings, by sex and educational attainment",CENSUS_ACS5_DETAIL;HUD_FMR,ACS5-2024-B20004-table-based-summary-file;HUD-FMR-FY2026-revised-effective-2026-05-21,2026-08-10T21:40:54Z,71b8cf106eab63397a9badd883cae562823225f1d65059a0608c8cdda479dc66;06af2feddaeb79ffd8f9402e8b8b9adb0deab684d599fba835c48fb985eb85cd,ACS median annual earnings divided by FY2026 2BR FMR times 40,A descriptive benchmark using the conventional 30% threshold. It does not measure an actual household budget or conclude that a unit is available.,project_flag_standard,acs_current_dollars_compared_with_fy2026_fmr
education_and_earnings,median_annual_earnings,Median annual earnings,06095,Solano,2024,2024-12-31,annual rolling five-year estimate,101345,current dollars per year,4623,,,,educational_attainment,graduate_professional,Graduate or professional degree,,all,person residence,"population age 25 and over with earnings, by sex and educational attainment",CENSUS_ACS5_DETAIL,ACS5-2024-B20004-table-based-summary-file,2026-08-10T21:40:54Z,71b8cf106eab63397a9badd883cae562823225f1d65059a0608c8cdda479dc66,published ACS median,"Residence-based individual earnings; not household income, a wage offer, or a workplace-based job measure.",project_flag_standard,current_dollars_and_overlapping_acs_vintages
education_and_earnings,monthly_gap_to_2br_fmr,Monthly gap between two-bedroom FMR and 30% of median earnings,06095,Solano,2024,2024-12-31,cross-vintage benchmark comparison,-355.625,current dollars per month,115.575,101345,87120,2178,educational_attainment,graduate_professional,Graduate or professional degree,,all,person residence compared with HUD FMR area,"population age 25 and over with earnings, by sex and educational attainment",CENSUS_ACS5_DETAIL;HUD_FMR,ACS5-2024-B20004-table-based-summary-file;HUD-FMR-FY2026-revised-effective-2026-05-21,2026-08-10T21:40:54Z,71b8cf106eab63397a9badd883cae562823225f1d65059a0608c8cdda479dc66;06af2feddaeb79ffd8f9402e8b8b9adb0deab684d599fba835c48fb985eb85cd,FY2026 2BR FMR minus 30% of ACS median annual earnings divided by 12,"Positive values mean the FMR benchmark exceeds 30% of median individual earnings. No work-hour, household-size, or unit-availability assumption is added.",project_flag_high_uncertainty,acs_current_dollars_compared_with_fy2026_fmr
education_and_earnings,earnings_coverage_2br_fmr_pct,Median earnings coverage of two-bedroom FMR income requirement,06095,Solano,2024,2024-12-31,cross-vintage benchmark comparison,109.1620753,percent,6.99150597,95102,87120,2178,educational_attainment,graduate_professional,Graduate or professional degree,,female,person residence compared with HUD FMR area,"population age 25 and over with earnings, by sex and educational attainment",CENSUS_ACS5_DETAIL;HUD_FMR,ACS5-2024-B20004-table-based-summary-file;HUD-FMR-FY2026-revised-effective-2026-05-21,2026-08-10T21:40:54Z,71b8cf106eab63397a9badd883cae562823225f1d65059a0608c8cdda479dc66;06af2feddaeb79ffd8f9402e8b8b9adb0deab684d599fba835c48fb985eb85cd,ACS median annual earnings divided by FY2026 2BR FMR times 40,A descriptive benchmark using the conventional 30% threshold. It does not measure an actual household budget or conclude that a unit is available.,project_flag_standard,acs_current_dollars_compared_with_fy2026_fmr
education_and_earnings,median_annual_earnings,Median annual earnings,06095,Solano,2024,2024-12-31,annual rolling five-year estimate,95102,current dollars per year,6091,,,,educational_attainment,graduate_professional,Graduate or professional degree,,female,person residence,"population age 25 and over with earnings, by sex and educational attainment",CENSUS_ACS5_DETAIL,ACS5-2024-B20004-table-based-summary-file,2026-08-10T21:40:54Z,71b8cf106eab63397a9badd883cae562823225f1d65059a0608c8cdda479dc66,published ACS median,"Residence-based individual earnings; not household income, a wage offer, or a workplace-based job measure.",project_flag_standard,current_dollars_and_overlapping_acs_vintages
education_and_earnings,monthly_gap_to_2br_fmr,Monthly gap between two-bedroom FMR and 30% of median earnings,06095,Solano,2024,2024-12-31,cross-vintage benchmark comparison,-199.55,current dollars per month,152.275,95102,87120,2178,educational_attainment,graduate_professional,Graduate or professional degree,,female,person residence compared with HUD FMR area,"population age 25 and over with earnings, by sex and educational attainment",CENSUS_ACS5_DETAIL;HUD_FMR,ACS5-2024-B20004-table-based-summary-file;HUD-FMR-FY2026-revised-effective-2026-05-21,2026-08-10T21:40:54Z,71b8cf106eab63397a9badd883cae562823225f1d65059a0608c8cdda479dc66;06af2feddaeb79ffd8f9402e8b8b9adb0deab684d599fba835c48fb985eb85cd,FY2026 2BR FMR minus 30% of ACS median annual earnings divided by 12,"Positive values mean the FMR benchmark exceeds 30% of median individual earnings. No work-hour, household-size, or unit-availability assumption is added.",project_flag_high_uncertainty,acs_current_dollars_compared_with_fy2026_fmr
education_and_earnings,earnings_coverage_2br_fmr_pct,Median earnings coverage of two-bedroom FMR income requirement,06095,Solano,2024,2024-12-31,cross-vintage benchmark comparison,120.03902663,percent,6.14669421,104578,87120,2178,educational_attainment,graduate_professional,Graduate or professional degree,,male,person residence compared with HUD FMR area,"population age 25 and over with earnings, by sex and educational attainment",CENSUS_ACS5_DETAIL;HUD_FMR,ACS5-2024-B20004-table-based-summary-file;HUD-FMR-FY2026-revised-effective-2026-05-21,2026-08-10T21:40:54Z,71b8cf106eab63397a9badd883cae562823225f1d65059a0608c8cdda479dc66;06af2feddaeb79ffd8f9402e8b8b9adb0deab684d599fba835c48fb985eb85cd,ACS median annual earnings divided by FY2026 2BR FMR times 40,A descriptive benchmark using the conventional 30% threshold. It does not measure an actual household budget or conclude that a unit is available.,project_flag_standard,acs_current_dollars_compared_with_fy2026_fmr
education_and_earnings,median_annual_earnings,Median annual earnings,06095,Solano,2024,2024-12-31,annual rolling five-year estimate,104578,current dollars per year,5355,,,,educational_attainment,graduate_professional,Graduate or professional degree,,male,person residence,"population age 25 and over with earnings, by sex and educational attainment",CENSUS_ACS5_DETAIL,ACS5-2024-B20004-table-based-summary-file,2026-08-10T21:40:54Z,71b8cf106eab63397a9badd883cae562823225f1d65059a0608c8cdda479dc66,published ACS median,"Residence-based individual earnings; not household income, a wage offer, or a workplace-based job measure.",project_flag_standard,current_dollars_and_overlapping_acs_vintages
education_and_earnings,monthly_gap_to_2br_fmr,Monthly gap between two-bedroom FMR and 30% of median earnings,06095,Solano,2024,2024-12-31,cross-vintage benchmark comparison,-436.45,current dollars per month,133.875,104578,87120,2178,educational_attainment,graduate_professional,Graduate or professional degree,,male,person residence compared with HUD FMR area,"population age 25 and over with earnings, by sex and educational attainment",CENSUS_ACS5_DETAIL;HUD_FMR,ACS5-2024-B20004-table-based-summary-file;HUD-FMR-FY2026-revised-effective-2026-05-21,2026-08-10T21:40:54Z,71b8cf106eab63397a9badd883cae562823225f1d65059a0608c8cdda479dc66;06af2feddaeb79ffd8f9402e8b8b9adb0deab684d599fba835c48fb985eb85cd,FY2026 2BR FMR minus 30% of ACS median annual earnings divided by 12,"Positive values mean the FMR benchmark exceeds 30% of median individual earnings. No work-hour, household-size, or unit-availability assumption is added.",project_flag_high_uncertainty,acs_current_dollars_compared_with_fy2026_fmr
education_and_earnings,earnings_coverage_2br_fmr_pct,Median earnings coverage of two-bedroom FMR income requirement,06095,Solano,2024,2024-12-31,cross-vintage benchmark comparison,52.95224977,percent,2.12465565,46132,87120,2178,educational_attainment,high_school,High school graduate or equivalent,,all,person residence compared with HUD FMR area,"population age 25 and over with earnings, by sex and educational attainment",CENSUS_ACS5_DETAIL;HUD_FMR,ACS5-2024-B20004-table-based-summary-file;HUD-FMR-FY2026-revised-effective-2026-05-21,2026-08-10T21:40:54Z,71b8cf106eab63397a9badd883cae562823225f1d65059a0608c8cdda479dc66;06af2feddaeb79ffd8f9402e8b8b9adb0deab684d599fba835c48fb985eb85cd,ACS median annual earnings divided by FY2026 2BR FMR times 40,A descriptive benchmark using the conventional 30% threshold. It does not measure an actual household budget or conclude that a unit is available.,project_flag_standard,acs_current_dollars_compared_with_fy2026_fmr
education_and_earnings,median_annual_earnings,Median annual earnings,06095,Solano,2024,2024-12-31,annual rolling five-year estimate,46132,current dollars per year,1851,,,,educational_attainment,high_school,High school graduate or equivalent,,all,person residence,"population age 25 and over with earnings, by sex and educational attainment",CENSUS_ACS5_DETAIL,ACS5-2024-B20004-table-based-summary-file,2026-08-10T21:40:54Z,71b8cf106eab63397a9badd883cae562823225f1d65059a0608c8cdda479dc66,published ACS median,"Residence-based individual earnings; not household income, a wage offer, or a workplace-based job measure.",project_flag_standard,current_dollars_and_overlapping_acs_vintages
education_and_earnings,monthly_gap_to_2br_fmr,Monthly gap between two-bedroom FMR and 30% of median earnings,06095,Solano,2024,2024-12-31,cross-vintage benchmark comparison,1024.7,current dollars per month,46.275,46132,87120,2178,educational_attainment,high_school,High school graduate or equivalent,,all,person residence compared with HUD FMR area,"population age 25 and over with earnings, by sex and educational attainment",CENSUS_ACS5_DETAIL;HUD_FMR,ACS5-2024-B20004-table-based-summary-file;HUD-FMR-FY2026-revised-effective-2026-05-21,2026-08-10T21:40:54Z,71b8cf106eab63397a9badd883cae562823225f1d65059a0608c8cdda479dc66;06af2feddaeb79ffd8f9402e8b8b9adb0deab684d599fba835c48fb985eb85cd,FY2026 2BR FMR minus 30% of ACS median annual earnings divided by 12,"Positive values mean the FMR benchmark exceeds 30% of median individual earnings. No work-hour, household-size, or unit-availability assumption is added.",project_flag_standard,acs_current_dollars_compared_with_fy2026_fmr
education_and_earnings,earnings_coverage_2br_fmr_pct,Median earnings coverage of two-bedroom FMR income requirement,06095,Solano,2024,2024-12-31,cross-vintage benchmark comparison,43.54683196,percent,3.2231405,37938,87120,2178,educational_attainment,high_school,High school graduate or equivalent,,female,person residence compared with HUD FMR area,"population age 25 and over with earnings, by sex and educational attainment",CENSUS_ACS5_DETAIL;HUD_FMR,ACS5-2024-B20004-table-based-summary-file;HUD-FMR-FY2026-revised-effective-2026-05-21,2026-08-10T21:40:54Z,71b8cf106eab63397a9badd883cae562823225f1d65059a0608c8cdda479dc66;06af2feddaeb79ffd8f9402e8b8b9adb0deab684d599fba835c48fb985eb85cd,ACS median annual earnings divided by FY2026 2BR FMR times 40,A descriptive benchmark using the conventional 30% threshold. It does not measure an actual household budget or conclude that a unit is available.,project_flag_standard,acs_current_dollars_compared_with_fy2026_fmr
education_and_earnings,median_annual_earnings,Median annual earnings,06095,Solano,2024,2024-12-31,annual rolling five-year estimate,37938,current dollars per year,2808,,,,educational_attainment,high_school,High school graduate or equivalent,,female,person residence,"population age 25 and over with earnings, by sex and educational attainment",CENSUS_ACS5_DETAIL,ACS5-2024-B20004-table-based-summary-file,2026-08-10T21:40:54Z,71b8cf106eab63397a9badd883cae562823225f1d65059a0608c8cdda479dc66,published ACS median,"Residence-based individual earnings; not household income, a wage offer, or a workplace-based job measure.",project_flag_standard,current_dollars_and_overlapping_acs_vintages
education_and_earnings,monthly_gap_to_2br_fmr,Monthly gap between two-bedroom FMR and 30% of median earnings,06095,Solano,2024,2024-12-31,cross-vintage benchmark comparison,1229.55,current dollars per month,70.2,37938,87120,2178,educational_attainment,high_school,High school graduate or equivalent,,female,person residence compared with HUD FMR area,"population age 25 and over with earnings, by sex and educational attainment",CENSUS_ACS5_DETAIL;HUD_FMR,ACS5-2024-B20004-table-based-summary-file;HUD-FMR-FY2026-revised-effective-2026-05-21,2026-08-10T21:40:54Z,71b8cf106eab63397a9badd883cae562823225f1d65059a0608c8cdda479dc66;06af2feddaeb79ffd8f9402e8b8b9adb0deab684d599fba835c48fb985eb85cd,FY2026 2BR FMR minus 30% of ACS median annual earnings divided by 12,"Positive values mean the FMR benchmark exceeds 30% of median individual earnings. No work-hour, household-size, or unit-availability assumption is added.",project_flag_standard,acs_current_dollars_compared_with_fy2026_fmr
education_and_earnings,earnings_coverage_2br_fmr_pct,Median earnings coverage of two-bedroom FMR income requirement,06095,Solano,2024,2024-12-31,cross-vintage benchmark comparison,61.57024793,percent,3.77754821,53640,87120,2178,educational_attainment,high_school,High school graduate or equivalent,,male,person residence compared with HUD FMR area,"population age 25 and over with earnings, by sex and educational attainment",CENSUS_ACS5_DETAIL;HUD_FMR,ACS5-2024-B20004-table-based-summary-file;HUD-FMR-FY2026-revised-effective-2026-05-21,2026-08-10T21:40:54Z,71b8cf106eab63397a9badd883cae562823225f1d65059a0608c8cdda479dc66;06af2feddaeb79ffd8f9402e8b8b9adb0deab684d599fba835c48fb985eb85cd,ACS median annual earnings divided by FY2026 2BR FMR times 40,A descriptive benchmark using the conventional 30% threshold. It does not measure an actual household budget or conclude that a unit is available.,project_flag_standard,acs_current_dollars_compared_with_fy2026_fmr
education_and_earnings,median_annual_earnings,Median annual earnings,06095,Solano,2024,2024-12-31,annual rolling five-year estimate,53640,current dollars per year,3291,,,,educational_attainment,high_school,High school graduate or equivalent,,male,person residence,"population age 25 and over with earnings, by sex and educational attainment",CENSUS_ACS5_DETAIL,ACS5-2024-B20004-table-based-summary-file,2026-08-10T21:40:54Z,71b8cf106eab63397a9badd883cae562823225f1d65059a0608c8cdda479dc66,published ACS median,"Residence-based individual earnings; not household income, a wage offer, or a workplace-based job measure.",project_flag_standard,current_dollars_and_overlapping_acs_vintages
education_and_earnings,monthly_gap_to_2br_fmr,Monthly gap between two-bedroom FMR and 30% of median earnings,06095,Solano,2024,2024-12-31,cross-vintage benchmark comparison,837,current dollars per month,82.275,53640,87120,2178,educational_attainment,high_school,High school graduate or equivalent,,male,person residence compared with HUD FMR area,"population age 25 and over with earnings, by sex and educational attainment",CENSUS_ACS5_DETAIL;HUD_FMR,ACS5-2024-B20004-table-based-summary-file;HUD-FMR-FY2026-revised-effective-2026-05-21,2026-08-10T21:40:54Z,71b8cf106eab63397a9badd883cae562823225f1d65059a0608c8cdda479dc66;06af2feddaeb79ffd8f9402e8b8b9adb0deab684d599fba835c48fb985eb85cd,FY2026 2BR FMR minus 30% of ACS median annual earnings divided by 12,"Positive values mean the FMR benchmark exceeds 30% of median individual earnings. No work-hour, household-size, or unit-availability assumption is added.",project_flag_standard,acs_current_dollars_compared_with_fy2026_fmr
education_and_earnings,earnings_coverage_2br_fmr_pct,Median earnings coverage of two-bedroom FMR income requirement,06095,Solano,2024,2024-12-31,cross-vintage benchmark comparison,41.98002755,percent,2.71923783,36573,87120,2178,educational_attainment,less_than_high_school,Less than high school graduate,,all,person residence compared with HUD FMR area,"population age 25 and over with earnings, by sex and educational attainment",CENSUS_ACS5_DETAIL;HUD_FMR,ACS5-2024-B20004-table-based-summary-file;HUD-FMR-FY2026-revised-effective-2026-05-21,2026-08-10T21:40:54Z,71b8cf106eab63397a9badd883cae562823225f1d65059a0608c8cdda479dc66;06af2feddaeb79ffd8f9402e8b8b9adb0deab684d599fba835c48fb985eb85cd,ACS median annual earnings divided by FY2026 2BR FMR times 40,A descriptive benchmark using the conventional 30% threshold. It does not measure an actual household budget or conclude that a unit is available.,project_flag_standard,acs_current_dollars_compared_with_fy2026_fmr
education_and_earnings,median_annual_earnings,Median annual earnings,06095,Solano,2024,2024-12-31,annual rolling five-year estimate,36573,current dollars per year,2369,,,,educational_attainment,less_than_high_school,Less than high school graduate,,all,person residence,"population age 25 and over with earnings, by sex and educational attainment",CENSUS_ACS5_DETAIL,ACS5-2024-B20004-table-based-summary-file,2026-08-10T21:40:54Z,71b8cf106eab63397a9badd883cae562823225f1d65059a0608c8cdda479dc66,published ACS median,"Residence-based individual earnings; not household income, a wage offer, or a workplace-based job measure.",project_flag_standard,current_dollars_and_overlapping_acs_vintages
education_and_earnings,monthly_gap_to_2br_fmr,Monthly gap between two-bedroom FMR and 30% of median earnings,06095,Solano,2024,2024-12-31,cross-vintage benchmark comparison,1263.675,current dollars per month,59.225,36573,87120,2178,educational_attainment,less_than_high_school,Less than high school graduate,,all,person residence compared with HUD FMR area,"population age 25 and over with earnings, by sex and educational attainment",CENSUS_ACS5_DETAIL;HUD_FMR,ACS5-2024-B20004-table-based-summary-file;HUD-FMR-FY2026-revised-effective-2026-05-21,2026-08-10T21:40:54Z,71b8cf106eab63397a9badd883cae562823225f1d65059a0608c8cdda479dc66;06af2feddaeb79ffd8f9402e8b8b9adb0deab684d599fba835c48fb985eb85cd,FY2026 2BR FMR minus 30% of ACS median annual earnings divided by 12,"Positive values mean the FMR benchmark exceeds 30% of median individual earnings. No work-hour, household-size, or unit-availability assumption is added.",project_flag_standard,acs_current_dollars_compared_with_fy2026_fmr
education_and_earnings,earnings_coverage_2br_fmr_pct,Median earnings coverage of two-bedroom FMR income requirement,06095,Solano,2024,2024-12-31,cross-vintage benchmark comparison,29.23438935,percent,2.66873278,25469,87120,2178,educational_attainment,less_than_high_school,Less than high school graduate,,female,person residence compared with HUD FMR area,"population age 25 and over with earnings, by sex and educational attainment",CENSUS_ACS5_DETAIL;HUD_FMR,ACS5-2024-B20004-table-based-summary-file;HUD-FMR-FY2026-revised-effective-2026-05-21,2026-08-10T21:40:54Z,71b8cf106eab63397a9badd883cae562823225f1d65059a0608c8cdda479dc66;06af2feddaeb79ffd8f9402e8b8b9adb0deab684d599fba835c48fb985eb85cd,ACS median annual earnings divided by FY2026 2BR FMR times 40,A descriptive benchmark using the conventional 30% threshold. It does not measure an actual household budget or conclude that a unit is available.,project_flag_standard,acs_current_dollars_compared_with_fy2026_fmr
education_and_earnings,median_annual_earnings,Median annual earnings,06095,Solano,2024,2024-12-31,annual rolling five-year estimate,25469,current dollars per year,2325,,,,educational_attainment,less_than_high_school,Less than high school graduate,,female,person residence,"population age 25 and over with earnings, by sex and educational attainment",CENSUS_ACS5_DETAIL,ACS5-2024-B20004-table-based-summary-file,2026-08-10T21:40:54Z,71b8cf106eab63397a9badd883cae562823225f1d65059a0608c8cdda479dc66,published ACS median,"Residence-based individual earnings; not household income, a wage offer, or a workplace-based job measure.",project_flag_standard,current_dollars_and_overlapping_acs_vintages
education_and_earnings,monthly_gap_to_2br_fmr,Monthly gap between two-bedroom FMR and 30% of median earnings,06095,Solano,2024,2024-12-31,cross-vintage benchmark comparison,1541.275,current dollars per month,58.125,25469,87120,2178,educational_attainment,less_than_high_school,Less than high school graduate,,female,person residence compared with HUD FMR area,"population age 25 and over with earnings, by sex and educational attainment",CENSUS_ACS5_DETAIL;HUD_FMR,ACS5-2024-B20004-table-based-summary-file;HUD-FMR-FY2026-revised-effective-2026-05-21,2026-08-10T21:40:54Z,71b8cf106eab63397a9badd883cae562823225f1d65059a0608c8cdda479dc66;06af2feddaeb79ffd8f9402e8b8b9adb0deab684d599fba835c48fb985eb85cd,FY2026 2BR FMR minus 30% of ACS median annual earnings divided by 12,"Positive values mean the FMR benchmark exceeds 30% of median individual earnings. No work-hour, household-size, or unit-availability assumption is added.",project_flag_standard,acs_current_dollars_compared_with_fy2026_fmr
education_and_earnings,earnings_coverage_2br_fmr_pct,Median earnings coverage of two-bedroom FMR income requirement,06095,Solano,2024,2024-12-31,cross-vintage benchmark comparison,52.2681359,percent,3.57323232,45536,87120,2178,educational_attainment,less_than_high_school,Less than high school graduate,,male,person residence compared with HUD FMR area,"population age 25 and over with earnings, by sex and educational attainment",CENSUS_ACS5_DETAIL;HUD_FMR,ACS5-2024-B20004-table-based-summary-file;HUD-FMR-FY2026-revised-effective-2026-05-21,2026-08-10T21:40:54Z,71b8cf106eab63397a9badd883cae562823225f1d65059a0608c8cdda479dc66;06af2feddaeb79ffd8f9402e8b8b9adb0deab684d599fba835c48fb985eb85cd,ACS median annual earnings divided by FY2026 2BR FMR times 40,A descriptive benchmark using the conventional 30% threshold. It does not measure an actual household budget or conclude that a unit is available.,project_flag_standard,acs_current_dollars_compared_with_fy2026_fmr
education_and_earnings,median_annual_earnings,Median annual earnings,06095,Solano,2024,2024-12-31,annual rolling five-year estimate,45536,current dollars per year,3113,,,,educational_attainment,less_than_high_school,Less than high school graduate,,male,person residence,"population age 25 and over with earnings, by sex and educational attainment",CENSUS_ACS5_DETAIL,ACS5-2024-B20004-table-based-summary-file,2026-08-10T21:40:54Z,71b8cf106eab63397a9badd883cae562823225f1d65059a0608c8cdda479dc66,published ACS median,"Residence-based individual earnings; not household income, a wage offer, or a workplace-based job measure.",project_flag_standard,current_dollars_and_overlapping_acs_vintages
education_and_earnings,monthly_gap_to_2br_fmr,Monthly gap between two-bedroom FMR and 30% of median earnings,06095,Solano,2024,2024-12-31,cross-vintage benchmark comparison,1039.6,current dollars per month,77.825,45536,87120,2178,educational_attainment,less_than_high_school,Less than high school graduate,,male,person residence compared with HUD FMR area,"population age 25 and over with earnings, by sex and educational attainment",CENSUS_ACS5_DETAIL;HUD_FMR,ACS5-2024-B20004-table-based-summary-file;HUD-FMR-FY2026-revised-effective-2026-05-21,2026-08-10T21:40:54Z,71b8cf106eab63397a9badd883cae562823225f1d65059a0608c8cdda479dc66;06af2feddaeb79ffd8f9402e8b8b9adb0deab684d599fba835c48fb985eb85cd,FY2026 2BR FMR minus 30% of ACS median annual earnings divided by 12,"Positive values mean the FMR benchmark exceeds 30% of median individual earnings. No work-hour, household-size, or unit-availability assumption is added.",project_flag_standard,acs_current_dollars_compared_with_fy2026_fmr
education_and_earnings,earnings_coverage_2br_fmr_pct,Median earnings coverage of two-bedroom FMR income requirement,06095,Solano,2024,2024-12-31,cross-vintage benchmark comparison,66.1926079,percent,2.20385675,57667,87120,2178,educational_attainment,some_college_associate,Some college or associate degree,,all,person residence compared with HUD FMR area,"population age 25 and over with earnings, by sex and educational attainment",CENSUS_ACS5_DETAIL;HUD_FMR,ACS5-2024-B20004-table-based-summary-file;HUD-FMR-FY2026-revised-effective-2026-05-21,2026-08-10T21:40:54Z,71b8cf106eab63397a9badd883cae562823225f1d65059a0608c8cdda479dc66;06af2feddaeb79ffd8f9402e8b8b9adb0deab684d599fba835c48fb985eb85cd,ACS median annual earnings divided by FY2026 2BR FMR times 40,A descriptive benchmark using the conventional 30% threshold. It does not measure an actual household budget or conclude that a unit is available.,project_flag_standard,acs_current_dollars_compared_with_fy2026_fmr
education_and_earnings,median_annual_earnings,Median annual earnings,06095,Solano,2024,2024-12-31,annual rolling five-year estimate,57667,current dollars per year,1920,,,,educational_attainment,some_college_associate,Some college or associate degree,,all,person residence,"population age 25 and over with earnings, by sex and educational attainment",CENSUS_ACS5_DETAIL,ACS5-2024-B20004-table-based-summary-file,2026-08-10T21:40:54Z,71b8cf106eab63397a9badd883cae562823225f1d65059a0608c8cdda479dc66,published ACS median,"Residence-based individual earnings; not household income, a wage offer, or a workplace-based job measure.",project_flag_standard,current_dollars_and_overlapping_acs_vintages
education_and_earnings,monthly_gap_to_2br_fmr,Monthly gap between two-bedroom FMR and 30% of median earnings,06095,Solano,2024,2024-12-31,cross-vintage benchmark comparison,736.325,current dollars per month,48,57667,87120,2178,educational_attainment,some_college_associate,Some college or associate degree,,all,person residence compared with HUD FMR area,"population age 25 and over with earnings, by sex and educational attainment",CENSUS_ACS5_DETAIL;HUD_FMR,ACS5-2024-B20004-table-based-summary-file;HUD-FMR-FY2026-revised-effective-2026-05-21,2026-08-10T21:40:54Z,71b8cf106eab63397a9badd883cae562823225f1d65059a0608c8cdda479dc66;06af2feddaeb79ffd8f9402e8b8b9adb0deab684d599fba835c48fb985eb85cd,FY2026 2BR FMR minus 30% of ACS median annual earnings divided by 12,"Positive values mean the FMR benchmark exceeds 30% of median individual earnings. No work-hour, household-size, or unit-availability assumption is added.",project_flag_standard,acs_current_dollars_compared_with_fy2026_fmr
education_and_earnings,earnings_coverage_2br_fmr_pct,Median earnings coverage of two-bedroom FMR income requirement,06095,Solano,2024,2024-12-31,cross-vintage benchmark comparison,53.9302112,percent,2.86386593,46984,87120,2178,educational_attainment,some_college_associate,Some college or associate degree,,female,person residence compared with HUD FMR area,"population age 25 and over with earnings, by sex and educational attainment",CENSUS_ACS5_DETAIL;HUD_FMR,ACS5-2024-B20004-table-based-summary-file;HUD-FMR-FY2026-revised-effective-2026-05-21,2026-08-10T21:40:54Z,71b8cf106eab63397a9badd883cae562823225f1d65059a0608c8cdda479dc66;06af2feddaeb79ffd8f9402e8b8b9adb0deab684d599fba835c48fb985eb85cd,ACS median annual earnings divided by FY2026 2BR FMR times 40,A descriptive benchmark using the conventional 30% threshold. It does not measure an actual household budget or conclude that a unit is available.,project_flag_standard,acs_current_dollars_compared_with_fy2026_fmr
education_and_earnings,median_annual_earnings,Median annual earnings,06095,Solano,2024,2024-12-31,annual rolling five-year estimate,46984,current dollars per year,2495,,,,educational_attainment,some_college_associate,Some college or associate degree,,female,person residence,"population age 25 and over with earnings, by sex and educational attainment",CENSUS_ACS5_DETAIL,ACS5-2024-B20004-table-based-summary-file,2026-08-10T21:40:54Z,71b8cf106eab63397a9badd883cae562823225f1d65059a0608c8cdda479dc66,published ACS median,"Residence-based individual earnings; not household income, a wage offer, or a workplace-based job measure.",project_flag_standard,current_dollars_and_overlapping_acs_vintages
education_and_earnings,monthly_gap_to_2br_fmr,Monthly gap between two-bedroom FMR and 30% of median earnings,06095,Solano,2024,2024-12-31,cross-vintage benchmark comparison,1003.4,current dollars per month,62.375,46984,87120,2178,educational_attainment,some_college_associate,Some college or associate degree,,female,person residence compared with HUD FMR area,"population age 25 and over with earnings, by sex and educational attainment",CENSUS_ACS5_DETAIL;HUD_FMR,ACS5-2024-B20004-table-based-summary-file;HUD-FMR-FY2026-revised-effective-2026-05-21,2026-08-10T21:40:54Z,71b8cf106eab63397a9badd883cae562823225f1d65059a0608c8cdda479dc66;06af2feddaeb79ffd8f9402e8b8b9adb0deab684d599fba835c48fb985eb85cd,FY2026 2BR FMR minus 30% of ACS median annual earnings divided by 12,"Positive values mean the FMR benchmark exceeds 30% of median individual earnings. No work-hour, household-size, or unit-availability assumption is added.",project_flag_standard,acs_current_dollars_compared_with_fy2026_fmr
education_and_earnings,earnings_coverage_2br_fmr_pct,Median earnings coverage of two-bedroom FMR income requirement,06095,Solano,2024,2024-12-31,cross-vintage benchmark comparison,78.28627181,percent,3.15656566,68203,87120,2178,educational_attainment,some_college_associate,Some college or associate degree,,male,person residence compared with HUD FMR area,"population age 25 and over with earnings, by sex and educational attainment",CENSUS_ACS5_DETAIL;HUD_FMR,ACS5-2024-B20004-table-based-summary-file;HUD-FMR-FY2026-revised-effective-2026-05-21,2026-08-10T21:40:54Z,71b8cf106eab63397a9badd883cae562823225f1d65059a0608c8cdda479dc66;06af2feddaeb79ffd8f9402e8b8b9adb0deab684d599fba835c48fb985eb85cd,ACS median annual earnings divided by FY2026 2BR FMR times 40,A descriptive benchmark using the conventional 30% threshold. It does not measure an actual household budget or conclude that a unit is available.,project_flag_standard,acs_current_dollars_compared_with_fy2026_fmr
education_and_earnings,median_annual_earnings,Median annual earnings,06095,Solano,2024,2024-12-31,annual rolling five-year estimate,68203,current dollars per year,2750,,,,educational_attainment,some_college_associate,Some college or associate degree,,male,person residence,"population age 25 and over with earnings, by sex and educational attainment",CENSUS_ACS5_DETAIL,ACS5-2024-B20004-table-based-summary-file,2026-08-10T21:40:54Z,71b8cf106eab63397a9badd883cae562823225f1d65059a0608c8cdda479dc66,published ACS median,"Residence-based individual earnings; not household income, a wage offer, or a workplace-based job measure.",project_flag_standard,current_dollars_and_overlapping_acs_vintages
education_and_earnings,monthly_gap_to_2br_fmr,Monthly gap between two-bedroom FMR and 30% of median earnings,06095,Solano,2024,2024-12-31,cross-vintage benchmark comparison,472.925,current dollars per month,68.75,68203,87120,2178,educational_attainment,some_college_associate,Some college or associate degree,,male,person residence compared with HUD FMR area,"population age 25 and over with earnings, by sex and educational attainment",CENSUS_ACS5_DETAIL;HUD_FMR,ACS5-2024-B20004-table-based-summary-file;HUD-FMR-FY2026-revised-effective-2026-05-21,2026-08-10T21:40:54Z,71b8cf106eab63397a9badd883cae562823225f1d65059a0608c8cdda479dc66;06af2feddaeb79ffd8f9402e8b8b9adb0deab684d599fba835c48fb985eb85cd,FY2026 2BR FMR minus 30% of ACS median annual earnings divided by 12,"Positive values mean the FMR benchmark exceeds 30% of median individual earnings. No work-hour, household-size, or unit-availability assumption is added.",project_flag_standard,acs_current_dollars_compared_with_fy2026_fmr
education_and_earnings,homeownership_pct,Homeownership share,06095,Solano,2024,2024-12-31,annual rolling five-year estimate,76.09383879,percent,1.08480571,37496,49276,,educational_attainment_of_householder,bachelors_plus,Bachelor's degree or higher,,,household residence,occupied housing units by educational attainment of householder,CENSUS_ACS5_DETAIL,ACS5-2024-B25013-table-based-summary-file,2026-08-10T21:40:54Z,982753024aa23f6b8441be9599449cdf4ba415a686e2935135115f64f3f5d79b,owner-occupied units divided by owner- plus renter-occupied units,Householder education is a housing-unit characteristic and is not the same universe as individual earnings.,project_flag_standard,comparable_within_table_and_vintage
education_and_earnings,homeownership_pct,Homeownership share,06095,Solano,2024,2024-12-31,annual rolling five-year estimate,52.30435155,percent,1.97671184,18306,34999,,educational_attainment_of_householder,high_school,High school graduate or equivalent,,,household residence,occupied housing units by educational attainment of householder,CENSUS_ACS5_DETAIL,ACS5-2024-B25013-table-based-summary-file,2026-08-10T21:40:54Z,982753024aa23f6b8441be9599449cdf4ba415a686e2935135115f64f3f5d79b,owner-occupied units divided by owner- plus renter-occupied units,Householder education is a housing-unit characteristic and is not the same universe as individual earnings.,project_flag_standard,comparable_within_table_and_vintage
education_and_earnings,homeownership_pct,Homeownership share,06095,Solano,2024,2024-12-31,annual rolling five-year estimate,43.42006317,percent,3.02303871,5774,13298,,educational_attainment_of_householder,less_than_high_school,Less than high school graduate,,,household residence,occupied housing units by educational attainment of householder,CENSUS_ACS5_DETAIL,ACS5-2024-B25013-table-based-summary-file,2026-08-10T21:40:54Z,982753024aa23f6b8441be9599449cdf4ba415a686e2935135115f64f3f5d79b,owner-occupied units divided by owner- plus renter-occupied units,Householder education is a housing-unit characteristic and is not the same universe as individual earnings.,project_flag_standard,comparable_within_table_and_vintage
education_and_earnings,homeownership_pct,Homeownership share,06095,Solano,2024,2024-12-31,annual rolling five-year estimate,62.87559018,percent,1.21335126,37687,59939,,educational_attainment_of_householder,some_college_associate,Some college or associate degree,,,household residence,occupied housing units by educational attainment of householder,CENSUS_ACS5_DETAIL,ACS5-2024-B25013-table-based-summary-file,2026-08-10T21:40:54Z,982753024aa23f6b8441be9599449cdf4ba415a686e2935135115f64f3f5d79b,owner-occupied units divided by owner- plus renter-occupied units,Householder education is a housing-unit characteristic and is not the same universe as individual earnings.,project_flag_standard,comparable_within_table_and_vintage
education_and_earnings,earnings_coverage_2br_fmr_pct,Median earnings coverage of two-bedroom FMR income requirement,06097,Sonoma,2024,2024-12-31,cross-vintage benchmark comparison,71.01255748,percent,2.40537672,80301,113080,2827,educational_attainment,bachelors,Bachelor's degree,,all,person residence compared with HUD FMR area,"population age 25 and over with earnings, by sex and educational attainment",CENSUS_ACS5_DETAIL;HUD_FMR,ACS5-2024-B20004-table-based-summary-file;HUD-FMR-FY2026-revised-effective-2026-05-21,2026-08-10T21:40:54Z,71b8cf106eab63397a9badd883cae562823225f1d65059a0608c8cdda479dc66;06af2feddaeb79ffd8f9402e8b8b9adb0deab684d599fba835c48fb985eb85cd,ACS median annual earnings divided by FY2026 2BR FMR times 40,A descriptive benchmark using the conventional 30% threshold. It does not measure an actual household budget or conclude that a unit is available.,project_flag_standard,acs_current_dollars_compared_with_fy2026_fmr
education_and_earnings,median_annual_earnings,Median annual earnings,06097,Sonoma,2024,2024-12-31,annual rolling five-year estimate,80301,current dollars per year,2720,,,,educational_attainment,bachelors,Bachelor's degree,,all,person residence,"population age 25 and over with earnings, by sex and educational attainment",CENSUS_ACS5_DETAIL,ACS5-2024-B20004-table-based-summary-file,2026-08-10T21:40:54Z,71b8cf106eab63397a9badd883cae562823225f1d65059a0608c8cdda479dc66,published ACS median,"Residence-based individual earnings; not household income, a wage offer, or a workplace-based job measure.",project_flag_standard,current_dollars_and_overlapping_acs_vintages
education_and_earnings,monthly_gap_to_2br_fmr,Monthly gap between two-bedroom FMR and 30% of median earnings,06097,Sonoma,2024,2024-12-31,cross-vintage benchmark comparison,819.475,current dollars per month,68,80301,113080,2827,educational_attainment,bachelors,Bachelor's degree,,all,person residence compared with HUD FMR area,"population age 25 and over with earnings, by sex and educational attainment",CENSUS_ACS5_DETAIL;HUD_FMR,ACS5-2024-B20004-table-based-summary-file;HUD-FMR-FY2026-revised-effective-2026-05-21,2026-08-10T21:40:54Z,71b8cf106eab63397a9badd883cae562823225f1d65059a0608c8cdda479dc66;06af2feddaeb79ffd8f9402e8b8b9adb0deab684d599fba835c48fb985eb85cd,FY2026 2BR FMR minus 30% of ACS median annual earnings divided by 12,"Positive values mean the FMR benchmark exceeds 30% of median individual earnings. No work-hour, household-size, or unit-availability assumption is added.",project_flag_standard,acs_current_dollars_compared_with_fy2026_fmr
education_and_earnings,earnings_coverage_2br_fmr_pct,Median earnings coverage of two-bedroom FMR income requirement,06097,Sonoma,2024,2024-12-31,cross-vintage benchmark comparison,63.53643438,percent,2.1038203,71847,113080,2827,educational_attainment,bachelors,Bachelor's degree,,female,person residence compared with HUD FMR area,"population age 25 and over with earnings, by sex and educational attainment",CENSUS_ACS5_DETAIL;HUD_FMR,ACS5-2024-B20004-table-based-summary-file;HUD-FMR-FY2026-revised-effective-2026-05-21,2026-08-10T21:40:54Z,71b8cf106eab63397a9badd883cae562823225f1d65059a0608c8cdda479dc66;06af2feddaeb79ffd8f9402e8b8b9adb0deab684d599fba835c48fb985eb85cd,ACS median annual earnings divided by FY2026 2BR FMR times 40,A descriptive benchmark using the conventional 30% threshold. It does not measure an actual household budget or conclude that a unit is available.,project_flag_standard,acs_current_dollars_compared_with_fy2026_fmr
education_and_earnings,median_annual_earnings,Median annual earnings,06097,Sonoma,2024,2024-12-31,annual rolling five-year estimate,71847,current dollars per year,2379,,,,educational_attainment,bachelors,Bachelor's degree,,female,person residence,"population age 25 and over with earnings, by sex and educational attainment",CENSUS_ACS5_DETAIL,ACS5-2024-B20004-table-based-summary-file,2026-08-10T21:40:54Z,71b8cf106eab63397a9badd883cae562823225f1d65059a0608c8cdda479dc66,published ACS median,"Residence-based individual earnings; not household income, a wage offer, or a workplace-based job measure.",project_flag_standard,current_dollars_and_overlapping_acs_vintages
education_and_earnings,monthly_gap_to_2br_fmr,Monthly gap between two-bedroom FMR and 30% of median earnings,06097,Sonoma,2024,2024-12-31,cross-vintage benchmark comparison,1030.825,current dollars per month,59.475,71847,113080,2827,educational_attainment,bachelors,Bachelor's degree,,female,person residence compared with HUD FMR area,"population age 25 and over with earnings, by sex and educational attainment",CENSUS_ACS5_DETAIL;HUD_FMR,ACS5-2024-B20004-table-based-summary-file;HUD-FMR-FY2026-revised-effective-2026-05-21,2026-08-10T21:40:54Z,71b8cf106eab63397a9badd883cae562823225f1d65059a0608c8cdda479dc66;06af2feddaeb79ffd8f9402e8b8b9adb0deab684d599fba835c48fb985eb85cd,FY2026 2BR FMR minus 30% of ACS median annual earnings divided by 12,"Positive values mean the FMR benchmark exceeds 30% of median individual earnings. No work-hour, household-size, or unit-availability assumption is added.",project_flag_standard,acs_current_dollars_compared_with_fy2026_fmr
education_and_earnings,earnings_coverage_2br_fmr_pct,Median earnings coverage of two-bedroom FMR income requirement,06097,Sonoma,2024,2024-12-31,cross-vintage benchmark comparison,81.47152458,percent,3.57446056,92128,113080,2827,educational_attainment,bachelors,Bachelor's degree,,male,person residence compared with HUD FMR area,"population age 25 and over with earnings, by sex and educational attainment",CENSUS_ACS5_DETAIL;HUD_FMR,ACS5-2024-B20004-table-based-summary-file;HUD-FMR-FY2026-revised-effective-2026-05-21,2026-08-10T21:40:54Z,71b8cf106eab63397a9badd883cae562823225f1d65059a0608c8cdda479dc66;06af2feddaeb79ffd8f9402e8b8b9adb0deab684d599fba835c48fb985eb85cd,ACS median annual earnings divided by FY2026 2BR FMR times 40,A descriptive benchmark using the conventional 30% threshold. It does not measure an actual household budget or conclude that a unit is available.,project_flag_standard,acs_current_dollars_compared_with_fy2026_fmr
education_and_earnings,median_annual_earnings,Median annual earnings,06097,Sonoma,2024,2024-12-31,annual rolling five-year estimate,92128,current dollars per year,4042,,,,educational_attainment,bachelors,Bachelor's degree,,male,person residence,"population age 25 and over with earnings, by sex and educational attainment",CENSUS_ACS5_DETAIL,ACS5-2024-B20004-table-based-summary-file,2026-08-10T21:40:54Z,71b8cf106eab63397a9badd883cae562823225f1d65059a0608c8cdda479dc66,published ACS median,"Residence-based individual earnings; not household income, a wage offer, or a workplace-based job measure.",project_flag_standard,current_dollars_and_overlapping_acs_vintages
education_and_earnings,monthly_gap_to_2br_fmr,Monthly gap between two-bedroom FMR and 30% of median earnings,06097,Sonoma,2024,2024-12-31,cross-vintage benchmark comparison,523.8,current dollars per month,101.05,92128,113080,2827,educational_attainment,bachelors,Bachelor's degree,,male,person residence compared with HUD FMR area,"population age 25 and over with earnings, by sex and educational attainment",CENSUS_ACS5_DETAIL;HUD_FMR,ACS5-2024-B20004-table-based-summary-file;HUD-FMR-FY2026-revised-effective-2026-05-21,2026-08-10T21:40:54Z,71b8cf106eab63397a9badd883cae562823225f1d65059a0608c8cdda479dc66;06af2feddaeb79ffd8f9402e8b8b9adb0deab684d599fba835c48fb985eb85cd,FY2026 2BR FMR minus 30% of ACS median annual earnings divided by 12,"Positive values mean the FMR benchmark exceeds 30% of median individual earnings. No work-hour, household-size, or unit-availability assumption is added.",project_flag_moderate_uncertainty,acs_current_dollars_compared_with_fy2026_fmr
education_and_earnings,earnings_coverage_2br_fmr_pct,Median earnings coverage of two-bedroom FMR income requirement,06097,Sonoma,2024,2024-12-31,cross-vintage benchmark comparison,84.15811815,percent,3.18889282,95166,113080,2827,educational_attainment,graduate_professional,Graduate or professional degree,,all,person residence compared with HUD FMR area,"population age 25 and over with earnings, by sex and educational attainment",CENSUS_ACS5_DETAIL;HUD_FMR,ACS5-2024-B20004-table-based-summary-file;HUD-FMR-FY2026-revised-effective-2026-05-21,2026-08-10T21:40:54Z,71b8cf106eab63397a9badd883cae562823225f1d65059a0608c8cdda479dc66;06af2feddaeb79ffd8f9402e8b8b9adb0deab684d599fba835c48fb985eb85cd,ACS median annual earnings divided by FY2026 2BR FMR times 40,A descriptive benchmark using the conventional 30% threshold. It does not measure an actual household budget or conclude that a unit is available.,project_flag_standard,acs_current_dollars_compared_with_fy2026_fmr
education_and_earnings,median_annual_earnings,Median annual earnings,06097,Sonoma,2024,2024-12-31,annual rolling five-year estimate,95166,current dollars per year,3606,,,,educational_attainment,graduate_professional,Graduate or professional degree,,all,person residence,"population age 25 and over with earnings, by sex and educational attainment",CENSUS_ACS5_DETAIL,ACS5-2024-B20004-table-based-summary-file,2026-08-10T21:40:54Z,71b8cf106eab63397a9badd883cae562823225f1d65059a0608c8cdda479dc66,published ACS median,"Residence-based individual earnings; not household income, a wage offer, or a workplace-based job measure.",project_flag_standard,current_dollars_and_overlapping_acs_vintages
education_and_earnings,monthly_gap_to_2br_fmr,Monthly gap between two-bedroom FMR and 30% of median earnings,06097,Sonoma,2024,2024-12-31,cross-vintage benchmark comparison,447.85,current dollars per month,90.15,95166,113080,2827,educational_attainment,graduate_professional,Graduate or professional degree,,all,person residence compared with HUD FMR area,"population age 25 and over with earnings, by sex and educational attainment",CENSUS_ACS5_DETAIL;HUD_FMR,ACS5-2024-B20004-table-based-summary-file;HUD-FMR-FY2026-revised-effective-2026-05-21,2026-08-10T21:40:54Z,71b8cf106eab63397a9badd883cae562823225f1d65059a0608c8cdda479dc66;06af2feddaeb79ffd8f9402e8b8b9adb0deab684d599fba835c48fb985eb85cd,FY2026 2BR FMR minus 30% of ACS median annual earnings divided by 12,"Positive values mean the FMR benchmark exceeds 30% of median individual earnings. No work-hour, household-size, or unit-availability assumption is added.",project_flag_moderate_uncertainty,acs_current_dollars_compared_with_fy2026_fmr
education_and_earnings,earnings_coverage_2br_fmr_pct,Median earnings coverage of two-bedroom FMR income requirement,06097,Sonoma,2024,2024-12-31,cross-vintage benchmark comparison,73.60894942,percent,3.84241245,83237,113080,2827,educational_attainment,graduate_professional,Graduate or professional degree,,female,person residence compared with HUD FMR area,"population age 25 and over with earnings, by sex and educational attainment",CENSUS_ACS5_DETAIL;HUD_FMR,ACS5-2024-B20004-table-based-summary-file;HUD-FMR-FY2026-revised-effective-2026-05-21,2026-08-10T21:40:54Z,71b8cf106eab63397a9badd883cae562823225f1d65059a0608c8cdda479dc66;06af2feddaeb79ffd8f9402e8b8b9adb0deab684d599fba835c48fb985eb85cd,ACS median annual earnings divided by FY2026 2BR FMR times 40,A descriptive benchmark using the conventional 30% threshold. It does not measure an actual household budget or conclude that a unit is available.,project_flag_standard,acs_current_dollars_compared_with_fy2026_fmr
education_and_earnings,median_annual_earnings,Median annual earnings,06097,Sonoma,2024,2024-12-31,annual rolling five-year estimate,83237,current dollars per year,4345,,,,educational_attainment,graduate_professional,Graduate or professional degree,,female,person residence,"population age 25 and over with earnings, by sex and educational attainment",CENSUS_ACS5_DETAIL,ACS5-2024-B20004-table-based-summary-file,2026-08-10T21:40:54Z,71b8cf106eab63397a9badd883cae562823225f1d65059a0608c8cdda479dc66,published ACS median,"Residence-based individual earnings; not household income, a wage offer, or a workplace-based job measure.",project_flag_standard,current_dollars_and_overlapping_acs_vintages
education_and_earnings,monthly_gap_to_2br_fmr,Monthly gap between two-bedroom FMR and 30% of median earnings,06097,Sonoma,2024,2024-12-31,cross-vintage benchmark comparison,746.075,current dollars per month,108.625,83237,113080,2827,educational_attainment,graduate_professional,Graduate or professional degree,,female,person residence compared with HUD FMR area,"population age 25 and over with earnings, by sex and educational attainment",CENSUS_ACS5_DETAIL;HUD_FMR,ACS5-2024-B20004-table-based-summary-file;HUD-FMR-FY2026-revised-effective-2026-05-21,2026-08-10T21:40:54Z,71b8cf106eab63397a9badd883cae562823225f1d65059a0608c8cdda479dc66;06af2feddaeb79ffd8f9402e8b8b9adb0deab684d599fba835c48fb985eb85cd,FY2026 2BR FMR minus 30% of ACS median annual earnings divided by 12,"Positive values mean the FMR benchmark exceeds 30% of median individual earnings. No work-hour, household-size, or unit-availability assumption is added.",project_flag_standard,acs_current_dollars_compared_with_fy2026_fmr
education_and_earnings,earnings_coverage_2br_fmr_pct,Median earnings coverage of two-bedroom FMR income requirement,06097,Sonoma,2024,2024-12-31,cross-vintage benchmark comparison,101.93845065,percent,7.68924655,115272,113080,2827,educational_attainment,graduate_professional,Graduate or professional degree,,male,person residence compared with HUD FMR area,"population age 25 and over with earnings, by sex and educational attainment",CENSUS_ACS5_DETAIL;HUD_FMR,ACS5-2024-B20004-table-based-summary-file;HUD-FMR-FY2026-revised-effective-2026-05-21,2026-08-10T21:40:54Z,71b8cf106eab63397a9badd883cae562823225f1d65059a0608c8cdda479dc66;06af2feddaeb79ffd8f9402e8b8b9adb0deab684d599fba835c48fb985eb85cd,ACS median annual earnings divided by FY2026 2BR FMR times 40,A descriptive benchmark using the conventional 30% threshold. It does not measure an actual household budget or conclude that a unit is available.,project_flag_standard,acs_current_dollars_compared_with_fy2026_fmr
education_and_earnings,median_annual_earnings,Median annual earnings,06097,Sonoma,2024,2024-12-31,annual rolling five-year estimate,115272,current dollars per year,8695,,,,educational_attainment,graduate_professional,Graduate or professional degree,,male,person residence,"population age 25 and over with earnings, by sex and educational attainment",CENSUS_ACS5_DETAIL,ACS5-2024-B20004-table-based-summary-file,2026-08-10T21:40:54Z,71b8cf106eab63397a9badd883cae562823225f1d65059a0608c8cdda479dc66,published ACS median,"Residence-based individual earnings; not household income, a wage offer, or a workplace-based job measure.",project_flag_standard,current_dollars_and_overlapping_acs_vintages
education_and_earnings,monthly_gap_to_2br_fmr,Monthly gap between two-bedroom FMR and 30% of median earnings,06097,Sonoma,2024,2024-12-31,cross-vintage benchmark comparison,-54.8,current dollars per month,217.375,115272,113080,2827,educational_attainment,graduate_professional,Graduate or professional degree,,male,person residence compared with HUD FMR area,"population age 25 and over with earnings, by sex and educational attainment",CENSUS_ACS5_DETAIL;HUD_FMR,ACS5-2024-B20004-table-based-summary-file;HUD-FMR-FY2026-revised-effective-2026-05-21,2026-08-10T21:40:54Z,71b8cf106eab63397a9badd883cae562823225f1d65059a0608c8cdda479dc66;06af2feddaeb79ffd8f9402e8b8b9adb0deab684d599fba835c48fb985eb85cd,FY2026 2BR FMR minus 30% of ACS median annual earnings divided by 12,"Positive values mean the FMR benchmark exceeds 30% of median individual earnings. No work-hour, household-size, or unit-availability assumption is added.",project_flag_high_uncertainty,acs_current_dollars_compared_with_fy2026_fmr
education_and_earnings,earnings_coverage_2br_fmr_pct,Median earnings coverage of two-bedroom FMR income requirement,06097,Sonoma,2024,2024-12-31,cross-vintage benchmark comparison,41.57056951,percent,1.29731164,47008,113080,2827,educational_attainment,high_school,High school graduate or equivalent,,all,person residence compared with HUD FMR area,"population age 25 and over with earnings, by sex and educational attainment",CENSUS_ACS5_DETAIL;HUD_FMR,ACS5-2024-B20004-table-based-summary-file;HUD-FMR-FY2026-revised-effective-2026-05-21,2026-08-10T21:40:54Z,71b8cf106eab63397a9badd883cae562823225f1d65059a0608c8cdda479dc66;06af2feddaeb79ffd8f9402e8b8b9adb0deab684d599fba835c48fb985eb85cd,ACS median annual earnings divided by FY2026 2BR FMR times 40,A descriptive benchmark using the conventional 30% threshold. It does not measure an actual household budget or conclude that a unit is available.,project_flag_standard,acs_current_dollars_compared_with_fy2026_fmr
education_and_earnings,median_annual_earnings,Median annual earnings,06097,Sonoma,2024,2024-12-31,annual rolling five-year estimate,47008,current dollars per year,1467,,,,educational_attainment,high_school,High school graduate or equivalent,,all,person residence,"population age 25 and over with earnings, by sex and educational attainment",CENSUS_ACS5_DETAIL,ACS5-2024-B20004-table-based-summary-file,2026-08-10T21:40:54Z,71b8cf106eab63397a9badd883cae562823225f1d65059a0608c8cdda479dc66,published ACS median,"Residence-based individual earnings; not household income, a wage offer, or a workplace-based job measure.",project_flag_standard,current_dollars_and_overlapping_acs_vintages
education_and_earnings,monthly_gap_to_2br_fmr,Monthly gap between two-bedroom FMR and 30% of median earnings,06097,Sonoma,2024,2024-12-31,cross-vintage benchmark comparison,1651.8,current dollars per month,36.675,47008,113080,2827,educational_attainment,high_school,High school graduate or equivalent,,all,person residence compared with HUD FMR area,"population age 25 and over with earnings, by sex and educational attainment",CENSUS_ACS5_DETAIL;HUD_FMR,ACS5-2024-B20004-table-based-summary-file;HUD-FMR-FY2026-revised-effective-2026-05-21,2026-08-10T21:40:54Z,71b8cf106eab63397a9badd883cae562823225f1d65059a0608c8cdda479dc66;06af2feddaeb79ffd8f9402e8b8b9adb0deab684d599fba835c48fb985eb85cd,FY2026 2BR FMR minus 30% of ACS median annual earnings divided by 12,"Positive values mean the FMR benchmark exceeds 30% of median individual earnings. No work-hour, household-size, or unit-availability assumption is added.",project_flag_standard,acs_current_dollars_compared_with_fy2026_fmr
education_and_earnings,earnings_coverage_2br_fmr_pct,Median earnings coverage of two-bedroom FMR income requirement,06097,Sonoma,2024,2024-12-31,cross-vintage benchmark comparison,34.32702511,percent,2.98991864,38817,113080,2827,educational_attainment,high_school,High school graduate or equivalent,,female,person residence compared with HUD FMR area,"population age 25 and over with earnings, by sex and educational attainment",CENSUS_ACS5_DETAIL;HUD_FMR,ACS5-2024-B20004-table-based-summary-file;HUD-FMR-FY2026-revised-effective-2026-05-21,2026-08-10T21:40:54Z,71b8cf106eab63397a9badd883cae562823225f1d65059a0608c8cdda479dc66;06af2feddaeb79ffd8f9402e8b8b9adb0deab684d599fba835c48fb985eb85cd,ACS median annual earnings divided by FY2026 2BR FMR times 40,A descriptive benchmark using the conventional 30% threshold. It does not measure an actual household budget or conclude that a unit is available.,project_flag_standard,acs_current_dollars_compared_with_fy2026_fmr
education_and_earnings,median_annual_earnings,Median annual earnings,06097,Sonoma,2024,2024-12-31,annual rolling five-year estimate,38817,current dollars per year,3381,,,,educational_attainment,high_school,High school graduate or equivalent,,female,person residence,"population age 25 and over with earnings, by sex and educational attainment",CENSUS_ACS5_DETAIL,ACS5-2024-B20004-table-based-summary-file,2026-08-10T21:40:54Z,71b8cf106eab63397a9badd883cae562823225f1d65059a0608c8cdda479dc66,published ACS median,"Residence-based individual earnings; not household income, a wage offer, or a workplace-based job measure.",project_flag_standard,current_dollars_and_overlapping_acs_vintages
education_and_earnings,monthly_gap_to_2br_fmr,Monthly gap between two-bedroom FMR and 30% of median earnings,06097,Sonoma,2024,2024-12-31,cross-vintage benchmark comparison,1856.575,current dollars per month,84.525,38817,113080,2827,educational_attainment,high_school,High school graduate or equivalent,,female,person residence compared with HUD FMR area,"population age 25 and over with earnings, by sex and educational attainment",CENSUS_ACS5_DETAIL;HUD_FMR,ACS5-2024-B20004-table-based-summary-file;HUD-FMR-FY2026-revised-effective-2026-05-21,2026-08-10T21:40:54Z,71b8cf106eab63397a9badd883cae562823225f1d65059a0608c8cdda479dc66;06af2feddaeb79ffd8f9402e8b8b9adb0deab684d599fba835c48fb985eb85cd,FY2026 2BR FMR minus 30% of ACS median annual earnings divided by 12,"Positive values mean the FMR benchmark exceeds 30% of median individual earnings. No work-hour, household-size, or unit-availability assumption is added.",project_flag_standard,acs_current_dollars_compared_with_fy2026_fmr
education_and_earnings,earnings_coverage_2br_fmr_pct,Median earnings coverage of two-bedroom FMR income requirement,06097,Sonoma,2024,2024-12-31,cross-vintage benchmark comparison,45.80474001,percent,1.62628228,51796,113080,2827,educational_attainment,high_school,High school graduate or equivalent,,male,person residence compared with HUD FMR area,"population age 25 and over with earnings, by sex and educational attainment",CENSUS_ACS5_DETAIL;HUD_FMR,ACS5-2024-B20004-table-based-summary-file;HUD-FMR-FY2026-revised-effective-2026-05-21,2026-08-10T21:40:54Z,71b8cf106eab63397a9badd883cae562823225f1d65059a0608c8cdda479dc66;06af2feddaeb79ffd8f9402e8b8b9adb0deab684d599fba835c48fb985eb85cd,ACS median annual earnings divided by FY2026 2BR FMR times 40,A descriptive benchmark using the conventional 30% threshold. It does not measure an actual household budget or conclude that a unit is available.,project_flag_standard,acs_current_dollars_compared_with_fy2026_fmr
education_and_earnings,median_annual_earnings,Median annual earnings,06097,Sonoma,2024,2024-12-31,annual rolling five-year estimate,51796,current dollars per year,1839,,,,educational_attainment,high_school,High school graduate or equivalent,,male,person residence,"population age 25 and over with earnings, by sex and educational attainment",CENSUS_ACS5_DETAIL,ACS5-2024-B20004-table-based-summary-file,2026-08-10T21:40:54Z,71b8cf106eab63397a9badd883cae562823225f1d65059a0608c8cdda479dc66,published ACS median,"Residence-based individual earnings; not household income, a wage offer, or a workplace-based job measure.",project_flag_standard,current_dollars_and_overlapping_acs_vintages
education_and_earnings,monthly_gap_to_2br_fmr,Monthly gap between two-bedroom FMR and 30% of median earnings,06097,Sonoma,2024,2024-12-31,cross-vintage benchmark comparison,1532.1,current dollars per month,45.975,51796,113080,2827,educational_attainment,high_school,High school graduate or equivalent,,male,person residence compared with HUD FMR area,"population age 25 and over with earnings, by sex and educational attainment",CENSUS_ACS5_DETAIL;HUD_FMR,ACS5-2024-B20004-table-based-summary-file;HUD-FMR-FY2026-revised-effective-2026-05-21,2026-08-10T21:40:54Z,71b8cf106eab63397a9badd883cae562823225f1d65059a0608c8cdda479dc66;06af2feddaeb79ffd8f9402e8b8b9adb0deab684d599fba835c48fb985eb85cd,FY2026 2BR FMR minus 30% of ACS median annual earnings divided by 12,"Positive values mean the FMR benchmark exceeds 30% of median individual earnings. No work-hour, household-size, or unit-availability assumption is added.",project_flag_standard,acs_current_dollars_compared_with_fy2026_fmr
education_and_earnings,earnings_coverage_2br_fmr_pct,Median earnings coverage of two-bedroom FMR income requirement,06097,Sonoma,2024,2024-12-31,cross-vintage benchmark comparison,34.36947294,percent,1.2752034,38865,113080,2827,educational_attainment,less_than_high_school,Less than high school graduate,,all,person residence compared with HUD FMR area,"population age 25 and over with earnings, by sex and educational attainment",CENSUS_ACS5_DETAIL;HUD_FMR,ACS5-2024-B20004-table-based-summary-file;HUD-FMR-FY2026-revised-effective-2026-05-21,2026-08-10T21:40:54Z,71b8cf106eab63397a9badd883cae562823225f1d65059a0608c8cdda479dc66;06af2feddaeb79ffd8f9402e8b8b9adb0deab684d599fba835c48fb985eb85cd,ACS median annual earnings divided by FY2026 2BR FMR times 40,A descriptive benchmark using the conventional 30% threshold. It does not measure an actual household budget or conclude that a unit is available.,project_flag_standard,acs_current_dollars_compared_with_fy2026_fmr
education_and_earnings,median_annual_earnings,Median annual earnings,06097,Sonoma,2024,2024-12-31,annual rolling five-year estimate,38865,current dollars per year,1442,,,,educational_attainment,less_than_high_school,Less than high school graduate,,all,person residence,"population age 25 and over with earnings, by sex and educational attainment",CENSUS_ACS5_DETAIL,ACS5-2024-B20004-table-based-summary-file,2026-08-10T21:40:54Z,71b8cf106eab63397a9badd883cae562823225f1d65059a0608c8cdda479dc66,published ACS median,"Residence-based individual earnings; not household income, a wage offer, or a workplace-based job measure.",project_flag_standard,current_dollars_and_overlapping_acs_vintages
education_and_earnings,monthly_gap_to_2br_fmr,Monthly gap between two-bedroom FMR and 30% of median earnings,06097,Sonoma,2024,2024-12-31,cross-vintage benchmark comparison,1855.375,current dollars per month,36.05,38865,113080,2827,educational_attainment,less_than_high_school,Less than high school graduate,,all,person residence compared with HUD FMR area,"population age 25 and over with earnings, by sex and educational attainment",CENSUS_ACS5_DETAIL;HUD_FMR,ACS5-2024-B20004-table-based-summary-file;HUD-FMR-FY2026-revised-effective-2026-05-21,2026-08-10T21:40:54Z,71b8cf106eab63397a9badd883cae562823225f1d65059a0608c8cdda479dc66;06af2feddaeb79ffd8f9402e8b8b9adb0deab684d599fba835c48fb985eb85cd,FY2026 2BR FMR minus 30% of ACS median annual earnings divided by 12,"Positive values mean the FMR benchmark exceeds 30% of median individual earnings. No work-hour, household-size, or unit-availability assumption is added.",project_flag_standard,acs_current_dollars_compared_with_fy2026_fmr
education_and_earnings,earnings_coverage_2br_fmr_pct,Median earnings coverage of two-bedroom FMR income requirement,06097,Sonoma,2024,2024-12-31,cross-vintage benchmark comparison,27.99434029,percent,2.56897771,31656,113080,2827,educational_attainment,less_than_high_school,Less than high school graduate,,female,person residence compared with HUD FMR area,"population age 25 and over with earnings, by sex and educational attainment",CENSUS_ACS5_DETAIL;HUD_FMR,ACS5-2024-B20004-table-based-summary-file;HUD-FMR-FY2026-revised-effective-2026-05-21,2026-08-10T21:40:54Z,71b8cf106eab63397a9badd883cae562823225f1d65059a0608c8cdda479dc66;06af2feddaeb79ffd8f9402e8b8b9adb0deab684d599fba835c48fb985eb85cd,ACS median annual earnings divided by FY2026 2BR FMR times 40,A descriptive benchmark using the conventional 30% threshold. It does not measure an actual household budget or conclude that a unit is available.,project_flag_standard,acs_current_dollars_compared_with_fy2026_fmr
education_and_earnings,median_annual_earnings,Median annual earnings,06097,Sonoma,2024,2024-12-31,annual rolling five-year estimate,31656,current dollars per year,2905,,,,educational_attainment,less_than_high_school,Less than high school graduate,,female,person residence,"population age 25 and over with earnings, by sex and educational attainment",CENSUS_ACS5_DETAIL,ACS5-2024-B20004-table-based-summary-file,2026-08-10T21:40:54Z,71b8cf106eab63397a9badd883cae562823225f1d65059a0608c8cdda479dc66,published ACS median,"Residence-based individual earnings; not household income, a wage offer, or a workplace-based job measure.",project_flag_standard,current_dollars_and_overlapping_acs_vintages
education_and_earnings,monthly_gap_to_2br_fmr,Monthly gap between two-bedroom FMR and 30% of median earnings,06097,Sonoma,2024,2024-12-31,cross-vintage benchmark comparison,2035.6,current dollars per month,72.625,31656,113080,2827,educational_attainment,less_than_high_school,Less than high school graduate,,female,person residence compared with HUD FMR area,"population age 25 and over with earnings, by sex and educational attainment",CENSUS_ACS5_DETAIL;HUD_FMR,ACS5-2024-B20004-table-based-summary-file;HUD-FMR-FY2026-revised-effective-2026-05-21,2026-08-10T21:40:54Z,71b8cf106eab63397a9badd883cae562823225f1d65059a0608c8cdda479dc66;06af2feddaeb79ffd8f9402e8b8b9adb0deab684d599fba835c48fb985eb85cd,FY2026 2BR FMR minus 30% of ACS median annual earnings divided by 12,"Positive values mean the FMR benchmark exceeds 30% of median individual earnings. No work-hour, household-size, or unit-availability assumption is added.",project_flag_standard,acs_current_dollars_compared_with_fy2026_fmr
education_and_earnings,earnings_coverage_2br_fmr_pct,Median earnings coverage of two-bedroom FMR income requirement,06097,Sonoma,2024,2024-12-31,cross-vintage benchmark comparison,38.03148214,percent,1.23187124,43006,113080,2827,educational_attainment,less_than_high_school,Less than high school graduate,,male,person residence compared with HUD FMR area,"population age 25 and over with earnings, by sex and educational attainment",CENSUS_ACS5_DETAIL;HUD_FMR,ACS5-2024-B20004-table-based-summary-file;HUD-FMR-FY2026-revised-effective-2026-05-21,2026-08-10T21:40:54Z,71b8cf106eab63397a9badd883cae562823225f1d65059a0608c8cdda479dc66;06af2feddaeb79ffd8f9402e8b8b9adb0deab684d599fba835c48fb985eb85cd,ACS median annual earnings divided by FY2026 2BR FMR times 40,A descriptive benchmark using the conventional 30% threshold. It does not measure an actual household budget or conclude that a unit is available.,project_flag_standard,acs_current_dollars_compared_with_fy2026_fmr
education_and_earnings,median_annual_earnings,Median annual earnings,06097,Sonoma,2024,2024-12-31,annual rolling five-year estimate,43006,current dollars per year,1393,,,,educational_attainment,less_than_high_school,Less than high school graduate,,male,person residence,"population age 25 and over with earnings, by sex and educational attainment",CENSUS_ACS5_DETAIL,ACS5-2024-B20004-table-based-summary-file,2026-08-10T21:40:54Z,71b8cf106eab63397a9badd883cae562823225f1d65059a0608c8cdda479dc66,published ACS median,"Residence-based individual earnings; not household income, a wage offer, or a workplace-based job measure.",project_flag_standard,current_dollars_and_overlapping_acs_vintages
education_and_earnings,monthly_gap_to_2br_fmr,Monthly gap between two-bedroom FMR and 30% of median earnings,06097,Sonoma,2024,2024-12-31,cross-vintage benchmark comparison,1751.85,current dollars per month,34.825,43006,113080,2827,educational_attainment,less_than_high_school,Less than high school graduate,,male,person residence compared with HUD FMR area,"population age 25 and over with earnings, by sex and educational attainment",CENSUS_ACS5_DETAIL;HUD_FMR,ACS5-2024-B20004-table-based-summary-file;HUD-FMR-FY2026-revised-effective-2026-05-21,2026-08-10T21:40:54Z,71b8cf106eab63397a9badd883cae562823225f1d65059a0608c8cdda479dc66;06af2feddaeb79ffd8f9402e8b8b9adb0deab684d599fba835c48fb985eb85cd,FY2026 2BR FMR minus 30% of ACS median annual earnings divided by 12,"Positive values mean the FMR benchmark exceeds 30% of median individual earnings. No work-hour, household-size, or unit-availability assumption is added.",project_flag_standard,acs_current_dollars_compared_with_fy2026_fmr
education_and_earnings,earnings_coverage_2br_fmr_pct,Median earnings coverage of two-bedroom FMR income requirement,06097,Sonoma,2024,2024-12-31,cross-vintage benchmark comparison,49.10859568,percent,2.06579413,55532,113080,2827,educational_attainment,some_college_associate,Some college or associate degree,,all,person residence compared with HUD FMR area,"population age 25 and over with earnings, by sex and educational attainment",CENSUS_ACS5_DETAIL;HUD_FMR,ACS5-2024-B20004-table-based-summary-file;HUD-FMR-FY2026-revised-effective-2026-05-21,2026-08-10T21:40:54Z,71b8cf106eab63397a9badd883cae562823225f1d65059a0608c8cdda479dc66;06af2feddaeb79ffd8f9402e8b8b9adb0deab684d599fba835c48fb985eb85cd,ACS median annual earnings divided by FY2026 2BR FMR times 40,A descriptive benchmark using the conventional 30% threshold. It does not measure an actual household budget or conclude that a unit is available.,project_flag_standard,acs_current_dollars_compared_with_fy2026_fmr
education_and_earnings,median_annual_earnings,Median annual earnings,06097,Sonoma,2024,2024-12-31,annual rolling five-year estimate,55532,current dollars per year,2336,,,,educational_attainment,some_college_associate,Some college or associate degree,,all,person residence,"population age 25 and over with earnings, by sex and educational attainment",CENSUS_ACS5_DETAIL,ACS5-2024-B20004-table-based-summary-file,2026-08-10T21:40:54Z,71b8cf106eab63397a9badd883cae562823225f1d65059a0608c8cdda479dc66,published ACS median,"Residence-based individual earnings; not household income, a wage offer, or a workplace-based job measure.",project_flag_standard,current_dollars_and_overlapping_acs_vintages
education_and_earnings,monthly_gap_to_2br_fmr,Monthly gap between two-bedroom FMR and 30% of median earnings,06097,Sonoma,2024,2024-12-31,cross-vintage benchmark comparison,1438.7,current dollars per month,58.4,55532,113080,2827,educational_attainment,some_college_associate,Some college or associate degree,,all,person residence compared with HUD FMR area,"population age 25 and over with earnings, by sex and educational attainment",CENSUS_ACS5_DETAIL;HUD_FMR,ACS5-2024-B20004-table-based-summary-file;HUD-FMR-FY2026-revised-effective-2026-05-21,2026-08-10T21:40:54Z,71b8cf106eab63397a9badd883cae562823225f1d65059a0608c8cdda479dc66;06af2feddaeb79ffd8f9402e8b8b9adb0deab684d599fba835c48fb985eb85cd,FY2026 2BR FMR minus 30% of ACS median annual earnings divided by 12,"Positive values mean the FMR benchmark exceeds 30% of median individual earnings. No work-hour, household-size, or unit-availability assumption is added.",project_flag_standard,acs_current_dollars_compared_with_fy2026_fmr
education_and_earnings,earnings_coverage_2br_fmr_pct,Median earnings coverage of two-bedroom FMR income requirement,06097,Sonoma,2024,2024-12-31,cross-vintage benchmark comparison,40.79147506,percent,1.47240891,46127,113080,2827,educational_attainment,some_college_associate,Some college or associate degree,,female,person residence compared with HUD FMR area,"population age 25 and over with earnings, by sex and educational attainment",CENSUS_ACS5_DETAIL;HUD_FMR,ACS5-2024-B20004-table-based-summary-file;HUD-FMR-FY2026-revised-effective-2026-05-21,2026-08-10T21:40:54Z,71b8cf106eab63397a9badd883cae562823225f1d65059a0608c8cdda479dc66;06af2feddaeb79ffd8f9402e8b8b9adb0deab684d599fba835c48fb985eb85cd,ACS median annual earnings divided by FY2026 2BR FMR times 40,A descriptive benchmark using the conventional 30% threshold. It does not measure an actual household budget or conclude that a unit is available.,project_flag_standard,acs_current_dollars_compared_with_fy2026_fmr
education_and_earnings,median_annual_earnings,Median annual earnings,06097,Sonoma,2024,2024-12-31,annual rolling five-year estimate,46127,current dollars per year,1665,,,,educational_attainment,some_college_associate,Some college or associate degree,,female,person residence,"population age 25 and over with earnings, by sex and educational attainment",CENSUS_ACS5_DETAIL,ACS5-2024-B20004-table-based-summary-file,2026-08-10T21:40:54Z,71b8cf106eab63397a9badd883cae562823225f1d65059a0608c8cdda479dc66,published ACS median,"Residence-based individual earnings; not household income, a wage offer, or a workplace-based job measure.",project_flag_standard,current_dollars_and_overlapping_acs_vintages
education_and_earnings,monthly_gap_to_2br_fmr,Monthly gap between two-bedroom FMR and 30% of median earnings,06097,Sonoma,2024,2024-12-31,cross-vintage benchmark comparison,1673.825,current dollars per month,41.625,46127,113080,2827,educational_attainment,some_college_associate,Some college or associate degree,,female,person residence compared with HUD FMR area,"population age 25 and over with earnings, by sex and educational attainment",CENSUS_ACS5_DETAIL;HUD_FMR,ACS5-2024-B20004-table-based-summary-file;HUD-FMR-FY2026-revised-effective-2026-05-21,2026-08-10T21:40:54Z,71b8cf106eab63397a9badd883cae562823225f1d65059a0608c8cdda479dc66;06af2feddaeb79ffd8f9402e8b8b9adb0deab684d599fba835c48fb985eb85cd,FY2026 2BR FMR minus 30% of ACS median annual earnings divided by 12,"Positive values mean the FMR benchmark exceeds 30% of median individual earnings. No work-hour, household-size, or unit-availability assumption is added.",project_flag_standard,acs_current_dollars_compared_with_fy2026_fmr
education_and_earnings,earnings_coverage_2br_fmr_pct,Median earnings coverage of two-bedroom FMR income requirement,06097,Sonoma,2024,2024-12-31,cross-vintage benchmark comparison,59.57198444,percent,3.19596746,67364,113080,2827,educational_attainment,some_college_associate,Some college or associate degree,,male,person residence compared with HUD FMR area,"population age 25 and over with earnings, by sex and educational attainment",CENSUS_ACS5_DETAIL;HUD_FMR,ACS5-2024-B20004-table-based-summary-file;HUD-FMR-FY2026-revised-effective-2026-05-21,2026-08-10T21:40:54Z,71b8cf106eab63397a9badd883cae562823225f1d65059a0608c8cdda479dc66;06af2feddaeb79ffd8f9402e8b8b9adb0deab684d599fba835c48fb985eb85cd,ACS median annual earnings divided by FY2026 2BR FMR times 40,A descriptive benchmark using the conventional 30% threshold. It does not measure an actual household budget or conclude that a unit is available.,project_flag_standard,acs_current_dollars_compared_with_fy2026_fmr
education_and_earnings,median_annual_earnings,Median annual earnings,06097,Sonoma,2024,2024-12-31,annual rolling five-year estimate,67364,current dollars per year,3614,,,,educational_attainment,some_college_associate,Some college or associate degree,,male,person residence,"population age 25 and over with earnings, by sex and educational attainment",CENSUS_ACS5_DETAIL,ACS5-2024-B20004-table-based-summary-file,2026-08-10T21:40:54Z,71b8cf106eab63397a9badd883cae562823225f1d65059a0608c8cdda479dc66,published ACS median,"Residence-based individual earnings; not household income, a wage offer, or a workplace-based job measure.",project_flag_standard,current_dollars_and_overlapping_acs_vintages
education_and_earnings,monthly_gap_to_2br_fmr,Monthly gap between two-bedroom FMR and 30% of median earnings,06097,Sonoma,2024,2024-12-31,cross-vintage benchmark comparison,1142.9,current dollars per month,90.35,67364,113080,2827,educational_attainment,some_college_associate,Some college or associate degree,,male,person residence compared with HUD FMR area,"population age 25 and over with earnings, by sex and educational attainment",CENSUS_ACS5_DETAIL;HUD_FMR,ACS5-2024-B20004-table-based-summary-file;HUD-FMR-FY2026-revised-effective-2026-05-21,2026-08-10T21:40:54Z,71b8cf106eab63397a9badd883cae562823225f1d65059a0608c8cdda479dc66;06af2feddaeb79ffd8f9402e8b8b9adb0deab684d599fba835c48fb985eb85cd,FY2026 2BR FMR minus 30% of ACS median annual earnings divided by 12,"Positive values mean the FMR benchmark exceeds 30% of median individual earnings. No work-hour, household-size, or unit-availability assumption is added.",project_flag_standard,acs_current_dollars_compared_with_fy2026_fmr
education_and_earnings,homeownership_pct,Homeownership share,06097,Sonoma,2024,2024-12-31,annual rolling five-year estimate,71.68904663,percent,1.01699348,58780,81993,,educational_attainment_of_householder,bachelors_plus,Bachelor's degree or higher,,,household residence,occupied housing units by educational attainment of householder,CENSUS_ACS5_DETAIL,ACS5-2024-B25013-table-based-summary-file,2026-08-10T21:40:54Z,982753024aa23f6b8441be9599449cdf4ba415a686e2935135115f64f3f5d79b,owner-occupied units divided by owner- plus renter-occupied units,Householder education is a housing-unit characteristic and is not the same universe as individual earnings.,project_flag_standard,comparable_within_table_and_vintage
education_and_earnings,homeownership_pct,Homeownership share,06097,Sonoma,2024,2024-12-31,annual rolling five-year estimate,52.59561448,percent,2.40939719,15471,29415,,educational_attainment_of_householder,high_school,High school graduate or equivalent,,,household residence,occupied housing units by educational attainment of householder,CENSUS_ACS5_DETAIL,ACS5-2024-B25013-table-based-summary-file,2026-08-10T21:40:54Z,982753024aa23f6b8441be9599449cdf4ba415a686e2935135115f64f3f5d79b,owner-occupied units divided by owner- plus renter-occupied units,Householder education is a housing-unit characteristic and is not the same universe as individual earnings.,project_flag_standard,comparable_within_table_and_vintage
education_and_earnings,homeownership_pct,Homeownership share,06097,Sonoma,2024,2024-12-31,annual rolling five-year estimate,41.77110503,percent,3.5440014,6566,15719,,educational_attainment_of_householder,less_than_high_school,Less than high school graduate,,,household residence,occupied housing units by educational attainment of householder,CENSUS_ACS5_DETAIL,ACS5-2024-B25013-table-based-summary-file,2026-08-10T21:40:54Z,982753024aa23f6b8441be9599449cdf4ba415a686e2935135115f64f3f5d79b,owner-occupied units divided by owner- plus renter-occupied units,Householder education is a housing-unit characteristic and is not the same universe as individual earnings.,project_flag_standard,comparable_within_table_and_vintage
education_and_earnings,homeownership_pct,Homeownership share,06097,Sonoma,2024,2024-12-31,annual rolling five-year estimate,60.71769661,percent,1.28294165,38781,63871,,educational_attainment_of_householder,some_college_associate,Some college or associate degree,,,household residence,occupied housing units by educational attainment of householder,CENSUS_ACS5_DETAIL,ACS5-2024-B25013-table-based-summary-file,2026-08-10T21:40:54Z,982753024aa23f6b8441be9599449cdf4ba415a686e2935135115f64f3f5d79b,owner-occupied units divided by owner- plus renter-occupied units,Householder education is a housing-unit characteristic and is not the same universe as individual earnings.,project_flag_standard,comparable_within_table_and_vintage
occupation_and_affordability,earnings_coverage_2br_fmr_pct,Median earnings coverage of two-bedroom FMR income requirement,06001,Alameda,2024,2024-12-31,cross-vintage benchmark comparison,98.65899725,percent,1.19419643,114918,116480,2912,broad_occupation,management_business_science_arts,"Management, business, science, and arts occupations",,all,person residence compared with HUD FMR area,"civilian employed population age 16 and over, classified by occupation and residence",CENSUS_ACS5_DETAIL;HUD_FMR,ACS5-2024-B24011-table-based-summary-file;HUD-FMR-FY2026-revised-effective-2026-05-21,2026-08-10T21:40:54Z,c2a8c262db36e71a0e54755fd626a044d4e809ad9ba3b9adf2688b8766fd4e9c;06af2feddaeb79ffd8f9402e8b8b9adb0deab684d599fba835c48fb985eb85cd,ACS median annual earnings divided by FY2026 2BR FMR times 40,A descriptive benchmark using the conventional 30% threshold. It does not measure an actual household budget or conclude that a unit is available.,project_flag_standard,acs_current_dollars_compared_with_fy2026_fmr
occupation_and_affordability,median_annual_earnings,Median annual earnings,06001,Alameda,2024,2024-12-31,annual rolling five-year estimate,114918,current dollars per year,1391,,,,broad_occupation,management_business_science_arts,"Management, business, science, and arts occupations",,all,person residence,"civilian employed population age 16 and over, classified by occupation and residence",CENSUS_ACS5_DETAIL,ACS5-2024-B24011-table-based-summary-file,2026-08-10T21:40:54Z,c2a8c262db36e71a0e54755fd626a044d4e809ad9ba3b9adf2688b8766fd4e9c,published ACS median,"Residence-based individual earnings; not household income, a wage offer, or a workplace-based job measure.",project_flag_standard,current_dollars_and_overlapping_acs_vintages
occupation_and_affordability,monthly_gap_to_2br_fmr,Monthly gap between two-bedroom FMR and 30% of median earnings,06001,Alameda,2024,2024-12-31,cross-vintage benchmark comparison,39.05,current dollars per month,34.775,114918,116480,2912,broad_occupation,management_business_science_arts,"Management, business, science, and arts occupations",,all,person residence compared with HUD FMR area,"civilian employed population age 16 and over, classified by occupation and residence",CENSUS_ACS5_DETAIL;HUD_FMR,ACS5-2024-B24011-table-based-summary-file;HUD-FMR-FY2026-revised-effective-2026-05-21,2026-08-10T21:40:54Z,c2a8c262db36e71a0e54755fd626a044d4e809ad9ba3b9adf2688b8766fd4e9c;06af2feddaeb79ffd8f9402e8b8b9adb0deab684d599fba835c48fb985eb85cd,FY2026 2BR FMR minus 30% of ACS median annual earnings divided by 12,"Positive values mean the FMR benchmark exceeds 30% of median individual earnings. No work-hour, household-size, or unit-availability assumption is added.",project_flag_high_uncertainty,acs_current_dollars_compared_with_fy2026_fmr
occupation_and_affordability,earnings_coverage_2br_fmr_pct,Median earnings coverage of two-bedroom FMR income requirement,06001,Alameda,2024,2024-12-31,cross-vintage benchmark comparison,48.10611264,percent,2.37208104,56034,116480,2912,broad_occupation,natural_resources_construction_maintenance,"Natural resources, construction, and maintenance occupations",,all,person residence compared with HUD FMR area,"civilian employed population age 16 and over, classified by occupation and residence",CENSUS_ACS5_DETAIL;HUD_FMR,ACS5-2024-B24011-table-based-summary-file;HUD-FMR-FY2026-revised-effective-2026-05-21,2026-08-10T21:40:54Z,c2a8c262db36e71a0e54755fd626a044d4e809ad9ba3b9adf2688b8766fd4e9c;06af2feddaeb79ffd8f9402e8b8b9adb0deab684d599fba835c48fb985eb85cd,ACS median annual earnings divided by FY2026 2BR FMR times 40,A descriptive benchmark using the conventional 30% threshold. It does not measure an actual household budget or conclude that a unit is available.,project_flag_standard,acs_current_dollars_compared_with_fy2026_fmr
occupation_and_affordability,median_annual_earnings,Median annual earnings,06001,Alameda,2024,2024-12-31,annual rolling five-year estimate,56034,current dollars per year,2763,,,,broad_occupation,natural_resources_construction_maintenance,"Natural resources, construction, and maintenance occupations",,all,person residence,"civilian employed population age 16 and over, classified by occupation and residence",CENSUS_ACS5_DETAIL,ACS5-2024-B24011-table-based-summary-file,2026-08-10T21:40:54Z,c2a8c262db36e71a0e54755fd626a044d4e809ad9ba3b9adf2688b8766fd4e9c,published ACS median,"Residence-based individual earnings; not household income, a wage offer, or a workplace-based job measure.",project_flag_standard,current_dollars_and_overlapping_acs_vintages
occupation_and_affordability,monthly_gap_to_2br_fmr,Monthly gap between two-bedroom FMR and 30% of median earnings,06001,Alameda,2024,2024-12-31,cross-vintage benchmark comparison,1511.15,current dollars per month,69.075,56034,116480,2912,broad_occupation,natural_resources_construction_maintenance,"Natural resources, construction, and maintenance occupations",,all,person residence compared with HUD FMR area,"civilian employed population age 16 and over, classified by occupation and residence",CENSUS_ACS5_DETAIL;HUD_FMR,ACS5-2024-B24011-table-based-summary-file;HUD-FMR-FY2026-revised-effective-2026-05-21,2026-08-10T21:40:54Z,c2a8c262db36e71a0e54755fd626a044d4e809ad9ba3b9adf2688b8766fd4e9c;06af2feddaeb79ffd8f9402e8b8b9adb0deab684d599fba835c48fb985eb85cd,FY2026 2BR FMR minus 30% of ACS median annual earnings divided by 12,"Positive values mean the FMR benchmark exceeds 30% of median individual earnings. No work-hour, household-size, or unit-availability assumption is added.",project_flag_standard,acs_current_dollars_compared_with_fy2026_fmr
occupation_and_affordability,earnings_coverage_2br_fmr_pct,Median earnings coverage of two-bedroom FMR income requirement,06001,Alameda,2024,2024-12-31,cross-vintage benchmark comparison,37.56353022,percent,0.80700549,43754,116480,2912,broad_occupation,production_transportation_material_moving,"Production, transportation, and material moving occupations",,all,person residence compared with HUD FMR area,"civilian employed population age 16 and over, classified by occupation and residence",CENSUS_ACS5_DETAIL;HUD_FMR,ACS5-2024-B24011-table-based-summary-file;HUD-FMR-FY2026-revised-effective-2026-05-21,2026-08-10T21:40:54Z,c2a8c262db36e71a0e54755fd626a044d4e809ad9ba3b9adf2688b8766fd4e9c;06af2feddaeb79ffd8f9402e8b8b9adb0deab684d599fba835c48fb985eb85cd,ACS median annual earnings divided by FY2026 2BR FMR times 40,A descriptive benchmark using the conventional 30% threshold. It does not measure an actual household budget or conclude that a unit is available.,project_flag_standard,acs_current_dollars_compared_with_fy2026_fmr
occupation_and_affordability,median_annual_earnings,Median annual earnings,06001,Alameda,2024,2024-12-31,annual rolling five-year estimate,43754,current dollars per year,940,,,,broad_occupation,production_transportation_material_moving,"Production, transportation, and material moving occupations",,all,person residence,"civilian employed population age 16 and over, classified by occupation and residence",CENSUS_ACS5_DETAIL,ACS5-2024-B24011-table-based-summary-file,2026-08-10T21:40:54Z,c2a8c262db36e71a0e54755fd626a044d4e809ad9ba3b9adf2688b8766fd4e9c,published ACS median,"Residence-based individual earnings; not household income, a wage offer, or a workplace-based job measure.",project_flag_standard,current_dollars_and_overlapping_acs_vintages
occupation_and_affordability,monthly_gap_to_2br_fmr,Monthly gap between two-bedroom FMR and 30% of median earnings,06001,Alameda,2024,2024-12-31,cross-vintage benchmark comparison,1818.15,current dollars per month,23.5,43754,116480,2912,broad_occupation,production_transportation_material_moving,"Production, transportation, and material moving occupations",,all,person residence compared with HUD FMR area,"civilian employed population age 16 and over, classified by occupation and residence",CENSUS_ACS5_DETAIL;HUD_FMR,ACS5-2024-B24011-table-based-summary-file;HUD-FMR-FY2026-revised-effective-2026-05-21,2026-08-10T21:40:54Z,c2a8c262db36e71a0e54755fd626a044d4e809ad9ba3b9adf2688b8766fd4e9c;06af2feddaeb79ffd8f9402e8b8b9adb0deab684d599fba835c48fb985eb85cd,FY2026 2BR FMR minus 30% of ACS median annual earnings divided by 12,"Positive values mean the FMR benchmark exceeds 30% of median individual earnings. No work-hour, household-size, or unit-availability assumption is added.",project_flag_standard,acs_current_dollars_compared_with_fy2026_fmr
occupation_and_affordability,earnings_coverage_2br_fmr_pct,Median earnings coverage of two-bedroom FMR income requirement,06001,Alameda,2024,2024-12-31,cross-vintage benchmark comparison,43.28382555,percent,1.02764423,50417,116480,2912,broad_occupation,sales_office,Sales and office occupations,,all,person residence compared with HUD FMR area,"civilian employed population age 16 and over, classified by occupation and residence",CENSUS_ACS5_DETAIL;HUD_FMR,ACS5-2024-B24011-table-based-summary-file;HUD-FMR-FY2026-revised-effective-2026-05-21,2026-08-10T21:40:54Z,c2a8c262db36e71a0e54755fd626a044d4e809ad9ba3b9adf2688b8766fd4e9c;06af2feddaeb79ffd8f9402e8b8b9adb0deab684d599fba835c48fb985eb85cd,ACS median annual earnings divided by FY2026 2BR FMR times 40,A descriptive benchmark using the conventional 30% threshold. It does not measure an actual household budget or conclude that a unit is available.,project_flag_standard,acs_current_dollars_compared_with_fy2026_fmr
occupation_and_affordability,median_annual_earnings,Median annual earnings,06001,Alameda,2024,2024-12-31,annual rolling five-year estimate,50417,current dollars per year,1197,,,,broad_occupation,sales_office,Sales and office occupations,,all,person residence,"civilian employed population age 16 and over, classified by occupation and residence",CENSUS_ACS5_DETAIL,ACS5-2024-B24011-table-based-summary-file,2026-08-10T21:40:54Z,c2a8c262db36e71a0e54755fd626a044d4e809ad9ba3b9adf2688b8766fd4e9c,published ACS median,"Residence-based individual earnings; not household income, a wage offer, or a workplace-based job measure.",project_flag_standard,current_dollars_and_overlapping_acs_vintages
occupation_and_affordability,monthly_gap_to_2br_fmr,Monthly gap between two-bedroom FMR and 30% of median earnings,06001,Alameda,2024,2024-12-31,cross-vintage benchmark comparison,1651.575,current dollars per month,29.925,50417,116480,2912,broad_occupation,sales_office,Sales and office occupations,,all,person residence compared with HUD FMR area,"civilian employed population age 16 and over, classified by occupation and residence",CENSUS_ACS5_DETAIL;HUD_FMR,ACS5-2024-B24011-table-based-summary-file;HUD-FMR-FY2026-revised-effective-2026-05-21,2026-08-10T21:40:54Z,c2a8c262db36e71a0e54755fd626a044d4e809ad9ba3b9adf2688b8766fd4e9c;06af2feddaeb79ffd8f9402e8b8b9adb0deab684d599fba835c48fb985eb85cd,FY2026 2BR FMR minus 30% of ACS median annual earnings divided by 12,"Positive values mean the FMR benchmark exceeds 30% of median individual earnings. No work-hour, household-size, or unit-availability assumption is added.",project_flag_standard,acs_current_dollars_compared_with_fy2026_fmr
occupation_and_affordability,earnings_coverage_2br_fmr_pct,Median earnings coverage of two-bedroom FMR income requirement,06001,Alameda,2024,2024-12-31,cross-vintage benchmark comparison,27.25360577,percent,0.6043956,31745,116480,2912,broad_occupation,service,Service occupations,,all,person residence compared with HUD FMR area,"civilian employed population age 16 and over, classified by occupation and residence",CENSUS_ACS5_DETAIL;HUD_FMR,ACS5-2024-B24011-table-based-summary-file;HUD-FMR-FY2026-revised-effective-2026-05-21,2026-08-10T21:40:54Z,c2a8c262db36e71a0e54755fd626a044d4e809ad9ba3b9adf2688b8766fd4e9c;06af2feddaeb79ffd8f9402e8b8b9adb0deab684d599fba835c48fb985eb85cd,ACS median annual earnings divided by FY2026 2BR FMR times 40,A descriptive benchmark using the conventional 30% threshold. It does not measure an actual household budget or conclude that a unit is available.,project_flag_standard,acs_current_dollars_compared_with_fy2026_fmr
occupation_and_affordability,median_annual_earnings,Median annual earnings,06001,Alameda,2024,2024-12-31,annual rolling five-year estimate,31745,current dollars per year,704,,,,broad_occupation,service,Service occupations,,all,person residence,"civilian employed population age 16 and over, classified by occupation and residence",CENSUS_ACS5_DETAIL,ACS5-2024-B24011-table-based-summary-file,2026-08-10T21:40:54Z,c2a8c262db36e71a0e54755fd626a044d4e809ad9ba3b9adf2688b8766fd4e9c,published ACS median,"Residence-based individual earnings; not household income, a wage offer, or a workplace-based job measure.",project_flag_standard,current_dollars_and_overlapping_acs_vintages
occupation_and_affordability,monthly_gap_to_2br_fmr,Monthly gap between two-bedroom FMR and 30% of median earnings,06001,Alameda,2024,2024-12-31,cross-vintage benchmark comparison,2118.375,current dollars per month,17.6,31745,116480,2912,broad_occupation,service,Service occupations,,all,person residence compared with HUD FMR area,"civilian employed population age 16 and over, classified by occupation and residence",CENSUS_ACS5_DETAIL;HUD_FMR,ACS5-2024-B24011-table-based-summary-file;HUD-FMR-FY2026-revised-effective-2026-05-21,2026-08-10T21:40:54Z,c2a8c262db36e71a0e54755fd626a044d4e809ad9ba3b9adf2688b8766fd4e9c;06af2feddaeb79ffd8f9402e8b8b9adb0deab684d599fba835c48fb985eb85cd,FY2026 2BR FMR minus 30% of ACS median annual earnings divided by 12,"Positive values mean the FMR benchmark exceeds 30% of median individual earnings. No work-hour, household-size, or unit-availability assumption is added.",project_flag_standard,acs_current_dollars_compared_with_fy2026_fmr
occupation_and_affordability,earnings_coverage_2br_fmr_pct,Median earnings coverage of two-bedroom FMR income requirement,06013,Contra Costa,2024,2024-12-31,cross-vintage benchmark comparison,91.45604396,percent,1.52730082,106528,116480,2912,broad_occupation,management_business_science_arts,"Management, business, science, and arts occupations",,all,person residence compared with HUD FMR area,"civilian employed population age 16 and over, classified by occupation and residence",CENSUS_ACS5_DETAIL;HUD_FMR,ACS5-2024-B24011-table-based-summary-file;HUD-FMR-FY2026-revised-effective-2026-05-21,2026-08-10T21:40:54Z,c2a8c262db36e71a0e54755fd626a044d4e809ad9ba3b9adf2688b8766fd4e9c;06af2feddaeb79ffd8f9402e8b8b9adb0deab684d599fba835c48fb985eb85cd,ACS median annual earnings divided by FY2026 2BR FMR times 40,A descriptive benchmark using the conventional 30% threshold. It does not measure an actual household budget or conclude that a unit is available.,project_flag_standard,acs_current_dollars_compared_with_fy2026_fmr
occupation_and_affordability,median_annual_earnings,Median annual earnings,06013,Contra Costa,2024,2024-12-31,annual rolling five-year estimate,106528,current dollars per year,1779,,,,broad_occupation,management_business_science_arts,"Management, business, science, and arts occupations",,all,person residence,"civilian employed population age 16 and over, classified by occupation and residence",CENSUS_ACS5_DETAIL,ACS5-2024-B24011-table-based-summary-file,2026-08-10T21:40:54Z,c2a8c262db36e71a0e54755fd626a044d4e809ad9ba3b9adf2688b8766fd4e9c,published ACS median,"Residence-based individual earnings; not household income, a wage offer, or a workplace-based job measure.",project_flag_standard,current_dollars_and_overlapping_acs_vintages
occupation_and_affordability,monthly_gap_to_2br_fmr,Monthly gap between two-bedroom FMR and 30% of median earnings,06013,Contra Costa,2024,2024-12-31,cross-vintage benchmark comparison,248.8,current dollars per month,44.475,106528,116480,2912,broad_occupation,management_business_science_arts,"Management, business, science, and arts occupations",,all,person residence compared with HUD FMR area,"civilian employed population age 16 and over, classified by occupation and residence",CENSUS_ACS5_DETAIL;HUD_FMR,ACS5-2024-B24011-table-based-summary-file;HUD-FMR-FY2026-revised-effective-2026-05-21,2026-08-10T21:40:54Z,c2a8c262db36e71a0e54755fd626a044d4e809ad9ba3b9adf2688b8766fd4e9c;06af2feddaeb79ffd8f9402e8b8b9adb0deab684d599fba835c48fb985eb85cd,FY2026 2BR FMR minus 30% of ACS median annual earnings divided by 12,"Positive values mean the FMR benchmark exceeds 30% of median individual earnings. No work-hour, household-size, or unit-availability assumption is added.",project_flag_moderate_uncertainty,acs_current_dollars_compared_with_fy2026_fmr
occupation_and_affordability,earnings_coverage_2br_fmr_pct,Median earnings coverage of two-bedroom FMR income requirement,06013,Contra Costa,2024,2024-12-31,cross-vintage benchmark comparison,51.4637706,percent,1.86383929,59945,116480,2912,broad_occupation,natural_resources_construction_maintenance,"Natural resources, construction, and maintenance occupations",,all,person residence compared with HUD FMR area,"civilian employed population age 16 and over, classified by occupation and residence",CENSUS_ACS5_DETAIL;HUD_FMR,ACS5-2024-B24011-table-based-summary-file;HUD-FMR-FY2026-revised-effective-2026-05-21,2026-08-10T21:40:54Z,c2a8c262db36e71a0e54755fd626a044d4e809ad9ba3b9adf2688b8766fd4e9c;06af2feddaeb79ffd8f9402e8b8b9adb0deab684d599fba835c48fb985eb85cd,ACS median annual earnings divided by FY2026 2BR FMR times 40,A descriptive benchmark using the conventional 30% threshold. It does not measure an actual household budget or conclude that a unit is available.,project_flag_standard,acs_current_dollars_compared_with_fy2026_fmr
occupation_and_affordability,median_annual_earnings,Median annual earnings,06013,Contra Costa,2024,2024-12-31,annual rolling five-year estimate,59945,current dollars per year,2171,,,,broad_occupation,natural_resources_construction_maintenance,"Natural resources, construction, and maintenance occupations",,all,person residence,"civilian employed population age 16 and over, classified by occupation and residence",CENSUS_ACS5_DETAIL,ACS5-2024-B24011-table-based-summary-file,2026-08-10T21:40:54Z,c2a8c262db36e71a0e54755fd626a044d4e809ad9ba3b9adf2688b8766fd4e9c,published ACS median,"Residence-based individual earnings; not household income, a wage offer, or a workplace-based job measure.",project_flag_standard,current_dollars_and_overlapping_acs_vintages
occupation_and_affordability,monthly_gap_to_2br_fmr,Monthly gap between two-bedroom FMR and 30% of median earnings,06013,Contra Costa,2024,2024-12-31,cross-vintage benchmark comparison,1413.375,current dollars per month,54.275,59945,116480,2912,broad_occupation,natural_resources_construction_maintenance,"Natural resources, construction, and maintenance occupations",,all,person residence compared with HUD FMR area,"civilian employed population age 16 and over, classified by occupation and residence",CENSUS_ACS5_DETAIL;HUD_FMR,ACS5-2024-B24011-table-based-summary-file;HUD-FMR-FY2026-revised-effective-2026-05-21,2026-08-10T21:40:54Z,c2a8c262db36e71a0e54755fd626a044d4e809ad9ba3b9adf2688b8766fd4e9c;06af2feddaeb79ffd8f9402e8b8b9adb0deab684d599fba835c48fb985eb85cd,FY2026 2BR FMR minus 30% of ACS median annual earnings divided by 12,"Positive values mean the FMR benchmark exceeds 30% of median individual earnings. No work-hour, household-size, or unit-availability assumption is added.",project_flag_standard,acs_current_dollars_compared_with_fy2026_fmr
occupation_and_affordability,earnings_coverage_2br_fmr_pct,Median earnings coverage of two-bedroom FMR income requirement,06013,Contra Costa,2024,2024-12-31,cross-vintage benchmark comparison,38.8435783,percent,1.64663462,45245,116480,2912,broad_occupation,production_transportation_material_moving,"Production, transportation, and material moving occupations",,all,person residence compared with HUD FMR area,"civilian employed population age 16 and over, classified by occupation and residence",CENSUS_ACS5_DETAIL;HUD_FMR,ACS5-2024-B24011-table-based-summary-file;HUD-FMR-FY2026-revised-effective-2026-05-21,2026-08-10T21:40:54Z,c2a8c262db36e71a0e54755fd626a044d4e809ad9ba3b9adf2688b8766fd4e9c;06af2feddaeb79ffd8f9402e8b8b9adb0deab684d599fba835c48fb985eb85cd,ACS median annual earnings divided by FY2026 2BR FMR times 40,A descriptive benchmark using the conventional 30% threshold. It does not measure an actual household budget or conclude that a unit is available.,project_flag_standard,acs_current_dollars_compared_with_fy2026_fmr
occupation_and_affordability,median_annual_earnings,Median annual earnings,06013,Contra Costa,2024,2024-12-31,annual rolling five-year estimate,45245,current dollars per year,1918,,,,broad_occupation,production_transportation_material_moving,"Production, transportation, and material moving occupations",,all,person residence,"civilian employed population age 16 and over, classified by occupation and residence",CENSUS_ACS5_DETAIL,ACS5-2024-B24011-table-based-summary-file,2026-08-10T21:40:54Z,c2a8c262db36e71a0e54755fd626a044d4e809ad9ba3b9adf2688b8766fd4e9c,published ACS median,"Residence-based individual earnings; not household income, a wage offer, or a workplace-based job measure.",project_flag_standard,current_dollars_and_overlapping_acs_vintages
occupation_and_affordability,monthly_gap_to_2br_fmr,Monthly gap between two-bedroom FMR and 30% of median earnings,06013,Contra Costa,2024,2024-12-31,cross-vintage benchmark comparison,1780.875,current dollars per month,47.95,45245,116480,2912,broad_occupation,production_transportation_material_moving,"Production, transportation, and material moving occupations",,all,person residence compared with HUD FMR area,"civilian employed population age 16 and over, classified by occupation and residence",CENSUS_ACS5_DETAIL;HUD_FMR,ACS5-2024-B24011-table-based-summary-file;HUD-FMR-FY2026-revised-effective-2026-05-21,2026-08-10T21:40:54Z,c2a8c262db36e71a0e54755fd626a044d4e809ad9ba3b9adf2688b8766fd4e9c;06af2feddaeb79ffd8f9402e8b8b9adb0deab684d599fba835c48fb985eb85cd,FY2026 2BR FMR minus 30% of ACS median annual earnings divided by 12,"Positive values mean the FMR benchmark exceeds 30% of median individual earnings. No work-hour, household-size, or unit-availability assumption is added.",project_flag_standard,acs_current_dollars_compared_with_fy2026_fmr
occupation_and_affordability,earnings_coverage_2br_fmr_pct,Median earnings coverage of two-bedroom FMR income requirement,06013,Contra Costa,2024,2024-12-31,cross-vintage benchmark comparison,43.26923077,percent,1.25343407,50400,116480,2912,broad_occupation,sales_office,Sales and office occupations,,all,person residence compared with HUD FMR area,"civilian employed population age 16 and over, classified by occupation and residence",CENSUS_ACS5_DETAIL;HUD_FMR,ACS5-2024-B24011-table-based-summary-file;HUD-FMR-FY2026-revised-effective-2026-05-21,2026-08-10T21:40:54Z,c2a8c262db36e71a0e54755fd626a044d4e809ad9ba3b9adf2688b8766fd4e9c;06af2feddaeb79ffd8f9402e8b8b9adb0deab684d599fba835c48fb985eb85cd,ACS median annual earnings divided by FY2026 2BR FMR times 40,A descriptive benchmark using the conventional 30% threshold. It does not measure an actual household budget or conclude that a unit is available.,project_flag_standard,acs_current_dollars_compared_with_fy2026_fmr
occupation_and_affordability,median_annual_earnings,Median annual earnings,06013,Contra Costa,2024,2024-12-31,annual rolling five-year estimate,50400,current dollars per year,1460,,,,broad_occupation,sales_office,Sales and office occupations,,all,person residence,"civilian employed population age 16 and over, classified by occupation and residence",CENSUS_ACS5_DETAIL,ACS5-2024-B24011-table-based-summary-file,2026-08-10T21:40:54Z,c2a8c262db36e71a0e54755fd626a044d4e809ad9ba3b9adf2688b8766fd4e9c,published ACS median,"Residence-based individual earnings; not household income, a wage offer, or a workplace-based job measure.",project_flag_standard,current_dollars_and_overlapping_acs_vintages
occupation_and_affordability,monthly_gap_to_2br_fmr,Monthly gap between two-bedroom FMR and 30% of median earnings,06013,Contra Costa,2024,2024-12-31,cross-vintage benchmark comparison,1652,current dollars per month,36.5,50400,116480,2912,broad_occupation,sales_office,Sales and office occupations,,all,person residence compared with HUD FMR area,"civilian employed population age 16 and over, classified by occupation and residence",CENSUS_ACS5_DETAIL;HUD_FMR,ACS5-2024-B24011-table-based-summary-file;HUD-FMR-FY2026-revised-effective-2026-05-21,2026-08-10T21:40:54Z,c2a8c262db36e71a0e54755fd626a044d4e809ad9ba3b9adf2688b8766fd4e9c;06af2feddaeb79ffd8f9402e8b8b9adb0deab684d599fba835c48fb985eb85cd,FY2026 2BR FMR minus 30% of ACS median annual earnings divided by 12,"Positive values mean the FMR benchmark exceeds 30% of median individual earnings. No work-hour, household-size, or unit-availability assumption is added.",project_flag_standard,acs_current_dollars_compared_with_fy2026_fmr
occupation_and_affordability,earnings_coverage_2br_fmr_pct,Median earnings coverage of two-bedroom FMR income requirement,06013,Contra Costa,2024,2024-12-31,cross-vintage benchmark comparison,27.50944368,percent,0.68337912,32043,116480,2912,broad_occupation,service,Service occupations,,all,person residence compared with HUD FMR area,"civilian employed population age 16 and over, classified by occupation and residence",CENSUS_ACS5_DETAIL;HUD_FMR,ACS5-2024-B24011-table-based-summary-file;HUD-FMR-FY2026-revised-effective-2026-05-21,2026-08-10T21:40:54Z,c2a8c262db36e71a0e54755fd626a044d4e809ad9ba3b9adf2688b8766fd4e9c;06af2feddaeb79ffd8f9402e8b8b9adb0deab684d599fba835c48fb985eb85cd,ACS median annual earnings divided by FY2026 2BR FMR times 40,A descriptive benchmark using the conventional 30% threshold. It does not measure an actual household budget or conclude that a unit is available.,project_flag_standard,acs_current_dollars_compared_with_fy2026_fmr
occupation_and_affordability,median_annual_earnings,Median annual earnings,06013,Contra Costa,2024,2024-12-31,annual rolling five-year estimate,32043,current dollars per year,796,,,,broad_occupation,service,Service occupations,,all,person residence,"civilian employed population age 16 and over, classified by occupation and residence",CENSUS_ACS5_DETAIL,ACS5-2024-B24011-table-based-summary-file,2026-08-10T21:40:54Z,c2a8c262db36e71a0e54755fd626a044d4e809ad9ba3b9adf2688b8766fd4e9c,published ACS median,"Residence-based individual earnings; not household income, a wage offer, or a workplace-based job measure.",project_flag_standard,current_dollars_and_overlapping_acs_vintages
occupation_and_affordability,monthly_gap_to_2br_fmr,Monthly gap between two-bedroom FMR and 30% of median earnings,06013,Contra Costa,2024,2024-12-31,cross-vintage benchmark comparison,2110.925,current dollars per month,19.9,32043,116480,2912,broad_occupation,service,Service occupations,,all,person residence compared with HUD FMR area,"civilian employed population age 16 and over, classified by occupation and residence",CENSUS_ACS5_DETAIL;HUD_FMR,ACS5-2024-B24011-table-based-summary-file;HUD-FMR-FY2026-revised-effective-2026-05-21,2026-08-10T21:40:54Z,c2a8c262db36e71a0e54755fd626a044d4e809ad9ba3b9adf2688b8766fd4e9c;06af2feddaeb79ffd8f9402e8b8b9adb0deab684d599fba835c48fb985eb85cd,FY2026 2BR FMR minus 30% of ACS median annual earnings divided by 12,"Positive values mean the FMR benchmark exceeds 30% of median individual earnings. No work-hour, household-size, or unit-availability assumption is added.",project_flag_standard,acs_current_dollars_compared_with_fy2026_fmr
occupation_and_affordability,earnings_coverage_2br_fmr_pct,Median earnings coverage of two-bedroom FMR income requirement,06041,Marin,2024,2024-12-31,cross-vintage benchmark comparison,84.51650943,percent,2.03177026,121839,144160,3604,broad_occupation,management_business_science_arts,"Management, business, science, and arts occupations",,all,person residence compared with HUD FMR area,"civilian employed population age 16 and over, classified by occupation and residence",CENSUS_ACS5_DETAIL;HUD_FMR,ACS5-2024-B24011-table-based-summary-file;HUD-FMR-FY2026-revised-effective-2026-05-21,2026-08-10T21:40:54Z,c2a8c262db36e71a0e54755fd626a044d4e809ad9ba3b9adf2688b8766fd4e9c;06af2feddaeb79ffd8f9402e8b8b9adb0deab684d599fba835c48fb985eb85cd,ACS median annual earnings divided by FY2026 2BR FMR times 40,A descriptive benchmark using the conventional 30% threshold. It does not measure an actual household budget or conclude that a unit is available.,project_flag_standard,acs_current_dollars_compared_with_fy2026_fmr
occupation_and_affordability,median_annual_earnings,Median annual earnings,06041,Marin,2024,2024-12-31,annual rolling five-year estimate,121839,current dollars per year,2929,,,,broad_occupation,management_business_science_arts,"Management, business, science, and arts occupations",,all,person residence,"civilian employed population age 16 and over, classified by occupation and residence",CENSUS_ACS5_DETAIL,ACS5-2024-B24011-table-based-summary-file,2026-08-10T21:40:54Z,c2a8c262db36e71a0e54755fd626a044d4e809ad9ba3b9adf2688b8766fd4e9c,published ACS median,"Residence-based individual earnings; not household income, a wage offer, or a workplace-based job measure.",project_flag_standard,current_dollars_and_overlapping_acs_vintages
occupation_and_affordability,monthly_gap_to_2br_fmr,Monthly gap between two-bedroom FMR and 30% of median earnings,06041,Marin,2024,2024-12-31,cross-vintage benchmark comparison,558.025,current dollars per month,73.225,121839,144160,3604,broad_occupation,management_business_science_arts,"Management, business, science, and arts occupations",,all,person residence compared with HUD FMR area,"civilian employed population age 16 and over, classified by occupation and residence",CENSUS_ACS5_DETAIL;HUD_FMR,ACS5-2024-B24011-table-based-summary-file;HUD-FMR-FY2026-revised-effective-2026-05-21,2026-08-10T21:40:54Z,c2a8c262db36e71a0e54755fd626a044d4e809ad9ba3b9adf2688b8766fd4e9c;06af2feddaeb79ffd8f9402e8b8b9adb0deab684d599fba835c48fb985eb85cd,FY2026 2BR FMR minus 30% of ACS median annual earnings divided by 12,"Positive values mean the FMR benchmark exceeds 30% of median individual earnings. No work-hour, household-size, or unit-availability assumption is added.",project_flag_standard,acs_current_dollars_compared_with_fy2026_fmr
occupation_and_affordability,earnings_coverage_2br_fmr_pct,Median earnings coverage of two-bedroom FMR income requirement,06041,Marin,2024,2024-12-31,cross-vintage benchmark comparison,28.84850166,percent,1.55313541,41588,144160,3604,broad_occupation,natural_resources_construction_maintenance,"Natural resources, construction, and maintenance occupations",,all,person residence compared with HUD FMR area,"civilian employed population age 16 and over, classified by occupation and residence",CENSUS_ACS5_DETAIL;HUD_FMR,ACS5-2024-B24011-table-based-summary-file;HUD-FMR-FY2026-revised-effective-2026-05-21,2026-08-10T21:40:54Z,c2a8c262db36e71a0e54755fd626a044d4e809ad9ba3b9adf2688b8766fd4e9c;06af2feddaeb79ffd8f9402e8b8b9adb0deab684d599fba835c48fb985eb85cd,ACS median annual earnings divided by FY2026 2BR FMR times 40,A descriptive benchmark using the conventional 30% threshold. It does not measure an actual household budget or conclude that a unit is available.,project_flag_standard,acs_current_dollars_compared_with_fy2026_fmr
occupation_and_affordability,median_annual_earnings,Median annual earnings,06041,Marin,2024,2024-12-31,annual rolling five-year estimate,41588,current dollars per year,2239,,,,broad_occupation,natural_resources_construction_maintenance,"Natural resources, construction, and maintenance occupations",,all,person residence,"civilian employed population age 16 and over, classified by occupation and residence",CENSUS_ACS5_DETAIL,ACS5-2024-B24011-table-based-summary-file,2026-08-10T21:40:54Z,c2a8c262db36e71a0e54755fd626a044d4e809ad9ba3b9adf2688b8766fd4e9c,published ACS median,"Residence-based individual earnings; not household income, a wage offer, or a workplace-based job measure.",project_flag_standard,current_dollars_and_overlapping_acs_vintages
occupation_and_affordability,monthly_gap_to_2br_fmr,Monthly gap between two-bedroom FMR and 30% of median earnings,06041,Marin,2024,2024-12-31,cross-vintage benchmark comparison,2564.3,current dollars per month,55.975,41588,144160,3604,broad_occupation,natural_resources_construction_maintenance,"Natural resources, construction, and maintenance occupations",,all,person residence compared with HUD FMR area,"civilian employed population age 16 and over, classified by occupation and residence",CENSUS_ACS5_DETAIL;HUD_FMR,ACS5-2024-B24011-table-based-summary-file;HUD-FMR-FY2026-revised-effective-2026-05-21,2026-08-10T21:40:54Z,c2a8c262db36e71a0e54755fd626a044d4e809ad9ba3b9adf2688b8766fd4e9c;06af2feddaeb79ffd8f9402e8b8b9adb0deab684d599fba835c48fb985eb85cd,FY2026 2BR FMR minus 30% of ACS median annual earnings divided by 12,"Positive values mean the FMR benchmark exceeds 30% of median individual earnings. No work-hour, household-size, or unit-availability assumption is added.",project_flag_standard,acs_current_dollars_compared_with_fy2026_fmr
occupation_and_affordability,earnings_coverage_2br_fmr_pct,Median earnings coverage of two-bedroom FMR income requirement,06041,Marin,2024,2024-12-31,cross-vintage benchmark comparison,28.25402331,percent,3.92341842,40731,144160,3604,broad_occupation,production_transportation_material_moving,"Production, transportation, and material moving occupations",,all,person residence compared with HUD FMR area,"civilian employed population age 16 and over, classified by occupation and residence",CENSUS_ACS5_DETAIL;HUD_FMR,ACS5-2024-B24011-table-based-summary-file;HUD-FMR-FY2026-revised-effective-2026-05-21,2026-08-10T21:40:54Z,c2a8c262db36e71a0e54755fd626a044d4e809ad9ba3b9adf2688b8766fd4e9c;06af2feddaeb79ffd8f9402e8b8b9adb0deab684d599fba835c48fb985eb85cd,ACS median annual earnings divided by FY2026 2BR FMR times 40,A descriptive benchmark using the conventional 30% threshold. It does not measure an actual household budget or conclude that a unit is available.,project_flag_standard,acs_current_dollars_compared_with_fy2026_fmr
occupation_and_affordability,median_annual_earnings,Median annual earnings,06041,Marin,2024,2024-12-31,annual rolling five-year estimate,40731,current dollars per year,5656,,,,broad_occupation,production_transportation_material_moving,"Production, transportation, and material moving occupations",,all,person residence,"civilian employed population age 16 and over, classified by occupation and residence",CENSUS_ACS5_DETAIL,ACS5-2024-B24011-table-based-summary-file,2026-08-10T21:40:54Z,c2a8c262db36e71a0e54755fd626a044d4e809ad9ba3b9adf2688b8766fd4e9c,published ACS median,"Residence-based individual earnings; not household income, a wage offer, or a workplace-based job measure.",project_flag_standard,current_dollars_and_overlapping_acs_vintages
occupation_and_affordability,monthly_gap_to_2br_fmr,Monthly gap between two-bedroom FMR and 30% of median earnings,06041,Marin,2024,2024-12-31,cross-vintage benchmark comparison,2585.725,current dollars per month,141.4,40731,144160,3604,broad_occupation,production_transportation_material_moving,"Production, transportation, and material moving occupations",,all,person residence compared with HUD FMR area,"civilian employed population age 16 and over, classified by occupation and residence",CENSUS_ACS5_DETAIL;HUD_FMR,ACS5-2024-B24011-table-based-summary-file;HUD-FMR-FY2026-revised-effective-2026-05-21,2026-08-10T21:40:54Z,c2a8c262db36e71a0e54755fd626a044d4e809ad9ba3b9adf2688b8766fd4e9c;06af2feddaeb79ffd8f9402e8b8b9adb0deab684d599fba835c48fb985eb85cd,FY2026 2BR FMR minus 30% of ACS median annual earnings divided by 12,"Positive values mean the FMR benchmark exceeds 30% of median individual earnings. No work-hour, household-size, or unit-availability assumption is added.",project_flag_standard,acs_current_dollars_compared_with_fy2026_fmr
occupation_and_affordability,earnings_coverage_2br_fmr_pct,Median earnings coverage of two-bedroom FMR income requirement,06041,Marin,2024,2024-12-31,cross-vintage benchmark comparison,40.21711987,percent,2.46184795,57977,144160,3604,broad_occupation,sales_office,Sales and office occupations,,all,person residence compared with HUD FMR area,"civilian employed population age 16 and over, classified by occupation and residence",CENSUS_ACS5_DETAIL;HUD_FMR,ACS5-2024-B24011-table-based-summary-file;HUD-FMR-FY2026-revised-effective-2026-05-21,2026-08-10T21:40:54Z,c2a8c262db36e71a0e54755fd626a044d4e809ad9ba3b9adf2688b8766fd4e9c;06af2feddaeb79ffd8f9402e8b8b9adb0deab684d599fba835c48fb985eb85cd,ACS median annual earnings divided by FY2026 2BR FMR times 40,A descriptive benchmark using the conventional 30% threshold. It does not measure an actual household budget or conclude that a unit is available.,project_flag_standard,acs_current_dollars_compared_with_fy2026_fmr
occupation_and_affordability,median_annual_earnings,Median annual earnings,06041,Marin,2024,2024-12-31,annual rolling five-year estimate,57977,current dollars per year,3549,,,,broad_occupation,sales_office,Sales and office occupations,,all,person residence,"civilian employed population age 16 and over, classified by occupation and residence",CENSUS_ACS5_DETAIL,ACS5-2024-B24011-table-based-summary-file,2026-08-10T21:40:54Z,c2a8c262db36e71a0e54755fd626a044d4e809ad9ba3b9adf2688b8766fd4e9c,published ACS median,"Residence-based individual earnings; not household income, a wage offer, or a workplace-based job measure.",project_flag_standard,current_dollars_and_overlapping_acs_vintages
occupation_and_affordability,monthly_gap_to_2br_fmr,Monthly gap between two-bedroom FMR and 30% of median earnings,06041,Marin,2024,2024-12-31,cross-vintage benchmark comparison,2154.575,current dollars per month,88.725,57977,144160,3604,broad_occupation,sales_office,Sales and office occupations,,all,person residence compared with HUD FMR area,"civilian employed population age 16 and over, classified by occupation and residence",CENSUS_ACS5_DETAIL;HUD_FMR,ACS5-2024-B24011-table-based-summary-file;HUD-FMR-FY2026-revised-effective-2026-05-21,2026-08-10T21:40:54Z,c2a8c262db36e71a0e54755fd626a044d4e809ad9ba3b9adf2688b8766fd4e9c;06af2feddaeb79ffd8f9402e8b8b9adb0deab684d599fba835c48fb985eb85cd,FY2026 2BR FMR minus 30% of ACS median annual earnings divided by 12,"Positive values mean the FMR benchmark exceeds 30% of median individual earnings. No work-hour, household-size, or unit-availability assumption is added.",project_flag_standard,acs_current_dollars_compared_with_fy2026_fmr
occupation_and_affordability,earnings_coverage_2br_fmr_pct,Median earnings coverage of two-bedroom FMR income requirement,06041,Marin,2024,2024-12-31,cross-vintage benchmark comparison,20.66662042,percent,1.60932297,29793,144160,3604,broad_occupation,service,Service occupations,,all,person residence compared with HUD FMR area,"civilian employed population age 16 and over, classified by occupation and residence",CENSUS_ACS5_DETAIL;HUD_FMR,ACS5-2024-B24011-table-based-summary-file;HUD-FMR-FY2026-revised-effective-2026-05-21,2026-08-10T21:40:54Z,c2a8c262db36e71a0e54755fd626a044d4e809ad9ba3b9adf2688b8766fd4e9c;06af2feddaeb79ffd8f9402e8b8b9adb0deab684d599fba835c48fb985eb85cd,ACS median annual earnings divided by FY2026 2BR FMR times 40,A descriptive benchmark using the conventional 30% threshold. It does not measure an actual household budget or conclude that a unit is available.,project_flag_standard,acs_current_dollars_compared_with_fy2026_fmr
occupation_and_affordability,median_annual_earnings,Median annual earnings,06041,Marin,2024,2024-12-31,annual rolling five-year estimate,29793,current dollars per year,2320,,,,broad_occupation,service,Service occupations,,all,person residence,"civilian employed population age 16 and over, classified by occupation and residence",CENSUS_ACS5_DETAIL,ACS5-2024-B24011-table-based-summary-file,2026-08-10T21:40:54Z,c2a8c262db36e71a0e54755fd626a044d4e809ad9ba3b9adf2688b8766fd4e9c,published ACS median,"Residence-based individual earnings; not household income, a wage offer, or a workplace-based job measure.",project_flag_standard,current_dollars_and_overlapping_acs_vintages
occupation_and_affordability,monthly_gap_to_2br_fmr,Monthly gap between two-bedroom FMR and 30% of median earnings,06041,Marin,2024,2024-12-31,cross-vintage benchmark comparison,2859.175,current dollars per month,58,29793,144160,3604,broad_occupation,service,Service occupations,,all,person residence compared with HUD FMR area,"civilian employed population age 16 and over, classified by occupation and residence",CENSUS_ACS5_DETAIL;HUD_FMR,ACS5-2024-B24011-table-based-summary-file;HUD-FMR-FY2026-revised-effective-2026-05-21,2026-08-10T21:40:54Z,c2a8c262db36e71a0e54755fd626a044d4e809ad9ba3b9adf2688b8766fd4e9c;06af2feddaeb79ffd8f9402e8b8b9adb0deab684d599fba835c48fb985eb85cd,FY2026 2BR FMR minus 30% of ACS median annual earnings divided by 12,"Positive values mean the FMR benchmark exceeds 30% of median individual earnings. No work-hour, household-size, or unit-availability assumption is added.",project_flag_standard,acs_current_dollars_compared_with_fy2026_fmr
occupation_and_affordability,earnings_coverage_2br_fmr_pct,Median earnings coverage of two-bedroom FMR income requirement,06055,Napa,2024,2024-12-31,cross-vintage benchmark comparison,69.47134238,percent,3.67948718,92119,132600,3315,broad_occupation,management_business_science_arts,"Management, business, science, and arts occupations",,all,person residence compared with HUD FMR area,"civilian employed population age 16 and over, classified by occupation and residence",CENSUS_ACS5_DETAIL;HUD_FMR,ACS5-2024-B24011-table-based-summary-file;HUD-FMR-FY2026-revised-effective-2026-05-21,2026-08-10T21:40:54Z,c2a8c262db36e71a0e54755fd626a044d4e809ad9ba3b9adf2688b8766fd4e9c;06af2feddaeb79ffd8f9402e8b8b9adb0deab684d599fba835c48fb985eb85cd,ACS median annual earnings divided by FY2026 2BR FMR times 40,A descriptive benchmark using the conventional 30% threshold. It does not measure an actual household budget or conclude that a unit is available.,project_flag_standard,acs_current_dollars_compared_with_fy2026_fmr
occupation_and_affordability,median_annual_earnings,Median annual earnings,06055,Napa,2024,2024-12-31,annual rolling five-year estimate,92119,current dollars per year,4879,,,,broad_occupation,management_business_science_arts,"Management, business, science, and arts occupations",,all,person residence,"civilian employed population age 16 and over, classified by occupation and residence",CENSUS_ACS5_DETAIL,ACS5-2024-B24011-table-based-summary-file,2026-08-10T21:40:54Z,c2a8c262db36e71a0e54755fd626a044d4e809ad9ba3b9adf2688b8766fd4e9c,published ACS median,"Residence-based individual earnings; not household income, a wage offer, or a workplace-based job measure.",project_flag_standard,current_dollars_and_overlapping_acs_vintages
occupation_and_affordability,monthly_gap_to_2br_fmr,Monthly gap between two-bedroom FMR and 30% of median earnings,06055,Napa,2024,2024-12-31,cross-vintage benchmark comparison,1012.025,current dollars per month,121.975,92119,132600,3315,broad_occupation,management_business_science_arts,"Management, business, science, and arts occupations",,all,person residence compared with HUD FMR area,"civilian employed population age 16 and over, classified by occupation and residence",CENSUS_ACS5_DETAIL;HUD_FMR,ACS5-2024-B24011-table-based-summary-file;HUD-FMR-FY2026-revised-effective-2026-05-21,2026-08-10T21:40:54Z,c2a8c262db36e71a0e54755fd626a044d4e809ad9ba3b9adf2688b8766fd4e9c;06af2feddaeb79ffd8f9402e8b8b9adb0deab684d599fba835c48fb985eb85cd,FY2026 2BR FMR minus 30% of ACS median annual earnings divided by 12,"Positive values mean the FMR benchmark exceeds 30% of median individual earnings. No work-hour, household-size, or unit-availability assumption is added.",project_flag_standard,acs_current_dollars_compared_with_fy2026_fmr
occupation_and_affordability,earnings_coverage_2br_fmr_pct,Median earnings coverage of two-bedroom FMR income requirement,06055,Napa,2024,2024-12-31,cross-vintage benchmark comparison,39.73529412,percent,2.17043741,52689,132600,3315,broad_occupation,natural_resources_construction_maintenance,"Natural resources, construction, and maintenance occupations",,all,person residence compared with HUD FMR area,"civilian employed population age 16 and over, classified by occupation and residence",CENSUS_ACS5_DETAIL;HUD_FMR,ACS5-2024-B24011-table-based-summary-file;HUD-FMR-FY2026-revised-effective-2026-05-21,2026-08-10T21:40:54Z,c2a8c262db36e71a0e54755fd626a044d4e809ad9ba3b9adf2688b8766fd4e9c;06af2feddaeb79ffd8f9402e8b8b9adb0deab684d599fba835c48fb985eb85cd,ACS median annual earnings divided by FY2026 2BR FMR times 40,A descriptive benchmark using the conventional 30% threshold. It does not measure an actual household budget or conclude that a unit is available.,project_flag_standard,acs_current_dollars_compared_with_fy2026_fmr
occupation_and_affordability,median_annual_earnings,Median annual earnings,06055,Napa,2024,2024-12-31,annual rolling five-year estimate,52689,current dollars per year,2878,,,,broad_occupation,natural_resources_construction_maintenance,"Natural resources, construction, and maintenance occupations",,all,person residence,"civilian employed population age 16 and over, classified by occupation and residence",CENSUS_ACS5_DETAIL,ACS5-2024-B24011-table-based-summary-file,2026-08-10T21:40:54Z,c2a8c262db36e71a0e54755fd626a044d4e809ad9ba3b9adf2688b8766fd4e9c,published ACS median,"Residence-based individual earnings; not household income, a wage offer, or a workplace-based job measure.",project_flag_standard,current_dollars_and_overlapping_acs_vintages
occupation_and_affordability,monthly_gap_to_2br_fmr,Monthly gap between two-bedroom FMR and 30% of median earnings,06055,Napa,2024,2024-12-31,cross-vintage benchmark comparison,1997.775,current dollars per month,71.95,52689,132600,3315,broad_occupation,natural_resources_construction_maintenance,"Natural resources, construction, and maintenance occupations",,all,person residence compared with HUD FMR area,"civilian employed population age 16 and over, classified by occupation and residence",CENSUS_ACS5_DETAIL;HUD_FMR,ACS5-2024-B24011-table-based-summary-file;HUD-FMR-FY2026-revised-effective-2026-05-21,2026-08-10T21:40:54Z,c2a8c262db36e71a0e54755fd626a044d4e809ad9ba3b9adf2688b8766fd4e9c;06af2feddaeb79ffd8f9402e8b8b9adb0deab684d599fba835c48fb985eb85cd,FY2026 2BR FMR minus 30% of ACS median annual earnings divided by 12,"Positive values mean the FMR benchmark exceeds 30% of median individual earnings. No work-hour, household-size, or unit-availability assumption is added.",project_flag_standard,acs_current_dollars_compared_with_fy2026_fmr
occupation_and_affordability,earnings_coverage_2br_fmr_pct,Median earnings coverage of two-bedroom FMR income requirement,06055,Napa,2024,2024-12-31,cross-vintage benchmark comparison,34.97209653,percent,3.64027149,46373,132600,3315,broad_occupation,production_transportation_material_moving,"Production, transportation, and material moving occupations",,all,person residence compared with HUD FMR area,"civilian employed population age 16 and over, classified by occupation and residence",CENSUS_ACS5_DETAIL;HUD_FMR,ACS5-2024-B24011-table-based-summary-file;HUD-FMR-FY2026-revised-effective-2026-05-21,2026-08-10T21:40:54Z,c2a8c262db36e71a0e54755fd626a044d4e809ad9ba3b9adf2688b8766fd4e9c;06af2feddaeb79ffd8f9402e8b8b9adb0deab684d599fba835c48fb985eb85cd,ACS median annual earnings divided by FY2026 2BR FMR times 40,A descriptive benchmark using the conventional 30% threshold. It does not measure an actual household budget or conclude that a unit is available.,project_flag_standard,acs_current_dollars_compared_with_fy2026_fmr
occupation_and_affordability,median_annual_earnings,Median annual earnings,06055,Napa,2024,2024-12-31,annual rolling five-year estimate,46373,current dollars per year,4827,,,,broad_occupation,production_transportation_material_moving,"Production, transportation, and material moving occupations",,all,person residence,"civilian employed population age 16 and over, classified by occupation and residence",CENSUS_ACS5_DETAIL,ACS5-2024-B24011-table-based-summary-file,2026-08-10T21:40:54Z,c2a8c262db36e71a0e54755fd626a044d4e809ad9ba3b9adf2688b8766fd4e9c,published ACS median,"Residence-based individual earnings; not household income, a wage offer, or a workplace-based job measure.",project_flag_standard,current_dollars_and_overlapping_acs_vintages
occupation_and_affordability,monthly_gap_to_2br_fmr,Monthly gap between two-bedroom FMR and 30% of median earnings,06055,Napa,2024,2024-12-31,cross-vintage benchmark comparison,2155.675,current dollars per month,120.675,46373,132600,3315,broad_occupation,production_transportation_material_moving,"Production, transportation, and material moving occupations",,all,person residence compared with HUD FMR area,"civilian employed population age 16 and over, classified by occupation and residence",CENSUS_ACS5_DETAIL;HUD_FMR,ACS5-2024-B24011-table-based-summary-file;HUD-FMR-FY2026-revised-effective-2026-05-21,2026-08-10T21:40:54Z,c2a8c262db36e71a0e54755fd626a044d4e809ad9ba3b9adf2688b8766fd4e9c;06af2feddaeb79ffd8f9402e8b8b9adb0deab684d599fba835c48fb985eb85cd,FY2026 2BR FMR minus 30% of ACS median annual earnings divided by 12,"Positive values mean the FMR benchmark exceeds 30% of median individual earnings. No work-hour, household-size, or unit-availability assumption is added.",project_flag_standard,acs_current_dollars_compared_with_fy2026_fmr
occupation_and_affordability,earnings_coverage_2br_fmr_pct,Median earnings coverage of two-bedroom FMR income requirement,06055,Napa,2024,2024-12-31,cross-vintage benchmark comparison,37.8959276,percent,2.28506787,50250,132600,3315,broad_occupation,sales_office,Sales and office occupations,,all,person residence compared with HUD FMR area,"civilian employed population age 16 and over, classified by occupation and residence",CENSUS_ACS5_DETAIL;HUD_FMR,ACS5-2024-B24011-table-based-summary-file;HUD-FMR-FY2026-revised-effective-2026-05-21,2026-08-10T21:40:54Z,c2a8c262db36e71a0e54755fd626a044d4e809ad9ba3b9adf2688b8766fd4e9c;06af2feddaeb79ffd8f9402e8b8b9adb0deab684d599fba835c48fb985eb85cd,ACS median annual earnings divided by FY2026 2BR FMR times 40,A descriptive benchmark using the conventional 30% threshold. It does not measure an actual household budget or conclude that a unit is available.,project_flag_standard,acs_current_dollars_compared_with_fy2026_fmr
occupation_and_affordability,median_annual_earnings,Median annual earnings,06055,Napa,2024,2024-12-31,annual rolling five-year estimate,50250,current dollars per year,3030,,,,broad_occupation,sales_office,Sales and office occupations,,all,person residence,"civilian employed population age 16 and over, classified by occupation and residence",CENSUS_ACS5_DETAIL,ACS5-2024-B24011-table-based-summary-file,2026-08-10T21:40:54Z,c2a8c262db36e71a0e54755fd626a044d4e809ad9ba3b9adf2688b8766fd4e9c,published ACS median,"Residence-based individual earnings; not household income, a wage offer, or a workplace-based job measure.",project_flag_standard,current_dollars_and_overlapping_acs_vintages
occupation_and_affordability,monthly_gap_to_2br_fmr,Monthly gap between two-bedroom FMR and 30% of median earnings,06055,Napa,2024,2024-12-31,cross-vintage benchmark comparison,2058.75,current dollars per month,75.75,50250,132600,3315,broad_occupation,sales_office,Sales and office occupations,,all,person residence compared with HUD FMR area,"civilian employed population age 16 and over, classified by occupation and residence",CENSUS_ACS5_DETAIL;HUD_FMR,ACS5-2024-B24011-table-based-summary-file;HUD-FMR-FY2026-revised-effective-2026-05-21,2026-08-10T21:40:54Z,c2a8c262db36e71a0e54755fd626a044d4e809ad9ba3b9adf2688b8766fd4e9c;06af2feddaeb79ffd8f9402e8b8b9adb0deab684d599fba835c48fb985eb85cd,FY2026 2BR FMR minus 30% of ACS median annual earnings divided by 12,"Positive values mean the FMR benchmark exceeds 30% of median individual earnings. No work-hour, household-size, or unit-availability assumption is added.",project_flag_standard,acs_current_dollars_compared_with_fy2026_fmr
occupation_and_affordability,earnings_coverage_2br_fmr_pct,Median earnings coverage of two-bedroom FMR income requirement,06055,Napa,2024,2024-12-31,cross-vintage benchmark comparison,24.93740573,percent,1.50980392,33067,132600,3315,broad_occupation,service,Service occupations,,all,person residence compared with HUD FMR area,"civilian employed population age 16 and over, classified by occupation and residence",CENSUS_ACS5_DETAIL;HUD_FMR,ACS5-2024-B24011-table-based-summary-file;HUD-FMR-FY2026-revised-effective-2026-05-21,2026-08-10T21:40:54Z,c2a8c262db36e71a0e54755fd626a044d4e809ad9ba3b9adf2688b8766fd4e9c;06af2feddaeb79ffd8f9402e8b8b9adb0deab684d599fba835c48fb985eb85cd,ACS median annual earnings divided by FY2026 2BR FMR times 40,A descriptive benchmark using the conventional 30% threshold. It does not measure an actual household budget or conclude that a unit is available.,project_flag_standard,acs_current_dollars_compared_with_fy2026_fmr
occupation_and_affordability,median_annual_earnings,Median annual earnings,06055,Napa,2024,2024-12-31,annual rolling five-year estimate,33067,current dollars per year,2002,,,,broad_occupation,service,Service occupations,,all,person residence,"civilian employed population age 16 and over, classified by occupation and residence",CENSUS_ACS5_DETAIL,ACS5-2024-B24011-table-based-summary-file,2026-08-10T21:40:54Z,c2a8c262db36e71a0e54755fd626a044d4e809ad9ba3b9adf2688b8766fd4e9c,published ACS median,"Residence-based individual earnings; not household income, a wage offer, or a workplace-based job measure.",project_flag_standard,current_dollars_and_overlapping_acs_vintages
occupation_and_affordability,monthly_gap_to_2br_fmr,Monthly gap between two-bedroom FMR and 30% of median earnings,06055,Napa,2024,2024-12-31,cross-vintage benchmark comparison,2488.325,current dollars per month,50.05,33067,132600,3315,broad_occupation,service,Service occupations,,all,person residence compared with HUD FMR area,"civilian employed population age 16 and over, classified by occupation and residence",CENSUS_ACS5_DETAIL;HUD_FMR,ACS5-2024-B24011-table-based-summary-file;HUD-FMR-FY2026-revised-effective-2026-05-21,2026-08-10T21:40:54Z,c2a8c262db36e71a0e54755fd626a044d4e809ad9ba3b9adf2688b8766fd4e9c;06af2feddaeb79ffd8f9402e8b8b9adb0deab684d599fba835c48fb985eb85cd,FY2026 2BR FMR minus 30% of ACS median annual earnings divided by 12,"Positive values mean the FMR benchmark exceeds 30% of median individual earnings. No work-hour, household-size, or unit-availability assumption is added.",project_flag_standard,acs_current_dollars_compared_with_fy2026_fmr
occupation_and_affordability,earnings_coverage_2br_fmr_pct,Median earnings coverage of two-bedroom FMR income requirement,06075,San Francisco,2024,2024-12-31,cross-vintage benchmark comparison,90.46545505,percent,1.82158713,130415,144160,3604,broad_occupation,management_business_science_arts,"Management, business, science, and arts occupations",,all,person residence compared with HUD FMR area,"civilian employed population age 16 and over, classified by occupation and residence",CENSUS_ACS5_DETAIL;HUD_FMR,ACS5-2024-B24011-table-based-summary-file;HUD-FMR-FY2026-revised-effective-2026-05-21,2026-08-10T21:40:54Z,c2a8c262db36e71a0e54755fd626a044d4e809ad9ba3b9adf2688b8766fd4e9c;06af2feddaeb79ffd8f9402e8b8b9adb0deab684d599fba835c48fb985eb85cd,ACS median annual earnings divided by FY2026 2BR FMR times 40,A descriptive benchmark using the conventional 30% threshold. It does not measure an actual household budget or conclude that a unit is available.,project_flag_standard,acs_current_dollars_compared_with_fy2026_fmr
occupation_and_affordability,median_annual_earnings,Median annual earnings,06075,San Francisco,2024,2024-12-31,annual rolling five-year estimate,130415,current dollars per year,2626,,,,broad_occupation,management_business_science_arts,"Management, business, science, and arts occupations",,all,person residence,"civilian employed population age 16 and over, classified by occupation and residence",CENSUS_ACS5_DETAIL,ACS5-2024-B24011-table-based-summary-file,2026-08-10T21:40:54Z,c2a8c262db36e71a0e54755fd626a044d4e809ad9ba3b9adf2688b8766fd4e9c,published ACS median,"Residence-based individual earnings; not household income, a wage offer, or a workplace-based job measure.",project_flag_standard,current_dollars_and_overlapping_acs_vintages
occupation_and_affordability,monthly_gap_to_2br_fmr,Monthly gap between two-bedroom FMR and 30% of median earnings,06075,San Francisco,2024,2024-12-31,cross-vintage benchmark comparison,343.625,current dollars per month,65.65,130415,144160,3604,broad_occupation,management_business_science_arts,"Management, business, science, and arts occupations",,all,person residence compared with HUD FMR area,"civilian employed population age 16 and over, classified by occupation and residence",CENSUS_ACS5_DETAIL;HUD_FMR,ACS5-2024-B24011-table-based-summary-file;HUD-FMR-FY2026-revised-effective-2026-05-21,2026-08-10T21:40:54Z,c2a8c262db36e71a0e54755fd626a044d4e809ad9ba3b9adf2688b8766fd4e9c;06af2feddaeb79ffd8f9402e8b8b9adb0deab684d599fba835c48fb985eb85cd,FY2026 2BR FMR minus 30% of ACS median annual earnings divided by 12,"Positive values mean the FMR benchmark exceeds 30% of median individual earnings. No work-hour, household-size, or unit-availability assumption is added.",project_flag_moderate_uncertainty,acs_current_dollars_compared_with_fy2026_fmr
occupation_and_affordability,earnings_coverage_2br_fmr_pct,Median earnings coverage of two-bedroom FMR income requirement,06075,San Francisco,2024,2024-12-31,cross-vintage benchmark comparison,35.32602664,percent,1.63845727,50926,144160,3604,broad_occupation,natural_resources_construction_maintenance,"Natural resources, construction, and maintenance occupations",,all,person residence compared with HUD FMR area,"civilian employed population age 16 and over, classified by occupation and residence",CENSUS_ACS5_DETAIL;HUD_FMR,ACS5-2024-B24011-table-based-summary-file;HUD-FMR-FY2026-revised-effective-2026-05-21,2026-08-10T21:40:54Z,c2a8c262db36e71a0e54755fd626a044d4e809ad9ba3b9adf2688b8766fd4e9c;06af2feddaeb79ffd8f9402e8b8b9adb0deab684d599fba835c48fb985eb85cd,ACS median annual earnings divided by FY2026 2BR FMR times 40,A descriptive benchmark using the conventional 30% threshold. It does not measure an actual household budget or conclude that a unit is available.,project_flag_standard,acs_current_dollars_compared_with_fy2026_fmr
occupation_and_affordability,median_annual_earnings,Median annual earnings,06075,San Francisco,2024,2024-12-31,annual rolling five-year estimate,50926,current dollars per year,2362,,,,broad_occupation,natural_resources_construction_maintenance,"Natural resources, construction, and maintenance occupations",,all,person residence,"civilian employed population age 16 and over, classified by occupation and residence",CENSUS_ACS5_DETAIL,ACS5-2024-B24011-table-based-summary-file,2026-08-10T21:40:54Z,c2a8c262db36e71a0e54755fd626a044d4e809ad9ba3b9adf2688b8766fd4e9c,published ACS median,"Residence-based individual earnings; not household income, a wage offer, or a workplace-based job measure.",project_flag_standard,current_dollars_and_overlapping_acs_vintages
occupation_and_affordability,monthly_gap_to_2br_fmr,Monthly gap between two-bedroom FMR and 30% of median earnings,06075,San Francisco,2024,2024-12-31,cross-vintage benchmark comparison,2330.85,current dollars per month,59.05,50926,144160,3604,broad_occupation,natural_resources_construction_maintenance,"Natural resources, construction, and maintenance occupations",,all,person residence compared with HUD FMR area,"civilian employed population age 16 and over, classified by occupation and residence",CENSUS_ACS5_DETAIL;HUD_FMR,ACS5-2024-B24011-table-based-summary-file;HUD-FMR-FY2026-revised-effective-2026-05-21,2026-08-10T21:40:54Z,c2a8c262db36e71a0e54755fd626a044d4e809ad9ba3b9adf2688b8766fd4e9c;06af2feddaeb79ffd8f9402e8b8b9adb0deab684d599fba835c48fb985eb85cd,FY2026 2BR FMR minus 30% of ACS median annual earnings divided by 12,"Positive values mean the FMR benchmark exceeds 30% of median individual earnings. No work-hour, household-size, or unit-availability assumption is added.",project_flag_standard,acs_current_dollars_compared_with_fy2026_fmr
occupation_and_affordability,earnings_coverage_2br_fmr_pct,Median earnings coverage of two-bedroom FMR income requirement,06075,San Francisco,2024,2024-12-31,cross-vintage benchmark comparison,29.73917869,percent,1.12652608,42872,144160,3604,broad_occupation,production_transportation_material_moving,"Production, transportation, and material moving occupations",,all,person residence compared with HUD FMR area,"civilian employed population age 16 and over, classified by occupation and residence",CENSUS_ACS5_DETAIL;HUD_FMR,ACS5-2024-B24011-table-based-summary-file;HUD-FMR-FY2026-revised-effective-2026-05-21,2026-08-10T21:40:54Z,c2a8c262db36e71a0e54755fd626a044d4e809ad9ba3b9adf2688b8766fd4e9c;06af2feddaeb79ffd8f9402e8b8b9adb0deab684d599fba835c48fb985eb85cd,ACS median annual earnings divided by FY2026 2BR FMR times 40,A descriptive benchmark using the conventional 30% threshold. It does not measure an actual household budget or conclude that a unit is available.,project_flag_standard,acs_current_dollars_compared_with_fy2026_fmr
occupation_and_affordability,median_annual_earnings,Median annual earnings,06075,San Francisco,2024,2024-12-31,annual rolling five-year estimate,42872,current dollars per year,1624,,,,broad_occupation,production_transportation_material_moving,"Production, transportation, and material moving occupations",,all,person residence,"civilian employed population age 16 and over, classified by occupation and residence",CENSUS_ACS5_DETAIL,ACS5-2024-B24011-table-based-summary-file,2026-08-10T21:40:54Z,c2a8c262db36e71a0e54755fd626a044d4e809ad9ba3b9adf2688b8766fd4e9c,published ACS median,"Residence-based individual earnings; not household income, a wage offer, or a workplace-based job measure.",project_flag_standard,current_dollars_and_overlapping_acs_vintages
occupation_and_affordability,monthly_gap_to_2br_fmr,Monthly gap between two-bedroom FMR and 30% of median earnings,06075,San Francisco,2024,2024-12-31,cross-vintage benchmark comparison,2532.2,current dollars per month,40.6,42872,144160,3604,broad_occupation,production_transportation_material_moving,"Production, transportation, and material moving occupations",,all,person residence compared with HUD FMR area,"civilian employed population age 16 and over, classified by occupation and residence",CENSUS_ACS5_DETAIL;HUD_FMR,ACS5-2024-B24011-table-based-summary-file;HUD-FMR-FY2026-revised-effective-2026-05-21,2026-08-10T21:40:54Z,c2a8c262db36e71a0e54755fd626a044d4e809ad9ba3b9adf2688b8766fd4e9c;06af2feddaeb79ffd8f9402e8b8b9adb0deab684d599fba835c48fb985eb85cd,FY2026 2BR FMR minus 30% of ACS median annual earnings divided by 12,"Positive values mean the FMR benchmark exceeds 30% of median individual earnings. No work-hour, household-size, or unit-availability assumption is added.",project_flag_standard,acs_current_dollars_compared_with_fy2026_fmr
occupation_and_affordability,earnings_coverage_2br_fmr_pct,Median earnings coverage of two-bedroom FMR income requirement,06075,San Francisco,2024,2024-12-31,cross-vintage benchmark comparison,41.09600444,percent,1.80008324,59244,144160,3604,broad_occupation,sales_office,Sales and office occupations,,all,person residence compared with HUD FMR area,"civilian employed population age 16 and over, classified by occupation and residence",CENSUS_ACS5_DETAIL;HUD_FMR,ACS5-2024-B24011-table-based-summary-file;HUD-FMR-FY2026-revised-effective-2026-05-21,2026-08-10T21:40:54Z,c2a8c262db36e71a0e54755fd626a044d4e809ad9ba3b9adf2688b8766fd4e9c;06af2feddaeb79ffd8f9402e8b8b9adb0deab684d599fba835c48fb985eb85cd,ACS median annual earnings divided by FY2026 2BR FMR times 40,A descriptive benchmark using the conventional 30% threshold. It does not measure an actual household budget or conclude that a unit is available.,project_flag_standard,acs_current_dollars_compared_with_fy2026_fmr
occupation_and_affordability,median_annual_earnings,Median annual earnings,06075,San Francisco,2024,2024-12-31,annual rolling five-year estimate,59244,current dollars per year,2595,,,,broad_occupation,sales_office,Sales and office occupations,,all,person residence,"civilian employed population age 16 and over, classified by occupation and residence",CENSUS_ACS5_DETAIL,ACS5-2024-B24011-table-based-summary-file,2026-08-10T21:40:54Z,c2a8c262db36e71a0e54755fd626a044d4e809ad9ba3b9adf2688b8766fd4e9c,published ACS median,"Residence-based individual earnings; not household income, a wage offer, or a workplace-based job measure.",project_flag_standard,current_dollars_and_overlapping_acs_vintages
occupation_and_affordability,monthly_gap_to_2br_fmr,Monthly gap between two-bedroom FMR and 30% of median earnings,06075,San Francisco,2024,2024-12-31,cross-vintage benchmark comparison,2122.9,current dollars per month,64.875,59244,144160,3604,broad_occupation,sales_office,Sales and office occupations,,all,person residence compared with HUD FMR area,"civilian employed population age 16 and over, classified by occupation and residence",CENSUS_ACS5_DETAIL;HUD_FMR,ACS5-2024-B24011-table-based-summary-file;HUD-FMR-FY2026-revised-effective-2026-05-21,2026-08-10T21:40:54Z,c2a8c262db36e71a0e54755fd626a044d4e809ad9ba3b9adf2688b8766fd4e9c;06af2feddaeb79ffd8f9402e8b8b9adb0deab684d599fba835c48fb985eb85cd,FY2026 2BR FMR minus 30% of ACS median annual earnings divided by 12,"Positive values mean the FMR benchmark exceeds 30% of median individual earnings. No work-hour, household-size, or unit-availability assumption is added.",project_flag_standard,acs_current_dollars_compared_with_fy2026_fmr
occupation_and_affordability,earnings_coverage_2br_fmr_pct,Median earnings coverage of two-bedroom FMR income requirement,06075,San Francisco,2024,2024-12-31,cross-vintage benchmark comparison,24.32921754,percent,0.85738069,35073,144160,3604,broad_occupation,service,Service occupations,,all,person residence compared with HUD FMR area,"civilian employed population age 16 and over, classified by occupation and residence",CENSUS_ACS5_DETAIL;HUD_FMR,ACS5-2024-B24011-table-based-summary-file;HUD-FMR-FY2026-revised-effective-2026-05-21,2026-08-10T21:40:54Z,c2a8c262db36e71a0e54755fd626a044d4e809ad9ba3b9adf2688b8766fd4e9c;06af2feddaeb79ffd8f9402e8b8b9adb0deab684d599fba835c48fb985eb85cd,ACS median annual earnings divided by FY2026 2BR FMR times 40,A descriptive benchmark using the conventional 30% threshold. It does not measure an actual household budget or conclude that a unit is available.,project_flag_standard,acs_current_dollars_compared_with_fy2026_fmr
occupation_and_affordability,median_annual_earnings,Median annual earnings,06075,San Francisco,2024,2024-12-31,annual rolling five-year estimate,35073,current dollars per year,1236,,,,broad_occupation,service,Service occupations,,all,person residence,"civilian employed population age 16 and over, classified by occupation and residence",CENSUS_ACS5_DETAIL,ACS5-2024-B24011-table-based-summary-file,2026-08-10T21:40:54Z,c2a8c262db36e71a0e54755fd626a044d4e809ad9ba3b9adf2688b8766fd4e9c,published ACS median,"Residence-based individual earnings; not household income, a wage offer, or a workplace-based job measure.",project_flag_standard,current_dollars_and_overlapping_acs_vintages
occupation_and_affordability,monthly_gap_to_2br_fmr,Monthly gap between two-bedroom FMR and 30% of median earnings,06075,San Francisco,2024,2024-12-31,cross-vintage benchmark comparison,2727.175,current dollars per month,30.9,35073,144160,3604,broad_occupation,service,Service occupations,,all,person residence compared with HUD FMR area,"civilian employed population age 16 and over, classified by occupation and residence",CENSUS_ACS5_DETAIL;HUD_FMR,ACS5-2024-B24011-table-based-summary-file;HUD-FMR-FY2026-revised-effective-2026-05-21,2026-08-10T21:40:54Z,c2a8c262db36e71a0e54755fd626a044d4e809ad9ba3b9adf2688b8766fd4e9c;06af2feddaeb79ffd8f9402e8b8b9adb0deab684d599fba835c48fb985eb85cd,FY2026 2BR FMR minus 30% of ACS median annual earnings divided by 12,"Positive values mean the FMR benchmark exceeds 30% of median individual earnings. No work-hour, household-size, or unit-availability assumption is added.",project_flag_standard,acs_current_dollars_compared_with_fy2026_fmr
occupation_and_affordability,earnings_coverage_2br_fmr_pct,Median earnings coverage of two-bedroom FMR income requirement,06081,San Mateo,2024,2024-12-31,cross-vintage benchmark comparison,89.18285239,percent,2.55410655,128566,144160,3604,broad_occupation,management_business_science_arts,"Management, business, science, and arts occupations",,all,person residence compared with HUD FMR area,"civilian employed population age 16 and over, classified by occupation and residence",CENSUS_ACS5_DETAIL;HUD_FMR,ACS5-2024-B24011-table-based-summary-file;HUD-FMR-FY2026-revised-effective-2026-05-21,2026-08-10T21:40:54Z,c2a8c262db36e71a0e54755fd626a044d4e809ad9ba3b9adf2688b8766fd4e9c;06af2feddaeb79ffd8f9402e8b8b9adb0deab684d599fba835c48fb985eb85cd,ACS median annual earnings divided by FY2026 2BR FMR times 40,A descriptive benchmark using the conventional 30% threshold. It does not measure an actual household budget or conclude that a unit is available.,project_flag_standard,acs_current_dollars_compared_with_fy2026_fmr
occupation_and_affordability,median_annual_earnings,Median annual earnings,06081,San Mateo,2024,2024-12-31,annual rolling five-year estimate,128566,current dollars per year,3682,,,,broad_occupation,management_business_science_arts,"Management, business, science, and arts occupations",,all,person residence,"civilian employed population age 16 and over, classified by occupation and residence",CENSUS_ACS5_DETAIL,ACS5-2024-B24011-table-based-summary-file,2026-08-10T21:40:54Z,c2a8c262db36e71a0e54755fd626a044d4e809ad9ba3b9adf2688b8766fd4e9c,published ACS median,"Residence-based individual earnings; not household income, a wage offer, or a workplace-based job measure.",project_flag_standard,current_dollars_and_overlapping_acs_vintages
occupation_and_affordability,monthly_gap_to_2br_fmr,Monthly gap between two-bedroom FMR and 30% of median earnings,06081,San Mateo,2024,2024-12-31,cross-vintage benchmark comparison,389.85,current dollars per month,92.05,128566,144160,3604,broad_occupation,management_business_science_arts,"Management, business, science, and arts occupations",,all,person residence compared with HUD FMR area,"civilian employed population age 16 and over, classified by occupation and residence",CENSUS_ACS5_DETAIL;HUD_FMR,ACS5-2024-B24011-table-based-summary-file;HUD-FMR-FY2026-revised-effective-2026-05-21,2026-08-10T21:40:54Z,c2a8c262db36e71a0e54755fd626a044d4e809ad9ba3b9adf2688b8766fd4e9c;06af2feddaeb79ffd8f9402e8b8b9adb0deab684d599fba835c48fb985eb85cd,FY2026 2BR FMR minus 30% of ACS median annual earnings divided by 12,"Positive values mean the FMR benchmark exceeds 30% of median individual earnings. No work-hour, household-size, or unit-availability assumption is added.",project_flag_moderate_uncertainty,acs_current_dollars_compared_with_fy2026_fmr
occupation_and_affordability,earnings_coverage_2br_fmr_pct,Median earnings coverage of two-bedroom FMR income requirement,06081,San Mateo,2024,2024-12-31,cross-vintage benchmark comparison,39.34378468,percent,1.92355716,56718,144160,3604,broad_occupation,natural_resources_construction_maintenance,"Natural resources, construction, and maintenance occupations",,all,person residence compared with HUD FMR area,"civilian employed population age 16 and over, classified by occupation and residence",CENSUS_ACS5_DETAIL;HUD_FMR,ACS5-2024-B24011-table-based-summary-file;HUD-FMR-FY2026-revised-effective-2026-05-21,2026-08-10T21:40:54Z,c2a8c262db36e71a0e54755fd626a044d4e809ad9ba3b9adf2688b8766fd4e9c;06af2feddaeb79ffd8f9402e8b8b9adb0deab684d599fba835c48fb985eb85cd,ACS median annual earnings divided by FY2026 2BR FMR times 40,A descriptive benchmark using the conventional 30% threshold. It does not measure an actual household budget or conclude that a unit is available.,project_flag_standard,acs_current_dollars_compared_with_fy2026_fmr
occupation_and_affordability,median_annual_earnings,Median annual earnings,06081,San Mateo,2024,2024-12-31,annual rolling five-year estimate,56718,current dollars per year,2773,,,,broad_occupation,natural_resources_construction_maintenance,"Natural resources, construction, and maintenance occupations",,all,person residence,"civilian employed population age 16 and over, classified by occupation and residence",CENSUS_ACS5_DETAIL,ACS5-2024-B24011-table-based-summary-file,2026-08-10T21:40:54Z,c2a8c262db36e71a0e54755fd626a044d4e809ad9ba3b9adf2688b8766fd4e9c,published ACS median,"Residence-based individual earnings; not household income, a wage offer, or a workplace-based job measure.",project_flag_standard,current_dollars_and_overlapping_acs_vintages
occupation_and_affordability,monthly_gap_to_2br_fmr,Monthly gap between two-bedroom FMR and 30% of median earnings,06081,San Mateo,2024,2024-12-31,cross-vintage benchmark comparison,2186.05,current dollars per month,69.325,56718,144160,3604,broad_occupation,natural_resources_construction_maintenance,"Natural resources, construction, and maintenance occupations",,all,person residence compared with HUD FMR area,"civilian employed population age 16 and over, classified by occupation and residence",CENSUS_ACS5_DETAIL;HUD_FMR,ACS5-2024-B24011-table-based-summary-file;HUD-FMR-FY2026-revised-effective-2026-05-21,2026-08-10T21:40:54Z,c2a8c262db36e71a0e54755fd626a044d4e809ad9ba3b9adf2688b8766fd4e9c;06af2feddaeb79ffd8f9402e8b8b9adb0deab684d599fba835c48fb985eb85cd,FY2026 2BR FMR minus 30% of ACS median annual earnings divided by 12,"Positive values mean the FMR benchmark exceeds 30% of median individual earnings. No work-hour, household-size, or unit-availability assumption is added.",project_flag_standard,acs_current_dollars_compared_with_fy2026_fmr
occupation_and_affordability,earnings_coverage_2br_fmr_pct,Median earnings coverage of two-bedroom FMR income requirement,06081,San Mateo,2024,2024-12-31,cross-vintage benchmark comparison,30.88443396,percent,1.35266371,44523,144160,3604,broad_occupation,production_transportation_material_moving,"Production, transportation, and material moving occupations",,all,person residence compared with HUD FMR area,"civilian employed population age 16 and over, classified by occupation and residence",CENSUS_ACS5_DETAIL;HUD_FMR,ACS5-2024-B24011-table-based-summary-file;HUD-FMR-FY2026-revised-effective-2026-05-21,2026-08-10T21:40:54Z,c2a8c262db36e71a0e54755fd626a044d4e809ad9ba3b9adf2688b8766fd4e9c;06af2feddaeb79ffd8f9402e8b8b9adb0deab684d599fba835c48fb985eb85cd,ACS median annual earnings divided by FY2026 2BR FMR times 40,A descriptive benchmark using the conventional 30% threshold. It does not measure an actual household budget or conclude that a unit is available.,project_flag_standard,acs_current_dollars_compared_with_fy2026_fmr
occupation_and_affordability,median_annual_earnings,Median annual earnings,06081,San Mateo,2024,2024-12-31,annual rolling five-year estimate,44523,current dollars per year,1950,,,,broad_occupation,production_transportation_material_moving,"Production, transportation, and material moving occupations",,all,person residence,"civilian employed population age 16 and over, classified by occupation and residence",CENSUS_ACS5_DETAIL,ACS5-2024-B24011-table-based-summary-file,2026-08-10T21:40:54Z,c2a8c262db36e71a0e54755fd626a044d4e809ad9ba3b9adf2688b8766fd4e9c,published ACS median,"Residence-based individual earnings; not household income, a wage offer, or a workplace-based job measure.",project_flag_standard,current_dollars_and_overlapping_acs_vintages
occupation_and_affordability,monthly_gap_to_2br_fmr,Monthly gap between two-bedroom FMR and 30% of median earnings,06081,San Mateo,2024,2024-12-31,cross-vintage benchmark comparison,2490.925,current dollars per month,48.75,44523,144160,3604,broad_occupation,production_transportation_material_moving,"Production, transportation, and material moving occupations",,all,person residence compared with HUD FMR area,"civilian employed population age 16 and over, classified by occupation and residence",CENSUS_ACS5_DETAIL;HUD_FMR,ACS5-2024-B24011-table-based-summary-file;HUD-FMR-FY2026-revised-effective-2026-05-21,2026-08-10T21:40:54Z,c2a8c262db36e71a0e54755fd626a044d4e809ad9ba3b9adf2688b8766fd4e9c;06af2feddaeb79ffd8f9402e8b8b9adb0deab684d599fba835c48fb985eb85cd,FY2026 2BR FMR minus 30% of ACS median annual earnings divided by 12,"Positive values mean the FMR benchmark exceeds 30% of median individual earnings. No work-hour, household-size, or unit-availability assumption is added.",project_flag_standard,acs_current_dollars_compared_with_fy2026_fmr
occupation_and_affordability,earnings_coverage_2br_fmr_pct,Median earnings coverage of two-bedroom FMR income requirement,06081,San Mateo,2024,2024-12-31,cross-vintage benchmark comparison,38.51068257,percent,1.53787458,55517,144160,3604,broad_occupation,sales_office,Sales and office occupations,,all,person residence compared with HUD FMR area,"civilian employed population age 16 and over, classified by occupation and residence",CENSUS_ACS5_DETAIL;HUD_FMR,ACS5-2024-B24011-table-based-summary-file;HUD-FMR-FY2026-revised-effective-2026-05-21,2026-08-10T21:40:54Z,c2a8c262db36e71a0e54755fd626a044d4e809ad9ba3b9adf2688b8766fd4e9c;06af2feddaeb79ffd8f9402e8b8b9adb0deab684d599fba835c48fb985eb85cd,ACS median annual earnings divided by FY2026 2BR FMR times 40,A descriptive benchmark using the conventional 30% threshold. It does not measure an actual household budget or conclude that a unit is available.,project_flag_standard,acs_current_dollars_compared_with_fy2026_fmr
occupation_and_affordability,median_annual_earnings,Median annual earnings,06081,San Mateo,2024,2024-12-31,annual rolling five-year estimate,55517,current dollars per year,2217,,,,broad_occupation,sales_office,Sales and office occupations,,all,person residence,"civilian employed population age 16 and over, classified by occupation and residence",CENSUS_ACS5_DETAIL,ACS5-2024-B24011-table-based-summary-file,2026-08-10T21:40:54Z,c2a8c262db36e71a0e54755fd626a044d4e809ad9ba3b9adf2688b8766fd4e9c,published ACS median,"Residence-based individual earnings; not household income, a wage offer, or a workplace-based job measure.",project_flag_standard,current_dollars_and_overlapping_acs_vintages
occupation_and_affordability,monthly_gap_to_2br_fmr,Monthly gap between two-bedroom FMR and 30% of median earnings,06081,San Mateo,2024,2024-12-31,cross-vintage benchmark comparison,2216.075,current dollars per month,55.425,55517,144160,3604,broad_occupation,sales_office,Sales and office occupations,,all,person residence compared with HUD FMR area,"civilian employed population age 16 and over, classified by occupation and residence",CENSUS_ACS5_DETAIL;HUD_FMR,ACS5-2024-B24011-table-based-summary-file;HUD-FMR-FY2026-revised-effective-2026-05-21,2026-08-10T21:40:54Z,c2a8c262db36e71a0e54755fd626a044d4e809ad9ba3b9adf2688b8766fd4e9c;06af2feddaeb79ffd8f9402e8b8b9adb0deab684d599fba835c48fb985eb85cd,FY2026 2BR FMR minus 30% of ACS median annual earnings divided by 12,"Positive values mean the FMR benchmark exceeds 30% of median individual earnings. No work-hour, household-size, or unit-availability assumption is added.",project_flag_standard,acs_current_dollars_compared_with_fy2026_fmr
occupation_and_affordability,earnings_coverage_2br_fmr_pct,Median earnings coverage of two-bedroom FMR income requirement,06081,San Mateo,2024,2024-12-31,cross-vintage benchmark comparison,24.61431743,percent,0.63124306,35484,144160,3604,broad_occupation,service,Service occupations,,all,person residence compared with HUD FMR area,"civilian employed population age 16 and over, classified by occupation and residence",CENSUS_ACS5_DETAIL;HUD_FMR,ACS5-2024-B24011-table-based-summary-file;HUD-FMR-FY2026-revised-effective-2026-05-21,2026-08-10T21:40:54Z,c2a8c262db36e71a0e54755fd626a044d4e809ad9ba3b9adf2688b8766fd4e9c;06af2feddaeb79ffd8f9402e8b8b9adb0deab684d599fba835c48fb985eb85cd,ACS median annual earnings divided by FY2026 2BR FMR times 40,A descriptive benchmark using the conventional 30% threshold. It does not measure an actual household budget or conclude that a unit is available.,project_flag_standard,acs_current_dollars_compared_with_fy2026_fmr
occupation_and_affordability,median_annual_earnings,Median annual earnings,06081,San Mateo,2024,2024-12-31,annual rolling five-year estimate,35484,current dollars per year,910,,,,broad_occupation,service,Service occupations,,all,person residence,"civilian employed population age 16 and over, classified by occupation and residence",CENSUS_ACS5_DETAIL,ACS5-2024-B24011-table-based-summary-file,2026-08-10T21:40:54Z,c2a8c262db36e71a0e54755fd626a044d4e809ad9ba3b9adf2688b8766fd4e9c,published ACS median,"Residence-based individual earnings; not household income, a wage offer, or a workplace-based job measure.",project_flag_standard,current_dollars_and_overlapping_acs_vintages
occupation_and_affordability,monthly_gap_to_2br_fmr,Monthly gap between two-bedroom FMR and 30% of median earnings,06081,San Mateo,2024,2024-12-31,cross-vintage benchmark comparison,2716.9,current dollars per month,22.75,35484,144160,3604,broad_occupation,service,Service occupations,,all,person residence compared with HUD FMR area,"civilian employed population age 16 and over, classified by occupation and residence",CENSUS_ACS5_DETAIL;HUD_FMR,ACS5-2024-B24011-table-based-summary-file;HUD-FMR-FY2026-revised-effective-2026-05-21,2026-08-10T21:40:54Z,c2a8c262db36e71a0e54755fd626a044d4e809ad9ba3b9adf2688b8766fd4e9c;06af2feddaeb79ffd8f9402e8b8b9adb0deab684d599fba835c48fb985eb85cd,FY2026 2BR FMR minus 30% of ACS median annual earnings divided by 12,"Positive values mean the FMR benchmark exceeds 30% of median individual earnings. No work-hour, household-size, or unit-availability assumption is added.",project_flag_standard,acs_current_dollars_compared_with_fy2026_fmr
occupation_and_affordability,earnings_coverage_2br_fmr_pct,Median earnings coverage of two-bedroom FMR income requirement,06085,Santa Clara,2024,2024-12-31,cross-vintage benchmark comparison,101.18647717,percent,1.17714614,140973,139320,3483,broad_occupation,management_business_science_arts,"Management, business, science, and arts occupations",,all,person residence compared with HUD FMR area,"civilian employed population age 16 and over, classified by occupation and residence",CENSUS_ACS5_DETAIL;HUD_FMR,ACS5-2024-B24011-table-based-summary-file;HUD-FMR-FY2026-revised-effective-2026-05-21,2026-08-10T21:40:54Z,c2a8c262db36e71a0e54755fd626a044d4e809ad9ba3b9adf2688b8766fd4e9c;06af2feddaeb79ffd8f9402e8b8b9adb0deab684d599fba835c48fb985eb85cd,ACS median annual earnings divided by FY2026 2BR FMR times 40,A descriptive benchmark using the conventional 30% threshold. It does not measure an actual household budget or conclude that a unit is available.,project_flag_standard,acs_current_dollars_compared_with_fy2026_fmr
occupation_and_affordability,median_annual_earnings,Median annual earnings,06085,Santa Clara,2024,2024-12-31,annual rolling five-year estimate,140973,current dollars per year,1640,,,,broad_occupation,management_business_science_arts,"Management, business, science, and arts occupations",,all,person residence,"civilian employed population age 16 and over, classified by occupation and residence",CENSUS_ACS5_DETAIL,ACS5-2024-B24011-table-based-summary-file,2026-08-10T21:40:54Z,c2a8c262db36e71a0e54755fd626a044d4e809ad9ba3b9adf2688b8766fd4e9c,published ACS median,"Residence-based individual earnings; not household income, a wage offer, or a workplace-based job measure.",project_flag_standard,current_dollars_and_overlapping_acs_vintages
occupation_and_affordability,monthly_gap_to_2br_fmr,Monthly gap between two-bedroom FMR and 30% of median earnings,06085,Santa Clara,2024,2024-12-31,cross-vintage benchmark comparison,-41.325,current dollars per month,41,140973,139320,3483,broad_occupation,management_business_science_arts,"Management, business, science, and arts occupations",,all,person residence compared with HUD FMR area,"civilian employed population age 16 and over, classified by occupation and residence",CENSUS_ACS5_DETAIL;HUD_FMR,ACS5-2024-B24011-table-based-summary-file;HUD-FMR-FY2026-revised-effective-2026-05-21,2026-08-10T21:40:54Z,c2a8c262db36e71a0e54755fd626a044d4e809ad9ba3b9adf2688b8766fd4e9c;06af2feddaeb79ffd8f9402e8b8b9adb0deab684d599fba835c48fb985eb85cd,FY2026 2BR FMR minus 30% of ACS median annual earnings divided by 12,"Positive values mean the FMR benchmark exceeds 30% of median individual earnings. No work-hour, household-size, or unit-availability assumption is added.",project_flag_high_uncertainty,acs_current_dollars_compared_with_fy2026_fmr
occupation_and_affordability,earnings_coverage_2br_fmr_pct,Median earnings coverage of two-bedroom FMR income requirement,06085,Santa Clara,2024,2024-12-31,cross-vintage benchmark comparison,39.71217341,percent,1.66594889,55327,139320,3483,broad_occupation,natural_resources_construction_maintenance,"Natural resources, construction, and maintenance occupations",,all,person residence compared with HUD FMR area,"civilian employed population age 16 and over, classified by occupation and residence",CENSUS_ACS5_DETAIL;HUD_FMR,ACS5-2024-B24011-table-based-summary-file;HUD-FMR-FY2026-revised-effective-2026-05-21,2026-08-10T21:40:54Z,c2a8c262db36e71a0e54755fd626a044d4e809ad9ba3b9adf2688b8766fd4e9c;06af2feddaeb79ffd8f9402e8b8b9adb0deab684d599fba835c48fb985eb85cd,ACS median annual earnings divided by FY2026 2BR FMR times 40,A descriptive benchmark using the conventional 30% threshold. It does not measure an actual household budget or conclude that a unit is available.,project_flag_standard,acs_current_dollars_compared_with_fy2026_fmr
occupation_and_affordability,median_annual_earnings,Median annual earnings,06085,Santa Clara,2024,2024-12-31,annual rolling five-year estimate,55327,current dollars per year,2321,,,,broad_occupation,natural_resources_construction_maintenance,"Natural resources, construction, and maintenance occupations",,all,person residence,"civilian employed population age 16 and over, classified by occupation and residence",CENSUS_ACS5_DETAIL,ACS5-2024-B24011-table-based-summary-file,2026-08-10T21:40:54Z,c2a8c262db36e71a0e54755fd626a044d4e809ad9ba3b9adf2688b8766fd4e9c,published ACS median,"Residence-based individual earnings; not household income, a wage offer, or a workplace-based job measure.",project_flag_standard,current_dollars_and_overlapping_acs_vintages
occupation_and_affordability,monthly_gap_to_2br_fmr,Monthly gap between two-bedroom FMR and 30% of median earnings,06085,Santa Clara,2024,2024-12-31,cross-vintage benchmark comparison,2099.825,current dollars per month,58.025,55327,139320,3483,broad_occupation,natural_resources_construction_maintenance,"Natural resources, construction, and maintenance occupations",,all,person residence compared with HUD FMR area,"civilian employed population age 16 and over, classified by occupation and residence",CENSUS_ACS5_DETAIL;HUD_FMR,ACS5-2024-B24011-table-based-summary-file;HUD-FMR-FY2026-revised-effective-2026-05-21,2026-08-10T21:40:54Z,c2a8c262db36e71a0e54755fd626a044d4e809ad9ba3b9adf2688b8766fd4e9c;06af2feddaeb79ffd8f9402e8b8b9adb0deab684d599fba835c48fb985eb85cd,FY2026 2BR FMR minus 30% of ACS median annual earnings divided by 12,"Positive values mean the FMR benchmark exceeds 30% of median individual earnings. No work-hour, household-size, or unit-availability assumption is added.",project_flag_standard,acs_current_dollars_compared_with_fy2026_fmr
occupation_and_affordability,earnings_coverage_2br_fmr_pct,Median earnings coverage of two-bedroom FMR income requirement,06085,Santa Clara,2024,2024-12-31,cross-vintage benchmark comparison,33.23212748,percent,0.69982773,46299,139320,3483,broad_occupation,production_transportation_material_moving,"Production, transportation, and material moving occupations",,all,person residence compared with HUD FMR area,"civilian employed population age 16 and over, classified by occupation and residence",CENSUS_ACS5_DETAIL;HUD_FMR,ACS5-2024-B24011-table-based-summary-file;HUD-FMR-FY2026-revised-effective-2026-05-21,2026-08-10T21:40:54Z,c2a8c262db36e71a0e54755fd626a044d4e809ad9ba3b9adf2688b8766fd4e9c;06af2feddaeb79ffd8f9402e8b8b9adb0deab684d599fba835c48fb985eb85cd,ACS median annual earnings divided by FY2026 2BR FMR times 40,A descriptive benchmark using the conventional 30% threshold. It does not measure an actual household budget or conclude that a unit is available.,project_flag_standard,acs_current_dollars_compared_with_fy2026_fmr
occupation_and_affordability,median_annual_earnings,Median annual earnings,06085,Santa Clara,2024,2024-12-31,annual rolling five-year estimate,46299,current dollars per year,975,,,,broad_occupation,production_transportation_material_moving,"Production, transportation, and material moving occupations",,all,person residence,"civilian employed population age 16 and over, classified by occupation and residence",CENSUS_ACS5_DETAIL,ACS5-2024-B24011-table-based-summary-file,2026-08-10T21:40:54Z,c2a8c262db36e71a0e54755fd626a044d4e809ad9ba3b9adf2688b8766fd4e9c,published ACS median,"Residence-based individual earnings; not household income, a wage offer, or a workplace-based job measure.",project_flag_standard,current_dollars_and_overlapping_acs_vintages
occupation_and_affordability,monthly_gap_to_2br_fmr,Monthly gap between two-bedroom FMR and 30% of median earnings,06085,Santa Clara,2024,2024-12-31,cross-vintage benchmark comparison,2325.525,current dollars per month,24.375,46299,139320,3483,broad_occupation,production_transportation_material_moving,"Production, transportation, and material moving occupations",,all,person residence compared with HUD FMR area,"civilian employed population age 16 and over, classified by occupation and residence",CENSUS_ACS5_DETAIL;HUD_FMR,ACS5-2024-B24011-table-based-summary-file;HUD-FMR-FY2026-revised-effective-2026-05-21,2026-08-10T21:40:54Z,c2a8c262db36e71a0e54755fd626a044d4e809ad9ba3b9adf2688b8766fd4e9c;06af2feddaeb79ffd8f9402e8b8b9adb0deab684d599fba835c48fb985eb85cd,FY2026 2BR FMR minus 30% of ACS median annual earnings divided by 12,"Positive values mean the FMR benchmark exceeds 30% of median individual earnings. No work-hour, household-size, or unit-availability assumption is added.",project_flag_standard,acs_current_dollars_compared_with_fy2026_fmr
occupation_and_affordability,earnings_coverage_2br_fmr_pct,Median earnings coverage of two-bedroom FMR income requirement,06085,Santa Clara,2024,2024-12-31,cross-vintage benchmark comparison,36.4707149,percent,0.85701981,50811,139320,3483,broad_occupation,sales_office,Sales and office occupations,,all,person residence compared with HUD FMR area,"civilian employed population age 16 and over, classified by occupation and residence",CENSUS_ACS5_DETAIL;HUD_FMR,ACS5-2024-B24011-table-based-summary-file;HUD-FMR-FY2026-revised-effective-2026-05-21,2026-08-10T21:40:54Z,c2a8c262db36e71a0e54755fd626a044d4e809ad9ba3b9adf2688b8766fd4e9c;06af2feddaeb79ffd8f9402e8b8b9adb0deab684d599fba835c48fb985eb85cd,ACS median annual earnings divided by FY2026 2BR FMR times 40,A descriptive benchmark using the conventional 30% threshold. It does not measure an actual household budget or conclude that a unit is available.,project_flag_standard,acs_current_dollars_compared_with_fy2026_fmr
occupation_and_affordability,median_annual_earnings,Median annual earnings,06085,Santa Clara,2024,2024-12-31,annual rolling five-year estimate,50811,current dollars per year,1194,,,,broad_occupation,sales_office,Sales and office occupations,,all,person residence,"civilian employed population age 16 and over, classified by occupation and residence",CENSUS_ACS5_DETAIL,ACS5-2024-B24011-table-based-summary-file,2026-08-10T21:40:54Z,c2a8c262db36e71a0e54755fd626a044d4e809ad9ba3b9adf2688b8766fd4e9c,published ACS median,"Residence-based individual earnings; not household income, a wage offer, or a workplace-based job measure.",project_flag_standard,current_dollars_and_overlapping_acs_vintages
occupation_and_affordability,monthly_gap_to_2br_fmr,Monthly gap between two-bedroom FMR and 30% of median earnings,06085,Santa Clara,2024,2024-12-31,cross-vintage benchmark comparison,2212.725,current dollars per month,29.85,50811,139320,3483,broad_occupation,sales_office,Sales and office occupations,,all,person residence compared with HUD FMR area,"civilian employed population age 16 and over, classified by occupation and residence",CENSUS_ACS5_DETAIL;HUD_FMR,ACS5-2024-B24011-table-based-summary-file;HUD-FMR-FY2026-revised-effective-2026-05-21,2026-08-10T21:40:54Z,c2a8c262db36e71a0e54755fd626a044d4e809ad9ba3b9adf2688b8766fd4e9c;06af2feddaeb79ffd8f9402e8b8b9adb0deab684d599fba835c48fb985eb85cd,FY2026 2BR FMR minus 30% of ACS median annual earnings divided by 12,"Positive values mean the FMR benchmark exceeds 30% of median individual earnings. No work-hour, household-size, or unit-availability assumption is added.",project_flag_standard,acs_current_dollars_compared_with_fy2026_fmr
occupation_and_affordability,earnings_coverage_2br_fmr_pct,Median earnings coverage of two-bedroom FMR income requirement,06085,Santa Clara,2024,2024-12-31,cross-vintage benchmark comparison,23.27375825,percent,0.57780649,32425,139320,3483,broad_occupation,service,Service occupations,,all,person residence compared with HUD FMR area,"civilian employed population age 16 and over, classified by occupation and residence",CENSUS_ACS5_DETAIL;HUD_FMR,ACS5-2024-B24011-table-based-summary-file;HUD-FMR-FY2026-revised-effective-2026-05-21,2026-08-10T21:40:54Z,c2a8c262db36e71a0e54755fd626a044d4e809ad9ba3b9adf2688b8766fd4e9c;06af2feddaeb79ffd8f9402e8b8b9adb0deab684d599fba835c48fb985eb85cd,ACS median annual earnings divided by FY2026 2BR FMR times 40,A descriptive benchmark using the conventional 30% threshold. It does not measure an actual household budget or conclude that a unit is available.,project_flag_standard,acs_current_dollars_compared_with_fy2026_fmr
occupation_and_affordability,median_annual_earnings,Median annual earnings,06085,Santa Clara,2024,2024-12-31,annual rolling five-year estimate,32425,current dollars per year,805,,,,broad_occupation,service,Service occupations,,all,person residence,"civilian employed population age 16 and over, classified by occupation and residence",CENSUS_ACS5_DETAIL,ACS5-2024-B24011-table-based-summary-file,2026-08-10T21:40:54Z,c2a8c262db36e71a0e54755fd626a044d4e809ad9ba3b9adf2688b8766fd4e9c,published ACS median,"Residence-based individual earnings; not household income, a wage offer, or a workplace-based job measure.",project_flag_standard,current_dollars_and_overlapping_acs_vintages
occupation_and_affordability,monthly_gap_to_2br_fmr,Monthly gap between two-bedroom FMR and 30% of median earnings,06085,Santa Clara,2024,2024-12-31,cross-vintage benchmark comparison,2672.375,current dollars per month,20.125,32425,139320,3483,broad_occupation,service,Service occupations,,all,person residence compared with HUD FMR area,"civilian employed population age 16 and over, classified by occupation and residence",CENSUS_ACS5_DETAIL;HUD_FMR,ACS5-2024-B24011-table-based-summary-file;HUD-FMR-FY2026-revised-effective-2026-05-21,2026-08-10T21:40:54Z,c2a8c262db36e71a0e54755fd626a044d4e809ad9ba3b9adf2688b8766fd4e9c;06af2feddaeb79ffd8f9402e8b8b9adb0deab684d599fba835c48fb985eb85cd,FY2026 2BR FMR minus 30% of ACS median annual earnings divided by 12,"Positive values mean the FMR benchmark exceeds 30% of median individual earnings. No work-hour, household-size, or unit-availability assumption is added.",project_flag_standard,acs_current_dollars_compared_with_fy2026_fmr
occupation_and_affordability,earnings_coverage_2br_fmr_pct,Median earnings coverage of two-bedroom FMR income requirement,06095,Solano,2024,2024-12-31,cross-vintage benchmark comparison,96.40381084,percent,2.67102847,83987,87120,2178,broad_occupation,management_business_science_arts,"Management, business, science, and arts occupations",,all,person residence compared with HUD FMR area,"civilian employed population age 16 and over, classified by occupation and residence",CENSUS_ACS5_DETAIL;HUD_FMR,ACS5-2024-B24011-table-based-summary-file;HUD-FMR-FY2026-revised-effective-2026-05-21,2026-08-10T21:40:54Z,c2a8c262db36e71a0e54755fd626a044d4e809ad9ba3b9adf2688b8766fd4e9c;06af2feddaeb79ffd8f9402e8b8b9adb0deab684d599fba835c48fb985eb85cd,ACS median annual earnings divided by FY2026 2BR FMR times 40,A descriptive benchmark using the conventional 30% threshold. It does not measure an actual household budget or conclude that a unit is available.,project_flag_standard,acs_current_dollars_compared_with_fy2026_fmr
occupation_and_affordability,median_annual_earnings,Median annual earnings,06095,Solano,2024,2024-12-31,annual rolling five-year estimate,83987,current dollars per year,2327,,,,broad_occupation,management_business_science_arts,"Management, business, science, and arts occupations",,all,person residence,"civilian employed population age 16 and over, classified by occupation and residence",CENSUS_ACS5_DETAIL,ACS5-2024-B24011-table-based-summary-file,2026-08-10T21:40:54Z,c2a8c262db36e71a0e54755fd626a044d4e809ad9ba3b9adf2688b8766fd4e9c,published ACS median,"Residence-based individual earnings; not household income, a wage offer, or a workplace-based job measure.",project_flag_standard,current_dollars_and_overlapping_acs_vintages
occupation_and_affordability,monthly_gap_to_2br_fmr,Monthly gap between two-bedroom FMR and 30% of median earnings,06095,Solano,2024,2024-12-31,cross-vintage benchmark comparison,78.325,current dollars per month,58.175,83987,87120,2178,broad_occupation,management_business_science_arts,"Management, business, science, and arts occupations",,all,person residence compared with HUD FMR area,"civilian employed population age 16 and over, classified by occupation and residence",CENSUS_ACS5_DETAIL;HUD_FMR,ACS5-2024-B24011-table-based-summary-file;HUD-FMR-FY2026-revised-effective-2026-05-21,2026-08-10T21:40:54Z,c2a8c262db36e71a0e54755fd626a044d4e809ad9ba3b9adf2688b8766fd4e9c;06af2feddaeb79ffd8f9402e8b8b9adb0deab684d599fba835c48fb985eb85cd,FY2026 2BR FMR minus 30% of ACS median annual earnings divided by 12,"Positive values mean the FMR benchmark exceeds 30% of median individual earnings. No work-hour, household-size, or unit-availability assumption is added.",project_flag_high_uncertainty,acs_current_dollars_compared_with_fy2026_fmr
occupation_and_affordability,earnings_coverage_2br_fmr_pct,Median earnings coverage of two-bedroom FMR income requirement,06095,Solano,2024,2024-12-31,cross-vintage benchmark comparison,76.9651056,percent,4.55119376,67052,87120,2178,broad_occupation,natural_resources_construction_maintenance,"Natural resources, construction, and maintenance occupations",,all,person residence compared with HUD FMR area,"civilian employed population age 16 and over, classified by occupation and residence",CENSUS_ACS5_DETAIL;HUD_FMR,ACS5-2024-B24011-table-based-summary-file;HUD-FMR-FY2026-revised-effective-2026-05-21,2026-08-10T21:40:54Z,c2a8c262db36e71a0e54755fd626a044d4e809ad9ba3b9adf2688b8766fd4e9c;06af2feddaeb79ffd8f9402e8b8b9adb0deab684d599fba835c48fb985eb85cd,ACS median annual earnings divided by FY2026 2BR FMR times 40,A descriptive benchmark using the conventional 30% threshold. It does not measure an actual household budget or conclude that a unit is available.,project_flag_standard,acs_current_dollars_compared_with_fy2026_fmr
occupation_and_affordability,median_annual_earnings,Median annual earnings,06095,Solano,2024,2024-12-31,annual rolling five-year estimate,67052,current dollars per year,3965,,,,broad_occupation,natural_resources_construction_maintenance,"Natural resources, construction, and maintenance occupations",,all,person residence,"civilian employed population age 16 and over, classified by occupation and residence",CENSUS_ACS5_DETAIL,ACS5-2024-B24011-table-based-summary-file,2026-08-10T21:40:54Z,c2a8c262db36e71a0e54755fd626a044d4e809ad9ba3b9adf2688b8766fd4e9c,published ACS median,"Residence-based individual earnings; not household income, a wage offer, or a workplace-based job measure.",project_flag_standard,current_dollars_and_overlapping_acs_vintages
occupation_and_affordability,monthly_gap_to_2br_fmr,Monthly gap between two-bedroom FMR and 30% of median earnings,06095,Solano,2024,2024-12-31,cross-vintage benchmark comparison,501.7,current dollars per month,99.125,67052,87120,2178,broad_occupation,natural_resources_construction_maintenance,"Natural resources, construction, and maintenance occupations",,all,person residence compared with HUD FMR area,"civilian employed population age 16 and over, classified by occupation and residence",CENSUS_ACS5_DETAIL;HUD_FMR,ACS5-2024-B24011-table-based-summary-file;HUD-FMR-FY2026-revised-effective-2026-05-21,2026-08-10T21:40:54Z,c2a8c262db36e71a0e54755fd626a044d4e809ad9ba3b9adf2688b8766fd4e9c;06af2feddaeb79ffd8f9402e8b8b9adb0deab684d599fba835c48fb985eb85cd,FY2026 2BR FMR minus 30% of ACS median annual earnings divided by 12,"Positive values mean the FMR benchmark exceeds 30% of median individual earnings. No work-hour, household-size, or unit-availability assumption is added.",project_flag_moderate_uncertainty,acs_current_dollars_compared_with_fy2026_fmr
occupation_and_affordability,earnings_coverage_2br_fmr_pct,Median earnings coverage of two-bedroom FMR income requirement,06095,Solano,2024,2024-12-31,cross-vintage benchmark comparison,51.00321396,percent,2.47704316,44434,87120,2178,broad_occupation,production_transportation_material_moving,"Production, transportation, and material moving occupations",,all,person residence compared with HUD FMR area,"civilian employed population age 16 and over, classified by occupation and residence",CENSUS_ACS5_DETAIL;HUD_FMR,ACS5-2024-B24011-table-based-summary-file;HUD-FMR-FY2026-revised-effective-2026-05-21,2026-08-10T21:40:54Z,c2a8c262db36e71a0e54755fd626a044d4e809ad9ba3b9adf2688b8766fd4e9c;06af2feddaeb79ffd8f9402e8b8b9adb0deab684d599fba835c48fb985eb85cd,ACS median annual earnings divided by FY2026 2BR FMR times 40,A descriptive benchmark using the conventional 30% threshold. It does not measure an actual household budget or conclude that a unit is available.,project_flag_standard,acs_current_dollars_compared_with_fy2026_fmr
occupation_and_affordability,median_annual_earnings,Median annual earnings,06095,Solano,2024,2024-12-31,annual rolling five-year estimate,44434,current dollars per year,2158,,,,broad_occupation,production_transportation_material_moving,"Production, transportation, and material moving occupations",,all,person residence,"civilian employed population age 16 and over, classified by occupation and residence",CENSUS_ACS5_DETAIL,ACS5-2024-B24011-table-based-summary-file,2026-08-10T21:40:54Z,c2a8c262db36e71a0e54755fd626a044d4e809ad9ba3b9adf2688b8766fd4e9c,published ACS median,"Residence-based individual earnings; not household income, a wage offer, or a workplace-based job measure.",project_flag_standard,current_dollars_and_overlapping_acs_vintages
occupation_and_affordability,monthly_gap_to_2br_fmr,Monthly gap between two-bedroom FMR and 30% of median earnings,06095,Solano,2024,2024-12-31,cross-vintage benchmark comparison,1067.15,current dollars per month,53.95,44434,87120,2178,broad_occupation,production_transportation_material_moving,"Production, transportation, and material moving occupations",,all,person residence compared with HUD FMR area,"civilian employed population age 16 and over, classified by occupation and residence",CENSUS_ACS5_DETAIL;HUD_FMR,ACS5-2024-B24011-table-based-summary-file;HUD-FMR-FY2026-revised-effective-2026-05-21,2026-08-10T21:40:54Z,c2a8c262db36e71a0e54755fd626a044d4e809ad9ba3b9adf2688b8766fd4e9c;06af2feddaeb79ffd8f9402e8b8b9adb0deab684d599fba835c48fb985eb85cd,FY2026 2BR FMR minus 30% of ACS median annual earnings divided by 12,"Positive values mean the FMR benchmark exceeds 30% of median individual earnings. No work-hour, household-size, or unit-availability assumption is added.",project_flag_standard,acs_current_dollars_compared_with_fy2026_fmr
occupation_and_affordability,earnings_coverage_2br_fmr_pct,Median earnings coverage of two-bedroom FMR income requirement,06095,Solano,2024,2024-12-31,cross-vintage benchmark comparison,52.42539027,percent,2.82254362,45673,87120,2178,broad_occupation,sales_office,Sales and office occupations,,all,person residence compared with HUD FMR area,"civilian employed population age 16 and over, classified by occupation and residence",CENSUS_ACS5_DETAIL;HUD_FMR,ACS5-2024-B24011-table-based-summary-file;HUD-FMR-FY2026-revised-effective-2026-05-21,2026-08-10T21:40:54Z,c2a8c262db36e71a0e54755fd626a044d4e809ad9ba3b9adf2688b8766fd4e9c;06af2feddaeb79ffd8f9402e8b8b9adb0deab684d599fba835c48fb985eb85cd,ACS median annual earnings divided by FY2026 2BR FMR times 40,A descriptive benchmark using the conventional 30% threshold. It does not measure an actual household budget or conclude that a unit is available.,project_flag_standard,acs_current_dollars_compared_with_fy2026_fmr
occupation_and_affordability,median_annual_earnings,Median annual earnings,06095,Solano,2024,2024-12-31,annual rolling five-year estimate,45673,current dollars per year,2459,,,,broad_occupation,sales_office,Sales and office occupations,,all,person residence,"civilian employed population age 16 and over, classified by occupation and residence",CENSUS_ACS5_DETAIL,ACS5-2024-B24011-table-based-summary-file,2026-08-10T21:40:54Z,c2a8c262db36e71a0e54755fd626a044d4e809ad9ba3b9adf2688b8766fd4e9c,published ACS median,"Residence-based individual earnings; not household income, a wage offer, or a workplace-based job measure.",project_flag_standard,current_dollars_and_overlapping_acs_vintages
occupation_and_affordability,monthly_gap_to_2br_fmr,Monthly gap between two-bedroom FMR and 30% of median earnings,06095,Solano,2024,2024-12-31,cross-vintage benchmark comparison,1036.175,current dollars per month,61.475,45673,87120,2178,broad_occupation,sales_office,Sales and office occupations,,all,person residence compared with HUD FMR area,"civilian employed population age 16 and over, classified by occupation and residence",CENSUS_ACS5_DETAIL;HUD_FMR,ACS5-2024-B24011-table-based-summary-file;HUD-FMR-FY2026-revised-effective-2026-05-21,2026-08-10T21:40:54Z,c2a8c262db36e71a0e54755fd626a044d4e809ad9ba3b9adf2688b8766fd4e9c;06af2feddaeb79ffd8f9402e8b8b9adb0deab684d599fba835c48fb985eb85cd,FY2026 2BR FMR minus 30% of ACS median annual earnings divided by 12,"Positive values mean the FMR benchmark exceeds 30% of median individual earnings. No work-hour, household-size, or unit-availability assumption is added.",project_flag_standard,acs_current_dollars_compared_with_fy2026_fmr
occupation_and_affordability,earnings_coverage_2br_fmr_pct,Median earnings coverage of two-bedroom FMR income requirement,06095,Solano,2024,2024-12-31,cross-vintage benchmark comparison,37.61019284,percent,2.14187328,32766,87120,2178,broad_occupation,service,Service occupations,,all,person residence compared with HUD FMR area,"civilian employed population age 16 and over, classified by occupation and residence",CENSUS_ACS5_DETAIL;HUD_FMR,ACS5-2024-B24011-table-based-summary-file;HUD-FMR-FY2026-revised-effective-2026-05-21,2026-08-10T21:40:54Z,c2a8c262db36e71a0e54755fd626a044d4e809ad9ba3b9adf2688b8766fd4e9c;06af2feddaeb79ffd8f9402e8b8b9adb0deab684d599fba835c48fb985eb85cd,ACS median annual earnings divided by FY2026 2BR FMR times 40,A descriptive benchmark using the conventional 30% threshold. It does not measure an actual household budget or conclude that a unit is available.,project_flag_standard,acs_current_dollars_compared_with_fy2026_fmr
occupation_and_affordability,median_annual_earnings,Median annual earnings,06095,Solano,2024,2024-12-31,annual rolling five-year estimate,32766,current dollars per year,1866,,,,broad_occupation,service,Service occupations,,all,person residence,"civilian employed population age 16 and over, classified by occupation and residence",CENSUS_ACS5_DETAIL,ACS5-2024-B24011-table-based-summary-file,2026-08-10T21:40:54Z,c2a8c262db36e71a0e54755fd626a044d4e809ad9ba3b9adf2688b8766fd4e9c,published ACS median,"Residence-based individual earnings; not household income, a wage offer, or a workplace-based job measure.",project_flag_standard,current_dollars_and_overlapping_acs_vintages
occupation_and_affordability,monthly_gap_to_2br_fmr,Monthly gap between two-bedroom FMR and 30% of median earnings,06095,Solano,2024,2024-12-31,cross-vintage benchmark comparison,1358.85,current dollars per month,46.65,32766,87120,2178,broad_occupation,service,Service occupations,,all,person residence compared with HUD FMR area,"civilian employed population age 16 and over, classified by occupation and residence",CENSUS_ACS5_DETAIL;HUD_FMR,ACS5-2024-B24011-table-based-summary-file;HUD-FMR-FY2026-revised-effective-2026-05-21,2026-08-10T21:40:54Z,c2a8c262db36e71a0e54755fd626a044d4e809ad9ba3b9adf2688b8766fd4e9c;06af2feddaeb79ffd8f9402e8b8b9adb0deab684d599fba835c48fb985eb85cd,FY2026 2BR FMR minus 30% of ACS median annual earnings divided by 12,"Positive values mean the FMR benchmark exceeds 30% of median individual earnings. No work-hour, household-size, or unit-availability assumption is added.",project_flag_standard,acs_current_dollars_compared_with_fy2026_fmr
occupation_and_affordability,earnings_coverage_2br_fmr_pct,Median earnings coverage of two-bedroom FMR income requirement,06097,Sonoma,2024,2024-12-31,cross-vintage benchmark comparison,78.05889636,percent,1.72267421,88269,113080,2827,broad_occupation,management_business_science_arts,"Management, business, science, and arts occupations",,all,person residence compared with HUD FMR area,"civilian employed population age 16 and over, classified by occupation and residence",CENSUS_ACS5_DETAIL;HUD_FMR,ACS5-2024-B24011-table-based-summary-file;HUD-FMR-FY2026-revised-effective-2026-05-21,2026-08-10T21:40:54Z,c2a8c262db36e71a0e54755fd626a044d4e809ad9ba3b9adf2688b8766fd4e9c;06af2feddaeb79ffd8f9402e8b8b9adb0deab684d599fba835c48fb985eb85cd,ACS median annual earnings divided by FY2026 2BR FMR times 40,A descriptive benchmark using the conventional 30% threshold. It does not measure an actual household budget or conclude that a unit is available.,project_flag_standard,acs_current_dollars_compared_with_fy2026_fmr
occupation_and_affordability,median_annual_earnings,Median annual earnings,06097,Sonoma,2024,2024-12-31,annual rolling five-year estimate,88269,current dollars per year,1948,,,,broad_occupation,management_business_science_arts,"Management, business, science, and arts occupations",,all,person residence,"civilian employed population age 16 and over, classified by occupation and residence",CENSUS_ACS5_DETAIL,ACS5-2024-B24011-table-based-summary-file,2026-08-10T21:40:54Z,c2a8c262db36e71a0e54755fd626a044d4e809ad9ba3b9adf2688b8766fd4e9c,published ACS median,"Residence-based individual earnings; not household income, a wage offer, or a workplace-based job measure.",project_flag_standard,current_dollars_and_overlapping_acs_vintages
occupation_and_affordability,monthly_gap_to_2br_fmr,Monthly gap between two-bedroom FMR and 30% of median earnings,06097,Sonoma,2024,2024-12-31,cross-vintage benchmark comparison,620.275,current dollars per month,48.7,88269,113080,2827,broad_occupation,management_business_science_arts,"Management, business, science, and arts occupations",,all,person residence compared with HUD FMR area,"civilian employed population age 16 and over, classified by occupation and residence",CENSUS_ACS5_DETAIL;HUD_FMR,ACS5-2024-B24011-table-based-summary-file;HUD-FMR-FY2026-revised-effective-2026-05-21,2026-08-10T21:40:54Z,c2a8c262db36e71a0e54755fd626a044d4e809ad9ba3b9adf2688b8766fd4e9c;06af2feddaeb79ffd8f9402e8b8b9adb0deab684d599fba835c48fb985eb85cd,FY2026 2BR FMR minus 30% of ACS median annual earnings divided by 12,"Positive values mean the FMR benchmark exceeds 30% of median individual earnings. No work-hour, household-size, or unit-availability assumption is added.",project_flag_standard,acs_current_dollars_compared_with_fy2026_fmr
occupation_and_affordability,earnings_coverage_2br_fmr_pct,Median earnings coverage of two-bedroom FMR income requirement,06097,Sonoma,2024,2024-12-31,cross-vintage benchmark comparison,48.49929254,percent,3.35603113,54843,113080,2827,broad_occupation,natural_resources_construction_maintenance,"Natural resources, construction, and maintenance occupations",,all,person residence compared with HUD FMR area,"civilian employed population age 16 and over, classified by occupation and residence",CENSUS_ACS5_DETAIL;HUD_FMR,ACS5-2024-B24011-table-based-summary-file;HUD-FMR-FY2026-revised-effective-2026-05-21,2026-08-10T21:40:54Z,c2a8c262db36e71a0e54755fd626a044d4e809ad9ba3b9adf2688b8766fd4e9c;06af2feddaeb79ffd8f9402e8b8b9adb0deab684d599fba835c48fb985eb85cd,ACS median annual earnings divided by FY2026 2BR FMR times 40,A descriptive benchmark using the conventional 30% threshold. It does not measure an actual household budget or conclude that a unit is available.,project_flag_standard,acs_current_dollars_compared_with_fy2026_fmr
occupation_and_affordability,median_annual_earnings,Median annual earnings,06097,Sonoma,2024,2024-12-31,annual rolling five-year estimate,54843,current dollars per year,3795,,,,broad_occupation,natural_resources_construction_maintenance,"Natural resources, construction, and maintenance occupations",,all,person residence,"civilian employed population age 16 and over, classified by occupation and residence",CENSUS_ACS5_DETAIL,ACS5-2024-B24011-table-based-summary-file,2026-08-10T21:40:54Z,c2a8c262db36e71a0e54755fd626a044d4e809ad9ba3b9adf2688b8766fd4e9c,published ACS median,"Residence-based individual earnings; not household income, a wage offer, or a workplace-based job measure.",project_flag_standard,current_dollars_and_overlapping_acs_vintages
occupation_and_affordability,monthly_gap_to_2br_fmr,Monthly gap between two-bedroom FMR and 30% of median earnings,06097,Sonoma,2024,2024-12-31,cross-vintage benchmark comparison,1455.925,current dollars per month,94.875,54843,113080,2827,broad_occupation,natural_resources_construction_maintenance,"Natural resources, construction, and maintenance occupations",,all,person residence compared with HUD FMR area,"civilian employed population age 16 and over, classified by occupation and residence",CENSUS_ACS5_DETAIL;HUD_FMR,ACS5-2024-B24011-table-based-summary-file;HUD-FMR-FY2026-revised-effective-2026-05-21,2026-08-10T21:40:54Z,c2a8c262db36e71a0e54755fd626a044d4e809ad9ba3b9adf2688b8766fd4e9c;06af2feddaeb79ffd8f9402e8b8b9adb0deab684d599fba835c48fb985eb85cd,FY2026 2BR FMR minus 30% of ACS median annual earnings divided by 12,"Positive values mean the FMR benchmark exceeds 30% of median individual earnings. No work-hour, household-size, or unit-availability assumption is added.",project_flag_standard,acs_current_dollars_compared_with_fy2026_fmr
occupation_and_affordability,earnings_coverage_2br_fmr_pct,Median earnings coverage of two-bedroom FMR income requirement,06097,Sonoma,2024,2024-12-31,cross-vintage benchmark comparison,38.22338168,percent,1.19384507,43223,113080,2827,broad_occupation,production_transportation_material_moving,"Production, transportation, and material moving occupations",,all,person residence compared with HUD FMR area,"civilian employed population age 16 and over, classified by occupation and residence",CENSUS_ACS5_DETAIL;HUD_FMR,ACS5-2024-B24011-table-based-summary-file;HUD-FMR-FY2026-revised-effective-2026-05-21,2026-08-10T21:40:54Z,c2a8c262db36e71a0e54755fd626a044d4e809ad9ba3b9adf2688b8766fd4e9c;06af2feddaeb79ffd8f9402e8b8b9adb0deab684d599fba835c48fb985eb85cd,ACS median annual earnings divided by FY2026 2BR FMR times 40,A descriptive benchmark using the conventional 30% threshold. It does not measure an actual household budget or conclude that a unit is available.,project_flag_standard,acs_current_dollars_compared_with_fy2026_fmr
occupation_and_affordability,median_annual_earnings,Median annual earnings,06097,Sonoma,2024,2024-12-31,annual rolling five-year estimate,43223,current dollars per year,1350,,,,broad_occupation,production_transportation_material_moving,"Production, transportation, and material moving occupations",,all,person residence,"civilian employed population age 16 and over, classified by occupation and residence",CENSUS_ACS5_DETAIL,ACS5-2024-B24011-table-based-summary-file,2026-08-10T21:40:54Z,c2a8c262db36e71a0e54755fd626a044d4e809ad9ba3b9adf2688b8766fd4e9c,published ACS median,"Residence-based individual earnings; not household income, a wage offer, or a workplace-based job measure.",project_flag_standard,current_dollars_and_overlapping_acs_vintages
occupation_and_affordability,monthly_gap_to_2br_fmr,Monthly gap between two-bedroom FMR and 30% of median earnings,06097,Sonoma,2024,2024-12-31,cross-vintage benchmark comparison,1746.425,current dollars per month,33.75,43223,113080,2827,broad_occupation,production_transportation_material_moving,"Production, transportation, and material moving occupations",,all,person residence compared with HUD FMR area,"civilian employed population age 16 and over, classified by occupation and residence",CENSUS_ACS5_DETAIL;HUD_FMR,ACS5-2024-B24011-table-based-summary-file;HUD-FMR-FY2026-revised-effective-2026-05-21,2026-08-10T21:40:54Z,c2a8c262db36e71a0e54755fd626a044d4e809ad9ba3b9adf2688b8766fd4e9c;06af2feddaeb79ffd8f9402e8b8b9adb0deab684d599fba835c48fb985eb85cd,FY2026 2BR FMR minus 30% of ACS median annual earnings divided by 12,"Positive values mean the FMR benchmark exceeds 30% of median individual earnings. No work-hour, household-size, or unit-availability assumption is added.",project_flag_standard,acs_current_dollars_compared_with_fy2026_fmr
occupation_and_affordability,earnings_coverage_2br_fmr_pct,Median earnings coverage of two-bedroom FMR income requirement,06097,Sonoma,2024,2024-12-31,cross-vintage benchmark comparison,41.44499469,percent,1.18323311,46866,113080,2827,broad_occupation,sales_office,Sales and office occupations,,all,person residence compared with HUD FMR area,"civilian employed population age 16 and over, classified by occupation and residence",CENSUS_ACS5_DETAIL;HUD_FMR,ACS5-2024-B24011-table-based-summary-file;HUD-FMR-FY2026-revised-effective-2026-05-21,2026-08-10T21:40:54Z,c2a8c262db36e71a0e54755fd626a044d4e809ad9ba3b9adf2688b8766fd4e9c;06af2feddaeb79ffd8f9402e8b8b9adb0deab684d599fba835c48fb985eb85cd,ACS median annual earnings divided by FY2026 2BR FMR times 40,A descriptive benchmark using the conventional 30% threshold. It does not measure an actual household budget or conclude that a unit is available.,project_flag_standard,acs_current_dollars_compared_with_fy2026_fmr
occupation_and_affordability,median_annual_earnings,Median annual earnings,06097,Sonoma,2024,2024-12-31,annual rolling five-year estimate,46866,current dollars per year,1338,,,,broad_occupation,sales_office,Sales and office occupations,,all,person residence,"civilian employed population age 16 and over, classified by occupation and residence",CENSUS_ACS5_DETAIL,ACS5-2024-B24011-table-based-summary-file,2026-08-10T21:40:54Z,c2a8c262db36e71a0e54755fd626a044d4e809ad9ba3b9adf2688b8766fd4e9c,published ACS median,"Residence-based individual earnings; not household income, a wage offer, or a workplace-based job measure.",project_flag_standard,current_dollars_and_overlapping_acs_vintages
occupation_and_affordability,monthly_gap_to_2br_fmr,Monthly gap between two-bedroom FMR and 30% of median earnings,06097,Sonoma,2024,2024-12-31,cross-vintage benchmark comparison,1655.35,current dollars per month,33.45,46866,113080,2827,broad_occupation,sales_office,Sales and office occupations,,all,person residence compared with HUD FMR area,"civilian employed population age 16 and over, classified by occupation and residence",CENSUS_ACS5_DETAIL;HUD_FMR,ACS5-2024-B24011-table-based-summary-file;HUD-FMR-FY2026-revised-effective-2026-05-21,2026-08-10T21:40:54Z,c2a8c262db36e71a0e54755fd626a044d4e809ad9ba3b9adf2688b8766fd4e9c;06af2feddaeb79ffd8f9402e8b8b9adb0deab684d599fba835c48fb985eb85cd,FY2026 2BR FMR minus 30% of ACS median annual earnings divided by 12,"Positive values mean the FMR benchmark exceeds 30% of median individual earnings. No work-hour, household-size, or unit-availability assumption is added.",project_flag_standard,acs_current_dollars_compared_with_fy2026_fmr
occupation_and_affordability,earnings_coverage_2br_fmr_pct,Median earnings coverage of two-bedroom FMR income requirement,06097,Sonoma,2024,2024-12-31,cross-vintage benchmark comparison,29.25008843,percent,1.24955784,33076,113080,2827,broad_occupation,service,Service occupations,,all,person residence compared with HUD FMR area,"civilian employed population age 16 and over, classified by occupation and residence",CENSUS_ACS5_DETAIL;HUD_FMR,ACS5-2024-B24011-table-based-summary-file;HUD-FMR-FY2026-revised-effective-2026-05-21,2026-08-10T21:40:54Z,c2a8c262db36e71a0e54755fd626a044d4e809ad9ba3b9adf2688b8766fd4e9c;06af2feddaeb79ffd8f9402e8b8b9adb0deab684d599fba835c48fb985eb85cd,ACS median annual earnings divided by FY2026 2BR FMR times 40,A descriptive benchmark using the conventional 30% threshold. It does not measure an actual household budget or conclude that a unit is available.,project_flag_standard,acs_current_dollars_compared_with_fy2026_fmr
occupation_and_affordability,median_annual_earnings,Median annual earnings,06097,Sonoma,2024,2024-12-31,annual rolling five-year estimate,33076,current dollars per year,1413,,,,broad_occupation,service,Service occupations,,all,person residence,"civilian employed population age 16 and over, classified by occupation and residence",CENSUS_ACS5_DETAIL,ACS5-2024-B24011-table-based-summary-file,2026-08-10T21:40:54Z,c2a8c262db36e71a0e54755fd626a044d4e809ad9ba3b9adf2688b8766fd4e9c,published ACS median,"Residence-based individual earnings; not household income, a wage offer, or a workplace-based job measure.",project_flag_standard,current_dollars_and_overlapping_acs_vintages
occupation_and_affordability,monthly_gap_to_2br_fmr,Monthly gap between two-bedroom FMR and 30% of median earnings,06097,Sonoma,2024,2024-12-31,cross-vintage benchmark comparison,2000.1,current dollars per month,35.325,33076,113080,2827,broad_occupation,service,Service occupations,,all,person residence compared with HUD FMR area,"civilian employed population age 16 and over, classified by occupation and residence",CENSUS_ACS5_DETAIL;HUD_FMR,ACS5-2024-B24011-table-based-summary-file;HUD-FMR-FY2026-revised-effective-2026-05-21,2026-08-10T21:40:54Z,c2a8c262db36e71a0e54755fd626a044d4e809ad9ba3b9adf2688b8766fd4e9c;06af2feddaeb79ffd8f9402e8b8b9adb0deab684d599fba835c48fb985eb85cd,FY2026 2BR FMR minus 30% of ACS median annual earnings divided by 12,"Positive values mean the FMR benchmark exceeds 30% of median individual earnings. No work-hour, household-size, or unit-availability assumption is added.",project_flag_standard,acs_current_dollars_compared_with_fy2026_fmr
