domain,metric_id,metric_name,county_fips,county_name,period,period_end,frequency,value,unit,margin_of_error_90,numerator,denominator,benchmark_value,subgroup_type,subgroup_id,subgroup_label,tenure,sex,geography_basis,universe,source_ids,source_releases,retrieved_at,raw_sha256s,calculation,notes,reliability_flag,comparability_status
race_ethnicity_and_housing,homeownership_pct,Homeownership share,06001,Alameda,2024,2024-12-31,annual rolling five-year estimate,36.42898776,percent,4.07327655,1875,5147,,race_ethnicity_of_householder,aian_alone,American Indian and Alaska Native alone,,,household residence,occupied housing units in the stated householder group,CENSUS_ACS5_DETAIL,ACS5-2024-B25003C-table-based-summary-file,2026-08-10T21:40:54Z,8f9eed7241cc42fba7a354130b58f78fae63c128dd27cdaf0d14f572e1b19736,owner-occupied units divided by occupied units,"Race and Hispanic-origin categories overlap and must not be summed. White alone includes Hispanic householders; White alone, not Hispanic is separate.",project_flag_standard,comparable_within_table_and_vintage
race_ethnicity_and_housing,housing_cost_burden_over_30_pct,Housing costs over 30% of household income,06001,Alameda,2024,2024-12-31,annual rolling five-year estimate,42.63803681,percent,12.53738008,556,1304,,race_ethnicity_of_householder,aian_alone,American Indian and Alaska Native alone,owner_with_mortgage,,household residence,Owned units with a mortgage with a computable housing-cost ratio,CENSUS_ACS5_DETAIL,ACS5-2024-B25140C-table-based-summary-file,2026-08-10T21:40:54Z,807303864b79bc92548981faab7d0f612125e70dd10bca9febd0dac776f2b0b2,housing costs over 30% of household income count divided by tenure total less not-calculated cases,The denominator excludes units where the housing-cost-to-income ratio was not calculated. Race and Hispanic-origin categories overlap and are not additive.,project_flag_high_uncertainty,series_begins_2023_table_introduction
race_ethnicity_and_housing,housing_cost_burden_over_50_pct,Housing costs over 50% of household income,06001,Alameda,2024,2024-12-31,annual rolling five-year estimate,23.84969325,percent,9.35004752,311,1304,,race_ethnicity_of_householder,aian_alone,American Indian and Alaska Native alone,owner_with_mortgage,,household residence,Owned units with a mortgage with a computable housing-cost ratio,CENSUS_ACS5_DETAIL,ACS5-2024-B25140C-table-based-summary-file,2026-08-10T21:40:54Z,807303864b79bc92548981faab7d0f612125e70dd10bca9febd0dac776f2b0b2,housing costs over 50% of household income count divided by tenure total less not-calculated cases,The denominator excludes units where the housing-cost-to-income ratio was not calculated. Race and Hispanic-origin categories overlap and are not additive.,project_flag_moderate_uncertainty,series_begins_2023_table_introduction
race_ethnicity_and_housing,housing_cost_burden_over_30_pct,Housing costs over 30% of household income,06001,Alameda,2024,2024-12-31,annual rolling five-year estimate,14.01050788,percent,10.80078799,80,571,,race_ethnicity_of_householder,aian_alone,American Indian and Alaska Native alone,owner_without_mortgage,,household residence,Owned units without a mortgage with a computable housing-cost ratio,CENSUS_ACS5_DETAIL,ACS5-2024-B25140C-table-based-summary-file,2026-08-10T21:40:54Z,807303864b79bc92548981faab7d0f612125e70dd10bca9febd0dac776f2b0b2,housing costs over 30% of household income count divided by tenure total less not-calculated cases,The denominator excludes units where the housing-cost-to-income ratio was not calculated. Race and Hispanic-origin categories overlap and are not additive.,project_flag_high_uncertainty,series_begins_2023_table_introduction
race_ethnicity_and_housing,housing_cost_burden_over_50_pct,Housing costs over 50% of household income,06001,Alameda,2024,2024-12-31,annual rolling five-year estimate,6.83012259,percent,9.64944682,39,571,,race_ethnicity_of_householder,aian_alone,American Indian and Alaska Native alone,owner_without_mortgage,,household residence,Owned units without a mortgage with a computable housing-cost ratio,CENSUS_ACS5_DETAIL,ACS5-2024-B25140C-table-based-summary-file,2026-08-10T21:40:54Z,807303864b79bc92548981faab7d0f612125e70dd10bca9febd0dac776f2b0b2,housing costs over 50% of household income count divided by tenure total less not-calculated cases,The denominator excludes units where the housing-cost-to-income ratio was not calculated. Race and Hispanic-origin categories overlap and are not additive.,project_flag_high_uncertainty,series_begins_2023_table_introduction
race_ethnicity_and_housing,housing_cost_burden_over_30_pct,Housing costs over 30% of household income,06001,Alameda,2024,2024-12-31,annual rolling five-year estimate,47.83421627,percent,4.51091744,1535,3209,,race_ethnicity_of_householder,aian_alone,American Indian and Alaska Native alone,renter,,household residence,Rented units with a computable housing-cost ratio,CENSUS_ACS5_DETAIL,ACS5-2024-B25140C-table-based-summary-file,2026-08-10T21:40:54Z,807303864b79bc92548981faab7d0f612125e70dd10bca9febd0dac776f2b0b2,housing costs over 30% of household income count divided by tenure total less not-calculated cases,The denominator excludes units where the housing-cost-to-income ratio was not calculated. Race and Hispanic-origin categories overlap and are not additive.,project_flag_standard,series_begins_2023_table_introduction
race_ethnicity_and_housing,housing_cost_burden_over_50_pct,Housing costs over 50% of household income,06001,Alameda,2024,2024-12-31,annual rolling five-year estimate,22.84200686,percent,6.09310672,733,3209,,race_ethnicity_of_householder,aian_alone,American Indian and Alaska Native alone,renter,,household residence,Rented units with a computable housing-cost ratio,CENSUS_ACS5_DETAIL,ACS5-2024-B25140C-table-based-summary-file,2026-08-10T21:40:54Z,807303864b79bc92548981faab7d0f612125e70dd10bca9febd0dac776f2b0b2,housing costs over 50% of household income count divided by tenure total less not-calculated cases,The denominator excludes units where the housing-cost-to-income ratio was not calculated. Race and Hispanic-origin categories overlap and are not additive.,project_flag_moderate_uncertainty,series_begins_2023_table_introduction
race_ethnicity_and_housing,homeownership_pct,Homeownership share,06001,Alameda,2024,2024-12-31,annual rolling five-year estimate,64.37538511,percent,0.70037736,120147,186635,,race_ethnicity_of_householder,asian_alone,Asian alone,,,household residence,occupied housing units in the stated householder group,CENSUS_ACS5_DETAIL,ACS5-2024-B25003D-table-based-summary-file,2026-08-10T21:40:54Z,2dcaa89c955425e9e6ed61245d0d27dafdf1319029ac541ed04e1628700c20e8,owner-occupied units divided by occupied units,"Race and Hispanic-origin categories overlap and must not be summed. White alone includes Hispanic householders; White alone, not Hispanic is separate.",project_flag_standard,comparable_within_table_and_vintage
race_ethnicity_and_housing,housing_cost_burden_over_30_pct,Housing costs over 30% of household income,06001,Alameda,2024,2024-12-31,annual rolling five-year estimate,30.49727295,percent,1.14188658,26672,87457,,race_ethnicity_of_householder,asian_alone,Asian alone,owner_with_mortgage,,household residence,Owned units with a mortgage with a computable housing-cost ratio,CENSUS_ACS5_DETAIL,ACS5-2024-B25140D-table-based-summary-file,2026-08-10T21:40:54Z,67fa8ff79fc23ed07ee414822659c69ac9466ae19cf41fcb81aed09900eea9df,housing costs over 30% of household income count divided by tenure total less not-calculated cases,The denominator excludes units where the housing-cost-to-income ratio was not calculated. Race and Hispanic-origin categories overlap and are not additive.,project_flag_standard,series_begins_2023_table_introduction
race_ethnicity_and_housing,housing_cost_burden_over_50_pct,Housing costs over 50% of household income,06001,Alameda,2024,2024-12-31,annual rolling five-year estimate,12.55245435,percent,0.94941049,10978,87457,,race_ethnicity_of_householder,asian_alone,Asian alone,owner_with_mortgage,,household residence,Owned units with a mortgage with a computable housing-cost ratio,CENSUS_ACS5_DETAIL,ACS5-2024-B25140D-table-based-summary-file,2026-08-10T21:40:54Z,67fa8ff79fc23ed07ee414822659c69ac9466ae19cf41fcb81aed09900eea9df,housing costs over 50% of household income count divided by tenure total less not-calculated cases,The denominator excludes units where the housing-cost-to-income ratio was not calculated. Race and Hispanic-origin categories overlap and are not additive.,project_flag_standard,series_begins_2023_table_introduction
race_ethnicity_and_housing,housing_cost_burden_over_30_pct,Housing costs over 30% of household income,06001,Alameda,2024,2024-12-31,annual rolling five-year estimate,15.182652,percent,1.41814518,4817,31727,,race_ethnicity_of_householder,asian_alone,Asian alone,owner_without_mortgage,,household residence,Owned units without a mortgage with a computable housing-cost ratio,CENSUS_ACS5_DETAIL,ACS5-2024-B25140D-table-based-summary-file,2026-08-10T21:40:54Z,67fa8ff79fc23ed07ee414822659c69ac9466ae19cf41fcb81aed09900eea9df,housing costs over 30% of household income count divided by tenure total less not-calculated cases,The denominator excludes units where the housing-cost-to-income ratio was not calculated. Race and Hispanic-origin categories overlap and are not additive.,project_flag_standard,series_begins_2023_table_introduction
race_ethnicity_and_housing,housing_cost_burden_over_50_pct,Housing costs over 50% of household income,06001,Alameda,2024,2024-12-31,annual rolling five-year estimate,7.66854729,percent,1.01526288,2433,31727,,race_ethnicity_of_householder,asian_alone,Asian alone,owner_without_mortgage,,household residence,Owned units without a mortgage with a computable housing-cost ratio,CENSUS_ACS5_DETAIL,ACS5-2024-B25140D-table-based-summary-file,2026-08-10T21:40:54Z,67fa8ff79fc23ed07ee414822659c69ac9466ae19cf41fcb81aed09900eea9df,housing costs over 50% of household income count divided by tenure total less not-calculated cases,The denominator excludes units where the housing-cost-to-income ratio was not calculated. Race and Hispanic-origin categories overlap and are not additive.,project_flag_standard,series_begins_2023_table_introduction
race_ethnicity_and_housing,housing_cost_burden_over_30_pct,Housing costs over 30% of household income,06001,Alameda,2024,2024-12-31,annual rolling five-year estimate,41.50652488,percent,1.55091016,26113,62913,,race_ethnicity_of_householder,asian_alone,Asian alone,renter,,household residence,Rented units with a computable housing-cost ratio,CENSUS_ACS5_DETAIL,ACS5-2024-B25140D-table-based-summary-file,2026-08-10T21:40:54Z,67fa8ff79fc23ed07ee414822659c69ac9466ae19cf41fcb81aed09900eea9df,housing costs over 30% of household income count divided by tenure total less not-calculated cases,The denominator excludes units where the housing-cost-to-income ratio was not calculated. Race and Hispanic-origin categories overlap and are not additive.,project_flag_standard,series_begins_2023_table_introduction
race_ethnicity_and_housing,housing_cost_burden_over_50_pct,Housing costs over 50% of household income,06001,Alameda,2024,2024-12-31,annual rolling five-year estimate,22.76953889,percent,1.10716054,14325,62913,,race_ethnicity_of_householder,asian_alone,Asian alone,renter,,household residence,Rented units with a computable housing-cost ratio,CENSUS_ACS5_DETAIL,ACS5-2024-B25140D-table-based-summary-file,2026-08-10T21:40:54Z,67fa8ff79fc23ed07ee414822659c69ac9466ae19cf41fcb81aed09900eea9df,housing costs over 50% of household income count divided by tenure total less not-calculated cases,The denominator excludes units where the housing-cost-to-income ratio was not calculated. Race and Hispanic-origin categories overlap and are not additive.,project_flag_standard,series_begins_2023_table_introduction
race_ethnicity_and_housing,homeownership_pct,Homeownership share,06001,Alameda,2024,2024-12-31,annual rolling five-year estimate,31.76461803,percent,1.33197108,21268,66955,,race_ethnicity_of_householder,black_alone,Black or African American alone,,,household residence,occupied housing units in the stated householder group,CENSUS_ACS5_DETAIL,ACS5-2024-B25003B-table-based-summary-file,2026-08-10T21:40:54Z,cb7cf99b923e96604963a94d107d71ce917ace43c5da2731e5c2db366c3ffcde,owner-occupied units divided by occupied units,"Race and Hispanic-origin categories overlap and must not be summed. White alone includes Hispanic householders; White alone, not Hispanic is separate.",project_flag_standard,comparable_within_table_and_vintage
race_ethnicity_and_housing,housing_cost_burden_over_30_pct,Housing costs over 30% of household income,06001,Alameda,2024,2024-12-31,annual rolling five-year estimate,47.44712802,percent,3.2703783,7583,15982,,race_ethnicity_of_householder,black_alone,Black or African American alone,owner_with_mortgage,,household residence,Owned units with a mortgage with a computable housing-cost ratio,CENSUS_ACS5_DETAIL,ACS5-2024-B25140B-table-based-summary-file,2026-08-10T21:40:54Z,315dca96c21c09a3f76b620a8eb3653e7ccfdfe3387f25a29379eab890ba08c7,housing costs over 30% of household income count divided by tenure total less not-calculated cases,The denominator excludes units where the housing-cost-to-income ratio was not calculated. Race and Hispanic-origin categories overlap and are not additive.,project_flag_standard,series_begins_2023_table_introduction
race_ethnicity_and_housing,housing_cost_burden_over_50_pct,Housing costs over 50% of household income,06001,Alameda,2024,2024-12-31,annual rolling five-year estimate,25.42860718,percent,3.07251942,4064,15982,,race_ethnicity_of_householder,black_alone,Black or African American alone,owner_with_mortgage,,household residence,Owned units with a mortgage with a computable housing-cost ratio,CENSUS_ACS5_DETAIL,ACS5-2024-B25140B-table-based-summary-file,2026-08-10T21:40:54Z,315dca96c21c09a3f76b620a8eb3653e7ccfdfe3387f25a29379eab890ba08c7,housing costs over 50% of household income count divided by tenure total less not-calculated cases,The denominator excludes units where the housing-cost-to-income ratio was not calculated. Race and Hispanic-origin categories overlap and are not additive.,project_flag_standard,series_begins_2023_table_introduction
race_ethnicity_and_housing,housing_cost_burden_over_30_pct,Housing costs over 30% of household income,06001,Alameda,2024,2024-12-31,annual rolling five-year estimate,26.59405941,percent,4.38778358,1343,5050,,race_ethnicity_of_householder,black_alone,Black or African American alone,owner_without_mortgage,,household residence,Owned units without a mortgage with a computable housing-cost ratio,CENSUS_ACS5_DETAIL,ACS5-2024-B25140B-table-based-summary-file,2026-08-10T21:40:54Z,315dca96c21c09a3f76b620a8eb3653e7ccfdfe3387f25a29379eab890ba08c7,housing costs over 30% of household income count divided by tenure total less not-calculated cases,The denominator excludes units where the housing-cost-to-income ratio was not calculated. Race and Hispanic-origin categories overlap and are not additive.,project_flag_standard,series_begins_2023_table_introduction
race_ethnicity_and_housing,housing_cost_burden_over_50_pct,Housing costs over 50% of household income,06001,Alameda,2024,2024-12-31,annual rolling five-year estimate,17.04950495,percent,3.78149085,861,5050,,race_ethnicity_of_householder,black_alone,Black or African American alone,owner_without_mortgage,,household residence,Owned units without a mortgage with a computable housing-cost ratio,CENSUS_ACS5_DETAIL,ACS5-2024-B25140B-table-based-summary-file,2026-08-10T21:40:54Z,315dca96c21c09a3f76b620a8eb3653e7ccfdfe3387f25a29379eab890ba08c7,housing costs over 50% of household income count divided by tenure total less not-calculated cases,The denominator excludes units where the housing-cost-to-income ratio was not calculated. Race and Hispanic-origin categories overlap and are not additive.,project_flag_standard,series_begins_2023_table_introduction
race_ethnicity_and_housing,housing_cost_burden_over_30_pct,Housing costs over 30% of household income,06001,Alameda,2024,2024-12-31,annual rolling five-year estimate,58.28303612,percent,2.61469606,25493,43740,,race_ethnicity_of_householder,black_alone,Black or African American alone,renter,,household residence,Rented units with a computable housing-cost ratio,CENSUS_ACS5_DETAIL,ACS5-2024-B25140B-table-based-summary-file,2026-08-10T21:40:54Z,315dca96c21c09a3f76b620a8eb3653e7ccfdfe3387f25a29379eab890ba08c7,housing costs over 30% of household income count divided by tenure total less not-calculated cases,The denominator excludes units where the housing-cost-to-income ratio was not calculated. Race and Hispanic-origin categories overlap and are not additive.,project_flag_standard,series_begins_2023_table_introduction
race_ethnicity_and_housing,housing_cost_burden_over_50_pct,Housing costs over 50% of household income,06001,Alameda,2024,2024-12-31,annual rolling five-year estimate,33.7219936,percent,2.68435042,14750,43740,,race_ethnicity_of_householder,black_alone,Black or African American alone,renter,,household residence,Rented units with a computable housing-cost ratio,CENSUS_ACS5_DETAIL,ACS5-2024-B25140B-table-based-summary-file,2026-08-10T21:40:54Z,315dca96c21c09a3f76b620a8eb3653e7ccfdfe3387f25a29379eab890ba08c7,housing costs over 50% of household income count divided by tenure total less not-calculated cases,The denominator excludes units where the housing-cost-to-income ratio was not calculated. Race and Hispanic-origin categories overlap and are not additive.,project_flag_standard,series_begins_2023_table_introduction
race_ethnicity_and_housing,homeownership_pct,Homeownership share,06001,Alameda,2024,2024-12-31,annual rolling five-year estimate,39.34582853,percent,1.18836036,42006,106761,,race_ethnicity_of_householder,hispanic_or_latino,Hispanic or Latino,,,household residence,occupied housing units in the stated householder group,CENSUS_ACS5_DETAIL,ACS5-2024-B25003I-table-based-summary-file,2026-08-10T21:40:54Z,cac1ca32a43c68a961047efabb18ea4302405dbbc29d82ac922d4520bf8659f0,owner-occupied units divided by occupied units,"Race and Hispanic-origin categories overlap and must not be summed. White alone includes Hispanic householders; White alone, not Hispanic is separate.",project_flag_standard,comparable_within_table_and_vintage
race_ethnicity_and_housing,housing_cost_burden_over_30_pct,Housing costs over 30% of household income,06001,Alameda,2024,2024-12-31,annual rolling five-year estimate,38.81838985,percent,2.4720263,11196,28842,,race_ethnicity_of_householder,hispanic_or_latino,Hispanic or Latino,owner_with_mortgage,,household residence,Owned units with a mortgage with a computable housing-cost ratio,CENSUS_ACS5_DETAIL,ACS5-2024-B25140I-table-based-summary-file,2026-08-10T21:40:54Z,9db92e88564f7eac086eea5b91d90ede54cebc373ccefe2e8d21287d2471a312,housing costs over 30% of household income count divided by tenure total less not-calculated cases,The denominator excludes units where the housing-cost-to-income ratio was not calculated. Race and Hispanic-origin categories overlap and are not additive.,project_flag_standard,series_begins_2023_table_introduction
race_ethnicity_and_housing,housing_cost_burden_over_50_pct,Housing costs over 50% of household income,06001,Alameda,2024,2024-12-31,annual rolling five-year estimate,17.52652382,percent,1.71724999,5055,28842,,race_ethnicity_of_householder,hispanic_or_latino,Hispanic or Latino,owner_with_mortgage,,household residence,Owned units with a mortgage with a computable housing-cost ratio,CENSUS_ACS5_DETAIL,ACS5-2024-B25140I-table-based-summary-file,2026-08-10T21:40:54Z,9db92e88564f7eac086eea5b91d90ede54cebc373ccefe2e8d21287d2471a312,housing costs over 50% of household income count divided by tenure total less not-calculated cases,The denominator excludes units where the housing-cost-to-income ratio was not calculated. Race and Hispanic-origin categories overlap and are not additive.,project_flag_standard,series_begins_2023_table_introduction
race_ethnicity_and_housing,housing_cost_burden_over_30_pct,Housing costs over 30% of household income,06001,Alameda,2024,2024-12-31,annual rolling five-year estimate,12.79168271,percent,2.45569066,1661,12985,,race_ethnicity_of_householder,hispanic_or_latino,Hispanic or Latino,owner_without_mortgage,,household residence,Owned units without a mortgage with a computable housing-cost ratio,CENSUS_ACS5_DETAIL,ACS5-2024-B25140I-table-based-summary-file,2026-08-10T21:40:54Z,9db92e88564f7eac086eea5b91d90ede54cebc373ccefe2e8d21287d2471a312,housing costs over 30% of household income count divided by tenure total less not-calculated cases,The denominator excludes units where the housing-cost-to-income ratio was not calculated. Race and Hispanic-origin categories overlap and are not additive.,project_flag_standard,series_begins_2023_table_introduction
race_ethnicity_and_housing,housing_cost_burden_over_50_pct,Housing costs over 50% of household income,06001,Alameda,2024,2024-12-31,annual rolling five-year estimate,5.49865229,percent,1.45831506,714,12985,,race_ethnicity_of_householder,hispanic_or_latino,Hispanic or Latino,owner_without_mortgage,,household residence,Owned units without a mortgage with a computable housing-cost ratio,CENSUS_ACS5_DETAIL,ACS5-2024-B25140I-table-based-summary-file,2026-08-10T21:40:54Z,9db92e88564f7eac086eea5b91d90ede54cebc373ccefe2e8d21287d2471a312,housing costs over 50% of household income count divided by tenure total less not-calculated cases,The denominator excludes units where the housing-cost-to-income ratio was not calculated. Race and Hispanic-origin categories overlap and are not additive.,project_flag_standard,series_begins_2023_table_introduction
race_ethnicity_and_housing,housing_cost_burden_over_30_pct,Housing costs over 30% of household income,06001,Alameda,2024,2024-12-31,annual rolling five-year estimate,54.85128042,percent,1.51099321,34485,62870,,race_ethnicity_of_householder,hispanic_or_latino,Hispanic or Latino,renter,,household residence,Rented units with a computable housing-cost ratio,CENSUS_ACS5_DETAIL,ACS5-2024-B25140I-table-based-summary-file,2026-08-10T21:40:54Z,9db92e88564f7eac086eea5b91d90ede54cebc373ccefe2e8d21287d2471a312,housing costs over 30% of household income count divided by tenure total less not-calculated cases,The denominator excludes units where the housing-cost-to-income ratio was not calculated. Race and Hispanic-origin categories overlap and are not additive.,project_flag_standard,series_begins_2023_table_introduction
race_ethnicity_and_housing,housing_cost_burden_over_50_pct,Housing costs over 50% of household income,06001,Alameda,2024,2024-12-31,annual rolling five-year estimate,27.49324002,percent,1.65185068,17285,62870,,race_ethnicity_of_householder,hispanic_or_latino,Hispanic or Latino,renter,,household residence,Rented units with a computable housing-cost ratio,CENSUS_ACS5_DETAIL,ACS5-2024-B25140I-table-based-summary-file,2026-08-10T21:40:54Z,9db92e88564f7eac086eea5b91d90ede54cebc373ccefe2e8d21287d2471a312,housing costs over 50% of household income count divided by tenure total less not-calculated cases,The denominator excludes units where the housing-cost-to-income ratio was not calculated. Race and Hispanic-origin categories overlap and are not additive.,project_flag_standard,series_begins_2023_table_introduction
race_ethnicity_and_housing,homeownership_pct,Homeownership share,06001,Alameda,2024,2024-12-31,annual rolling five-year estimate,46.32713026,percent,5.54202878,1419,3063,,race_ethnicity_of_householder,nhpi_alone,Native Hawaiian and Other Pacific Islander alone,,,household residence,occupied housing units in the stated householder group,CENSUS_ACS5_DETAIL,ACS5-2024-B25003E-table-based-summary-file,2026-08-10T21:40:54Z,bc9a8d937b8f8add717274b5dd99ecd5e19f85cc9c34eaec7fe37c7d9f0c7f23,owner-occupied units divided by occupied units,"Race and Hispanic-origin categories overlap and must not be summed. White alone includes Hispanic householders; White alone, not Hispanic is separate.",project_flag_moderate_uncertainty,comparable_within_table_and_vintage
race_ethnicity_and_housing,housing_cost_burden_over_30_pct,Housing costs over 30% of household income,06001,Alameda,2024,2024-12-31,annual rolling five-year estimate,32.93084523,percent,10.37078707,300,911,,race_ethnicity_of_householder,nhpi_alone,Native Hawaiian and Other Pacific Islander alone,owner_with_mortgage,,household residence,Owned units with a mortgage with a computable housing-cost ratio,CENSUS_ACS5_DETAIL,ACS5-2024-B25140E-table-based-summary-file,2026-08-10T21:40:54Z,bcc9a240d47ba3546e92c0ae70f8632c8f90ff0083a08da1d1b9c9302126027d,housing costs over 30% of household income count divided by tenure total less not-calculated cases,The denominator excludes units where the housing-cost-to-income ratio was not calculated. Race and Hispanic-origin categories overlap and are not additive.,project_flag_high_uncertainty,series_begins_2023_table_introduction
race_ethnicity_and_housing,housing_cost_burden_over_50_pct,Housing costs over 50% of household income,06001,Alameda,2024,2024-12-31,annual rolling five-year estimate,14.27003293,percent,8.73642543,130,911,,race_ethnicity_of_householder,nhpi_alone,Native Hawaiian and Other Pacific Islander alone,owner_with_mortgage,,household residence,Owned units with a mortgage with a computable housing-cost ratio,CENSUS_ACS5_DETAIL,ACS5-2024-B25140E-table-based-summary-file,2026-08-10T21:40:54Z,bcc9a240d47ba3546e92c0ae70f8632c8f90ff0083a08da1d1b9c9302126027d,housing costs over 50% of household income count divided by tenure total less not-calculated cases,The denominator excludes units where the housing-cost-to-income ratio was not calculated. Race and Hispanic-origin categories overlap and are not additive.,project_flag_high_uncertainty,series_begins_2023_table_introduction
race_ethnicity_and_housing,housing_cost_burden_over_30_pct,Housing costs over 30% of household income,06001,Alameda,2024,2024-12-31,annual rolling five-year estimate,6.17577197,percent,5.62794422,26,421,,race_ethnicity_of_householder,nhpi_alone,Native Hawaiian and Other Pacific Islander alone,owner_without_mortgage,,household residence,Owned units without a mortgage with a computable housing-cost ratio,CENSUS_ACS5_DETAIL,ACS5-2024-B25140E-table-based-summary-file,2026-08-10T21:40:54Z,bcc9a240d47ba3546e92c0ae70f8632c8f90ff0083a08da1d1b9c9302126027d,housing costs over 30% of household income count divided by tenure total less not-calculated cases,The denominator excludes units where the housing-cost-to-income ratio was not calculated. Race and Hispanic-origin categories overlap and are not additive.,project_flag_high_uncertainty,series_begins_2023_table_introduction
race_ethnicity_and_housing,housing_cost_burden_over_50_pct,Housing costs over 50% of household income,06001,Alameda,2024,2024-12-31,annual rolling five-year estimate,3.56294537,percent,4.51839158,15,421,,race_ethnicity_of_householder,nhpi_alone,Native Hawaiian and Other Pacific Islander alone,owner_without_mortgage,,household residence,Owned units without a mortgage with a computable housing-cost ratio,CENSUS_ACS5_DETAIL,ACS5-2024-B25140E-table-based-summary-file,2026-08-10T21:40:54Z,bcc9a240d47ba3546e92c0ae70f8632c8f90ff0083a08da1d1b9c9302126027d,housing costs over 50% of household income count divided by tenure total less not-calculated cases,The denominator excludes units where the housing-cost-to-income ratio was not calculated. Race and Hispanic-origin categories overlap and are not additive.,project_flag_high_uncertainty,series_begins_2023_table_introduction
race_ethnicity_and_housing,housing_cost_burden_over_30_pct,Housing costs over 30% of household income,06001,Alameda,2024,2024-12-31,annual rolling five-year estimate,58.50923483,percent,11.47174053,887,1516,,race_ethnicity_of_householder,nhpi_alone,Native Hawaiian and Other Pacific Islander alone,renter,,household residence,Rented units with a computable housing-cost ratio,CENSUS_ACS5_DETAIL,ACS5-2024-B25140E-table-based-summary-file,2026-08-10T21:40:54Z,bcc9a240d47ba3546e92c0ae70f8632c8f90ff0083a08da1d1b9c9302126027d,housing costs over 30% of household income count divided by tenure total less not-calculated cases,The denominator excludes units where the housing-cost-to-income ratio was not calculated. Race and Hispanic-origin categories overlap and are not additive.,project_flag_high_uncertainty,series_begins_2023_table_introduction
race_ethnicity_and_housing,housing_cost_burden_over_50_pct,Housing costs over 50% of household income,06001,Alameda,2024,2024-12-31,annual rolling five-year estimate,35.94986807,percent,11.11353472,545,1516,,race_ethnicity_of_householder,nhpi_alone,Native Hawaiian and Other Pacific Islander alone,renter,,household residence,Rented units with a computable housing-cost ratio,CENSUS_ACS5_DETAIL,ACS5-2024-B25140E-table-based-summary-file,2026-08-10T21:40:54Z,bcc9a240d47ba3546e92c0ae70f8632c8f90ff0083a08da1d1b9c9302126027d,housing costs over 50% of household income count divided by tenure total less not-calculated cases,The denominator excludes units where the housing-cost-to-income ratio was not calculated. Race and Hispanic-origin categories overlap and are not additive.,project_flag_high_uncertainty,series_begins_2023_table_introduction
race_ethnicity_and_housing,homeownership_pct,Homeownership share,06001,Alameda,2024,2024-12-31,annual rolling five-year estimate,35.09581501,percent,1.72794291,20915,59594,,race_ethnicity_of_householder,some_other_race_alone,Some other race alone,,,household residence,occupied housing units in the stated householder group,CENSUS_ACS5_DETAIL,ACS5-2024-B25003F-table-based-summary-file,2026-08-10T21:40:54Z,d7fb5b61390c9b5451f142561b9a1a233303d38d5f6fcbc588dbda3633441d0c,owner-occupied units divided by occupied units,"Race and Hispanic-origin categories overlap and must not be summed. White alone includes Hispanic householders; White alone, not Hispanic is separate.",project_flag_standard,comparable_within_table_and_vintage
race_ethnicity_and_housing,housing_cost_burden_over_30_pct,Housing costs over 30% of household income,06001,Alameda,2024,2024-12-31,annual rolling five-year estimate,45.76135287,percent,3.22321762,6278,13719,,race_ethnicity_of_householder,some_other_race_alone,Some other race alone,owner_with_mortgage,,household residence,Owned units with a mortgage with a computable housing-cost ratio,CENSUS_ACS5_DETAIL,ACS5-2024-B25140F-table-based-summary-file,2026-08-10T21:40:54Z,83d69d240f5c6059a20db4cece66141192007b1dc319dd073590e681f217394b,housing costs over 30% of household income count divided by tenure total less not-calculated cases,The denominator excludes units where the housing-cost-to-income ratio was not calculated. Race and Hispanic-origin categories overlap and are not additive.,project_flag_standard,series_begins_2023_table_introduction
race_ethnicity_and_housing,housing_cost_burden_over_50_pct,Housing costs over 50% of household income,06001,Alameda,2024,2024-12-31,annual rolling five-year estimate,22.13718201,percent,2.36418523,3037,13719,,race_ethnicity_of_householder,some_other_race_alone,Some other race alone,owner_with_mortgage,,household residence,Owned units with a mortgage with a computable housing-cost ratio,CENSUS_ACS5_DETAIL,ACS5-2024-B25140F-table-based-summary-file,2026-08-10T21:40:54Z,83d69d240f5c6059a20db4cece66141192007b1dc319dd073590e681f217394b,housing costs over 50% of household income count divided by tenure total less not-calculated cases,The denominator excludes units where the housing-cost-to-income ratio was not calculated. Race and Hispanic-origin categories overlap and are not additive.,project_flag_standard,series_begins_2023_table_introduction
race_ethnicity_and_housing,housing_cost_burden_over_30_pct,Housing costs over 30% of household income,06001,Alameda,2024,2024-12-31,annual rolling five-year estimate,13.49520045,percent,4.08090647,956,7084,,race_ethnicity_of_householder,some_other_race_alone,Some other race alone,owner_without_mortgage,,household residence,Owned units without a mortgage with a computable housing-cost ratio,CENSUS_ACS5_DETAIL,ACS5-2024-B25140F-table-based-summary-file,2026-08-10T21:40:54Z,83d69d240f5c6059a20db4cece66141192007b1dc319dd073590e681f217394b,housing costs over 30% of household income count divided by tenure total less not-calculated cases,The denominator excludes units where the housing-cost-to-income ratio was not calculated. Race and Hispanic-origin categories overlap and are not additive.,project_flag_moderate_uncertainty,series_begins_2023_table_introduction
race_ethnicity_and_housing,housing_cost_burden_over_50_pct,Housing costs over 50% of household income,06001,Alameda,2024,2024-12-31,annual rolling five-year estimate,6.4229249,percent,3.10384808,455,7084,,race_ethnicity_of_householder,some_other_race_alone,Some other race alone,owner_without_mortgage,,household residence,Owned units without a mortgage with a computable housing-cost ratio,CENSUS_ACS5_DETAIL,ACS5-2024-B25140F-table-based-summary-file,2026-08-10T21:40:54Z,83d69d240f5c6059a20db4cece66141192007b1dc319dd073590e681f217394b,housing costs over 50% of household income count divided by tenure total less not-calculated cases,The denominator excludes units where the housing-cost-to-income ratio was not calculated. Race and Hispanic-origin categories overlap and are not additive.,project_flag_moderate_uncertainty,series_begins_2023_table_introduction
race_ethnicity_and_housing,housing_cost_burden_over_30_pct,Housing costs over 30% of household income,06001,Alameda,2024,2024-12-31,annual rolling five-year estimate,59.18998135,percent,1.97780835,22214,37530,,race_ethnicity_of_householder,some_other_race_alone,Some other race alone,renter,,household residence,Rented units with a computable housing-cost ratio,CENSUS_ACS5_DETAIL,ACS5-2024-B25140F-table-based-summary-file,2026-08-10T21:40:54Z,83d69d240f5c6059a20db4cece66141192007b1dc319dd073590e681f217394b,housing costs over 30% of household income count divided by tenure total less not-calculated cases,The denominator excludes units where the housing-cost-to-income ratio was not calculated. Race and Hispanic-origin categories overlap and are not additive.,project_flag_standard,series_begins_2023_table_introduction
race_ethnicity_and_housing,housing_cost_burden_over_50_pct,Housing costs over 50% of household income,06001,Alameda,2024,2024-12-31,annual rolling five-year estimate,31.18571809,percent,2.05859056,11704,37530,,race_ethnicity_of_householder,some_other_race_alone,Some other race alone,renter,,household residence,Rented units with a computable housing-cost ratio,CENSUS_ACS5_DETAIL,ACS5-2024-B25140F-table-based-summary-file,2026-08-10T21:40:54Z,83d69d240f5c6059a20db4cece66141192007b1dc319dd073590e681f217394b,housing costs over 50% of household income count divided by tenure total less not-calculated cases,The denominator excludes units where the housing-cost-to-income ratio was not calculated. Race and Hispanic-origin categories overlap and are not additive.,project_flag_standard,series_begins_2023_table_introduction
race_ethnicity_and_housing,homeownership_pct,Homeownership share,06001,Alameda,2024,2024-12-31,annual rolling five-year estimate,46.66688804,percent,1.51076285,28107,60229,,race_ethnicity_of_householder,two_or_more_races,Two or more races,,,household residence,occupied housing units in the stated householder group,CENSUS_ACS5_DETAIL,ACS5-2024-B25003G-table-based-summary-file,2026-08-10T21:40:54Z,d2a199a94da632778a823a0ce83725f97bb20d5bf32856b3d4553c38f97d294d,owner-occupied units divided by occupied units,"Race and Hispanic-origin categories overlap and must not be summed. White alone includes Hispanic householders; White alone, not Hispanic is separate.",project_flag_standard,comparable_within_table_and_vintage
race_ethnicity_and_housing,housing_cost_burden_over_30_pct,Housing costs over 30% of household income,06001,Alameda,2024,2024-12-31,annual rolling five-year estimate,32.5973524,percent,2.72690293,6747,20698,,race_ethnicity_of_householder,two_or_more_races,Two or more races,owner_with_mortgage,,household residence,Owned units with a mortgage with a computable housing-cost ratio,CENSUS_ACS5_DETAIL,ACS5-2024-B25140G-table-based-summary-file,2026-08-10T21:40:54Z,85614a66b05ce30a256584351ebb20f265969c8205d17012954b357865ee0675,housing costs over 30% of household income count divided by tenure total less not-calculated cases,The denominator excludes units where the housing-cost-to-income ratio was not calculated. Race and Hispanic-origin categories overlap and are not additive.,project_flag_standard,series_begins_2023_table_introduction
race_ethnicity_and_housing,housing_cost_burden_over_50_pct,Housing costs over 50% of household income,06001,Alameda,2024,2024-12-31,annual rolling five-year estimate,14.16078848,percent,2.02315549,2931,20698,,race_ethnicity_of_householder,two_or_more_races,Two or more races,owner_with_mortgage,,household residence,Owned units with a mortgage with a computable housing-cost ratio,CENSUS_ACS5_DETAIL,ACS5-2024-B25140G-table-based-summary-file,2026-08-10T21:40:54Z,85614a66b05ce30a256584351ebb20f265969c8205d17012954b357865ee0675,housing costs over 50% of household income count divided by tenure total less not-calculated cases,The denominator excludes units where the housing-cost-to-income ratio was not calculated. Race and Hispanic-origin categories overlap and are not additive.,project_flag_standard,series_begins_2023_table_introduction
race_ethnicity_and_housing,housing_cost_burden_over_30_pct,Housing costs over 30% of household income,06001,Alameda,2024,2024-12-31,annual rolling five-year estimate,13.17218903,percent,3.20197714,970,7364,,race_ethnicity_of_householder,two_or_more_races,Two or more races,owner_without_mortgage,,household residence,Owned units without a mortgage with a computable housing-cost ratio,CENSUS_ACS5_DETAIL,ACS5-2024-B25140G-table-based-summary-file,2026-08-10T21:40:54Z,85614a66b05ce30a256584351ebb20f265969c8205d17012954b357865ee0675,housing costs over 30% of household income count divided by tenure total less not-calculated cases,The denominator excludes units where the housing-cost-to-income ratio was not calculated. Race and Hispanic-origin categories overlap and are not additive.,project_flag_standard,series_begins_2023_table_introduction
race_ethnicity_and_housing,housing_cost_burden_over_50_pct,Housing costs over 50% of household income,06001,Alameda,2024,2024-12-31,annual rolling five-year estimate,5.18739815,percent,2.13734794,382,7364,,race_ethnicity_of_householder,two_or_more_races,Two or more races,owner_without_mortgage,,household residence,Owned units without a mortgage with a computable housing-cost ratio,CENSUS_ACS5_DETAIL,ACS5-2024-B25140G-table-based-summary-file,2026-08-10T21:40:54Z,85614a66b05ce30a256584351ebb20f265969c8205d17012954b357865ee0675,housing costs over 50% of household income count divided by tenure total less not-calculated cases,The denominator excludes units where the housing-cost-to-income ratio was not calculated. Race and Hispanic-origin categories overlap and are not additive.,project_flag_moderate_uncertainty,series_begins_2023_table_introduction
race_ethnicity_and_housing,housing_cost_burden_over_30_pct,Housing costs over 30% of household income,06001,Alameda,2024,2024-12-31,annual rolling five-year estimate,44.87171138,percent,1.85583423,13781,30712,,race_ethnicity_of_householder,two_or_more_races,Two or more races,renter,,household residence,Rented units with a computable housing-cost ratio,CENSUS_ACS5_DETAIL,ACS5-2024-B25140G-table-based-summary-file,2026-08-10T21:40:54Z,85614a66b05ce30a256584351ebb20f265969c8205d17012954b357865ee0675,housing costs over 30% of household income count divided by tenure total less not-calculated cases,The denominator excludes units where the housing-cost-to-income ratio was not calculated. Race and Hispanic-origin categories overlap and are not additive.,project_flag_standard,series_begins_2023_table_introduction
race_ethnicity_and_housing,housing_cost_burden_over_50_pct,Housing costs over 50% of household income,06001,Alameda,2024,2024-12-31,annual rolling five-year estimate,20.20708518,percent,1.79819833,6206,30712,,race_ethnicity_of_householder,two_or_more_races,Two or more races,renter,,household residence,Rented units with a computable housing-cost ratio,CENSUS_ACS5_DETAIL,ACS5-2024-B25140G-table-based-summary-file,2026-08-10T21:40:54Z,85614a66b05ce30a256584351ebb20f265969c8205d17012954b357865ee0675,housing costs over 50% of household income count divided by tenure total less not-calculated cases,The denominator excludes units where the housing-cost-to-income ratio was not calculated. Race and Hispanic-origin categories overlap and are not additive.,project_flag_standard,series_begins_2023_table_introduction
race_ethnicity_and_housing,homeownership_pct,Homeownership share,06001,Alameda,2024,2024-12-31,annual rolling five-year estimate,60.83287555,percent,0.68148358,131778,216623,,race_ethnicity_of_householder,white_alone,White alone,,,household residence,occupied housing units in the stated householder group,CENSUS_ACS5_DETAIL,ACS5-2024-B25003A-table-based-summary-file,2026-08-10T21:40:54Z,0a0e607eda31b52759431fe7390f03f1205daeb91867fb5f31cdce7158a282af,owner-occupied units divided by occupied units,"Race and Hispanic-origin categories overlap and must not be summed. White alone includes Hispanic householders; White alone, not Hispanic is separate.",project_flag_standard,comparable_within_table_and_vintage
race_ethnicity_and_housing,housing_cost_burden_over_30_pct,Housing costs over 30% of household income,06001,Alameda,2024,2024-12-31,annual rolling five-year estimate,29.58471401,percent,1.00636603,25981,87819,,race_ethnicity_of_householder,white_alone,White alone,owner_with_mortgage,,household residence,Owned units with a mortgage with a computable housing-cost ratio,CENSUS_ACS5_DETAIL,ACS5-2024-B25140A-table-based-summary-file,2026-08-10T21:40:54Z,53814337ca0423994c5cf54d663fb59efa08aaf17cca8dd70c35056588460ba9,housing costs over 30% of household income count divided by tenure total less not-calculated cases,The denominator excludes units where the housing-cost-to-income ratio was not calculated. Race and Hispanic-origin categories overlap and are not additive.,project_flag_standard,series_begins_2023_table_introduction
race_ethnicity_and_housing,housing_cost_burden_over_50_pct,Housing costs over 50% of household income,06001,Alameda,2024,2024-12-31,annual rolling five-year estimate,12.39367335,percent,0.66598389,10884,87819,,race_ethnicity_of_householder,white_alone,White alone,owner_with_mortgage,,household residence,Owned units with a mortgage with a computable housing-cost ratio,CENSUS_ACS5_DETAIL,ACS5-2024-B25140A-table-based-summary-file,2026-08-10T21:40:54Z,53814337ca0423994c5cf54d663fb59efa08aaf17cca8dd70c35056588460ba9,housing costs over 50% of household income count divided by tenure total less not-calculated cases,The denominator excludes units where the housing-cost-to-income ratio was not calculated. Race and Hispanic-origin categories overlap and are not additive.,project_flag_standard,series_begins_2023_table_introduction
race_ethnicity_and_housing,housing_cost_burden_over_30_pct,Housing costs over 30% of household income,06001,Alameda,2024,2024-12-31,annual rolling five-year estimate,13.96869565,percent,1.12530754,6024,43125,,race_ethnicity_of_householder,white_alone,White alone,owner_without_mortgage,,household residence,Owned units without a mortgage with a computable housing-cost ratio,CENSUS_ACS5_DETAIL,ACS5-2024-B25140A-table-based-summary-file,2026-08-10T21:40:54Z,53814337ca0423994c5cf54d663fb59efa08aaf17cca8dd70c35056588460ba9,housing costs over 30% of household income count divided by tenure total less not-calculated cases,The denominator excludes units where the housing-cost-to-income ratio was not calculated. Race and Hispanic-origin categories overlap and are not additive.,project_flag_standard,series_begins_2023_table_introduction
race_ethnicity_and_housing,housing_cost_burden_over_50_pct,Housing costs over 50% of household income,06001,Alameda,2024,2024-12-31,annual rolling five-year estimate,7.17913043,percent,0.80178408,3096,43125,,race_ethnicity_of_householder,white_alone,White alone,owner_without_mortgage,,household residence,Owned units without a mortgage with a computable housing-cost ratio,CENSUS_ACS5_DETAIL,ACS5-2024-B25140A-table-based-summary-file,2026-08-10T21:40:54Z,53814337ca0423994c5cf54d663fb59efa08aaf17cca8dd70c35056588460ba9,housing costs over 50% of household income count divided by tenure total less not-calculated cases,The denominator excludes units where the housing-cost-to-income ratio was not calculated. Race and Hispanic-origin categories overlap and are not additive.,project_flag_standard,series_begins_2023_table_introduction
race_ethnicity_and_housing,housing_cost_burden_over_30_pct,Housing costs over 30% of household income,06001,Alameda,2024,2024-12-31,annual rolling five-year estimate,44.40708858,percent,1.37773192,36059,81201,,race_ethnicity_of_householder,white_alone,White alone,renter,,household residence,Rented units with a computable housing-cost ratio,CENSUS_ACS5_DETAIL,ACS5-2024-B25140A-table-based-summary-file,2026-08-10T21:40:54Z,53814337ca0423994c5cf54d663fb59efa08aaf17cca8dd70c35056588460ba9,housing costs over 30% of household income count divided by tenure total less not-calculated cases,The denominator excludes units where the housing-cost-to-income ratio was not calculated. Race and Hispanic-origin categories overlap and are not additive.,project_flag_standard,series_begins_2023_table_introduction
race_ethnicity_and_housing,housing_cost_burden_over_50_pct,Housing costs over 50% of household income,06001,Alameda,2024,2024-12-31,annual rolling five-year estimate,22.15489957,percent,1.10610667,17990,81201,,race_ethnicity_of_householder,white_alone,White alone,renter,,household residence,Rented units with a computable housing-cost ratio,CENSUS_ACS5_DETAIL,ACS5-2024-B25140A-table-based-summary-file,2026-08-10T21:40:54Z,53814337ca0423994c5cf54d663fb59efa08aaf17cca8dd70c35056588460ba9,housing costs over 50% of household income count divided by tenure total less not-calculated cases,The denominator excludes units where the housing-cost-to-income ratio was not calculated. Race and Hispanic-origin categories overlap and are not additive.,project_flag_standard,series_begins_2023_table_introduction
race_ethnicity_and_housing,homeownership_pct,Homeownership share,06001,Alameda,2024,2024-12-31,annual rolling five-year estimate,61.99311062,percent,0.70622044,126337,203792,,race_ethnicity_of_householder,white_non_hispanic,"White alone, not Hispanic or Latino",,,household residence,occupied housing units in the stated householder group,CENSUS_ACS5_DETAIL,ACS5-2024-B25003H-table-based-summary-file,2026-08-10T21:40:54Z,b4f56c76ae8f3c088e3e673c684e58f0e81cbbc0ea962e8b8c9b6029b5b4cc58,owner-occupied units divided by occupied units,"Race and Hispanic-origin categories overlap and must not be summed. White alone includes Hispanic householders; White alone, not Hispanic is separate.",project_flag_standard,comparable_within_table_and_vintage
race_ethnicity_and_housing,housing_cost_burden_over_30_pct,Housing costs over 30% of household income,06001,Alameda,2024,2024-12-31,annual rolling five-year estimate,29.44881138,percent,1.00091166,24689,83837,,race_ethnicity_of_householder,white_non_hispanic,"White alone, not Hispanic or Latino",owner_with_mortgage,,household residence,Owned units with a mortgage with a computable housing-cost ratio,CENSUS_ACS5_DETAIL,ACS5-2024-B25140H-table-based-summary-file,2026-08-10T21:40:54Z,2dc6fe9ad8eecc7debcefc90e0be1ba1277c00acf55e648bbc9a20d477f4171e,housing costs over 30% of household income count divided by tenure total less not-calculated cases,The denominator excludes units where the housing-cost-to-income ratio was not calculated. Race and Hispanic-origin categories overlap and are not additive.,project_flag_standard,series_begins_2023_table_introduction
race_ethnicity_and_housing,housing_cost_burden_over_50_pct,Housing costs over 50% of household income,06001,Alameda,2024,2024-12-31,annual rolling five-year estimate,12.31198635,percent,0.69336235,10322,83837,,race_ethnicity_of_householder,white_non_hispanic,"White alone, not Hispanic or Latino",owner_with_mortgage,,household residence,Owned units with a mortgage with a computable housing-cost ratio,CENSUS_ACS5_DETAIL,ACS5-2024-B25140H-table-based-summary-file,2026-08-10T21:40:54Z,2dc6fe9ad8eecc7debcefc90e0be1ba1277c00acf55e648bbc9a20d477f4171e,housing costs over 50% of household income count divided by tenure total less not-calculated cases,The denominator excludes units where the housing-cost-to-income ratio was not calculated. Race and Hispanic-origin categories overlap and are not additive.,project_flag_standard,series_begins_2023_table_introduction
race_ethnicity_and_housing,housing_cost_burden_over_30_pct,Housing costs over 30% of household income,06001,Alameda,2024,2024-12-31,annual rolling five-year estimate,13.81484323,percent,1.17286387,5763,41716,,race_ethnicity_of_householder,white_non_hispanic,"White alone, not Hispanic or Latino",owner_without_mortgage,,household residence,Owned units without a mortgage with a computable housing-cost ratio,CENSUS_ACS5_DETAIL,ACS5-2024-B25140H-table-based-summary-file,2026-08-10T21:40:54Z,2dc6fe9ad8eecc7debcefc90e0be1ba1277c00acf55e648bbc9a20d477f4171e,housing costs over 30% of household income count divided by tenure total less not-calculated cases,The denominator excludes units where the housing-cost-to-income ratio was not calculated. Race and Hispanic-origin categories overlap and are not additive.,project_flag_standard,series_begins_2023_table_introduction
race_ethnicity_and_housing,housing_cost_burden_over_50_pct,Housing costs over 50% of household income,06001,Alameda,2024,2024-12-31,annual rolling five-year estimate,7.10039313,percent,0.81748813,2962,41716,,race_ethnicity_of_householder,white_non_hispanic,"White alone, not Hispanic or Latino",owner_without_mortgage,,household residence,Owned units without a mortgage with a computable housing-cost ratio,CENSUS_ACS5_DETAIL,ACS5-2024-B25140H-table-based-summary-file,2026-08-10T21:40:54Z,2dc6fe9ad8eecc7debcefc90e0be1ba1277c00acf55e648bbc9a20d477f4171e,housing costs over 50% of household income count divided by tenure total less not-calculated cases,The denominator excludes units where the housing-cost-to-income ratio was not calculated. Race and Hispanic-origin categories overlap and are not additive.,project_flag_standard,series_begins_2023_table_introduction
race_ethnicity_and_housing,housing_cost_burden_over_30_pct,Housing costs over 30% of household income,06001,Alameda,2024,2024-12-31,annual rolling five-year estimate,43.5802969,percent,1.42878116,32293,74100,,race_ethnicity_of_householder,white_non_hispanic,"White alone, not Hispanic or Latino",renter,,household residence,Rented units with a computable housing-cost ratio,CENSUS_ACS5_DETAIL,ACS5-2024-B25140H-table-based-summary-file,2026-08-10T21:40:54Z,2dc6fe9ad8eecc7debcefc90e0be1ba1277c00acf55e648bbc9a20d477f4171e,housing costs over 30% of household income count divided by tenure total less not-calculated cases,The denominator excludes units where the housing-cost-to-income ratio was not calculated. Race and Hispanic-origin categories overlap and are not additive.,project_flag_standard,series_begins_2023_table_introduction
race_ethnicity_and_housing,housing_cost_burden_over_50_pct,Housing costs over 50% of household income,06001,Alameda,2024,2024-12-31,annual rolling five-year estimate,21.78137652,percent,1.13452903,16140,74100,,race_ethnicity_of_householder,white_non_hispanic,"White alone, not Hispanic or Latino",renter,,household residence,Rented units with a computable housing-cost ratio,CENSUS_ACS5_DETAIL,ACS5-2024-B25140H-table-based-summary-file,2026-08-10T21:40:54Z,2dc6fe9ad8eecc7debcefc90e0be1ba1277c00acf55e648bbc9a20d477f4171e,housing costs over 50% of household income count divided by tenure total less not-calculated cases,The denominator excludes units where the housing-cost-to-income ratio was not calculated. Race and Hispanic-origin categories overlap and are not additive.,project_flag_standard,series_begins_2023_table_introduction
race_ethnicity_and_housing,homeownership_pct,Homeownership share,06013,Contra Costa,2024,2024-12-31,annual rolling five-year estimate,51.88157167,percent,6.97871569,1875,3614,,race_ethnicity_of_householder,aian_alone,American Indian and Alaska Native alone,,,household residence,occupied housing units in the stated householder group,CENSUS_ACS5_DETAIL,ACS5-2024-B25003C-table-based-summary-file,2026-08-10T21:40:54Z,8f9eed7241cc42fba7a354130b58f78fae63c128dd27cdaf0d14f572e1b19736,owner-occupied units divided by occupied units,"Race and Hispanic-origin categories overlap and must not be summed. White alone includes Hispanic householders; White alone, not Hispanic is separate.",project_flag_moderate_uncertainty,comparable_within_table_and_vintage
race_ethnicity_and_housing,housing_cost_burden_over_30_pct,Housing costs over 30% of household income,06013,Contra Costa,2024,2024-12-31,annual rolling five-year estimate,23.63796134,percent,7.22564819,269,1138,,race_ethnicity_of_householder,aian_alone,American Indian and Alaska Native alone,owner_with_mortgage,,household residence,Owned units with a mortgage with a computable housing-cost ratio,CENSUS_ACS5_DETAIL,ACS5-2024-B25140C-table-based-summary-file,2026-08-10T21:40:54Z,807303864b79bc92548981faab7d0f612125e70dd10bca9febd0dac776f2b0b2,housing costs over 30% of household income count divided by tenure total less not-calculated cases,The denominator excludes units where the housing-cost-to-income ratio was not calculated. Race and Hispanic-origin categories overlap and are not additive.,project_flag_moderate_uncertainty,series_begins_2023_table_introduction
race_ethnicity_and_housing,housing_cost_burden_over_50_pct,Housing costs over 50% of household income,06013,Contra Costa,2024,2024-12-31,annual rolling five-year estimate,9.13884007,percent,4.27860091,104,1138,,race_ethnicity_of_householder,aian_alone,American Indian and Alaska Native alone,owner_with_mortgage,,household residence,Owned units with a mortgage with a computable housing-cost ratio,CENSUS_ACS5_DETAIL,ACS5-2024-B25140C-table-based-summary-file,2026-08-10T21:40:54Z,807303864b79bc92548981faab7d0f612125e70dd10bca9febd0dac776f2b0b2,housing costs over 50% of household income count divided by tenure total less not-calculated cases,The denominator excludes units where the housing-cost-to-income ratio was not calculated. Race and Hispanic-origin categories overlap and are not additive.,project_flag_moderate_uncertainty,series_begins_2023_table_introduction
race_ethnicity_and_housing,housing_cost_burden_over_30_pct,Housing costs over 30% of household income,06013,Contra Costa,2024,2024-12-31,annual rolling five-year estimate,8.95522388,percent,6.50755205,66,737,,race_ethnicity_of_householder,aian_alone,American Indian and Alaska Native alone,owner_without_mortgage,,household residence,Owned units without a mortgage with a computable housing-cost ratio,CENSUS_ACS5_DETAIL,ACS5-2024-B25140C-table-based-summary-file,2026-08-10T21:40:54Z,807303864b79bc92548981faab7d0f612125e70dd10bca9febd0dac776f2b0b2,housing costs over 30% of household income count divided by tenure total less not-calculated cases,The denominator excludes units where the housing-cost-to-income ratio was not calculated. Race and Hispanic-origin categories overlap and are not additive.,project_flag_high_uncertainty,series_begins_2023_table_introduction
race_ethnicity_and_housing,housing_cost_burden_over_50_pct,Housing costs over 50% of household income,06013,Contra Costa,2024,2024-12-31,annual rolling five-year estimate,2.84938942,percent,3.02960986,21,737,,race_ethnicity_of_householder,aian_alone,American Indian and Alaska Native alone,owner_without_mortgage,,household residence,Owned units without a mortgage with a computable housing-cost ratio,CENSUS_ACS5_DETAIL,ACS5-2024-B25140C-table-based-summary-file,2026-08-10T21:40:54Z,807303864b79bc92548981faab7d0f612125e70dd10bca9febd0dac776f2b0b2,housing costs over 50% of household income count divided by tenure total less not-calculated cases,The denominator excludes units where the housing-cost-to-income ratio was not calculated. Race and Hispanic-origin categories overlap and are not additive.,project_flag_high_uncertainty,series_begins_2023_table_introduction
race_ethnicity_and_housing,housing_cost_burden_over_30_pct,Housing costs over 30% of household income,06013,Contra Costa,2024,2024-12-31,annual rolling five-year estimate,61.08280255,percent,12.61173329,959,1570,,race_ethnicity_of_householder,aian_alone,American Indian and Alaska Native alone,renter,,household residence,Rented units with a computable housing-cost ratio,CENSUS_ACS5_DETAIL,ACS5-2024-B25140C-table-based-summary-file,2026-08-10T21:40:54Z,807303864b79bc92548981faab7d0f612125e70dd10bca9febd0dac776f2b0b2,housing costs over 30% of household income count divided by tenure total less not-calculated cases,The denominator excludes units where the housing-cost-to-income ratio was not calculated. Race and Hispanic-origin categories overlap and are not additive.,project_flag_high_uncertainty,series_begins_2023_table_introduction
race_ethnicity_and_housing,housing_cost_burden_over_50_pct,Housing costs over 50% of household income,06013,Contra Costa,2024,2024-12-31,annual rolling five-year estimate,25.79617834,percent,9.86455903,405,1570,,race_ethnicity_of_householder,aian_alone,American Indian and Alaska Native alone,renter,,household residence,Rented units with a computable housing-cost ratio,CENSUS_ACS5_DETAIL,ACS5-2024-B25140C-table-based-summary-file,2026-08-10T21:40:54Z,807303864b79bc92548981faab7d0f612125e70dd10bca9febd0dac776f2b0b2,housing costs over 50% of household income count divided by tenure total less not-calculated cases,The denominator excludes units where the housing-cost-to-income ratio was not calculated. Race and Hispanic-origin categories overlap and are not additive.,project_flag_moderate_uncertainty,series_begins_2023_table_introduction
race_ethnicity_and_housing,homeownership_pct,Homeownership share,06013,Contra Costa,2024,2024-12-31,annual rolling five-year estimate,76.54495345,percent,0.86902105,55825,72931,,race_ethnicity_of_householder,asian_alone,Asian alone,,,household residence,occupied housing units in the stated householder group,CENSUS_ACS5_DETAIL,ACS5-2024-B25003D-table-based-summary-file,2026-08-10T21:40:54Z,2dcaa89c955425e9e6ed61245d0d27dafdf1319029ac541ed04e1628700c20e8,owner-occupied units divided by occupied units,"Race and Hispanic-origin categories overlap and must not be summed. White alone includes Hispanic householders; White alone, not Hispanic is separate.",project_flag_standard,comparable_within_table_and_vintage
race_ethnicity_and_housing,housing_cost_burden_over_30_pct,Housing costs over 30% of household income,06013,Contra Costa,2024,2024-12-31,annual rolling five-year estimate,33.883852,percent,2.12717253,13828,40810,,race_ethnicity_of_householder,asian_alone,Asian alone,owner_with_mortgage,,household residence,Owned units with a mortgage with a computable housing-cost ratio,CENSUS_ACS5_DETAIL,ACS5-2024-B25140D-table-based-summary-file,2026-08-10T21:40:54Z,67fa8ff79fc23ed07ee414822659c69ac9466ae19cf41fcb81aed09900eea9df,housing costs over 30% of household income count divided by tenure total less not-calculated cases,The denominator excludes units where the housing-cost-to-income ratio was not calculated. Race and Hispanic-origin categories overlap and are not additive.,project_flag_standard,series_begins_2023_table_introduction
race_ethnicity_and_housing,housing_cost_burden_over_50_pct,Housing costs over 50% of household income,06013,Contra Costa,2024,2024-12-31,annual rolling five-year estimate,13.82504288,percent,1.38291856,5642,40810,,race_ethnicity_of_householder,asian_alone,Asian alone,owner_with_mortgage,,household residence,Owned units with a mortgage with a computable housing-cost ratio,CENSUS_ACS5_DETAIL,ACS5-2024-B25140D-table-based-summary-file,2026-08-10T21:40:54Z,67fa8ff79fc23ed07ee414822659c69ac9466ae19cf41fcb81aed09900eea9df,housing costs over 50% of household income count divided by tenure total less not-calculated cases,The denominator excludes units where the housing-cost-to-income ratio was not calculated. Race and Hispanic-origin categories overlap and are not additive.,project_flag_standard,series_begins_2023_table_introduction
race_ethnicity_and_housing,housing_cost_burden_over_30_pct,Housing costs over 30% of household income,06013,Contra Costa,2024,2024-12-31,annual rolling five-year estimate,13.22381373,percent,1.85717963,1948,14731,,race_ethnicity_of_householder,asian_alone,Asian alone,owner_without_mortgage,,household residence,Owned units without a mortgage with a computable housing-cost ratio,CENSUS_ACS5_DETAIL,ACS5-2024-B25140D-table-based-summary-file,2026-08-10T21:40:54Z,67fa8ff79fc23ed07ee414822659c69ac9466ae19cf41fcb81aed09900eea9df,housing costs over 30% of household income count divided by tenure total less not-calculated cases,The denominator excludes units where the housing-cost-to-income ratio was not calculated. Race and Hispanic-origin categories overlap and are not additive.,project_flag_standard,series_begins_2023_table_introduction
race_ethnicity_and_housing,housing_cost_burden_over_50_pct,Housing costs over 50% of household income,06013,Contra Costa,2024,2024-12-31,annual rolling five-year estimate,8.33616184,percent,1.60613124,1228,14731,,race_ethnicity_of_householder,asian_alone,Asian alone,owner_without_mortgage,,household residence,Owned units without a mortgage with a computable housing-cost ratio,CENSUS_ACS5_DETAIL,ACS5-2024-B25140D-table-based-summary-file,2026-08-10T21:40:54Z,67fa8ff79fc23ed07ee414822659c69ac9466ae19cf41fcb81aed09900eea9df,housing costs over 50% of household income count divided by tenure total less not-calculated cases,The denominator excludes units where the housing-cost-to-income ratio was not calculated. Race and Hispanic-origin categories overlap and are not additive.,project_flag_standard,series_begins_2023_table_introduction
race_ethnicity_and_housing,housing_cost_burden_over_30_pct,Housing costs over 30% of household income,06013,Contra Costa,2024,2024-12-31,annual rolling five-year estimate,46.36063911,percent,3.2870919,7312,15772,,race_ethnicity_of_householder,asian_alone,Asian alone,renter,,household residence,Rented units with a computable housing-cost ratio,CENSUS_ACS5_DETAIL,ACS5-2024-B25140D-table-based-summary-file,2026-08-10T21:40:54Z,67fa8ff79fc23ed07ee414822659c69ac9466ae19cf41fcb81aed09900eea9df,housing costs over 30% of household income count divided by tenure total less not-calculated cases,The denominator excludes units where the housing-cost-to-income ratio was not calculated. Race and Hispanic-origin categories overlap and are not additive.,project_flag_standard,series_begins_2023_table_introduction
race_ethnicity_and_housing,housing_cost_burden_over_50_pct,Housing costs over 50% of household income,06013,Contra Costa,2024,2024-12-31,annual rolling five-year estimate,25.507228,percent,2.6244899,4023,15772,,race_ethnicity_of_householder,asian_alone,Asian alone,renter,,household residence,Rented units with a computable housing-cost ratio,CENSUS_ACS5_DETAIL,ACS5-2024-B25140D-table-based-summary-file,2026-08-10T21:40:54Z,67fa8ff79fc23ed07ee414822659c69ac9466ae19cf41fcb81aed09900eea9df,housing costs over 50% of household income count divided by tenure total less not-calculated cases,The denominator excludes units where the housing-cost-to-income ratio was not calculated. Race and Hispanic-origin categories overlap and are not additive.,project_flag_standard,series_begins_2023_table_introduction
race_ethnicity_and_housing,homeownership_pct,Homeownership share,06013,Contra Costa,2024,2024-12-31,annual rolling five-year estimate,46.73376326,percent,2.28850822,17320,37061,,race_ethnicity_of_householder,black_alone,Black or African American alone,,,household residence,occupied housing units in the stated householder group,CENSUS_ACS5_DETAIL,ACS5-2024-B25003B-table-based-summary-file,2026-08-10T21:40:54Z,cb7cf99b923e96604963a94d107d71ce917ace43c5da2731e5c2db366c3ffcde,owner-occupied units divided by occupied units,"Race and Hispanic-origin categories overlap and must not be summed. White alone includes Hispanic householders; White alone, not Hispanic is separate.",project_flag_standard,comparable_within_table_and_vintage
race_ethnicity_and_housing,housing_cost_burden_over_30_pct,Housing costs over 30% of household income,06013,Contra Costa,2024,2024-12-31,annual rolling five-year estimate,44.90285964,percent,4.99699219,6171,13743,,race_ethnicity_of_householder,black_alone,Black or African American alone,owner_with_mortgage,,household residence,Owned units with a mortgage with a computable housing-cost ratio,CENSUS_ACS5_DETAIL,ACS5-2024-B25140B-table-based-summary-file,2026-08-10T21:40:54Z,315dca96c21c09a3f76b620a8eb3653e7ccfdfe3387f25a29379eab890ba08c7,housing costs over 30% of household income count divided by tenure total less not-calculated cases,The denominator excludes units where the housing-cost-to-income ratio was not calculated. Race and Hispanic-origin categories overlap and are not additive.,project_flag_standard,series_begins_2023_table_introduction
race_ethnicity_and_housing,housing_cost_burden_over_50_pct,Housing costs over 50% of household income,06013,Contra Costa,2024,2024-12-31,annual rolling five-year estimate,22.78250746,percent,4.30569664,3131,13743,,race_ethnicity_of_householder,black_alone,Black or African American alone,owner_with_mortgage,,household residence,Owned units with a mortgage with a computable housing-cost ratio,CENSUS_ACS5_DETAIL,ACS5-2024-B25140B-table-based-summary-file,2026-08-10T21:40:54Z,315dca96c21c09a3f76b620a8eb3653e7ccfdfe3387f25a29379eab890ba08c7,housing costs over 50% of household income count divided by tenure total less not-calculated cases,The denominator excludes units where the housing-cost-to-income ratio was not calculated. Race and Hispanic-origin categories overlap and are not additive.,project_flag_standard,series_begins_2023_table_introduction
race_ethnicity_and_housing,housing_cost_burden_over_30_pct,Housing costs over 30% of household income,06013,Contra Costa,2024,2024-12-31,annual rolling five-year estimate,19.12615741,percent,4.81772418,661,3456,,race_ethnicity_of_householder,black_alone,Black or African American alone,owner_without_mortgage,,household residence,Owned units without a mortgage with a computable housing-cost ratio,CENSUS_ACS5_DETAIL,ACS5-2024-B25140B-table-based-summary-file,2026-08-10T21:40:54Z,315dca96c21c09a3f76b620a8eb3653e7ccfdfe3387f25a29379eab890ba08c7,housing costs over 30% of household income count divided by tenure total less not-calculated cases,The denominator excludes units where the housing-cost-to-income ratio was not calculated. Race and Hispanic-origin categories overlap and are not additive.,project_flag_standard,series_begins_2023_table_introduction
race_ethnicity_and_housing,housing_cost_burden_over_50_pct,Housing costs over 50% of household income,06013,Contra Costa,2024,2024-12-31,annual rolling five-year estimate,14.12037037,percent,4.89881656,488,3456,,race_ethnicity_of_householder,black_alone,Black or African American alone,owner_without_mortgage,,household residence,Owned units without a mortgage with a computable housing-cost ratio,CENSUS_ACS5_DETAIL,ACS5-2024-B25140B-table-based-summary-file,2026-08-10T21:40:54Z,315dca96c21c09a3f76b620a8eb3653e7ccfdfe3387f25a29379eab890ba08c7,housing costs over 50% of household income count divided by tenure total less not-calculated cases,The denominator excludes units where the housing-cost-to-income ratio was not calculated. Race and Hispanic-origin categories overlap and are not additive.,project_flag_moderate_uncertainty,series_begins_2023_table_introduction
race_ethnicity_and_housing,housing_cost_burden_over_30_pct,Housing costs over 30% of household income,06013,Contra Costa,2024,2024-12-31,annual rolling five-year estimate,64.54077572,percent,3.81689803,12164,18847,,race_ethnicity_of_householder,black_alone,Black or African American alone,renter,,household residence,Rented units with a computable housing-cost ratio,CENSUS_ACS5_DETAIL,ACS5-2024-B25140B-table-based-summary-file,2026-08-10T21:40:54Z,315dca96c21c09a3f76b620a8eb3653e7ccfdfe3387f25a29379eab890ba08c7,housing costs over 30% of household income count divided by tenure total less not-calculated cases,The denominator excludes units where the housing-cost-to-income ratio was not calculated. Race and Hispanic-origin categories overlap and are not additive.,project_flag_standard,series_begins_2023_table_introduction
race_ethnicity_and_housing,housing_cost_burden_over_50_pct,Housing costs over 50% of household income,06013,Contra Costa,2024,2024-12-31,annual rolling five-year estimate,33.8727649,percent,3.56988654,6384,18847,,race_ethnicity_of_householder,black_alone,Black or African American alone,renter,,household residence,Rented units with a computable housing-cost ratio,CENSUS_ACS5_DETAIL,ACS5-2024-B25140B-table-based-summary-file,2026-08-10T21:40:54Z,315dca96c21c09a3f76b620a8eb3653e7ccfdfe3387f25a29379eab890ba08c7,housing costs over 50% of household income count divided by tenure total less not-calculated cases,The denominator excludes units where the housing-cost-to-income ratio was not calculated. Race and Hispanic-origin categories overlap and are not additive.,project_flag_standard,series_begins_2023_table_introduction
race_ethnicity_and_housing,homeownership_pct,Homeownership share,06013,Contra Costa,2024,2024-12-31,annual rolling five-year estimate,55.23094014,percent,1.42291554,48226,87317,,race_ethnicity_of_householder,hispanic_or_latino,Hispanic or Latino,,,household residence,occupied housing units in the stated householder group,CENSUS_ACS5_DETAIL,ACS5-2024-B25003I-table-based-summary-file,2026-08-10T21:40:54Z,cac1ca32a43c68a961047efabb18ea4302405dbbc29d82ac922d4520bf8659f0,owner-occupied units divided by occupied units,"Race and Hispanic-origin categories overlap and must not be summed. White alone includes Hispanic householders; White alone, not Hispanic is separate.",project_flag_standard,comparable_within_table_and_vintage
race_ethnicity_and_housing,housing_cost_burden_over_30_pct,Housing costs over 30% of household income,06013,Contra Costa,2024,2024-12-31,annual rolling five-year estimate,36.53512884,percent,2.47286188,12860,35199,,race_ethnicity_of_householder,hispanic_or_latino,Hispanic or Latino,owner_with_mortgage,,household residence,Owned units with a mortgage with a computable housing-cost ratio,CENSUS_ACS5_DETAIL,ACS5-2024-B25140I-table-based-summary-file,2026-08-10T21:40:54Z,9db92e88564f7eac086eea5b91d90ede54cebc373ccefe2e8d21287d2471a312,housing costs over 30% of household income count divided by tenure total less not-calculated cases,The denominator excludes units where the housing-cost-to-income ratio was not calculated. Race and Hispanic-origin categories overlap and are not additive.,project_flag_standard,series_begins_2023_table_introduction
race_ethnicity_and_housing,housing_cost_burden_over_50_pct,Housing costs over 50% of household income,06013,Contra Costa,2024,2024-12-31,annual rolling five-year estimate,16.29023552,percent,1.86773123,5734,35199,,race_ethnicity_of_householder,hispanic_or_latino,Hispanic or Latino,owner_with_mortgage,,household residence,Owned units with a mortgage with a computable housing-cost ratio,CENSUS_ACS5_DETAIL,ACS5-2024-B25140I-table-based-summary-file,2026-08-10T21:40:54Z,9db92e88564f7eac086eea5b91d90ede54cebc373ccefe2e8d21287d2471a312,housing costs over 50% of household income count divided by tenure total less not-calculated cases,The denominator excludes units where the housing-cost-to-income ratio was not calculated. Race and Hispanic-origin categories overlap and are not additive.,project_flag_standard,series_begins_2023_table_introduction
race_ethnicity_and_housing,housing_cost_burden_over_30_pct,Housing costs over 30% of household income,06013,Contra Costa,2024,2024-12-31,annual rolling five-year estimate,10.60464391,percent,2.28740911,1361,12834,,race_ethnicity_of_householder,hispanic_or_latino,Hispanic or Latino,owner_without_mortgage,,household residence,Owned units without a mortgage with a computable housing-cost ratio,CENSUS_ACS5_DETAIL,ACS5-2024-B25140I-table-based-summary-file,2026-08-10T21:40:54Z,9db92e88564f7eac086eea5b91d90ede54cebc373ccefe2e8d21287d2471a312,housing costs over 30% of household income count divided by tenure total less not-calculated cases,The denominator excludes units where the housing-cost-to-income ratio was not calculated. Race and Hispanic-origin categories overlap and are not additive.,project_flag_standard,series_begins_2023_table_introduction
race_ethnicity_and_housing,housing_cost_burden_over_50_pct,Housing costs over 50% of household income,06013,Contra Costa,2024,2024-12-31,annual rolling five-year estimate,5.25946704,percent,1.70220949,675,12834,,race_ethnicity_of_householder,hispanic_or_latino,Hispanic or Latino,owner_without_mortgage,,household residence,Owned units without a mortgage with a computable housing-cost ratio,CENSUS_ACS5_DETAIL,ACS5-2024-B25140I-table-based-summary-file,2026-08-10T21:40:54Z,9db92e88564f7eac086eea5b91d90ede54cebc373ccefe2e8d21287d2471a312,housing costs over 50% of household income count divided by tenure total less not-calculated cases,The denominator excludes units where the housing-cost-to-income ratio was not calculated. Race and Hispanic-origin categories overlap and are not additive.,project_flag_moderate_uncertainty,series_begins_2023_table_introduction
race_ethnicity_and_housing,housing_cost_burden_over_30_pct,Housing costs over 30% of household income,06013,Contra Costa,2024,2024-12-31,annual rolling five-year estimate,57.94194692,percent,2.16798081,21898,37793,,race_ethnicity_of_householder,hispanic_or_latino,Hispanic or Latino,renter,,household residence,Rented units with a computable housing-cost ratio,CENSUS_ACS5_DETAIL,ACS5-2024-B25140I-table-based-summary-file,2026-08-10T21:40:54Z,9db92e88564f7eac086eea5b91d90ede54cebc373ccefe2e8d21287d2471a312,housing costs over 30% of household income count divided by tenure total less not-calculated cases,The denominator excludes units where the housing-cost-to-income ratio was not calculated. Race and Hispanic-origin categories overlap and are not additive.,project_flag_standard,series_begins_2023_table_introduction
race_ethnicity_and_housing,housing_cost_burden_over_50_pct,Housing costs over 50% of household income,06013,Contra Costa,2024,2024-12-31,annual rolling five-year estimate,27.22726431,percent,1.85091763,10290,37793,,race_ethnicity_of_householder,hispanic_or_latino,Hispanic or Latino,renter,,household residence,Rented units with a computable housing-cost ratio,CENSUS_ACS5_DETAIL,ACS5-2024-B25140I-table-based-summary-file,2026-08-10T21:40:54Z,9db92e88564f7eac086eea5b91d90ede54cebc373ccefe2e8d21287d2471a312,housing costs over 50% of household income count divided by tenure total less not-calculated cases,The denominator excludes units where the housing-cost-to-income ratio was not calculated. Race and Hispanic-origin categories overlap and are not additive.,project_flag_standard,series_begins_2023_table_introduction
race_ethnicity_and_housing,homeownership_pct,Homeownership share,06013,Contra Costa,2024,2024-12-31,annual rolling five-year estimate,53.41463415,percent,10.24828438,876,1640,,race_ethnicity_of_householder,nhpi_alone,Native Hawaiian and Other Pacific Islander alone,,,household residence,occupied housing units in the stated householder group,CENSUS_ACS5_DETAIL,ACS5-2024-B25003E-table-based-summary-file,2026-08-10T21:40:54Z,bc9a8d937b8f8add717274b5dd99ecd5e19f85cc9c34eaec7fe37c7d9f0c7f23,owner-occupied units divided by occupied units,"Race and Hispanic-origin categories overlap and must not be summed. White alone includes Hispanic householders; White alone, not Hispanic is separate.",project_flag_high_uncertainty,comparable_within_table_and_vintage
race_ethnicity_and_housing,housing_cost_burden_over_30_pct,Housing costs over 30% of household income,06013,Contra Costa,2024,2024-12-31,annual rolling five-year estimate,40.03944773,percent,21.00398185,203,507,,race_ethnicity_of_householder,nhpi_alone,Native Hawaiian and Other Pacific Islander alone,owner_with_mortgage,,household residence,Owned units with a mortgage with a computable housing-cost ratio,CENSUS_ACS5_DETAIL,ACS5-2024-B25140E-table-based-summary-file,2026-08-10T21:40:54Z,bcc9a240d47ba3546e92c0ae70f8632c8f90ff0083a08da1d1b9c9302126027d,housing costs over 30% of household income count divided by tenure total less not-calculated cases,The denominator excludes units where the housing-cost-to-income ratio was not calculated. Race and Hispanic-origin categories overlap and are not additive.,project_flag_high_uncertainty,series_begins_2023_table_introduction
race_ethnicity_and_housing,housing_cost_burden_over_50_pct,Housing costs over 50% of household income,06013,Contra Costa,2024,2024-12-31,annual rolling five-year estimate,26.23274162,percent,18.89131421,133,507,,race_ethnicity_of_householder,nhpi_alone,Native Hawaiian and Other Pacific Islander alone,owner_with_mortgage,,household residence,Owned units with a mortgage with a computable housing-cost ratio,CENSUS_ACS5_DETAIL,ACS5-2024-B25140E-table-based-summary-file,2026-08-10T21:40:54Z,bcc9a240d47ba3546e92c0ae70f8632c8f90ff0083a08da1d1b9c9302126027d,housing costs over 50% of household income count divided by tenure total less not-calculated cases,The denominator excludes units where the housing-cost-to-income ratio was not calculated. Race and Hispanic-origin categories overlap and are not additive.,project_flag_high_uncertainty,series_begins_2023_table_introduction
race_ethnicity_and_housing,housing_cost_burden_over_30_pct,Housing costs over 30% of household income,06013,Contra Costa,2024,2024-12-31,annual rolling five-year estimate,0,percent,8.67208672,0,369,,race_ethnicity_of_householder,nhpi_alone,Native Hawaiian and Other Pacific Islander alone,owner_without_mortgage,,household residence,Owned units without a mortgage with a computable housing-cost ratio,CENSUS_ACS5_DETAIL,ACS5-2024-B25140E-table-based-summary-file,2026-08-10T21:40:54Z,bcc9a240d47ba3546e92c0ae70f8632c8f90ff0083a08da1d1b9c9302126027d,housing costs over 30% of household income count divided by tenure total less not-calculated cases,The denominator excludes units where the housing-cost-to-income ratio was not calculated. Race and Hispanic-origin categories overlap and are not additive.,project_flag_high_uncertainty,series_begins_2023_table_introduction
race_ethnicity_and_housing,housing_cost_burden_over_50_pct,Housing costs over 50% of household income,06013,Contra Costa,2024,2024-12-31,annual rolling five-year estimate,0,percent,8.67208672,0,369,,race_ethnicity_of_householder,nhpi_alone,Native Hawaiian and Other Pacific Islander alone,owner_without_mortgage,,household residence,Owned units without a mortgage with a computable housing-cost ratio,CENSUS_ACS5_DETAIL,ACS5-2024-B25140E-table-based-summary-file,2026-08-10T21:40:54Z,bcc9a240d47ba3546e92c0ae70f8632c8f90ff0083a08da1d1b9c9302126027d,housing costs over 50% of household income count divided by tenure total less not-calculated cases,The denominator excludes units where the housing-cost-to-income ratio was not calculated. Race and Hispanic-origin categories overlap and are not additive.,project_flag_high_uncertainty,series_begins_2023_table_introduction
race_ethnicity_and_housing,housing_cost_burden_over_30_pct,Housing costs over 30% of household income,06013,Contra Costa,2024,2024-12-31,annual rolling five-year estimate,60.07853403,percent,19.90044711,459,764,,race_ethnicity_of_householder,nhpi_alone,Native Hawaiian and Other Pacific Islander alone,renter,,household residence,Rented units with a computable housing-cost ratio,CENSUS_ACS5_DETAIL,ACS5-2024-B25140E-table-based-summary-file,2026-08-10T21:40:54Z,bcc9a240d47ba3546e92c0ae70f8632c8f90ff0083a08da1d1b9c9302126027d,housing costs over 30% of household income count divided by tenure total less not-calculated cases,The denominator excludes units where the housing-cost-to-income ratio was not calculated. Race and Hispanic-origin categories overlap and are not additive.,project_flag_high_uncertainty,series_begins_2023_table_introduction
race_ethnicity_and_housing,housing_cost_burden_over_50_pct,Housing costs over 50% of household income,06013,Contra Costa,2024,2024-12-31,annual rolling five-year estimate,19.76439791,percent,13.29005791,151,764,,race_ethnicity_of_householder,nhpi_alone,Native Hawaiian and Other Pacific Islander alone,renter,,household residence,Rented units with a computable housing-cost ratio,CENSUS_ACS5_DETAIL,ACS5-2024-B25140E-table-based-summary-file,2026-08-10T21:40:54Z,bcc9a240d47ba3546e92c0ae70f8632c8f90ff0083a08da1d1b9c9302126027d,housing costs over 50% of household income count divided by tenure total less not-calculated cases,The denominator excludes units where the housing-cost-to-income ratio was not calculated. Race and Hispanic-origin categories overlap and are not additive.,project_flag_high_uncertainty,series_begins_2023_table_introduction
race_ethnicity_and_housing,homeownership_pct,Homeownership share,06013,Contra Costa,2024,2024-12-31,annual rolling five-year estimate,49.15342661,percent,1.64804955,20728,42170,,race_ethnicity_of_householder,some_other_race_alone,Some other race alone,,,household residence,occupied housing units in the stated householder group,CENSUS_ACS5_DETAIL,ACS5-2024-B25003F-table-based-summary-file,2026-08-10T21:40:54Z,d7fb5b61390c9b5451f142561b9a1a233303d38d5f6fcbc588dbda3633441d0c,owner-occupied units divided by occupied units,"Race and Hispanic-origin categories overlap and must not be summed. White alone includes Hispanic householders; White alone, not Hispanic is separate.",project_flag_standard,comparable_within_table_and_vintage
race_ethnicity_and_housing,housing_cost_burden_over_30_pct,Housing costs over 30% of household income,06013,Contra Costa,2024,2024-12-31,annual rolling five-year estimate,41.87655316,percent,3.65372841,6235,14889,,race_ethnicity_of_householder,some_other_race_alone,Some other race alone,owner_with_mortgage,,household residence,Owned units with a mortgage with a computable housing-cost ratio,CENSUS_ACS5_DETAIL,ACS5-2024-B25140F-table-based-summary-file,2026-08-10T21:40:54Z,83d69d240f5c6059a20db4cece66141192007b1dc319dd073590e681f217394b,housing costs over 30% of household income count divided by tenure total less not-calculated cases,The denominator excludes units where the housing-cost-to-income ratio was not calculated. Race and Hispanic-origin categories overlap and are not additive.,project_flag_standard,series_begins_2023_table_introduction
race_ethnicity_and_housing,housing_cost_burden_over_50_pct,Housing costs over 50% of household income,06013,Contra Costa,2024,2024-12-31,annual rolling five-year estimate,18.47672779,percent,2.68335027,2751,14889,,race_ethnicity_of_householder,some_other_race_alone,Some other race alone,owner_with_mortgage,,household residence,Owned units with a mortgage with a computable housing-cost ratio,CENSUS_ACS5_DETAIL,ACS5-2024-B25140F-table-based-summary-file,2026-08-10T21:40:54Z,83d69d240f5c6059a20db4cece66141192007b1dc319dd073590e681f217394b,housing costs over 50% of household income count divided by tenure total less not-calculated cases,The denominator excludes units where the housing-cost-to-income ratio was not calculated. Race and Hispanic-origin categories overlap and are not additive.,project_flag_standard,series_begins_2023_table_introduction
race_ethnicity_and_housing,housing_cost_burden_over_30_pct,Housing costs over 30% of household income,06013,Contra Costa,2024,2024-12-31,annual rolling five-year estimate,12.33257958,percent,3.32236571,709,5749,,race_ethnicity_of_householder,some_other_race_alone,Some other race alone,owner_without_mortgage,,household residence,Owned units without a mortgage with a computable housing-cost ratio,CENSUS_ACS5_DETAIL,ACS5-2024-B25140F-table-based-summary-file,2026-08-10T21:40:54Z,83d69d240f5c6059a20db4cece66141192007b1dc319dd073590e681f217394b,housing costs over 30% of household income count divided by tenure total less not-calculated cases,The denominator excludes units where the housing-cost-to-income ratio was not calculated. Race and Hispanic-origin categories overlap and are not additive.,project_flag_standard,series_begins_2023_table_introduction
race_ethnicity_and_housing,housing_cost_burden_over_50_pct,Housing costs over 50% of household income,06013,Contra Costa,2024,2024-12-31,annual rolling five-year estimate,5.70534006,percent,2.50896151,328,5749,,race_ethnicity_of_householder,some_other_race_alone,Some other race alone,owner_without_mortgage,,household residence,Owned units without a mortgage with a computable housing-cost ratio,CENSUS_ACS5_DETAIL,ACS5-2024-B25140F-table-based-summary-file,2026-08-10T21:40:54Z,83d69d240f5c6059a20db4cece66141192007b1dc319dd073590e681f217394b,housing costs over 50% of household income count divided by tenure total less not-calculated cases,The denominator excludes units where the housing-cost-to-income ratio was not calculated. Race and Hispanic-origin categories overlap and are not additive.,project_flag_moderate_uncertainty,series_begins_2023_table_introduction
race_ethnicity_and_housing,housing_cost_burden_over_30_pct,Housing costs over 30% of household income,06013,Contra Costa,2024,2024-12-31,annual rolling five-year estimate,61.68651739,percent,2.38894852,12948,20990,,race_ethnicity_of_householder,some_other_race_alone,Some other race alone,renter,,household residence,Rented units with a computable housing-cost ratio,CENSUS_ACS5_DETAIL,ACS5-2024-B25140F-table-based-summary-file,2026-08-10T21:40:54Z,83d69d240f5c6059a20db4cece66141192007b1dc319dd073590e681f217394b,housing costs over 30% of household income count divided by tenure total less not-calculated cases,The denominator excludes units where the housing-cost-to-income ratio was not calculated. Race and Hispanic-origin categories overlap and are not additive.,project_flag_standard,series_begins_2023_table_introduction
race_ethnicity_and_housing,housing_cost_burden_over_50_pct,Housing costs over 50% of household income,06013,Contra Costa,2024,2024-12-31,annual rolling five-year estimate,32.24868985,percent,2.60781528,6769,20990,,race_ethnicity_of_householder,some_other_race_alone,Some other race alone,renter,,household residence,Rented units with a computable housing-cost ratio,CENSUS_ACS5_DETAIL,ACS5-2024-B25140F-table-based-summary-file,2026-08-10T21:40:54Z,83d69d240f5c6059a20db4cece66141192007b1dc319dd073590e681f217394b,housing costs over 50% of household income count divided by tenure total less not-calculated cases,The denominator excludes units where the housing-cost-to-income ratio was not calculated. Race and Hispanic-origin categories overlap and are not additive.,project_flag_standard,series_begins_2023_table_introduction
race_ethnicity_and_housing,homeownership_pct,Homeownership share,06013,Contra Costa,2024,2024-12-31,annual rolling five-year estimate,61.54621251,percent,2.21455337,31151,50614,,race_ethnicity_of_householder,two_or_more_races,Two or more races,,,household residence,occupied housing units in the stated householder group,CENSUS_ACS5_DETAIL,ACS5-2024-B25003G-table-based-summary-file,2026-08-10T21:40:54Z,d2a199a94da632778a823a0ce83725f97bb20d5bf32856b3d4553c38f97d294d,owner-occupied units divided by occupied units,"Race and Hispanic-origin categories overlap and must not be summed. White alone includes Hispanic householders; White alone, not Hispanic is separate.",project_flag_standard,comparable_within_table_and_vintage
race_ethnicity_and_housing,housing_cost_burden_over_30_pct,Housing costs over 30% of household income,06013,Contra Costa,2024,2024-12-31,annual rolling five-year estimate,34.78910519,percent,3.32138087,8149,23424,,race_ethnicity_of_householder,two_or_more_races,Two or more races,owner_with_mortgage,,household residence,Owned units with a mortgage with a computable housing-cost ratio,CENSUS_ACS5_DETAIL,ACS5-2024-B25140G-table-based-summary-file,2026-08-10T21:40:54Z,85614a66b05ce30a256584351ebb20f265969c8205d17012954b357865ee0675,housing costs over 30% of household income count divided by tenure total less not-calculated cases,The denominator excludes units where the housing-cost-to-income ratio was not calculated. Race and Hispanic-origin categories overlap and are not additive.,project_flag_standard,series_begins_2023_table_introduction
race_ethnicity_and_housing,housing_cost_burden_over_50_pct,Housing costs over 50% of household income,06013,Contra Costa,2024,2024-12-31,annual rolling five-year estimate,15.24077869,percent,2.628715,3570,23424,,race_ethnicity_of_householder,two_or_more_races,Two or more races,owner_with_mortgage,,household residence,Owned units with a mortgage with a computable housing-cost ratio,CENSUS_ACS5_DETAIL,ACS5-2024-B25140G-table-based-summary-file,2026-08-10T21:40:54Z,85614a66b05ce30a256584351ebb20f265969c8205d17012954b357865ee0675,housing costs over 50% of household income count divided by tenure total less not-calculated cases,The denominator excludes units where the housing-cost-to-income ratio was not calculated. Race and Hispanic-origin categories overlap and are not additive.,project_flag_standard,series_begins_2023_table_introduction
race_ethnicity_and_housing,housing_cost_burden_over_30_pct,Housing costs over 30% of household income,06013,Contra Costa,2024,2024-12-31,annual rolling five-year estimate,11.01014092,percent,2.89089355,836,7593,,race_ethnicity_of_householder,two_or_more_races,Two or more races,owner_without_mortgage,,household residence,Owned units without a mortgage with a computable housing-cost ratio,CENSUS_ACS5_DETAIL,ACS5-2024-B25140G-table-based-summary-file,2026-08-10T21:40:54Z,85614a66b05ce30a256584351ebb20f265969c8205d17012954b357865ee0675,housing costs over 30% of household income count divided by tenure total less not-calculated cases,The denominator excludes units where the housing-cost-to-income ratio was not calculated. Race and Hispanic-origin categories overlap and are not additive.,project_flag_standard,series_begins_2023_table_introduction
race_ethnicity_and_housing,housing_cost_burden_over_50_pct,Housing costs over 50% of household income,06013,Contra Costa,2024,2024-12-31,annual rolling five-year estimate,7.23034374,percent,2.48892111,549,7593,,race_ethnicity_of_householder,two_or_more_races,Two or more races,owner_without_mortgage,,household residence,Owned units without a mortgage with a computable housing-cost ratio,CENSUS_ACS5_DETAIL,ACS5-2024-B25140G-table-based-summary-file,2026-08-10T21:40:54Z,85614a66b05ce30a256584351ebb20f265969c8205d17012954b357865ee0675,housing costs over 50% of household income count divided by tenure total less not-calculated cases,The denominator excludes units where the housing-cost-to-income ratio was not calculated. Race and Hispanic-origin categories overlap and are not additive.,project_flag_moderate_uncertainty,series_begins_2023_table_introduction
race_ethnicity_and_housing,housing_cost_burden_over_30_pct,Housing costs over 30% of household income,06013,Contra Costa,2024,2024-12-31,annual rolling five-year estimate,51.89948026,percent,4.12342838,9686,18663,,race_ethnicity_of_householder,two_or_more_races,Two or more races,renter,,household residence,Rented units with a computable housing-cost ratio,CENSUS_ACS5_DETAIL,ACS5-2024-B25140G-table-based-summary-file,2026-08-10T21:40:54Z,85614a66b05ce30a256584351ebb20f265969c8205d17012954b357865ee0675,housing costs over 30% of household income count divided by tenure total less not-calculated cases,The denominator excludes units where the housing-cost-to-income ratio was not calculated. Race and Hispanic-origin categories overlap and are not additive.,project_flag_standard,series_begins_2023_table_introduction
race_ethnicity_and_housing,housing_cost_burden_over_50_pct,Housing costs over 50% of household income,06013,Contra Costa,2024,2024-12-31,annual rolling five-year estimate,23.91898409,percent,2.77918517,4464,18663,,race_ethnicity_of_householder,two_or_more_races,Two or more races,renter,,household residence,Rented units with a computable housing-cost ratio,CENSUS_ACS5_DETAIL,ACS5-2024-B25140G-table-based-summary-file,2026-08-10T21:40:54Z,85614a66b05ce30a256584351ebb20f265969c8205d17012954b357865ee0675,housing costs over 50% of household income count divided by tenure total less not-calculated cases,The denominator excludes units where the housing-cost-to-income ratio was not calculated. Race and Hispanic-origin categories overlap and are not additive.,project_flag_standard,series_begins_2023_table_introduction
race_ethnicity_and_housing,homeownership_pct,Homeownership share,06013,Contra Costa,2024,2024-12-31,annual rolling five-year estimate,74.63842199,percent,0.68627534,154044,206387,,race_ethnicity_of_householder,white_alone,White alone,,,household residence,occupied housing units in the stated householder group,CENSUS_ACS5_DETAIL,ACS5-2024-B25003A-table-based-summary-file,2026-08-10T21:40:54Z,0a0e607eda31b52759431fe7390f03f1205daeb91867fb5f31cdce7158a282af,owner-occupied units divided by occupied units,"Race and Hispanic-origin categories overlap and must not be summed. White alone includes Hispanic householders; White alone, not Hispanic is separate.",project_flag_standard,comparable_within_table_and_vintage
race_ethnicity_and_housing,housing_cost_burden_over_30_pct,Housing costs over 30% of household income,06013,Contra Costa,2024,2024-12-31,annual rolling five-year estimate,32.87837889,percent,1.09528821,34592,105212,,race_ethnicity_of_householder,white_alone,White alone,owner_with_mortgage,,household residence,Owned units with a mortgage with a computable housing-cost ratio,CENSUS_ACS5_DETAIL,ACS5-2024-B25140A-table-based-summary-file,2026-08-10T21:40:54Z,53814337ca0423994c5cf54d663fb59efa08aaf17cca8dd70c35056588460ba9,housing costs over 30% of household income count divided by tenure total less not-calculated cases,The denominator excludes units where the housing-cost-to-income ratio was not calculated. Race and Hispanic-origin categories overlap and are not additive.,project_flag_standard,series_begins_2023_table_introduction
race_ethnicity_and_housing,housing_cost_burden_over_50_pct,Housing costs over 50% of household income,06013,Contra Costa,2024,2024-12-31,annual rolling five-year estimate,13.85393301,percent,0.71150884,14576,105212,,race_ethnicity_of_householder,white_alone,White alone,owner_with_mortgage,,household residence,Owned units with a mortgage with a computable housing-cost ratio,CENSUS_ACS5_DETAIL,ACS5-2024-B25140A-table-based-summary-file,2026-08-10T21:40:54Z,53814337ca0423994c5cf54d663fb59efa08aaf17cca8dd70c35056588460ba9,housing costs over 50% of household income count divided by tenure total less not-calculated cases,The denominator excludes units where the housing-cost-to-income ratio was not calculated. Race and Hispanic-origin categories overlap and are not additive.,project_flag_standard,series_begins_2023_table_introduction
race_ethnicity_and_housing,housing_cost_burden_over_30_pct,Housing costs over 30% of household income,06013,Contra Costa,2024,2024-12-31,annual rolling five-year estimate,18.03535607,percent,1.06786668,8631,47856,,race_ethnicity_of_householder,white_alone,White alone,owner_without_mortgage,,household residence,Owned units without a mortgage with a computable housing-cost ratio,CENSUS_ACS5_DETAIL,ACS5-2024-B25140A-table-based-summary-file,2026-08-10T21:40:54Z,53814337ca0423994c5cf54d663fb59efa08aaf17cca8dd70c35056588460ba9,housing costs over 30% of household income count divided by tenure total less not-calculated cases,The denominator excludes units where the housing-cost-to-income ratio was not calculated. Race and Hispanic-origin categories overlap and are not additive.,project_flag_standard,series_begins_2023_table_introduction
race_ethnicity_and_housing,housing_cost_burden_over_50_pct,Housing costs over 50% of household income,06013,Contra Costa,2024,2024-12-31,annual rolling five-year estimate,9.49724173,percent,0.92427463,4545,47856,,race_ethnicity_of_householder,white_alone,White alone,owner_without_mortgage,,household residence,Owned units without a mortgage with a computable housing-cost ratio,CENSUS_ACS5_DETAIL,ACS5-2024-B25140A-table-based-summary-file,2026-08-10T21:40:54Z,53814337ca0423994c5cf54d663fb59efa08aaf17cca8dd70c35056588460ba9,housing costs over 50% of household income count divided by tenure total less not-calculated cases,The denominator excludes units where the housing-cost-to-income ratio was not calculated. Race and Hispanic-origin categories overlap and are not additive.,project_flag_standard,series_begins_2023_table_introduction
race_ethnicity_and_housing,housing_cost_burden_over_30_pct,Housing costs over 30% of household income,06013,Contra Costa,2024,2024-12-31,annual rolling five-year estimate,50.36441824,percent,1.92360562,24946,49531,,race_ethnicity_of_householder,white_alone,White alone,renter,,household residence,Rented units with a computable housing-cost ratio,CENSUS_ACS5_DETAIL,ACS5-2024-B25140A-table-based-summary-file,2026-08-10T21:40:54Z,53814337ca0423994c5cf54d663fb59efa08aaf17cca8dd70c35056588460ba9,housing costs over 30% of household income count divided by tenure total less not-calculated cases,The denominator excludes units where the housing-cost-to-income ratio was not calculated. Race and Hispanic-origin categories overlap and are not additive.,project_flag_standard,series_begins_2023_table_introduction
race_ethnicity_and_housing,housing_cost_burden_over_50_pct,Housing costs over 50% of household income,06013,Contra Costa,2024,2024-12-31,annual rolling five-year estimate,25.08731905,percent,1.74796065,12426,49531,,race_ethnicity_of_householder,white_alone,White alone,renter,,household residence,Rented units with a computable housing-cost ratio,CENSUS_ACS5_DETAIL,ACS5-2024-B25140A-table-based-summary-file,2026-08-10T21:40:54Z,53814337ca0423994c5cf54d663fb59efa08aaf17cca8dd70c35056588460ba9,housing costs over 50% of household income count divided by tenure total less not-calculated cases,The denominator excludes units where the housing-cost-to-income ratio was not calculated. Race and Hispanic-origin categories overlap and are not additive.,project_flag_standard,series_begins_2023_table_introduction
race_ethnicity_and_housing,homeownership_pct,Homeownership share,06013,Contra Costa,2024,2024-12-31,annual rolling five-year estimate,75.33456771,percent,0.75128561,146473,194430,,race_ethnicity_of_householder,white_non_hispanic,"White alone, not Hispanic or Latino",,,household residence,occupied housing units in the stated householder group,CENSUS_ACS5_DETAIL,ACS5-2024-B25003H-table-based-summary-file,2026-08-10T21:40:54Z,b4f56c76ae8f3c088e3e673c684e58f0e81cbbc0ea962e8b8c9b6029b5b4cc58,owner-occupied units divided by occupied units,"Race and Hispanic-origin categories overlap and must not be summed. White alone includes Hispanic householders; White alone, not Hispanic is separate.",project_flag_standard,comparable_within_table_and_vintage
race_ethnicity_and_housing,housing_cost_burden_over_30_pct,Housing costs over 30% of household income,06013,Contra Costa,2024,2024-12-31,annual rolling five-year estimate,32.81089362,percent,1.10813498,32553,99214,,race_ethnicity_of_householder,white_non_hispanic,"White alone, not Hispanic or Latino",owner_with_mortgage,,household residence,Owned units with a mortgage with a computable housing-cost ratio,CENSUS_ACS5_DETAIL,ACS5-2024-B25140H-table-based-summary-file,2026-08-10T21:40:54Z,2dc6fe9ad8eecc7debcefc90e0be1ba1277c00acf55e648bbc9a20d477f4171e,housing costs over 30% of household income count divided by tenure total less not-calculated cases,The denominator excludes units where the housing-cost-to-income ratio was not calculated. Race and Hispanic-origin categories overlap and are not additive.,project_flag_standard,series_begins_2023_table_introduction
race_ethnicity_and_housing,housing_cost_burden_over_50_pct,Housing costs over 50% of household income,06013,Contra Costa,2024,2024-12-31,annual rolling five-year estimate,13.70270325,percent,0.76696347,13595,99214,,race_ethnicity_of_householder,white_non_hispanic,"White alone, not Hispanic or Latino",owner_with_mortgage,,household residence,Owned units with a mortgage with a computable housing-cost ratio,CENSUS_ACS5_DETAIL,ACS5-2024-B25140H-table-based-summary-file,2026-08-10T21:40:54Z,2dc6fe9ad8eecc7debcefc90e0be1ba1277c00acf55e648bbc9a20d477f4171e,housing costs over 50% of household income count divided by tenure total less not-calculated cases,The denominator excludes units where the housing-cost-to-income ratio was not calculated. Race and Hispanic-origin categories overlap and are not additive.,project_flag_standard,series_begins_2023_table_introduction
race_ethnicity_and_housing,housing_cost_burden_over_30_pct,Housing costs over 30% of household income,06013,Contra Costa,2024,2024-12-31,annual rolling five-year estimate,18.13730777,percent,1.13732266,8409,46363,,race_ethnicity_of_householder,white_non_hispanic,"White alone, not Hispanic or Latino",owner_without_mortgage,,household residence,Owned units without a mortgage with a computable housing-cost ratio,CENSUS_ACS5_DETAIL,ACS5-2024-B25140H-table-based-summary-file,2026-08-10T21:40:54Z,2dc6fe9ad8eecc7debcefc90e0be1ba1277c00acf55e648bbc9a20d477f4171e,housing costs over 30% of household income count divided by tenure total less not-calculated cases,The denominator excludes units where the housing-cost-to-income ratio was not calculated. Race and Hispanic-origin categories overlap and are not additive.,project_flag_standard,series_begins_2023_table_introduction
race_ethnicity_and_housing,housing_cost_burden_over_50_pct,Housing costs over 50% of household income,06013,Contra Costa,2024,2024-12-31,annual rolling five-year estimate,9.51836594,percent,0.96600498,4413,46363,,race_ethnicity_of_householder,white_non_hispanic,"White alone, not Hispanic or Latino",owner_without_mortgage,,household residence,Owned units without a mortgage with a computable housing-cost ratio,CENSUS_ACS5_DETAIL,ACS5-2024-B25140H-table-based-summary-file,2026-08-10T21:40:54Z,2dc6fe9ad8eecc7debcefc90e0be1ba1277c00acf55e648bbc9a20d477f4171e,housing costs over 50% of household income count divided by tenure total less not-calculated cases,The denominator excludes units where the housing-cost-to-income ratio was not calculated. Race and Hispanic-origin categories overlap and are not additive.,project_flag_standard,series_begins_2023_table_introduction
race_ethnicity_and_housing,housing_cost_burden_over_30_pct,Housing costs over 30% of household income,06013,Contra Costa,2024,2024-12-31,annual rolling five-year estimate,49.61902665,percent,1.92782505,22532,45410,,race_ethnicity_of_householder,white_non_hispanic,"White alone, not Hispanic or Latino",renter,,household residence,Rented units with a computable housing-cost ratio,CENSUS_ACS5_DETAIL,ACS5-2024-B25140H-table-based-summary-file,2026-08-10T21:40:54Z,2dc6fe9ad8eecc7debcefc90e0be1ba1277c00acf55e648bbc9a20d477f4171e,housing costs over 30% of household income count divided by tenure total less not-calculated cases,The denominator excludes units where the housing-cost-to-income ratio was not calculated. Race and Hispanic-origin categories overlap and are not additive.,project_flag_standard,series_begins_2023_table_introduction
race_ethnicity_and_housing,housing_cost_burden_over_50_pct,Housing costs over 50% of household income,06013,Contra Costa,2024,2024-12-31,annual rolling five-year estimate,25.26315789,percent,1.82624693,11472,45410,,race_ethnicity_of_householder,white_non_hispanic,"White alone, not Hispanic or Latino",renter,,household residence,Rented units with a computable housing-cost ratio,CENSUS_ACS5_DETAIL,ACS5-2024-B25140H-table-based-summary-file,2026-08-10T21:40:54Z,2dc6fe9ad8eecc7debcefc90e0be1ba1277c00acf55e648bbc9a20d477f4171e,housing costs over 50% of household income count divided by tenure total less not-calculated cases,The denominator excludes units where the housing-cost-to-income ratio was not calculated. Race and Hispanic-origin categories overlap and are not additive.,project_flag_standard,series_begins_2023_table_introduction
race_ethnicity_and_housing,homeownership_pct,Homeownership share,06041,Marin,2024,2024-12-31,annual rolling five-year estimate,13.87283237,percent,11.46922017,48,346,,race_ethnicity_of_householder,aian_alone,American Indian and Alaska Native alone,,,household residence,occupied housing units in the stated householder group,CENSUS_ACS5_DETAIL,ACS5-2024-B25003C-table-based-summary-file,2026-08-10T21:40:54Z,8f9eed7241cc42fba7a354130b58f78fae63c128dd27cdaf0d14f572e1b19736,owner-occupied units divided by occupied units,"Race and Hispanic-origin categories overlap and must not be summed. White alone includes Hispanic householders; White alone, not Hispanic is separate.",project_flag_high_uncertainty,comparable_within_table_and_vintage
race_ethnicity_and_housing,housing_cost_burden_over_30_pct,Housing costs over 30% of household income,06041,Marin,2024,2024-12-31,annual rolling five-year estimate,75,percent,177.32826199,18,24,,race_ethnicity_of_householder,aian_alone,American Indian and Alaska Native alone,owner_with_mortgage,,household residence,Owned units with a mortgage with a computable housing-cost ratio,CENSUS_ACS5_DETAIL,ACS5-2024-B25140C-table-based-summary-file,2026-08-10T21:40:54Z,807303864b79bc92548981faab7d0f612125e70dd10bca9febd0dac776f2b0b2,housing costs over 30% of household income count divided by tenure total less not-calculated cases,The denominator excludes units where the housing-cost-to-income ratio was not calculated. Race and Hispanic-origin categories overlap and are not additive.,project_flag_low_denominator,series_begins_2023_table_introduction
race_ethnicity_and_housing,housing_cost_burden_over_50_pct,Housing costs over 50% of household income,06041,Marin,2024,2024-12-31,annual rolling five-year estimate,8.33333333,percent,19.70314022,2,24,,race_ethnicity_of_householder,aian_alone,American Indian and Alaska Native alone,owner_with_mortgage,,household residence,Owned units with a mortgage with a computable housing-cost ratio,CENSUS_ACS5_DETAIL,ACS5-2024-B25140C-table-based-summary-file,2026-08-10T21:40:54Z,807303864b79bc92548981faab7d0f612125e70dd10bca9febd0dac776f2b0b2,housing costs over 50% of household income count divided by tenure total less not-calculated cases,The denominator excludes units where the housing-cost-to-income ratio was not calculated. Race and Hispanic-origin categories overlap and are not additive.,project_flag_low_denominator,series_begins_2023_table_introduction
race_ethnicity_and_housing,housing_cost_burden_over_30_pct,Housing costs over 30% of household income,06041,Marin,2024,2024-12-31,annual rolling five-year estimate,4.16666667,percent,11.80555556,1,24,,race_ethnicity_of_householder,aian_alone,American Indian and Alaska Native alone,owner_without_mortgage,,household residence,Owned units without a mortgage with a computable housing-cost ratio,CENSUS_ACS5_DETAIL,ACS5-2024-B25140C-table-based-summary-file,2026-08-10T21:40:54Z,807303864b79bc92548981faab7d0f612125e70dd10bca9febd0dac776f2b0b2,housing costs over 30% of household income count divided by tenure total less not-calculated cases,The denominator excludes units where the housing-cost-to-income ratio was not calculated. Race and Hispanic-origin categories overlap and are not additive.,project_flag_low_denominator,series_begins_2023_table_introduction
race_ethnicity_and_housing,housing_cost_burden_over_50_pct,Housing costs over 50% of household income,06041,Marin,2024,2024-12-31,annual rolling five-year estimate,4.16666667,percent,11.80555556,1,24,,race_ethnicity_of_householder,aian_alone,American Indian and Alaska Native alone,owner_without_mortgage,,household residence,Owned units without a mortgage with a computable housing-cost ratio,CENSUS_ACS5_DETAIL,ACS5-2024-B25140C-table-based-summary-file,2026-08-10T21:40:54Z,807303864b79bc92548981faab7d0f612125e70dd10bca9febd0dac776f2b0b2,housing costs over 50% of household income count divided by tenure total less not-calculated cases,The denominator excludes units where the housing-cost-to-income ratio was not calculated. Race and Hispanic-origin categories overlap and are not additive.,project_flag_low_denominator,series_begins_2023_table_introduction
race_ethnicity_and_housing,housing_cost_burden_over_30_pct,Housing costs over 30% of household income,06041,Marin,2024,2024-12-31,annual rolling five-year estimate,51.67785235,percent,20.02347738,154,298,,race_ethnicity_of_householder,aian_alone,American Indian and Alaska Native alone,renter,,household residence,Rented units with a computable housing-cost ratio,CENSUS_ACS5_DETAIL,ACS5-2024-B25140C-table-based-summary-file,2026-08-10T21:40:54Z,807303864b79bc92548981faab7d0f612125e70dd10bca9febd0dac776f2b0b2,housing costs over 30% of household income count divided by tenure total less not-calculated cases,The denominator excludes units where the housing-cost-to-income ratio was not calculated. Race and Hispanic-origin categories overlap and are not additive.,project_flag_high_uncertainty,series_begins_2023_table_introduction
race_ethnicity_and_housing,housing_cost_burden_over_50_pct,Housing costs over 50% of household income,06041,Marin,2024,2024-12-31,annual rolling five-year estimate,36.24161074,percent,21.29345688,108,298,,race_ethnicity_of_householder,aian_alone,American Indian and Alaska Native alone,renter,,household residence,Rented units with a computable housing-cost ratio,CENSUS_ACS5_DETAIL,ACS5-2024-B25140C-table-based-summary-file,2026-08-10T21:40:54Z,807303864b79bc92548981faab7d0f612125e70dd10bca9febd0dac776f2b0b2,housing costs over 50% of household income count divided by tenure total less not-calculated cases,The denominator excludes units where the housing-cost-to-income ratio was not calculated. Race and Hispanic-origin categories overlap and are not additive.,project_flag_high_uncertainty,series_begins_2023_table_introduction
race_ethnicity_and_housing,homeownership_pct,Homeownership share,06041,Marin,2024,2024-12-31,annual rolling five-year estimate,63.65536087,percent,3.96783059,3960,6221,,race_ethnicity_of_householder,asian_alone,Asian alone,,,household residence,occupied housing units in the stated householder group,CENSUS_ACS5_DETAIL,ACS5-2024-B25003D-table-based-summary-file,2026-08-10T21:40:54Z,2dcaa89c955425e9e6ed61245d0d27dafdf1319029ac541ed04e1628700c20e8,owner-occupied units divided by occupied units,"Race and Hispanic-origin categories overlap and must not be summed. White alone includes Hispanic householders; White alone, not Hispanic is separate.",project_flag_standard,comparable_within_table_and_vintage
race_ethnicity_and_housing,housing_cost_burden_over_30_pct,Housing costs over 30% of household income,06041,Marin,2024,2024-12-31,annual rolling five-year estimate,34.69715203,percent,7.86779048,865,2493,,race_ethnicity_of_householder,asian_alone,Asian alone,owner_with_mortgage,,household residence,Owned units with a mortgage with a computable housing-cost ratio,CENSUS_ACS5_DETAIL,ACS5-2024-B25140D-table-based-summary-file,2026-08-10T21:40:54Z,67fa8ff79fc23ed07ee414822659c69ac9466ae19cf41fcb81aed09900eea9df,housing costs over 30% of household income count divided by tenure total less not-calculated cases,The denominator excludes units where the housing-cost-to-income ratio was not calculated. Race and Hispanic-origin categories overlap and are not additive.,project_flag_moderate_uncertainty,series_begins_2023_table_introduction
race_ethnicity_and_housing,housing_cost_burden_over_50_pct,Housing costs over 50% of household income,06041,Marin,2024,2024-12-31,annual rolling five-year estimate,14.72121941,percent,5.80961096,367,2493,,race_ethnicity_of_householder,asian_alone,Asian alone,owner_with_mortgage,,household residence,Owned units with a mortgage with a computable housing-cost ratio,CENSUS_ACS5_DETAIL,ACS5-2024-B25140D-table-based-summary-file,2026-08-10T21:40:54Z,67fa8ff79fc23ed07ee414822659c69ac9466ae19cf41fcb81aed09900eea9df,housing costs over 50% of household income count divided by tenure total less not-calculated cases,The denominator excludes units where the housing-cost-to-income ratio was not calculated. Race and Hispanic-origin categories overlap and are not additive.,project_flag_moderate_uncertainty,series_begins_2023_table_introduction
race_ethnicity_and_housing,housing_cost_burden_over_30_pct,Housing costs over 30% of household income,06041,Marin,2024,2024-12-31,annual rolling five-year estimate,18.96193772,percent,7.94715955,274,1445,,race_ethnicity_of_householder,asian_alone,Asian alone,owner_without_mortgage,,household residence,Owned units without a mortgage with a computable housing-cost ratio,CENSUS_ACS5_DETAIL,ACS5-2024-B25140D-table-based-summary-file,2026-08-10T21:40:54Z,67fa8ff79fc23ed07ee414822659c69ac9466ae19cf41fcb81aed09900eea9df,housing costs over 30% of household income count divided by tenure total less not-calculated cases,The denominator excludes units where the housing-cost-to-income ratio was not calculated. Race and Hispanic-origin categories overlap and are not additive.,project_flag_moderate_uncertainty,series_begins_2023_table_introduction
race_ethnicity_and_housing,housing_cost_burden_over_50_pct,Housing costs over 50% of household income,06041,Marin,2024,2024-12-31,annual rolling five-year estimate,7.26643599,percent,4.89669,105,1445,,race_ethnicity_of_householder,asian_alone,Asian alone,owner_without_mortgage,,household residence,Owned units without a mortgage with a computable housing-cost ratio,CENSUS_ACS5_DETAIL,ACS5-2024-B25140D-table-based-summary-file,2026-08-10T21:40:54Z,67fa8ff79fc23ed07ee414822659c69ac9466ae19cf41fcb81aed09900eea9df,housing costs over 50% of household income count divided by tenure total less not-calculated cases,The denominator excludes units where the housing-cost-to-income ratio was not calculated. Race and Hispanic-origin categories overlap and are not additive.,project_flag_high_uncertainty,series_begins_2023_table_introduction
race_ethnicity_and_housing,housing_cost_burden_over_30_pct,Housing costs over 30% of household income,06041,Marin,2024,2024-12-31,annual rolling five-year estimate,44.6969697,percent,8.18570596,944,2112,,race_ethnicity_of_householder,asian_alone,Asian alone,renter,,household residence,Rented units with a computable housing-cost ratio,CENSUS_ACS5_DETAIL,ACS5-2024-B25140D-table-based-summary-file,2026-08-10T21:40:54Z,67fa8ff79fc23ed07ee414822659c69ac9466ae19cf41fcb81aed09900eea9df,housing costs over 30% of household income count divided by tenure total less not-calculated cases,The denominator excludes units where the housing-cost-to-income ratio was not calculated. Race and Hispanic-origin categories overlap and are not additive.,project_flag_moderate_uncertainty,series_begins_2023_table_introduction
race_ethnicity_and_housing,housing_cost_burden_over_50_pct,Housing costs over 50% of household income,06041,Marin,2024,2024-12-31,annual rolling five-year estimate,11.78977273,percent,5.22623856,249,2112,,race_ethnicity_of_householder,asian_alone,Asian alone,renter,,household residence,Rented units with a computable housing-cost ratio,CENSUS_ACS5_DETAIL,ACS5-2024-B25140D-table-based-summary-file,2026-08-10T21:40:54Z,67fa8ff79fc23ed07ee414822659c69ac9466ae19cf41fcb81aed09900eea9df,housing costs over 50% of household income count divided by tenure total less not-calculated cases,The denominator excludes units where the housing-cost-to-income ratio was not calculated. Race and Hispanic-origin categories overlap and are not additive.,project_flag_moderate_uncertainty,series_begins_2023_table_introduction
race_ethnicity_and_housing,homeownership_pct,Homeownership share,06041,Marin,2024,2024-12-31,annual rolling five-year estimate,31.65354331,percent,9.4899439,603,1905,,race_ethnicity_of_householder,black_alone,Black or African American alone,,,household residence,occupied housing units in the stated householder group,CENSUS_ACS5_DETAIL,ACS5-2024-B25003B-table-based-summary-file,2026-08-10T21:40:54Z,cb7cf99b923e96604963a94d107d71ce917ace43c5da2731e5c2db366c3ffcde,owner-occupied units divided by occupied units,"Race and Hispanic-origin categories overlap and must not be summed. White alone includes Hispanic householders; White alone, not Hispanic is separate.",project_flag_moderate_uncertainty,comparable_within_table_and_vintage
race_ethnicity_and_housing,housing_cost_burden_over_30_pct,Housing costs over 30% of household income,06041,Marin,2024,2024-12-31,annual rolling five-year estimate,34.16666667,percent,23.2780852,123,360,,race_ethnicity_of_householder,black_alone,Black or African American alone,owner_with_mortgage,,household residence,Owned units with a mortgage with a computable housing-cost ratio,CENSUS_ACS5_DETAIL,ACS5-2024-B25140B-table-based-summary-file,2026-08-10T21:40:54Z,315dca96c21c09a3f76b620a8eb3653e7ccfdfe3387f25a29379eab890ba08c7,housing costs over 30% of household income count divided by tenure total less not-calculated cases,The denominator excludes units where the housing-cost-to-income ratio was not calculated. Race and Hispanic-origin categories overlap and are not additive.,project_flag_high_uncertainty,series_begins_2023_table_introduction
race_ethnicity_and_housing,housing_cost_burden_over_50_pct,Housing costs over 50% of household income,06041,Marin,2024,2024-12-31,annual rolling five-year estimate,18.61111111,percent,19.40843016,67,360,,race_ethnicity_of_householder,black_alone,Black or African American alone,owner_with_mortgage,,household residence,Owned units with a mortgage with a computable housing-cost ratio,CENSUS_ACS5_DETAIL,ACS5-2024-B25140B-table-based-summary-file,2026-08-10T21:40:54Z,315dca96c21c09a3f76b620a8eb3653e7ccfdfe3387f25a29379eab890ba08c7,housing costs over 50% of household income count divided by tenure total less not-calculated cases,The denominator excludes units where the housing-cost-to-income ratio was not calculated. Race and Hispanic-origin categories overlap and are not additive.,project_flag_high_uncertainty,series_begins_2023_table_introduction
race_ethnicity_and_housing,housing_cost_burden_over_30_pct,Housing costs over 30% of household income,06041,Marin,2024,2024-12-31,annual rolling five-year estimate,9.87654321,percent,11.80583257,24,243,,race_ethnicity_of_householder,black_alone,Black or African American alone,owner_without_mortgage,,household residence,Owned units without a mortgage with a computable housing-cost ratio,CENSUS_ACS5_DETAIL,ACS5-2024-B25140B-table-based-summary-file,2026-08-10T21:40:54Z,315dca96c21c09a3f76b620a8eb3653e7ccfdfe3387f25a29379eab890ba08c7,housing costs over 30% of household income count divided by tenure total less not-calculated cases,The denominator excludes units where the housing-cost-to-income ratio was not calculated. Race and Hispanic-origin categories overlap and are not additive.,project_flag_high_uncertainty,series_begins_2023_table_introduction
race_ethnicity_and_housing,housing_cost_burden_over_50_pct,Housing costs over 50% of household income,06041,Marin,2024,2024-12-31,annual rolling five-year estimate,9.87654321,percent,11.80583257,24,243,,race_ethnicity_of_householder,black_alone,Black or African American alone,owner_without_mortgage,,household residence,Owned units without a mortgage with a computable housing-cost ratio,CENSUS_ACS5_DETAIL,ACS5-2024-B25140B-table-based-summary-file,2026-08-10T21:40:54Z,315dca96c21c09a3f76b620a8eb3653e7ccfdfe3387f25a29379eab890ba08c7,housing costs over 50% of household income count divided by tenure total less not-calculated cases,The denominator excludes units where the housing-cost-to-income ratio was not calculated. Race and Hispanic-origin categories overlap and are not additive.,project_flag_high_uncertainty,series_begins_2023_table_introduction
race_ethnicity_and_housing,housing_cost_burden_over_30_pct,Housing costs over 30% of household income,06041,Marin,2024,2024-12-31,annual rolling five-year estimate,54.76387738,percent,14.03464659,661,1207,,race_ethnicity_of_householder,black_alone,Black or African American alone,renter,,household residence,Rented units with a computable housing-cost ratio,CENSUS_ACS5_DETAIL,ACS5-2024-B25140B-table-based-summary-file,2026-08-10T21:40:54Z,315dca96c21c09a3f76b620a8eb3653e7ccfdfe3387f25a29379eab890ba08c7,housing costs over 30% of household income count divided by tenure total less not-calculated cases,The denominator excludes units where the housing-cost-to-income ratio was not calculated. Race and Hispanic-origin categories overlap and are not additive.,project_flag_high_uncertainty,series_begins_2023_table_introduction
race_ethnicity_and_housing,housing_cost_burden_over_50_pct,Housing costs over 50% of household income,06041,Marin,2024,2024-12-31,annual rolling five-year estimate,28.41756421,percent,13.47224182,343,1207,,race_ethnicity_of_householder,black_alone,Black or African American alone,renter,,household residence,Rented units with a computable housing-cost ratio,CENSUS_ACS5_DETAIL,ACS5-2024-B25140B-table-based-summary-file,2026-08-10T21:40:54Z,315dca96c21c09a3f76b620a8eb3653e7ccfdfe3387f25a29379eab890ba08c7,housing costs over 50% of household income count divided by tenure total less not-calculated cases,The denominator excludes units where the housing-cost-to-income ratio was not calculated. Race and Hispanic-origin categories overlap and are not additive.,project_flag_high_uncertainty,series_begins_2023_table_introduction
race_ethnicity_and_housing,homeownership_pct,Homeownership share,06041,Marin,2024,2024-12-31,annual rolling five-year estimate,32.02729643,percent,3.41957382,4177,13042,,race_ethnicity_of_householder,hispanic_or_latino,Hispanic or Latino,,,household residence,occupied housing units in the stated householder group,CENSUS_ACS5_DETAIL,ACS5-2024-B25003I-table-based-summary-file,2026-08-10T21:40:54Z,cac1ca32a43c68a961047efabb18ea4302405dbbc29d82ac922d4520bf8659f0,owner-occupied units divided by occupied units,"Race and Hispanic-origin categories overlap and must not be summed. White alone includes Hispanic householders; White alone, not Hispanic is separate.",project_flag_standard,comparable_within_table_and_vintage
race_ethnicity_and_housing,housing_cost_burden_over_30_pct,Housing costs over 30% of household income,06041,Marin,2024,2024-12-31,annual rolling five-year estimate,39.06991458,percent,7.14911741,1235,3161,,race_ethnicity_of_householder,hispanic_or_latino,Hispanic or Latino,owner_with_mortgage,,household residence,Owned units with a mortgage with a computable housing-cost ratio,CENSUS_ACS5_DETAIL,ACS5-2024-B25140I-table-based-summary-file,2026-08-10T21:40:54Z,9db92e88564f7eac086eea5b91d90ede54cebc373ccefe2e8d21287d2471a312,housing costs over 30% of household income count divided by tenure total less not-calculated cases,The denominator excludes units where the housing-cost-to-income ratio was not calculated. Race and Hispanic-origin categories overlap and are not additive.,project_flag_moderate_uncertainty,series_begins_2023_table_introduction
race_ethnicity_and_housing,housing_cost_burden_over_50_pct,Housing costs over 50% of household income,06041,Marin,2024,2024-12-31,annual rolling five-year estimate,18.38025941,percent,5.41475752,581,3161,,race_ethnicity_of_householder,hispanic_or_latino,Hispanic or Latino,owner_with_mortgage,,household residence,Owned units with a mortgage with a computable housing-cost ratio,CENSUS_ACS5_DETAIL,ACS5-2024-B25140I-table-based-summary-file,2026-08-10T21:40:54Z,9db92e88564f7eac086eea5b91d90ede54cebc373ccefe2e8d21287d2471a312,housing costs over 50% of household income count divided by tenure total less not-calculated cases,The denominator excludes units where the housing-cost-to-income ratio was not calculated. Race and Hispanic-origin categories overlap and are not additive.,project_flag_moderate_uncertainty,series_begins_2023_table_introduction
race_ethnicity_and_housing,housing_cost_burden_over_30_pct,Housing costs over 30% of household income,06041,Marin,2024,2024-12-31,annual rolling five-year estimate,24.51678535,percent,10.81772988,241,983,,race_ethnicity_of_householder,hispanic_or_latino,Hispanic or Latino,owner_without_mortgage,,household residence,Owned units without a mortgage with a computable housing-cost ratio,CENSUS_ACS5_DETAIL,ACS5-2024-B25140I-table-based-summary-file,2026-08-10T21:40:54Z,9db92e88564f7eac086eea5b91d90ede54cebc373ccefe2e8d21287d2471a312,housing costs over 30% of household income count divided by tenure total less not-calculated cases,The denominator excludes units where the housing-cost-to-income ratio was not calculated. Race and Hispanic-origin categories overlap and are not additive.,project_flag_high_uncertainty,series_begins_2023_table_introduction
race_ethnicity_and_housing,housing_cost_burden_over_50_pct,Housing costs over 50% of household income,06041,Marin,2024,2024-12-31,annual rolling five-year estimate,7.12105799,percent,5.70346136,70,983,,race_ethnicity_of_householder,hispanic_or_latino,Hispanic or Latino,owner_without_mortgage,,household residence,Owned units without a mortgage with a computable housing-cost ratio,CENSUS_ACS5_DETAIL,ACS5-2024-B25140I-table-based-summary-file,2026-08-10T21:40:54Z,9db92e88564f7eac086eea5b91d90ede54cebc373ccefe2e8d21287d2471a312,housing costs over 50% of household income count divided by tenure total less not-calculated cases,The denominator excludes units where the housing-cost-to-income ratio was not calculated. Race and Hispanic-origin categories overlap and are not additive.,project_flag_high_uncertainty,series_begins_2023_table_introduction
race_ethnicity_and_housing,housing_cost_burden_over_30_pct,Housing costs over 30% of household income,06041,Marin,2024,2024-12-31,annual rolling five-year estimate,64.63953488,percent,4.43352912,5559,8600,,race_ethnicity_of_householder,hispanic_or_latino,Hispanic or Latino,renter,,household residence,Rented units with a computable housing-cost ratio,CENSUS_ACS5_DETAIL,ACS5-2024-B25140I-table-based-summary-file,2026-08-10T21:40:54Z,9db92e88564f7eac086eea5b91d90ede54cebc373ccefe2e8d21287d2471a312,housing costs over 30% of household income count divided by tenure total less not-calculated cases,The denominator excludes units where the housing-cost-to-income ratio was not calculated. Race and Hispanic-origin categories overlap and are not additive.,project_flag_standard,series_begins_2023_table_introduction
race_ethnicity_and_housing,housing_cost_burden_over_50_pct,Housing costs over 50% of household income,06041,Marin,2024,2024-12-31,annual rolling five-year estimate,36.34883721,percent,4.93947348,3126,8600,,race_ethnicity_of_householder,hispanic_or_latino,Hispanic or Latino,renter,,household residence,Rented units with a computable housing-cost ratio,CENSUS_ACS5_DETAIL,ACS5-2024-B25140I-table-based-summary-file,2026-08-10T21:40:54Z,9db92e88564f7eac086eea5b91d90ede54cebc373ccefe2e8d21287d2471a312,housing costs over 50% of household income count divided by tenure total less not-calculated cases,The denominator excludes units where the housing-cost-to-income ratio was not calculated. Race and Hispanic-origin categories overlap and are not additive.,project_flag_standard,series_begins_2023_table_introduction
race_ethnicity_and_housing,homeownership_pct,Homeownership share,06041,Marin,2024,2024-12-31,annual rolling five-year estimate,62.22222222,percent,43.92092908,56,90,,race_ethnicity_of_householder,nhpi_alone,Native Hawaiian and Other Pacific Islander alone,,,household residence,occupied housing units in the stated householder group,CENSUS_ACS5_DETAIL,ACS5-2024-B25003E-table-based-summary-file,2026-08-10T21:40:54Z,bc9a8d937b8f8add717274b5dd99ecd5e19f85cc9c34eaec7fe37c7d9f0c7f23,owner-occupied units divided by occupied units,"Race and Hispanic-origin categories overlap and must not be summed. White alone includes Hispanic householders; White alone, not Hispanic is separate.",project_flag_low_denominator,comparable_within_table_and_vintage
race_ethnicity_and_housing,housing_cost_burden_over_30_pct,Housing costs over 30% of household income,06041,Marin,2024,2024-12-31,annual rolling five-year estimate,0,percent,57.14285714,0,56,,race_ethnicity_of_householder,nhpi_alone,Native Hawaiian and Other Pacific Islander alone,owner_with_mortgage,,household residence,Owned units with a mortgage with a computable housing-cost ratio,CENSUS_ACS5_DETAIL,ACS5-2024-B25140E-table-based-summary-file,2026-08-10T21:40:54Z,bcc9a240d47ba3546e92c0ae70f8632c8f90ff0083a08da1d1b9c9302126027d,housing costs over 30% of household income count divided by tenure total less not-calculated cases,The denominator excludes units where the housing-cost-to-income ratio was not calculated. Race and Hispanic-origin categories overlap and are not additive.,project_flag_low_denominator,series_begins_2023_table_introduction
race_ethnicity_and_housing,housing_cost_burden_over_50_pct,Housing costs over 50% of household income,06041,Marin,2024,2024-12-31,annual rolling five-year estimate,0,percent,57.14285714,0,56,,race_ethnicity_of_householder,nhpi_alone,Native Hawaiian and Other Pacific Islander alone,owner_with_mortgage,,household residence,Owned units with a mortgage with a computable housing-cost ratio,CENSUS_ACS5_DETAIL,ACS5-2024-B25140E-table-based-summary-file,2026-08-10T21:40:54Z,bcc9a240d47ba3546e92c0ae70f8632c8f90ff0083a08da1d1b9c9302126027d,housing costs over 50% of household income count divided by tenure total less not-calculated cases,The denominator excludes units where the housing-cost-to-income ratio was not calculated. Race and Hispanic-origin categories overlap and are not additive.,project_flag_low_denominator,series_begins_2023_table_introduction
race_ethnicity_and_housing,housing_cost_burden_over_30_pct,Housing costs over 30% of household income,06041,Marin,2024,2024-12-31,annual rolling five-year estimate,,percent,,0,0,,race_ethnicity_of_householder,nhpi_alone,Native Hawaiian and Other Pacific Islander alone,owner_without_mortgage,,household residence,Owned units without a mortgage with a computable housing-cost ratio,CENSUS_ACS5_DETAIL,ACS5-2024-B25140E-table-based-summary-file,2026-08-10T21:40:54Z,bcc9a240d47ba3546e92c0ae70f8632c8f90ff0083a08da1d1b9c9302126027d,housing costs over 30% of household income count divided by tenure total less not-calculated cases,The denominator excludes units where the housing-cost-to-income ratio was not calculated. Race and Hispanic-origin categories overlap and are not additive.,missing_or_suppressed,series_begins_2023_table_introduction
race_ethnicity_and_housing,housing_cost_burden_over_50_pct,Housing costs over 50% of household income,06041,Marin,2024,2024-12-31,annual rolling five-year estimate,,percent,,0,0,,race_ethnicity_of_householder,nhpi_alone,Native Hawaiian and Other Pacific Islander alone,owner_without_mortgage,,household residence,Owned units without a mortgage with a computable housing-cost ratio,CENSUS_ACS5_DETAIL,ACS5-2024-B25140E-table-based-summary-file,2026-08-10T21:40:54Z,bcc9a240d47ba3546e92c0ae70f8632c8f90ff0083a08da1d1b9c9302126027d,housing costs over 50% of household income count divided by tenure total less not-calculated cases,The denominator excludes units where the housing-cost-to-income ratio was not calculated. Race and Hispanic-origin categories overlap and are not additive.,missing_or_suppressed,series_begins_2023_table_introduction
race_ethnicity_and_housing,housing_cost_burden_over_30_pct,Housing costs over 30% of household income,06041,Marin,2024,2024-12-31,annual rolling five-year estimate,26.47058824,percent,34.10532267,9,34,,race_ethnicity_of_householder,nhpi_alone,Native Hawaiian and Other Pacific Islander alone,renter,,household residence,Rented units with a computable housing-cost ratio,CENSUS_ACS5_DETAIL,ACS5-2024-B25140E-table-based-summary-file,2026-08-10T21:40:54Z,bcc9a240d47ba3546e92c0ae70f8632c8f90ff0083a08da1d1b9c9302126027d,housing costs over 30% of household income count divided by tenure total less not-calculated cases,The denominator excludes units where the housing-cost-to-income ratio was not calculated. Race and Hispanic-origin categories overlap and are not additive.,project_flag_low_denominator,series_begins_2023_table_introduction
race_ethnicity_and_housing,housing_cost_burden_over_50_pct,Housing costs over 50% of household income,06041,Marin,2024,2024-12-31,annual rolling five-year estimate,26.47058824,percent,34.10532267,9,34,,race_ethnicity_of_householder,nhpi_alone,Native Hawaiian and Other Pacific Islander alone,renter,,household residence,Rented units with a computable housing-cost ratio,CENSUS_ACS5_DETAIL,ACS5-2024-B25140E-table-based-summary-file,2026-08-10T21:40:54Z,bcc9a240d47ba3546e92c0ae70f8632c8f90ff0083a08da1d1b9c9302126027d,housing costs over 50% of household income count divided by tenure total less not-calculated cases,The denominator excludes units where the housing-cost-to-income ratio was not calculated. Race and Hispanic-origin categories overlap and are not additive.,project_flag_low_denominator,series_begins_2023_table_introduction
race_ethnicity_and_housing,homeownership_pct,Homeownership share,06041,Marin,2024,2024-12-31,annual rolling five-year estimate,17.50800671,percent,3.39183467,1148,6557,,race_ethnicity_of_householder,some_other_race_alone,Some other race alone,,,household residence,occupied housing units in the stated householder group,CENSUS_ACS5_DETAIL,ACS5-2024-B25003F-table-based-summary-file,2026-08-10T21:40:54Z,d7fb5b61390c9b5451f142561b9a1a233303d38d5f6fcbc588dbda3633441d0c,owner-occupied units divided by occupied units,"Race and Hispanic-origin categories overlap and must not be summed. White alone includes Hispanic householders; White alone, not Hispanic is separate.",project_flag_standard,comparable_within_table_and_vintage
race_ethnicity_and_housing,housing_cost_burden_over_30_pct,Housing costs over 30% of household income,06041,Marin,2024,2024-12-31,annual rolling five-year estimate,44.8574969,percent,11.40382431,362,807,,race_ethnicity_of_householder,some_other_race_alone,Some other race alone,owner_with_mortgage,,household residence,Owned units with a mortgage with a computable housing-cost ratio,CENSUS_ACS5_DETAIL,ACS5-2024-B25140F-table-based-summary-file,2026-08-10T21:40:54Z,83d69d240f5c6059a20db4cece66141192007b1dc319dd073590e681f217394b,housing costs over 30% of household income count divided by tenure total less not-calculated cases,The denominator excludes units where the housing-cost-to-income ratio was not calculated. Race and Hispanic-origin categories overlap and are not additive.,project_flag_high_uncertainty,series_begins_2023_table_introduction
race_ethnicity_and_housing,housing_cost_burden_over_50_pct,Housing costs over 50% of household income,06041,Marin,2024,2024-12-31,annual rolling five-year estimate,30.2354399,percent,12.44085631,244,807,,race_ethnicity_of_householder,some_other_race_alone,Some other race alone,owner_with_mortgage,,household residence,Owned units with a mortgage with a computable housing-cost ratio,CENSUS_ACS5_DETAIL,ACS5-2024-B25140F-table-based-summary-file,2026-08-10T21:40:54Z,83d69d240f5c6059a20db4cece66141192007b1dc319dd073590e681f217394b,housing costs over 50% of household income count divided by tenure total less not-calculated cases,The denominator excludes units where the housing-cost-to-income ratio was not calculated. Race and Hispanic-origin categories overlap and are not additive.,project_flag_high_uncertainty,series_begins_2023_table_introduction
race_ethnicity_and_housing,housing_cost_burden_over_30_pct,Housing costs over 30% of household income,06041,Marin,2024,2024-12-31,annual rolling five-year estimate,26.19808307,percent,16.25668437,82,313,,race_ethnicity_of_householder,some_other_race_alone,Some other race alone,owner_without_mortgage,,household residence,Owned units without a mortgage with a computable housing-cost ratio,CENSUS_ACS5_DETAIL,ACS5-2024-B25140F-table-based-summary-file,2026-08-10T21:40:54Z,83d69d240f5c6059a20db4cece66141192007b1dc319dd073590e681f217394b,housing costs over 30% of household income count divided by tenure total less not-calculated cases,The denominator excludes units where the housing-cost-to-income ratio was not calculated. Race and Hispanic-origin categories overlap and are not additive.,project_flag_high_uncertainty,series_begins_2023_table_introduction
race_ethnicity_and_housing,housing_cost_burden_over_50_pct,Housing costs over 50% of household income,06041,Marin,2024,2024-12-31,annual rolling five-year estimate,6.70926518,percent,8.65088719,21,313,,race_ethnicity_of_householder,some_other_race_alone,Some other race alone,owner_without_mortgage,,household residence,Owned units without a mortgage with a computable housing-cost ratio,CENSUS_ACS5_DETAIL,ACS5-2024-B25140F-table-based-summary-file,2026-08-10T21:40:54Z,83d69d240f5c6059a20db4cece66141192007b1dc319dd073590e681f217394b,housing costs over 50% of household income count divided by tenure total less not-calculated cases,The denominator excludes units where the housing-cost-to-income ratio was not calculated. Race and Hispanic-origin categories overlap and are not additive.,project_flag_high_uncertainty,series_begins_2023_table_introduction
race_ethnicity_and_housing,housing_cost_burden_over_30_pct,Housing costs over 30% of household income,06041,Marin,2024,2024-12-31,annual rolling five-year estimate,69.95683993,percent,5.88367311,3728,5329,,race_ethnicity_of_householder,some_other_race_alone,Some other race alone,renter,,household residence,Rented units with a computable housing-cost ratio,CENSUS_ACS5_DETAIL,ACS5-2024-B25140F-table-based-summary-file,2026-08-10T21:40:54Z,83d69d240f5c6059a20db4cece66141192007b1dc319dd073590e681f217394b,housing costs over 30% of household income count divided by tenure total less not-calculated cases,The denominator excludes units where the housing-cost-to-income ratio was not calculated. Race and Hispanic-origin categories overlap and are not additive.,project_flag_moderate_uncertainty,series_begins_2023_table_introduction
race_ethnicity_and_housing,housing_cost_burden_over_50_pct,Housing costs over 50% of household income,06041,Marin,2024,2024-12-31,annual rolling five-year estimate,41.43366485,percent,6.80980041,2208,5329,,race_ethnicity_of_householder,some_other_race_alone,Some other race alone,renter,,household residence,Rented units with a computable housing-cost ratio,CENSUS_ACS5_DETAIL,ACS5-2024-B25140F-table-based-summary-file,2026-08-10T21:40:54Z,83d69d240f5c6059a20db4cece66141192007b1dc319dd073590e681f217394b,housing costs over 50% of household income count divided by tenure total less not-calculated cases,The denominator excludes units where the housing-cost-to-income ratio was not calculated. Race and Hispanic-origin categories overlap and are not additive.,project_flag_moderate_uncertainty,series_begins_2023_table_introduction
race_ethnicity_and_housing,homeownership_pct,Homeownership share,06041,Marin,2024,2024-12-31,annual rolling five-year estimate,53.53972721,percent,5.12712243,4946,9238,,race_ethnicity_of_householder,two_or_more_races,Two or more races,,,household residence,occupied housing units in the stated householder group,CENSUS_ACS5_DETAIL,ACS5-2024-B25003G-table-based-summary-file,2026-08-10T21:40:54Z,d2a199a94da632778a823a0ce83725f97bb20d5bf32856b3d4553c38f97d294d,owner-occupied units divided by occupied units,"Race and Hispanic-origin categories overlap and must not be summed. White alone includes Hispanic householders; White alone, not Hispanic is separate.",project_flag_moderate_uncertainty,comparable_within_table_and_vintage
race_ethnicity_and_housing,housing_cost_burden_over_30_pct,Housing costs over 30% of household income,06041,Marin,2024,2024-12-31,annual rolling five-year estimate,37.28983689,percent,4.92956805,1486,3985,,race_ethnicity_of_householder,two_or_more_races,Two or more races,owner_with_mortgage,,household residence,Owned units with a mortgage with a computable housing-cost ratio,CENSUS_ACS5_DETAIL,ACS5-2024-B25140G-table-based-summary-file,2026-08-10T21:40:54Z,85614a66b05ce30a256584351ebb20f265969c8205d17012954b357865ee0675,housing costs over 30% of household income count divided by tenure total less not-calculated cases,The denominator excludes units where the housing-cost-to-income ratio was not calculated. Race and Hispanic-origin categories overlap and are not additive.,project_flag_standard,series_begins_2023_table_introduction
race_ethnicity_and_housing,housing_cost_burden_over_50_pct,Housing costs over 50% of household income,06041,Marin,2024,2024-12-31,annual rolling five-year estimate,14.37892095,percent,3.32396495,573,3985,,race_ethnicity_of_householder,two_or_more_races,Two or more races,owner_with_mortgage,,household residence,Owned units with a mortgage with a computable housing-cost ratio,CENSUS_ACS5_DETAIL,ACS5-2024-B25140G-table-based-summary-file,2026-08-10T21:40:54Z,85614a66b05ce30a256584351ebb20f265969c8205d17012954b357865ee0675,housing costs over 50% of household income count divided by tenure total less not-calculated cases,The denominator excludes units where the housing-cost-to-income ratio was not calculated. Race and Hispanic-origin categories overlap and are not additive.,project_flag_standard,series_begins_2023_table_introduction
race_ethnicity_and_housing,housing_cost_burden_over_30_pct,Housing costs over 30% of household income,06041,Marin,2024,2024-12-31,annual rolling five-year estimate,19.87247609,percent,10.13043313,187,941,,race_ethnicity_of_householder,two_or_more_races,Two or more races,owner_without_mortgage,,household residence,Owned units without a mortgage with a computable housing-cost ratio,CENSUS_ACS5_DETAIL,ACS5-2024-B25140G-table-based-summary-file,2026-08-10T21:40:54Z,85614a66b05ce30a256584351ebb20f265969c8205d17012954b357865ee0675,housing costs over 30% of household income count divided by tenure total less not-calculated cases,The denominator excludes units where the housing-cost-to-income ratio was not calculated. Race and Hispanic-origin categories overlap and are not additive.,project_flag_high_uncertainty,series_begins_2023_table_introduction
race_ethnicity_and_housing,housing_cost_burden_over_50_pct,Housing costs over 50% of household income,06041,Marin,2024,2024-12-31,annual rolling five-year estimate,13.39001063,percent,9.36700765,126,941,,race_ethnicity_of_householder,two_or_more_races,Two or more races,owner_without_mortgage,,household residence,Owned units without a mortgage with a computable housing-cost ratio,CENSUS_ACS5_DETAIL,ACS5-2024-B25140G-table-based-summary-file,2026-08-10T21:40:54Z,85614a66b05ce30a256584351ebb20f265969c8205d17012954b357865ee0675,housing costs over 50% of household income count divided by tenure total less not-calculated cases,The denominator excludes units where the housing-cost-to-income ratio was not calculated. Race and Hispanic-origin categories overlap and are not additive.,project_flag_high_uncertainty,series_begins_2023_table_introduction
race_ethnicity_and_housing,housing_cost_burden_over_30_pct,Housing costs over 30% of household income,06041,Marin,2024,2024-12-31,annual rolling five-year estimate,53.95596419,percent,5.8105305,2230,4133,,race_ethnicity_of_householder,two_or_more_races,Two or more races,renter,,household residence,Rented units with a computable housing-cost ratio,CENSUS_ACS5_DETAIL,ACS5-2024-B25140G-table-based-summary-file,2026-08-10T21:40:54Z,85614a66b05ce30a256584351ebb20f265969c8205d17012954b357865ee0675,housing costs over 30% of household income count divided by tenure total less not-calculated cases,The denominator excludes units where the housing-cost-to-income ratio was not calculated. Race and Hispanic-origin categories overlap and are not additive.,project_flag_moderate_uncertainty,series_begins_2023_table_introduction
race_ethnicity_and_housing,housing_cost_burden_over_50_pct,Housing costs over 50% of household income,06041,Marin,2024,2024-12-31,annual rolling five-year estimate,28.57488507,percent,5.62643415,1181,4133,,race_ethnicity_of_householder,two_or_more_races,Two or more races,renter,,household residence,Rented units with a computable housing-cost ratio,CENSUS_ACS5_DETAIL,ACS5-2024-B25140G-table-based-summary-file,2026-08-10T21:40:54Z,85614a66b05ce30a256584351ebb20f265969c8205d17012954b357865ee0675,housing costs over 50% of household income count divided by tenure total less not-calculated cases,The denominator excludes units where the housing-cost-to-income ratio was not calculated. Race and Hispanic-origin categories overlap and are not additive.,project_flag_moderate_uncertainty,series_begins_2023_table_introduction
race_ethnicity_and_housing,homeownership_pct,Homeownership share,06041,Marin,2024,2024-12-31,annual rolling five-year estimate,71.00723357,percent,0.92022481,55855,78661,,race_ethnicity_of_householder,white_alone,White alone,,,household residence,occupied housing units in the stated householder group,CENSUS_ACS5_DETAIL,ACS5-2024-B25003A-table-based-summary-file,2026-08-10T21:40:54Z,0a0e607eda31b52759431fe7390f03f1205daeb91867fb5f31cdce7158a282af,owner-occupied units divided by occupied units,"Race and Hispanic-origin categories overlap and must not be summed. White alone includes Hispanic householders; White alone, not Hispanic is separate.",project_flag_standard,comparable_within_table_and_vintage
race_ethnicity_and_housing,housing_cost_burden_over_30_pct,Housing costs over 30% of household income,06041,Marin,2024,2024-12-31,annual rolling five-year estimate,35.89967761,percent,1.72459798,13140,36602,,race_ethnicity_of_householder,white_alone,White alone,owner_with_mortgage,,household residence,Owned units with a mortgage with a computable housing-cost ratio,CENSUS_ACS5_DETAIL,ACS5-2024-B25140A-table-based-summary-file,2026-08-10T21:40:54Z,53814337ca0423994c5cf54d663fb59efa08aaf17cca8dd70c35056588460ba9,housing costs over 30% of household income count divided by tenure total less not-calculated cases,The denominator excludes units where the housing-cost-to-income ratio was not calculated. Race and Hispanic-origin categories overlap and are not additive.,project_flag_standard,series_begins_2023_table_introduction
race_ethnicity_and_housing,housing_cost_burden_over_50_pct,Housing costs over 50% of household income,06041,Marin,2024,2024-12-31,annual rolling five-year estimate,16.11933774,percent,1.47683606,5900,36602,,race_ethnicity_of_householder,white_alone,White alone,owner_with_mortgage,,household residence,Owned units with a mortgage with a computable housing-cost ratio,CENSUS_ACS5_DETAIL,ACS5-2024-B25140A-table-based-summary-file,2026-08-10T21:40:54Z,53814337ca0423994c5cf54d663fb59efa08aaf17cca8dd70c35056588460ba9,housing costs over 50% of household income count divided by tenure total less not-calculated cases,The denominator excludes units where the housing-cost-to-income ratio was not calculated. Race and Hispanic-origin categories overlap and are not additive.,project_flag_standard,series_begins_2023_table_introduction
race_ethnicity_and_housing,housing_cost_burden_over_30_pct,Housing costs over 30% of household income,06041,Marin,2024,2024-12-31,annual rolling five-year estimate,20.64156946,percent,2.25108032,3893,18860,,race_ethnicity_of_householder,white_alone,White alone,owner_without_mortgage,,household residence,Owned units without a mortgage with a computable housing-cost ratio,CENSUS_ACS5_DETAIL,ACS5-2024-B25140A-table-based-summary-file,2026-08-10T21:40:54Z,53814337ca0423994c5cf54d663fb59efa08aaf17cca8dd70c35056588460ba9,housing costs over 30% of household income count divided by tenure total less not-calculated cases,The denominator excludes units where the housing-cost-to-income ratio was not calculated. Race and Hispanic-origin categories overlap and are not additive.,project_flag_standard,series_begins_2023_table_introduction
race_ethnicity_and_housing,housing_cost_burden_over_50_pct,Housing costs over 50% of household income,06041,Marin,2024,2024-12-31,annual rolling five-year estimate,12.02545069,percent,1.71307757,2268,18860,,race_ethnicity_of_householder,white_alone,White alone,owner_without_mortgage,,household residence,Owned units without a mortgage with a computable housing-cost ratio,CENSUS_ACS5_DETAIL,ACS5-2024-B25140A-table-based-summary-file,2026-08-10T21:40:54Z,53814337ca0423994c5cf54d663fb59efa08aaf17cca8dd70c35056588460ba9,housing costs over 50% of household income count divided by tenure total less not-calculated cases,The denominator excludes units where the housing-cost-to-income ratio was not calculated. Race and Hispanic-origin categories overlap and are not additive.,project_flag_standard,series_begins_2023_table_introduction
race_ethnicity_and_housing,housing_cost_burden_over_30_pct,Housing costs over 30% of household income,06041,Marin,2024,2024-12-31,annual rolling five-year estimate,50.46169551,percent,2.48299271,10875,21551,,race_ethnicity_of_householder,white_alone,White alone,renter,,household residence,Rented units with a computable housing-cost ratio,CENSUS_ACS5_DETAIL,ACS5-2024-B25140A-table-based-summary-file,2026-08-10T21:40:54Z,53814337ca0423994c5cf54d663fb59efa08aaf17cca8dd70c35056588460ba9,housing costs over 30% of household income count divided by tenure total less not-calculated cases,The denominator excludes units where the housing-cost-to-income ratio was not calculated. Race and Hispanic-origin categories overlap and are not additive.,project_flag_standard,series_begins_2023_table_introduction
race_ethnicity_and_housing,housing_cost_burden_over_50_pct,Housing costs over 50% of household income,06041,Marin,2024,2024-12-31,annual rolling five-year estimate,30.2352559,percent,2.73344307,6516,21551,,race_ethnicity_of_householder,white_alone,White alone,renter,,household residence,Rented units with a computable housing-cost ratio,CENSUS_ACS5_DETAIL,ACS5-2024-B25140A-table-based-summary-file,2026-08-10T21:40:54Z,53814337ca0423994c5cf54d663fb59efa08aaf17cca8dd70c35056588460ba9,housing costs over 50% of household income count divided by tenure total less not-calculated cases,The denominator excludes units where the housing-cost-to-income ratio was not calculated. Race and Hispanic-origin categories overlap and are not additive.,project_flag_standard,series_begins_2023_table_introduction
race_ethnicity_and_housing,homeownership_pct,Homeownership share,06041,Marin,2024,2024-12-31,annual rolling five-year estimate,71.45393543,percent,0.90273243,54733,76599,,race_ethnicity_of_householder,white_non_hispanic,"White alone, not Hispanic or Latino",,,household residence,occupied housing units in the stated householder group,CENSUS_ACS5_DETAIL,ACS5-2024-B25003H-table-based-summary-file,2026-08-10T21:40:54Z,b4f56c76ae8f3c088e3e673c684e58f0e81cbbc0ea962e8b8c9b6029b5b4cc58,owner-occupied units divided by occupied units,"Race and Hispanic-origin categories overlap and must not be summed. White alone includes Hispanic householders; White alone, not Hispanic is separate.",project_flag_standard,comparable_within_table_and_vintage
race_ethnicity_and_housing,housing_cost_burden_over_30_pct,Housing costs over 30% of household income,06041,Marin,2024,2024-12-31,annual rolling five-year estimate,35.9784068,percent,1.78203929,12863,35752,,race_ethnicity_of_householder,white_non_hispanic,"White alone, not Hispanic or Latino",owner_with_mortgage,,household residence,Owned units with a mortgage with a computable housing-cost ratio,CENSUS_ACS5_DETAIL,ACS5-2024-B25140H-table-based-summary-file,2026-08-10T21:40:54Z,2dc6fe9ad8eecc7debcefc90e0be1ba1277c00acf55e648bbc9a20d477f4171e,housing costs over 30% of household income count divided by tenure total less not-calculated cases,The denominator excludes units where the housing-cost-to-income ratio was not calculated. Race and Hispanic-origin categories overlap and are not additive.,project_flag_standard,series_begins_2023_table_introduction
race_ethnicity_and_housing,housing_cost_burden_over_50_pct,Housing costs over 50% of household income,06041,Marin,2024,2024-12-31,annual rolling five-year estimate,16.08581338,percent,1.53050938,5751,35752,,race_ethnicity_of_householder,white_non_hispanic,"White alone, not Hispanic or Latino",owner_with_mortgage,,household residence,Owned units with a mortgage with a computable housing-cost ratio,CENSUS_ACS5_DETAIL,ACS5-2024-B25140H-table-based-summary-file,2026-08-10T21:40:54Z,2dc6fe9ad8eecc7debcefc90e0be1ba1277c00acf55e648bbc9a20d477f4171e,housing costs over 50% of household income count divided by tenure total less not-calculated cases,The denominator excludes units where the housing-cost-to-income ratio was not calculated. Race and Hispanic-origin categories overlap and are not additive.,project_flag_standard,series_begins_2023_table_introduction
race_ethnicity_and_housing,housing_cost_burden_over_30_pct,Housing costs over 30% of household income,06041,Marin,2024,2024-12-31,annual rolling five-year estimate,20.33980322,percent,2.15615957,3783,18599,,race_ethnicity_of_householder,white_non_hispanic,"White alone, not Hispanic or Latino",owner_without_mortgage,,household residence,Owned units without a mortgage with a computable housing-cost ratio,CENSUS_ACS5_DETAIL,ACS5-2024-B25140H-table-based-summary-file,2026-08-10T21:40:54Z,2dc6fe9ad8eecc7debcefc90e0be1ba1277c00acf55e648bbc9a20d477f4171e,housing costs over 30% of household income count divided by tenure total less not-calculated cases,The denominator excludes units where the housing-cost-to-income ratio was not calculated. Race and Hispanic-origin categories overlap and are not additive.,project_flag_standard,series_begins_2023_table_introduction
race_ethnicity_and_housing,housing_cost_burden_over_50_pct,Housing costs over 50% of household income,06041,Marin,2024,2024-12-31,annual rolling five-year estimate,12.06516479,percent,1.73187752,2244,18599,,race_ethnicity_of_householder,white_non_hispanic,"White alone, not Hispanic or Latino",owner_without_mortgage,,household residence,Owned units without a mortgage with a computable housing-cost ratio,CENSUS_ACS5_DETAIL,ACS5-2024-B25140H-table-based-summary-file,2026-08-10T21:40:54Z,2dc6fe9ad8eecc7debcefc90e0be1ba1277c00acf55e648bbc9a20d477f4171e,housing costs over 50% of household income count divided by tenure total less not-calculated cases,The denominator excludes units where the housing-cost-to-income ratio was not calculated. Race and Hispanic-origin categories overlap and are not additive.,project_flag_standard,series_begins_2023_table_introduction
race_ethnicity_and_housing,housing_cost_burden_over_30_pct,Housing costs over 30% of household income,06041,Marin,2024,2024-12-31,annual rolling five-year estimate,50.53145231,percent,2.49004496,10459,20698,,race_ethnicity_of_householder,white_non_hispanic,"White alone, not Hispanic or Latino",renter,,household residence,Rented units with a computable housing-cost ratio,CENSUS_ACS5_DETAIL,ACS5-2024-B25140H-table-based-summary-file,2026-08-10T21:40:54Z,2dc6fe9ad8eecc7debcefc90e0be1ba1277c00acf55e648bbc9a20d477f4171e,housing costs over 30% of household income count divided by tenure total less not-calculated cases,The denominator excludes units where the housing-cost-to-income ratio was not calculated. Race and Hispanic-origin categories overlap and are not additive.,project_flag_standard,series_begins_2023_table_introduction
race_ethnicity_and_housing,housing_cost_burden_over_50_pct,Housing costs over 50% of household income,06041,Marin,2024,2024-12-31,annual rolling five-year estimate,30.57300222,percent,2.73081268,6328,20698,,race_ethnicity_of_householder,white_non_hispanic,"White alone, not Hispanic or Latino",renter,,household residence,Rented units with a computable housing-cost ratio,CENSUS_ACS5_DETAIL,ACS5-2024-B25140H-table-based-summary-file,2026-08-10T21:40:54Z,2dc6fe9ad8eecc7debcefc90e0be1ba1277c00acf55e648bbc9a20d477f4171e,housing costs over 50% of household income count divided by tenure total less not-calculated cases,The denominator excludes units where the housing-cost-to-income ratio was not calculated. Race and Hispanic-origin categories overlap and are not additive.,project_flag_standard,series_begins_2023_table_introduction
race_ethnicity_and_housing,homeownership_pct,Homeownership share,06055,Napa,2024,2024-12-31,annual rolling five-year estimate,68.4057971,percent,16.66972247,236,345,,race_ethnicity_of_householder,aian_alone,American Indian and Alaska Native alone,,,household residence,occupied housing units in the stated householder group,CENSUS_ACS5_DETAIL,ACS5-2024-B25003C-table-based-summary-file,2026-08-10T21:40:54Z,8f9eed7241cc42fba7a354130b58f78fae63c128dd27cdaf0d14f572e1b19736,owner-occupied units divided by occupied units,"Race and Hispanic-origin categories overlap and must not be summed. White alone includes Hispanic householders; White alone, not Hispanic is separate.",project_flag_high_uncertainty,comparable_within_table_and_vintage
race_ethnicity_and_housing,housing_cost_burden_over_30_pct,Housing costs over 30% of household income,06055,Napa,2024,2024-12-31,annual rolling five-year estimate,54.32098765,percent,16.17943688,44,81,,race_ethnicity_of_householder,aian_alone,American Indian and Alaska Native alone,owner_with_mortgage,,household residence,Owned units with a mortgage with a computable housing-cost ratio,CENSUS_ACS5_DETAIL,ACS5-2024-B25140C-table-based-summary-file,2026-08-10T21:40:54Z,807303864b79bc92548981faab7d0f612125e70dd10bca9febd0dac776f2b0b2,housing costs over 30% of household income count divided by tenure total less not-calculated cases,The denominator excludes units where the housing-cost-to-income ratio was not calculated. Race and Hispanic-origin categories overlap and are not additive.,project_flag_low_denominator,series_begins_2023_table_introduction
race_ethnicity_and_housing,housing_cost_burden_over_50_pct,Housing costs over 50% of household income,06055,Napa,2024,2024-12-31,annual rolling five-year estimate,30.86419753,percent,25.92294643,25,81,,race_ethnicity_of_householder,aian_alone,American Indian and Alaska Native alone,owner_with_mortgage,,household residence,Owned units with a mortgage with a computable housing-cost ratio,CENSUS_ACS5_DETAIL,ACS5-2024-B25140C-table-based-summary-file,2026-08-10T21:40:54Z,807303864b79bc92548981faab7d0f612125e70dd10bca9febd0dac776f2b0b2,housing costs over 50% of household income count divided by tenure total less not-calculated cases,The denominator excludes units where the housing-cost-to-income ratio was not calculated. Race and Hispanic-origin categories overlap and are not additive.,project_flag_low_denominator,series_begins_2023_table_introduction
race_ethnicity_and_housing,housing_cost_burden_over_30_pct,Housing costs over 30% of household income,06055,Napa,2024,2024-12-31,annual rolling five-year estimate,12.90322581,percent,17.84980073,20,155,,race_ethnicity_of_householder,aian_alone,American Indian and Alaska Native alone,owner_without_mortgage,,household residence,Owned units without a mortgage with a computable housing-cost ratio,CENSUS_ACS5_DETAIL,ACS5-2024-B25140C-table-based-summary-file,2026-08-10T21:40:54Z,807303864b79bc92548981faab7d0f612125e70dd10bca9febd0dac776f2b0b2,housing costs over 30% of household income count divided by tenure total less not-calculated cases,The denominator excludes units where the housing-cost-to-income ratio was not calculated. Race and Hispanic-origin categories overlap and are not additive.,project_flag_high_uncertainty,series_begins_2023_table_introduction
race_ethnicity_and_housing,housing_cost_burden_over_50_pct,Housing costs over 50% of household income,06055,Napa,2024,2024-12-31,annual rolling five-year estimate,1.93548387,percent,3.70466157,3,155,,race_ethnicity_of_householder,aian_alone,American Indian and Alaska Native alone,owner_without_mortgage,,household residence,Owned units without a mortgage with a computable housing-cost ratio,CENSUS_ACS5_DETAIL,ACS5-2024-B25140C-table-based-summary-file,2026-08-10T21:40:54Z,807303864b79bc92548981faab7d0f612125e70dd10bca9febd0dac776f2b0b2,housing costs over 50% of household income count divided by tenure total less not-calculated cases,The denominator excludes units where the housing-cost-to-income ratio was not calculated. Race and Hispanic-origin categories overlap and are not additive.,project_flag_high_uncertainty,series_begins_2023_table_introduction
race_ethnicity_and_housing,housing_cost_burden_over_30_pct,Housing costs over 30% of household income,06055,Napa,2024,2024-12-31,annual rolling five-year estimate,56.62650602,percent,22.56965865,47,83,,race_ethnicity_of_householder,aian_alone,American Indian and Alaska Native alone,renter,,household residence,Rented units with a computable housing-cost ratio,CENSUS_ACS5_DETAIL,ACS5-2024-B25140C-table-based-summary-file,2026-08-10T21:40:54Z,807303864b79bc92548981faab7d0f612125e70dd10bca9febd0dac776f2b0b2,housing costs over 30% of household income count divided by tenure total less not-calculated cases,The denominator excludes units where the housing-cost-to-income ratio was not calculated. Race and Hispanic-origin categories overlap and are not additive.,project_flag_low_denominator,series_begins_2023_table_introduction
race_ethnicity_and_housing,housing_cost_burden_over_50_pct,Housing costs over 50% of household income,06055,Napa,2024,2024-12-31,annual rolling five-year estimate,19.27710843,percent,27.52313201,16,83,,race_ethnicity_of_householder,aian_alone,American Indian and Alaska Native alone,renter,,household residence,Rented units with a computable housing-cost ratio,CENSUS_ACS5_DETAIL,ACS5-2024-B25140C-table-based-summary-file,2026-08-10T21:40:54Z,807303864b79bc92548981faab7d0f612125e70dd10bca9febd0dac776f2b0b2,housing costs over 50% of household income count divided by tenure total less not-calculated cases,The denominator excludes units where the housing-cost-to-income ratio was not calculated. Race and Hispanic-origin categories overlap and are not additive.,project_flag_low_denominator,series_begins_2023_table_introduction
race_ethnicity_and_housing,homeownership_pct,Homeownership share,06055,Napa,2024,2024-12-31,annual rolling five-year estimate,73.27923054,percent,4.83493873,2438,3327,,race_ethnicity_of_householder,asian_alone,Asian alone,,,household residence,occupied housing units in the stated householder group,CENSUS_ACS5_DETAIL,ACS5-2024-B25003D-table-based-summary-file,2026-08-10T21:40:54Z,2dcaa89c955425e9e6ed61245d0d27dafdf1319029ac541ed04e1628700c20e8,owner-occupied units divided by occupied units,"Race and Hispanic-origin categories overlap and must not be summed. White alone includes Hispanic householders; White alone, not Hispanic is separate.",project_flag_standard,comparable_within_table_and_vintage
race_ethnicity_and_housing,housing_cost_burden_over_30_pct,Housing costs over 30% of household income,06055,Napa,2024,2024-12-31,annual rolling five-year estimate,31.59528243,percent,6.04525492,509,1611,,race_ethnicity_of_householder,asian_alone,Asian alone,owner_with_mortgage,,household residence,Owned units with a mortgage with a computable housing-cost ratio,CENSUS_ACS5_DETAIL,ACS5-2024-B25140D-table-based-summary-file,2026-08-10T21:40:54Z,67fa8ff79fc23ed07ee414822659c69ac9466ae19cf41fcb81aed09900eea9df,housing costs over 30% of household income count divided by tenure total less not-calculated cases,The denominator excludes units where the housing-cost-to-income ratio was not calculated. Race and Hispanic-origin categories overlap and are not additive.,project_flag_moderate_uncertainty,series_begins_2023_table_introduction
race_ethnicity_and_housing,housing_cost_burden_over_50_pct,Housing costs over 50% of household income,06055,Napa,2024,2024-12-31,annual rolling five-year estimate,13.65611421,percent,5.62611075,220,1611,,race_ethnicity_of_householder,asian_alone,Asian alone,owner_with_mortgage,,household residence,Owned units with a mortgage with a computable housing-cost ratio,CENSUS_ACS5_DETAIL,ACS5-2024-B25140D-table-based-summary-file,2026-08-10T21:40:54Z,67fa8ff79fc23ed07ee414822659c69ac9466ae19cf41fcb81aed09900eea9df,housing costs over 50% of household income count divided by tenure total less not-calculated cases,The denominator excludes units where the housing-cost-to-income ratio was not calculated. Race and Hispanic-origin categories overlap and are not additive.,project_flag_moderate_uncertainty,series_begins_2023_table_introduction
race_ethnicity_and_housing,housing_cost_burden_over_30_pct,Housing costs over 30% of household income,06055,Napa,2024,2024-12-31,annual rolling five-year estimate,24.46675031,percent,14.16491967,195,797,,race_ethnicity_of_householder,asian_alone,Asian alone,owner_without_mortgage,,household residence,Owned units without a mortgage with a computable housing-cost ratio,CENSUS_ACS5_DETAIL,ACS5-2024-B25140D-table-based-summary-file,2026-08-10T21:40:54Z,67fa8ff79fc23ed07ee414822659c69ac9466ae19cf41fcb81aed09900eea9df,housing costs over 30% of household income count divided by tenure total less not-calculated cases,The denominator excludes units where the housing-cost-to-income ratio was not calculated. Race and Hispanic-origin categories overlap and are not additive.,project_flag_high_uncertainty,series_begins_2023_table_introduction
race_ethnicity_and_housing,housing_cost_burden_over_50_pct,Housing costs over 50% of household income,06055,Napa,2024,2024-12-31,annual rolling five-year estimate,8.78293601,percent,7.75642267,70,797,,race_ethnicity_of_householder,asian_alone,Asian alone,owner_without_mortgage,,household residence,Owned units without a mortgage with a computable housing-cost ratio,CENSUS_ACS5_DETAIL,ACS5-2024-B25140D-table-based-summary-file,2026-08-10T21:40:54Z,67fa8ff79fc23ed07ee414822659c69ac9466ae19cf41fcb81aed09900eea9df,housing costs over 50% of household income count divided by tenure total less not-calculated cases,The denominator excludes units where the housing-cost-to-income ratio was not calculated. Race and Hispanic-origin categories overlap and are not additive.,project_flag_high_uncertainty,series_begins_2023_table_introduction
race_ethnicity_and_housing,housing_cost_burden_over_30_pct,Housing costs over 30% of household income,06055,Napa,2024,2024-12-31,annual rolling five-year estimate,51.36476427,percent,13.5091633,414,806,,race_ethnicity_of_householder,asian_alone,Asian alone,renter,,household residence,Rented units with a computable housing-cost ratio,CENSUS_ACS5_DETAIL,ACS5-2024-B25140D-table-based-summary-file,2026-08-10T21:40:54Z,67fa8ff79fc23ed07ee414822659c69ac9466ae19cf41fcb81aed09900eea9df,housing costs over 30% of household income count divided by tenure total less not-calculated cases,The denominator excludes units where the housing-cost-to-income ratio was not calculated. Race and Hispanic-origin categories overlap and are not additive.,project_flag_high_uncertainty,series_begins_2023_table_introduction
race_ethnicity_and_housing,housing_cost_burden_over_50_pct,Housing costs over 50% of household income,06055,Napa,2024,2024-12-31,annual rolling five-year estimate,26.92307692,percent,13.65338944,217,806,,race_ethnicity_of_householder,asian_alone,Asian alone,renter,,household residence,Rented units with a computable housing-cost ratio,CENSUS_ACS5_DETAIL,ACS5-2024-B25140D-table-based-summary-file,2026-08-10T21:40:54Z,67fa8ff79fc23ed07ee414822659c69ac9466ae19cf41fcb81aed09900eea9df,housing costs over 50% of household income count divided by tenure total less not-calculated cases,The denominator excludes units where the housing-cost-to-income ratio was not calculated. Race and Hispanic-origin categories overlap and are not additive.,project_flag_high_uncertainty,series_begins_2023_table_introduction
race_ethnicity_and_housing,homeownership_pct,Homeownership share,06055,Napa,2024,2024-12-31,annual rolling five-year estimate,49.07275321,percent,6.46752498,344,701,,race_ethnicity_of_householder,black_alone,Black or African American alone,,,household residence,occupied housing units in the stated householder group,CENSUS_ACS5_DETAIL,ACS5-2024-B25003B-table-based-summary-file,2026-08-10T21:40:54Z,cb7cf99b923e96604963a94d107d71ce917ace43c5da2731e5c2db366c3ffcde,owner-occupied units divided by occupied units,"Race and Hispanic-origin categories overlap and must not be summed. White alone includes Hispanic householders; White alone, not Hispanic is separate.",project_flag_moderate_uncertainty,comparable_within_table_and_vintage
race_ethnicity_and_housing,housing_cost_burden_over_30_pct,Housing costs over 30% of household income,06055,Napa,2024,2024-12-31,annual rolling five-year estimate,17.5257732,percent,11.65810627,51,291,,race_ethnicity_of_householder,black_alone,Black or African American alone,owner_with_mortgage,,household residence,Owned units with a mortgage with a computable housing-cost ratio,CENSUS_ACS5_DETAIL,ACS5-2024-B25140B-table-based-summary-file,2026-08-10T21:40:54Z,315dca96c21c09a3f76b620a8eb3653e7ccfdfe3387f25a29379eab890ba08c7,housing costs over 30% of household income count divided by tenure total less not-calculated cases,The denominator excludes units where the housing-cost-to-income ratio was not calculated. Race and Hispanic-origin categories overlap and are not additive.,project_flag_high_uncertainty,series_begins_2023_table_introduction
race_ethnicity_and_housing,housing_cost_burden_over_50_pct,Housing costs over 50% of household income,06055,Napa,2024,2024-12-31,annual rolling five-year estimate,15.80756014,percent,10.83930098,46,291,,race_ethnicity_of_householder,black_alone,Black or African American alone,owner_with_mortgage,,household residence,Owned units with a mortgage with a computable housing-cost ratio,CENSUS_ACS5_DETAIL,ACS5-2024-B25140B-table-based-summary-file,2026-08-10T21:40:54Z,315dca96c21c09a3f76b620a8eb3653e7ccfdfe3387f25a29379eab890ba08c7,housing costs over 50% of household income count divided by tenure total less not-calculated cases,The denominator excludes units where the housing-cost-to-income ratio was not calculated. Race and Hispanic-origin categories overlap and are not additive.,project_flag_high_uncertainty,series_begins_2023_table_introduction
race_ethnicity_and_housing,housing_cost_burden_over_30_pct,Housing costs over 30% of household income,06055,Napa,2024,2024-12-31,annual rolling five-year estimate,0,percent,60.37735849,0,53,,race_ethnicity_of_householder,black_alone,Black or African American alone,owner_without_mortgage,,household residence,Owned units without a mortgage with a computable housing-cost ratio,CENSUS_ACS5_DETAIL,ACS5-2024-B25140B-table-based-summary-file,2026-08-10T21:40:54Z,315dca96c21c09a3f76b620a8eb3653e7ccfdfe3387f25a29379eab890ba08c7,housing costs over 30% of household income count divided by tenure total less not-calculated cases,The denominator excludes units where the housing-cost-to-income ratio was not calculated. Race and Hispanic-origin categories overlap and are not additive.,project_flag_low_denominator,series_begins_2023_table_introduction
race_ethnicity_and_housing,housing_cost_burden_over_50_pct,Housing costs over 50% of household income,06055,Napa,2024,2024-12-31,annual rolling five-year estimate,0,percent,60.37735849,0,53,,race_ethnicity_of_householder,black_alone,Black or African American alone,owner_without_mortgage,,household residence,Owned units without a mortgage with a computable housing-cost ratio,CENSUS_ACS5_DETAIL,ACS5-2024-B25140B-table-based-summary-file,2026-08-10T21:40:54Z,315dca96c21c09a3f76b620a8eb3653e7ccfdfe3387f25a29379eab890ba08c7,housing costs over 50% of household income count divided by tenure total less not-calculated cases,The denominator excludes units where the housing-cost-to-income ratio was not calculated. Race and Hispanic-origin categories overlap and are not additive.,project_flag_low_denominator,series_begins_2023_table_introduction
race_ethnicity_and_housing,housing_cost_burden_over_30_pct,Housing costs over 30% of household income,06055,Napa,2024,2024-12-31,annual rolling five-year estimate,55.46218487,percent,12.30276417,198,357,,race_ethnicity_of_householder,black_alone,Black or African American alone,renter,,household residence,Rented units with a computable housing-cost ratio,CENSUS_ACS5_DETAIL,ACS5-2024-B25140B-table-based-summary-file,2026-08-10T21:40:54Z,315dca96c21c09a3f76b620a8eb3653e7ccfdfe3387f25a29379eab890ba08c7,housing costs over 30% of household income count divided by tenure total less not-calculated cases,The denominator excludes units where the housing-cost-to-income ratio was not calculated. Race and Hispanic-origin categories overlap and are not additive.,project_flag_high_uncertainty,series_begins_2023_table_introduction
race_ethnicity_and_housing,housing_cost_burden_over_50_pct,Housing costs over 50% of household income,06055,Napa,2024,2024-12-31,annual rolling five-year estimate,36.13445378,percent,12.07953057,129,357,,race_ethnicity_of_householder,black_alone,Black or African American alone,renter,,household residence,Rented units with a computable housing-cost ratio,CENSUS_ACS5_DETAIL,ACS5-2024-B25140B-table-based-summary-file,2026-08-10T21:40:54Z,315dca96c21c09a3f76b620a8eb3653e7ccfdfe3387f25a29379eab890ba08c7,housing costs over 50% of household income count divided by tenure total less not-calculated cases,The denominator excludes units where the housing-cost-to-income ratio was not calculated. Race and Hispanic-origin categories overlap and are not additive.,project_flag_high_uncertainty,series_begins_2023_table_introduction
race_ethnicity_and_housing,homeownership_pct,Homeownership share,06055,Napa,2024,2024-12-31,annual rolling five-year estimate,46.98928121,percent,3.11817461,5962,12688,,race_ethnicity_of_householder,hispanic_or_latino,Hispanic or Latino,,,household residence,occupied housing units in the stated householder group,CENSUS_ACS5_DETAIL,ACS5-2024-B25003I-table-based-summary-file,2026-08-10T21:40:54Z,cac1ca32a43c68a961047efabb18ea4302405dbbc29d82ac922d4520bf8659f0,owner-occupied units divided by occupied units,"Race and Hispanic-origin categories overlap and must not be summed. White alone includes Hispanic householders; White alone, not Hispanic is separate.",project_flag_standard,comparable_within_table_and_vintage
race_ethnicity_and_housing,housing_cost_burden_over_30_pct,Housing costs over 30% of household income,06055,Napa,2024,2024-12-31,annual rolling five-year estimate,48.10596026,percent,7.17406632,1816,3775,,race_ethnicity_of_householder,hispanic_or_latino,Hispanic or Latino,owner_with_mortgage,,household residence,Owned units with a mortgage with a computable housing-cost ratio,CENSUS_ACS5_DETAIL,ACS5-2024-B25140I-table-based-summary-file,2026-08-10T21:40:54Z,9db92e88564f7eac086eea5b91d90ede54cebc373ccefe2e8d21287d2471a312,housing costs over 30% of household income count divided by tenure total less not-calculated cases,The denominator excludes units where the housing-cost-to-income ratio was not calculated. Race and Hispanic-origin categories overlap and are not additive.,project_flag_moderate_uncertainty,series_begins_2023_table_introduction
race_ethnicity_and_housing,housing_cost_burden_over_50_pct,Housing costs over 50% of household income,06055,Napa,2024,2024-12-31,annual rolling five-year estimate,20.87417219,percent,5.4507759,788,3775,,race_ethnicity_of_householder,hispanic_or_latino,Hispanic or Latino,owner_with_mortgage,,household residence,Owned units with a mortgage with a computable housing-cost ratio,CENSUS_ACS5_DETAIL,ACS5-2024-B25140I-table-based-summary-file,2026-08-10T21:40:54Z,9db92e88564f7eac086eea5b91d90ede54cebc373ccefe2e8d21287d2471a312,housing costs over 50% of household income count divided by tenure total less not-calculated cases,The denominator excludes units where the housing-cost-to-income ratio was not calculated. Race and Hispanic-origin categories overlap and are not additive.,project_flag_moderate_uncertainty,series_begins_2023_table_introduction
race_ethnicity_and_housing,housing_cost_burden_over_30_pct,Housing costs over 30% of household income,06055,Napa,2024,2024-12-31,annual rolling five-year estimate,13.28671329,percent,5.5577227,285,2145,,race_ethnicity_of_householder,hispanic_or_latino,Hispanic or Latino,owner_without_mortgage,,household residence,Owned units without a mortgage with a computable housing-cost ratio,CENSUS_ACS5_DETAIL,ACS5-2024-B25140I-table-based-summary-file,2026-08-10T21:40:54Z,9db92e88564f7eac086eea5b91d90ede54cebc373ccefe2e8d21287d2471a312,housing costs over 30% of household income count divided by tenure total less not-calculated cases,The denominator excludes units where the housing-cost-to-income ratio was not calculated. Race and Hispanic-origin categories overlap and are not additive.,project_flag_moderate_uncertainty,series_begins_2023_table_introduction
race_ethnicity_and_housing,housing_cost_burden_over_50_pct,Housing costs over 50% of household income,06055,Napa,2024,2024-12-31,annual rolling five-year estimate,6.71328671,percent,4.25918208,144,2145,,race_ethnicity_of_householder,hispanic_or_latino,Hispanic or Latino,owner_without_mortgage,,household residence,Owned units without a mortgage with a computable housing-cost ratio,CENSUS_ACS5_DETAIL,ACS5-2024-B25140I-table-based-summary-file,2026-08-10T21:40:54Z,9db92e88564f7eac086eea5b91d90ede54cebc373ccefe2e8d21287d2471a312,housing costs over 50% of household income count divided by tenure total less not-calculated cases,The denominator excludes units where the housing-cost-to-income ratio was not calculated. Race and Hispanic-origin categories overlap and are not additive.,project_flag_high_uncertainty,series_begins_2023_table_introduction
race_ethnicity_and_housing,housing_cost_burden_over_30_pct,Housing costs over 30% of household income,06055,Napa,2024,2024-12-31,annual rolling five-year estimate,56.31441317,percent,5.6210854,3661,6501,,race_ethnicity_of_householder,hispanic_or_latino,Hispanic or Latino,renter,,household residence,Rented units with a computable housing-cost ratio,CENSUS_ACS5_DETAIL,ACS5-2024-B25140I-table-based-summary-file,2026-08-10T21:40:54Z,9db92e88564f7eac086eea5b91d90ede54cebc373ccefe2e8d21287d2471a312,housing costs over 30% of household income count divided by tenure total less not-calculated cases,The denominator excludes units where the housing-cost-to-income ratio was not calculated. Race and Hispanic-origin categories overlap and are not additive.,project_flag_moderate_uncertainty,series_begins_2023_table_introduction
race_ethnicity_and_housing,housing_cost_burden_over_50_pct,Housing costs over 50% of household income,06055,Napa,2024,2024-12-31,annual rolling five-year estimate,27.76495924,percent,5.35181923,1805,6501,,race_ethnicity_of_householder,hispanic_or_latino,Hispanic or Latino,renter,,household residence,Rented units with a computable housing-cost ratio,CENSUS_ACS5_DETAIL,ACS5-2024-B25140I-table-based-summary-file,2026-08-10T21:40:54Z,9db92e88564f7eac086eea5b91d90ede54cebc373ccefe2e8d21287d2471a312,housing costs over 50% of household income count divided by tenure total less not-calculated cases,The denominator excludes units where the housing-cost-to-income ratio was not calculated. Race and Hispanic-origin categories overlap and are not additive.,project_flag_moderate_uncertainty,series_begins_2023_table_introduction
race_ethnicity_and_housing,homeownership_pct,Homeownership share,06055,Napa,2024,2024-12-31,annual rolling five-year estimate,65.38461538,percent,33.7488645,85,130,,race_ethnicity_of_householder,nhpi_alone,Native Hawaiian and Other Pacific Islander alone,,,household residence,occupied housing units in the stated householder group,CENSUS_ACS5_DETAIL,ACS5-2024-B25003E-table-based-summary-file,2026-08-10T21:40:54Z,bc9a8d937b8f8add717274b5dd99ecd5e19f85cc9c34eaec7fe37c7d9f0c7f23,owner-occupied units divided by occupied units,"Race and Hispanic-origin categories overlap and must not be summed. White alone includes Hispanic householders; White alone, not Hispanic is separate.",project_flag_high_uncertainty,comparable_within_table_and_vintage
race_ethnicity_and_housing,housing_cost_burden_over_30_pct,Housing costs over 30% of household income,06055,Napa,2024,2024-12-31,annual rolling five-year estimate,23.52941176,percent,30.93673306,20,85,,race_ethnicity_of_householder,nhpi_alone,Native Hawaiian and Other Pacific Islander alone,owner_with_mortgage,,household residence,Owned units with a mortgage with a computable housing-cost ratio,CENSUS_ACS5_DETAIL,ACS5-2024-B25140E-table-based-summary-file,2026-08-10T21:40:54Z,bcc9a240d47ba3546e92c0ae70f8632c8f90ff0083a08da1d1b9c9302126027d,housing costs over 30% of household income count divided by tenure total less not-calculated cases,The denominator excludes units where the housing-cost-to-income ratio was not calculated. Race and Hispanic-origin categories overlap and are not additive.,project_flag_low_denominator,series_begins_2023_table_introduction
race_ethnicity_and_housing,housing_cost_burden_over_50_pct,Housing costs over 50% of household income,06055,Napa,2024,2024-12-31,annual rolling five-year estimate,23.52941176,percent,30.93673306,20,85,,race_ethnicity_of_householder,nhpi_alone,Native Hawaiian and Other Pacific Islander alone,owner_with_mortgage,,household residence,Owned units with a mortgage with a computable housing-cost ratio,CENSUS_ACS5_DETAIL,ACS5-2024-B25140E-table-based-summary-file,2026-08-10T21:40:54Z,bcc9a240d47ba3546e92c0ae70f8632c8f90ff0083a08da1d1b9c9302126027d,housing costs over 50% of household income count divided by tenure total less not-calculated cases,The denominator excludes units where the housing-cost-to-income ratio was not calculated. Race and Hispanic-origin categories overlap and are not additive.,project_flag_low_denominator,series_begins_2023_table_introduction
race_ethnicity_and_housing,housing_cost_burden_over_30_pct,Housing costs over 30% of household income,06055,Napa,2024,2024-12-31,annual rolling five-year estimate,,percent,,0,0,,race_ethnicity_of_householder,nhpi_alone,Native Hawaiian and Other Pacific Islander alone,owner_without_mortgage,,household residence,Owned units without a mortgage with a computable housing-cost ratio,CENSUS_ACS5_DETAIL,ACS5-2024-B25140E-table-based-summary-file,2026-08-10T21:40:54Z,bcc9a240d47ba3546e92c0ae70f8632c8f90ff0083a08da1d1b9c9302126027d,housing costs over 30% of household income count divided by tenure total less not-calculated cases,The denominator excludes units where the housing-cost-to-income ratio was not calculated. Race and Hispanic-origin categories overlap and are not additive.,missing_or_suppressed,series_begins_2023_table_introduction
race_ethnicity_and_housing,housing_cost_burden_over_50_pct,Housing costs over 50% of household income,06055,Napa,2024,2024-12-31,annual rolling five-year estimate,,percent,,0,0,,race_ethnicity_of_householder,nhpi_alone,Native Hawaiian and Other Pacific Islander alone,owner_without_mortgage,,household residence,Owned units without a mortgage with a computable housing-cost ratio,CENSUS_ACS5_DETAIL,ACS5-2024-B25140E-table-based-summary-file,2026-08-10T21:40:54Z,bcc9a240d47ba3546e92c0ae70f8632c8f90ff0083a08da1d1b9c9302126027d,housing costs over 50% of household income count divided by tenure total less not-calculated cases,The denominator excludes units where the housing-cost-to-income ratio was not calculated. Race and Hispanic-origin categories overlap and are not additive.,missing_or_suppressed,series_begins_2023_table_introduction
race_ethnicity_and_housing,housing_cost_burden_over_30_pct,Housing costs over 30% of household income,06055,Napa,2024,2024-12-31,annual rolling five-year estimate,100,percent,169.61830789,45,45,,race_ethnicity_of_householder,nhpi_alone,Native Hawaiian and Other Pacific Islander alone,renter,,household residence,Rented units with a computable housing-cost ratio,CENSUS_ACS5_DETAIL,ACS5-2024-B25140E-table-based-summary-file,2026-08-10T21:40:54Z,bcc9a240d47ba3546e92c0ae70f8632c8f90ff0083a08da1d1b9c9302126027d,housing costs over 30% of household income count divided by tenure total less not-calculated cases,The denominator excludes units where the housing-cost-to-income ratio was not calculated. Race and Hispanic-origin categories overlap and are not additive.,project_flag_low_denominator,series_begins_2023_table_introduction
race_ethnicity_and_housing,housing_cost_burden_over_50_pct,Housing costs over 50% of household income,06055,Napa,2024,2024-12-31,annual rolling five-year estimate,75.55555556,percent,51.86831015,34,45,,race_ethnicity_of_householder,nhpi_alone,Native Hawaiian and Other Pacific Islander alone,renter,,household residence,Rented units with a computable housing-cost ratio,CENSUS_ACS5_DETAIL,ACS5-2024-B25140E-table-based-summary-file,2026-08-10T21:40:54Z,bcc9a240d47ba3546e92c0ae70f8632c8f90ff0083a08da1d1b9c9302126027d,housing costs over 50% of household income count divided by tenure total less not-calculated cases,The denominator excludes units where the housing-cost-to-income ratio was not calculated. Race and Hispanic-origin categories overlap and are not additive.,project_flag_low_denominator,series_begins_2023_table_introduction
race_ethnicity_and_housing,homeownership_pct,Homeownership share,06055,Napa,2024,2024-12-31,annual rolling five-year estimate,43.49544595,percent,4.8566232,2531,5819,,race_ethnicity_of_householder,some_other_race_alone,Some other race alone,,,household residence,occupied housing units in the stated householder group,CENSUS_ACS5_DETAIL,ACS5-2024-B25003F-table-based-summary-file,2026-08-10T21:40:54Z,d7fb5b61390c9b5451f142561b9a1a233303d38d5f6fcbc588dbda3633441d0c,owner-occupied units divided by occupied units,"Race and Hispanic-origin categories overlap and must not be summed. White alone includes Hispanic householders; White alone, not Hispanic is separate.",project_flag_standard,comparable_within_table_and_vintage
race_ethnicity_and_housing,housing_cost_burden_over_30_pct,Housing costs over 30% of household income,06055,Napa,2024,2024-12-31,annual rolling five-year estimate,53.25945241,percent,10.80762363,817,1534,,race_ethnicity_of_householder,some_other_race_alone,Some other race alone,owner_with_mortgage,,household residence,Owned units with a mortgage with a computable housing-cost ratio,CENSUS_ACS5_DETAIL,ACS5-2024-B25140F-table-based-summary-file,2026-08-10T21:40:54Z,83d69d240f5c6059a20db4cece66141192007b1dc319dd073590e681f217394b,housing costs over 30% of household income count divided by tenure total less not-calculated cases,The denominator excludes units where the housing-cost-to-income ratio was not calculated. Race and Hispanic-origin categories overlap and are not additive.,project_flag_high_uncertainty,series_begins_2023_table_introduction
race_ethnicity_and_housing,housing_cost_burden_over_50_pct,Housing costs over 50% of household income,06055,Napa,2024,2024-12-31,annual rolling five-year estimate,23.07692308,percent,8.88427726,354,1534,,race_ethnicity_of_householder,some_other_race_alone,Some other race alone,owner_with_mortgage,,household residence,Owned units with a mortgage with a computable housing-cost ratio,CENSUS_ACS5_DETAIL,ACS5-2024-B25140F-table-based-summary-file,2026-08-10T21:40:54Z,83d69d240f5c6059a20db4cece66141192007b1dc319dd073590e681f217394b,housing costs over 50% of household income count divided by tenure total less not-calculated cases,The denominator excludes units where the housing-cost-to-income ratio was not calculated. Race and Hispanic-origin categories overlap and are not additive.,project_flag_moderate_uncertainty,series_begins_2023_table_introduction
race_ethnicity_and_housing,housing_cost_burden_over_30_pct,Housing costs over 30% of household income,06055,Napa,2024,2024-12-31,annual rolling five-year estimate,13.25178389,percent,9.11012683,130,981,,race_ethnicity_of_householder,some_other_race_alone,Some other race alone,owner_without_mortgage,,household residence,Owned units without a mortgage with a computable housing-cost ratio,CENSUS_ACS5_DETAIL,ACS5-2024-B25140F-table-based-summary-file,2026-08-10T21:40:54Z,83d69d240f5c6059a20db4cece66141192007b1dc319dd073590e681f217394b,housing costs over 30% of household income count divided by tenure total less not-calculated cases,The denominator excludes units where the housing-cost-to-income ratio was not calculated. Race and Hispanic-origin categories overlap and are not additive.,project_flag_high_uncertainty,series_begins_2023_table_introduction
race_ethnicity_and_housing,housing_cost_burden_over_50_pct,Housing costs over 50% of household income,06055,Napa,2024,2024-12-31,annual rolling five-year estimate,5.60652396,percent,4.69154591,55,981,,race_ethnicity_of_householder,some_other_race_alone,Some other race alone,owner_without_mortgage,,household residence,Owned units without a mortgage with a computable housing-cost ratio,CENSUS_ACS5_DETAIL,ACS5-2024-B25140F-table-based-summary-file,2026-08-10T21:40:54Z,83d69d240f5c6059a20db4cece66141192007b1dc319dd073590e681f217394b,housing costs over 50% of household income count divided by tenure total less not-calculated cases,The denominator excludes units where the housing-cost-to-income ratio was not calculated. Race and Hispanic-origin categories overlap and are not additive.,project_flag_high_uncertainty,series_begins_2023_table_introduction
race_ethnicity_and_housing,housing_cost_burden_over_30_pct,Housing costs over 30% of household income,06055,Napa,2024,2024-12-31,annual rolling five-year estimate,56.13429558,percent,7.23533201,1789,3187,,race_ethnicity_of_householder,some_other_race_alone,Some other race alone,renter,,household residence,Rented units with a computable housing-cost ratio,CENSUS_ACS5_DETAIL,ACS5-2024-B25140F-table-based-summary-file,2026-08-10T21:40:54Z,83d69d240f5c6059a20db4cece66141192007b1dc319dd073590e681f217394b,housing costs over 30% of household income count divided by tenure total less not-calculated cases,The denominator excludes units where the housing-cost-to-income ratio was not calculated. Race and Hispanic-origin categories overlap and are not additive.,project_flag_moderate_uncertainty,series_begins_2023_table_introduction
race_ethnicity_and_housing,housing_cost_burden_over_50_pct,Housing costs over 50% of household income,06055,Napa,2024,2024-12-31,annual rolling five-year estimate,28.647631,percent,5.55635455,913,3187,,race_ethnicity_of_householder,some_other_race_alone,Some other race alone,renter,,household residence,Rented units with a computable housing-cost ratio,CENSUS_ACS5_DETAIL,ACS5-2024-B25140F-table-based-summary-file,2026-08-10T21:40:54Z,83d69d240f5c6059a20db4cece66141192007b1dc319dd073590e681f217394b,housing costs over 50% of household income count divided by tenure total less not-calculated cases,The denominator excludes units where the housing-cost-to-income ratio was not calculated. Race and Hispanic-origin categories overlap and are not additive.,project_flag_moderate_uncertainty,series_begins_2023_table_introduction
race_ethnicity_and_housing,homeownership_pct,Homeownership share,06055,Napa,2024,2024-12-31,annual rolling five-year estimate,51.86542305,percent,6.05479183,3114,6004,,race_ethnicity_of_householder,two_or_more_races,Two or more races,,,household residence,occupied housing units in the stated householder group,CENSUS_ACS5_DETAIL,ACS5-2024-B25003G-table-based-summary-file,2026-08-10T21:40:54Z,d2a199a94da632778a823a0ce83725f97bb20d5bf32856b3d4553c38f97d294d,owner-occupied units divided by occupied units,"Race and Hispanic-origin categories overlap and must not be summed. White alone includes Hispanic householders; White alone, not Hispanic is separate.",project_flag_moderate_uncertainty,comparable_within_table_and_vintage
race_ethnicity_and_housing,housing_cost_burden_over_30_pct,Housing costs over 30% of household income,06055,Napa,2024,2024-12-31,annual rolling five-year estimate,38.99812734,percent,6.89868763,833,2136,,race_ethnicity_of_householder,two_or_more_races,Two or more races,owner_with_mortgage,,household residence,Owned units with a mortgage with a computable housing-cost ratio,CENSUS_ACS5_DETAIL,ACS5-2024-B25140G-table-based-summary-file,2026-08-10T21:40:54Z,85614a66b05ce30a256584351ebb20f265969c8205d17012954b357865ee0675,housing costs over 30% of household income count divided by tenure total less not-calculated cases,The denominator excludes units where the housing-cost-to-income ratio was not calculated. Race and Hispanic-origin categories overlap and are not additive.,project_flag_moderate_uncertainty,series_begins_2023_table_introduction
race_ethnicity_and_housing,housing_cost_burden_over_50_pct,Housing costs over 50% of household income,06055,Napa,2024,2024-12-31,annual rolling five-year estimate,21.44194757,percent,6.76877462,458,2136,,race_ethnicity_of_householder,two_or_more_races,Two or more races,owner_with_mortgage,,household residence,Owned units with a mortgage with a computable housing-cost ratio,CENSUS_ACS5_DETAIL,ACS5-2024-B25140G-table-based-summary-file,2026-08-10T21:40:54Z,85614a66b05ce30a256584351ebb20f265969c8205d17012954b357865ee0675,housing costs over 50% of household income count divided by tenure total less not-calculated cases,The denominator excludes units where the housing-cost-to-income ratio was not calculated. Race and Hispanic-origin categories overlap and are not additive.,project_flag_moderate_uncertainty,series_begins_2023_table_introduction
race_ethnicity_and_housing,housing_cost_burden_over_30_pct,Housing costs over 30% of household income,06055,Napa,2024,2024-12-31,annual rolling five-year estimate,13.10629515,percent,12.08097274,127,969,,race_ethnicity_of_householder,two_or_more_races,Two or more races,owner_without_mortgage,,household residence,Owned units without a mortgage with a computable housing-cost ratio,CENSUS_ACS5_DETAIL,ACS5-2024-B25140G-table-based-summary-file,2026-08-10T21:40:54Z,85614a66b05ce30a256584351ebb20f265969c8205d17012954b357865ee0675,housing costs over 30% of household income count divided by tenure total less not-calculated cases,The denominator excludes units where the housing-cost-to-income ratio was not calculated. Race and Hispanic-origin categories overlap and are not additive.,project_flag_high_uncertainty,series_begins_2023_table_introduction
race_ethnicity_and_housing,housing_cost_burden_over_50_pct,Housing costs over 50% of household income,06055,Napa,2024,2024-12-31,annual rolling five-year estimate,8.0495356,percent,6.86060209,78,969,,race_ethnicity_of_householder,two_or_more_races,Two or more races,owner_without_mortgage,,household residence,Owned units without a mortgage with a computable housing-cost ratio,CENSUS_ACS5_DETAIL,ACS5-2024-B25140G-table-based-summary-file,2026-08-10T21:40:54Z,85614a66b05ce30a256584351ebb20f265969c8205d17012954b357865ee0675,housing costs over 50% of household income count divided by tenure total less not-calculated cases,The denominator excludes units where the housing-cost-to-income ratio was not calculated. Race and Hispanic-origin categories overlap and are not additive.,project_flag_high_uncertainty,series_begins_2023_table_introduction
race_ethnicity_and_housing,housing_cost_burden_over_30_pct,Housing costs over 30% of household income,06055,Napa,2024,2024-12-31,annual rolling five-year estimate,55.74875798,percent,8.42848308,1571,2818,,race_ethnicity_of_householder,two_or_more_races,Two or more races,renter,,household residence,Rented units with a computable housing-cost ratio,CENSUS_ACS5_DETAIL,ACS5-2024-B25140G-table-based-summary-file,2026-08-10T21:40:54Z,85614a66b05ce30a256584351ebb20f265969c8205d17012954b357865ee0675,housing costs over 30% of household income count divided by tenure total less not-calculated cases,The denominator excludes units where the housing-cost-to-income ratio was not calculated. Race and Hispanic-origin categories overlap and are not additive.,project_flag_moderate_uncertainty,series_begins_2023_table_introduction
race_ethnicity_and_housing,housing_cost_burden_over_50_pct,Housing costs over 50% of household income,06055,Napa,2024,2024-12-31,annual rolling five-year estimate,27.67920511,percent,8.89318538,780,2818,,race_ethnicity_of_householder,two_or_more_races,Two or more races,renter,,household residence,Rented units with a computable housing-cost ratio,CENSUS_ACS5_DETAIL,ACS5-2024-B25140G-table-based-summary-file,2026-08-10T21:40:54Z,85614a66b05ce30a256584351ebb20f265969c8205d17012954b357865ee0675,housing costs over 50% of household income count divided by tenure total less not-calculated cases,The denominator excludes units where the housing-cost-to-income ratio was not calculated. Race and Hispanic-origin categories overlap and are not additive.,project_flag_moderate_uncertainty,series_begins_2023_table_introduction
race_ethnicity_and_housing,homeownership_pct,Homeownership share,06055,Napa,2024,2024-12-31,annual rolling five-year estimate,68.20887041,percent,3.52099447,22807,33437,,race_ethnicity_of_householder,white_alone,White alone,,,household residence,occupied housing units in the stated householder group,CENSUS_ACS5_DETAIL,ACS5-2024-B25003A-table-based-summary-file,2026-08-10T21:40:54Z,0a0e607eda31b52759431fe7390f03f1205daeb91867fb5f31cdce7158a282af,owner-occupied units divided by occupied units,"Race and Hispanic-origin categories overlap and must not be summed. White alone includes Hispanic householders; White alone, not Hispanic is separate.",project_flag_standard,comparable_within_table_and_vintage
race_ethnicity_and_housing,housing_cost_burden_over_30_pct,Housing costs over 30% of household income,06055,Napa,2024,2024-12-31,annual rolling five-year estimate,38.71955666,percent,3.03302003,5310,13714,,race_ethnicity_of_householder,white_alone,White alone,owner_with_mortgage,,household residence,Owned units with a mortgage with a computable housing-cost ratio,CENSUS_ACS5_DETAIL,ACS5-2024-B25140A-table-based-summary-file,2026-08-10T21:40:54Z,53814337ca0423994c5cf54d663fb59efa08aaf17cca8dd70c35056588460ba9,housing costs over 30% of household income count divided by tenure total less not-calculated cases,The denominator excludes units where the housing-cost-to-income ratio was not calculated. Race and Hispanic-origin categories overlap and are not additive.,project_flag_standard,series_begins_2023_table_introduction
race_ethnicity_and_housing,housing_cost_burden_over_50_pct,Housing costs over 50% of household income,06055,Napa,2024,2024-12-31,annual rolling five-year estimate,16.2461718,percent,2.28090056,2228,13714,,race_ethnicity_of_householder,white_alone,White alone,owner_with_mortgage,,household residence,Owned units with a mortgage with a computable housing-cost ratio,CENSUS_ACS5_DETAIL,ACS5-2024-B25140A-table-based-summary-file,2026-08-10T21:40:54Z,53814337ca0423994c5cf54d663fb59efa08aaf17cca8dd70c35056588460ba9,housing costs over 50% of household income count divided by tenure total less not-calculated cases,The denominator excludes units where the housing-cost-to-income ratio was not calculated. Race and Hispanic-origin categories overlap and are not additive.,project_flag_standard,series_begins_2023_table_introduction
race_ethnicity_and_housing,housing_cost_burden_over_30_pct,Housing costs over 30% of household income,06055,Napa,2024,2024-12-31,annual rolling five-year estimate,16.93914623,percent,3.81842018,1492,8808,,race_ethnicity_of_householder,white_alone,White alone,owner_without_mortgage,,household residence,Owned units without a mortgage with a computable housing-cost ratio,CENSUS_ACS5_DETAIL,ACS5-2024-B25140A-table-based-summary-file,2026-08-10T21:40:54Z,53814337ca0423994c5cf54d663fb59efa08aaf17cca8dd70c35056588460ba9,housing costs over 30% of household income count divided by tenure total less not-calculated cases,The denominator excludes units where the housing-cost-to-income ratio was not calculated. Race and Hispanic-origin categories overlap and are not additive.,project_flag_standard,series_begins_2023_table_introduction
race_ethnicity_and_housing,housing_cost_burden_over_50_pct,Housing costs over 50% of household income,06055,Napa,2024,2024-12-31,annual rolling five-year estimate,10.16121708,percent,3.04033905,895,8808,,race_ethnicity_of_householder,white_alone,White alone,owner_without_mortgage,,household residence,Owned units without a mortgage with a computable housing-cost ratio,CENSUS_ACS5_DETAIL,ACS5-2024-B25140A-table-based-summary-file,2026-08-10T21:40:54Z,53814337ca0423994c5cf54d663fb59efa08aaf17cca8dd70c35056588460ba9,housing costs over 50% of household income count divided by tenure total less not-calculated cases,The denominator excludes units where the housing-cost-to-income ratio was not calculated. Race and Hispanic-origin categories overlap and are not additive.,project_flag_standard,series_begins_2023_table_introduction
race_ethnicity_and_housing,housing_cost_burden_over_30_pct,Housing costs over 30% of household income,06055,Napa,2024,2024-12-31,annual rolling five-year estimate,52.17347956,percent,3.65507525,5233,10030,,race_ethnicity_of_householder,white_alone,White alone,renter,,household residence,Rented units with a computable housing-cost ratio,CENSUS_ACS5_DETAIL,ACS5-2024-B25140A-table-based-summary-file,2026-08-10T21:40:54Z,53814337ca0423994c5cf54d663fb59efa08aaf17cca8dd70c35056588460ba9,housing costs over 30% of household income count divided by tenure total less not-calculated cases,The denominator excludes units where the housing-cost-to-income ratio was not calculated. Race and Hispanic-origin categories overlap and are not additive.,project_flag_standard,series_begins_2023_table_introduction
race_ethnicity_and_housing,housing_cost_burden_over_50_pct,Housing costs over 50% of household income,06055,Napa,2024,2024-12-31,annual rolling five-year estimate,23.91824526,percent,3.90438227,2399,10030,,race_ethnicity_of_householder,white_alone,White alone,renter,,household residence,Rented units with a computable housing-cost ratio,CENSUS_ACS5_DETAIL,ACS5-2024-B25140A-table-based-summary-file,2026-08-10T21:40:54Z,53814337ca0423994c5cf54d663fb59efa08aaf17cca8dd70c35056588460ba9,housing costs over 50% of household income count divided by tenure total less not-calculated cases,The denominator excludes units where the housing-cost-to-income ratio was not calculated. Race and Hispanic-origin categories overlap and are not additive.,project_flag_standard,series_begins_2023_table_introduction
race_ethnicity_and_housing,homeownership_pct,Homeownership share,06055,Napa,2024,2024-12-31,annual rolling five-year estimate,69.45616125,percent,3.74223788,21571,31057,,race_ethnicity_of_householder,white_non_hispanic,"White alone, not Hispanic or Latino",,,household residence,occupied housing units in the stated householder group,CENSUS_ACS5_DETAIL,ACS5-2024-B25003H-table-based-summary-file,2026-08-10T21:40:54Z,b4f56c76ae8f3c088e3e673c684e58f0e81cbbc0ea962e8b8c9b6029b5b4cc58,owner-occupied units divided by occupied units,"Race and Hispanic-origin categories overlap and must not be summed. White alone includes Hispanic householders; White alone, not Hispanic is separate.",project_flag_standard,comparable_within_table_and_vintage
race_ethnicity_and_housing,housing_cost_burden_over_30_pct,Housing costs over 30% of household income,06055,Napa,2024,2024-12-31,annual rolling five-year estimate,38.0893492,percent,3.1911941,4928,12938,,race_ethnicity_of_householder,white_non_hispanic,"White alone, not Hispanic or Latino",owner_with_mortgage,,household residence,Owned units with a mortgage with a computable housing-cost ratio,CENSUS_ACS5_DETAIL,ACS5-2024-B25140H-table-based-summary-file,2026-08-10T21:40:54Z,2dc6fe9ad8eecc7debcefc90e0be1ba1277c00acf55e648bbc9a20d477f4171e,housing costs over 30% of household income count divided by tenure total less not-calculated cases,The denominator excludes units where the housing-cost-to-income ratio was not calculated. Race and Hispanic-origin categories overlap and are not additive.,project_flag_standard,series_begins_2023_table_introduction
race_ethnicity_and_housing,housing_cost_burden_over_50_pct,Housing costs over 50% of household income,06055,Napa,2024,2024-12-31,annual rolling five-year estimate,16.36265265,percent,2.51613706,2117,12938,,race_ethnicity_of_householder,white_non_hispanic,"White alone, not Hispanic or Latino",owner_with_mortgage,,household residence,Owned units with a mortgage with a computable housing-cost ratio,CENSUS_ACS5_DETAIL,ACS5-2024-B25140H-table-based-summary-file,2026-08-10T21:40:54Z,2dc6fe9ad8eecc7debcefc90e0be1ba1277c00acf55e648bbc9a20d477f4171e,housing costs over 50% of household income count divided by tenure total less not-calculated cases,The denominator excludes units where the housing-cost-to-income ratio was not calculated. Race and Hispanic-origin categories overlap and are not additive.,project_flag_standard,series_begins_2023_table_introduction
race_ethnicity_and_housing,housing_cost_burden_over_30_pct,Housing costs over 30% of household income,06055,Napa,2024,2024-12-31,annual rolling five-year estimate,17.13637449,percent,4.10726536,1435,8374,,race_ethnicity_of_householder,white_non_hispanic,"White alone, not Hispanic or Latino",owner_without_mortgage,,household residence,Owned units without a mortgage with a computable housing-cost ratio,CENSUS_ACS5_DETAIL,ACS5-2024-B25140H-table-based-summary-file,2026-08-10T21:40:54Z,2dc6fe9ad8eecc7debcefc90e0be1ba1277c00acf55e648bbc9a20d477f4171e,housing costs over 30% of household income count divided by tenure total less not-calculated cases,The denominator excludes units where the housing-cost-to-income ratio was not calculated. Race and Hispanic-origin categories overlap and are not additive.,project_flag_standard,series_begins_2023_table_introduction
race_ethnicity_and_housing,housing_cost_burden_over_50_pct,Housing costs over 50% of household income,06055,Napa,2024,2024-12-31,annual rolling five-year estimate,10.2340578,percent,3.24428714,857,8374,,race_ethnicity_of_householder,white_non_hispanic,"White alone, not Hispanic or Latino",owner_without_mortgage,,household residence,Owned units without a mortgage with a computable housing-cost ratio,CENSUS_ACS5_DETAIL,ACS5-2024-B25140H-table-based-summary-file,2026-08-10T21:40:54Z,2dc6fe9ad8eecc7debcefc90e0be1ba1277c00acf55e648bbc9a20d477f4171e,housing costs over 50% of household income count divided by tenure total less not-calculated cases,The denominator excludes units where the housing-cost-to-income ratio was not calculated. Race and Hispanic-origin categories overlap and are not additive.,project_flag_moderate_uncertainty,series_begins_2023_table_introduction
race_ethnicity_and_housing,housing_cost_burden_over_30_pct,Housing costs over 30% of household income,06055,Napa,2024,2024-12-31,annual rolling five-year estimate,52.34156701,percent,3.9489587,4683,8947,,race_ethnicity_of_householder,white_non_hispanic,"White alone, not Hispanic or Latino",renter,,household residence,Rented units with a computable housing-cost ratio,CENSUS_ACS5_DETAIL,ACS5-2024-B25140H-table-based-summary-file,2026-08-10T21:40:54Z,2dc6fe9ad8eecc7debcefc90e0be1ba1277c00acf55e648bbc9a20d477f4171e,housing costs over 30% of household income count divided by tenure total less not-calculated cases,The denominator excludes units where the housing-cost-to-income ratio was not calculated. Race and Hispanic-origin categories overlap and are not additive.,project_flag_standard,series_begins_2023_table_introduction
race_ethnicity_and_housing,housing_cost_burden_over_50_pct,Housing costs over 50% of household income,06055,Napa,2024,2024-12-31,annual rolling five-year estimate,24.24276294,percent,4.23827949,2169,8947,,race_ethnicity_of_householder,white_non_hispanic,"White alone, not Hispanic or Latino",renter,,household residence,Rented units with a computable housing-cost ratio,CENSUS_ACS5_DETAIL,ACS5-2024-B25140H-table-based-summary-file,2026-08-10T21:40:54Z,2dc6fe9ad8eecc7debcefc90e0be1ba1277c00acf55e648bbc9a20d477f4171e,housing costs over 50% of household income count divided by tenure total less not-calculated cases,The denominator excludes units where the housing-cost-to-income ratio was not calculated. Race and Hispanic-origin categories overlap and are not additive.,project_flag_standard,series_begins_2023_table_introduction
race_ethnicity_and_housing,homeownership_pct,Homeownership share,06075,San Francisco,2024,2024-12-31,annual rolling five-year estimate,17.66971594,percent,6.53056113,367,2077,,race_ethnicity_of_householder,aian_alone,American Indian and Alaska Native alone,,,household residence,occupied housing units in the stated householder group,CENSUS_ACS5_DETAIL,ACS5-2024-B25003C-table-based-summary-file,2026-08-10T21:40:54Z,8f9eed7241cc42fba7a354130b58f78fae63c128dd27cdaf0d14f572e1b19736,owner-occupied units divided by occupied units,"Race and Hispanic-origin categories overlap and must not be summed. White alone includes Hispanic householders; White alone, not Hispanic is separate.",project_flag_moderate_uncertainty,comparable_within_table_and_vintage
race_ethnicity_and_housing,housing_cost_burden_over_30_pct,Housing costs over 30% of household income,06075,San Francisco,2024,2024-12-31,annual rolling five-year estimate,55.40069686,percent,38.80074675,159,287,,race_ethnicity_of_householder,aian_alone,American Indian and Alaska Native alone,owner_with_mortgage,,household residence,Owned units with a mortgage with a computable housing-cost ratio,CENSUS_ACS5_DETAIL,ACS5-2024-B25140C-table-based-summary-file,2026-08-10T21:40:54Z,807303864b79bc92548981faab7d0f612125e70dd10bca9febd0dac776f2b0b2,housing costs over 30% of household income count divided by tenure total less not-calculated cases,The denominator excludes units where the housing-cost-to-income ratio was not calculated. Race and Hispanic-origin categories overlap and are not additive.,project_flag_high_uncertainty,series_begins_2023_table_introduction
race_ethnicity_and_housing,housing_cost_burden_over_50_pct,Housing costs over 50% of household income,06075,San Francisco,2024,2024-12-31,annual rolling five-year estimate,50.17421603,percent,39.38357481,144,287,,race_ethnicity_of_householder,aian_alone,American Indian and Alaska Native alone,owner_with_mortgage,,household residence,Owned units with a mortgage with a computable housing-cost ratio,CENSUS_ACS5_DETAIL,ACS5-2024-B25140C-table-based-summary-file,2026-08-10T21:40:54Z,807303864b79bc92548981faab7d0f612125e70dd10bca9febd0dac776f2b0b2,housing costs over 50% of household income count divided by tenure total less not-calculated cases,The denominator excludes units where the housing-cost-to-income ratio was not calculated. Race and Hispanic-origin categories overlap and are not additive.,project_flag_high_uncertainty,series_begins_2023_table_introduction
race_ethnicity_and_housing,housing_cost_burden_over_30_pct,Housing costs over 30% of household income,06075,San Francisco,2024,2024-12-31,annual rolling five-year estimate,6.41025641,percent,8.98391178,5,78,,race_ethnicity_of_householder,aian_alone,American Indian and Alaska Native alone,owner_without_mortgage,,household residence,Owned units without a mortgage with a computable housing-cost ratio,CENSUS_ACS5_DETAIL,ACS5-2024-B25140C-table-based-summary-file,2026-08-10T21:40:54Z,807303864b79bc92548981faab7d0f612125e70dd10bca9febd0dac776f2b0b2,housing costs over 30% of household income count divided by tenure total less not-calculated cases,The denominator excludes units where the housing-cost-to-income ratio was not calculated. Race and Hispanic-origin categories overlap and are not additive.,project_flag_low_denominator,series_begins_2023_table_introduction
race_ethnicity_and_housing,housing_cost_burden_over_50_pct,Housing costs over 50% of household income,06075,San Francisco,2024,2024-12-31,annual rolling five-year estimate,6.41025641,percent,8.98391178,5,78,,race_ethnicity_of_householder,aian_alone,American Indian and Alaska Native alone,owner_without_mortgage,,household residence,Owned units without a mortgage with a computable housing-cost ratio,CENSUS_ACS5_DETAIL,ACS5-2024-B25140C-table-based-summary-file,2026-08-10T21:40:54Z,807303864b79bc92548981faab7d0f612125e70dd10bca9febd0dac776f2b0b2,housing costs over 50% of household income count divided by tenure total less not-calculated cases,The denominator excludes units where the housing-cost-to-income ratio was not calculated. Race and Hispanic-origin categories overlap and are not additive.,project_flag_low_denominator,series_begins_2023_table_introduction
race_ethnicity_and_housing,housing_cost_burden_over_30_pct,Housing costs over 30% of household income,06075,San Francisco,2024,2024-12-31,annual rolling five-year estimate,51.23717562,percent,8.97488781,849,1657,,race_ethnicity_of_householder,aian_alone,American Indian and Alaska Native alone,renter,,household residence,Rented units with a computable housing-cost ratio,CENSUS_ACS5_DETAIL,ACS5-2024-B25140C-table-based-summary-file,2026-08-10T21:40:54Z,807303864b79bc92548981faab7d0f612125e70dd10bca9febd0dac776f2b0b2,housing costs over 30% of household income count divided by tenure total less not-calculated cases,The denominator excludes units where the housing-cost-to-income ratio was not calculated. Race and Hispanic-origin categories overlap and are not additive.,project_flag_moderate_uncertainty,series_begins_2023_table_introduction
race_ethnicity_and_housing,housing_cost_burden_over_50_pct,Housing costs over 50% of household income,06075,San Francisco,2024,2024-12-31,annual rolling five-year estimate,33.13216657,percent,10.3427544,549,1657,,race_ethnicity_of_householder,aian_alone,American Indian and Alaska Native alone,renter,,household residence,Rented units with a computable housing-cost ratio,CENSUS_ACS5_DETAIL,ACS5-2024-B25140C-table-based-summary-file,2026-08-10T21:40:54Z,807303864b79bc92548981faab7d0f612125e70dd10bca9febd0dac776f2b0b2,housing costs over 50% of household income count divided by tenure total less not-calculated cases,The denominator excludes units where the housing-cost-to-income ratio was not calculated. Race and Hispanic-origin categories overlap and are not additive.,project_flag_high_uncertainty,series_begins_2023_table_introduction
race_ethnicity_and_housing,homeownership_pct,Homeownership share,06075,San Francisco,2024,2024-12-31,annual rolling five-year estimate,47.31217047,percent,1.04936057,56442,119297,,race_ethnicity_of_householder,asian_alone,Asian alone,,,household residence,occupied housing units in the stated householder group,CENSUS_ACS5_DETAIL,ACS5-2024-B25003D-table-based-summary-file,2026-08-10T21:40:54Z,2dcaa89c955425e9e6ed61245d0d27dafdf1319029ac541ed04e1628700c20e8,owner-occupied units divided by occupied units,"Race and Hispanic-origin categories overlap and must not be summed. White alone includes Hispanic householders; White alone, not Hispanic is separate.",project_flag_standard,comparable_within_table_and_vintage
race_ethnicity_and_housing,housing_cost_burden_over_30_pct,Housing costs over 30% of household income,06075,San Francisco,2024,2024-12-31,annual rolling five-year estimate,39.46582052,percent,2.15110202,12811,32461,,race_ethnicity_of_householder,asian_alone,Asian alone,owner_with_mortgage,,household residence,Owned units with a mortgage with a computable housing-cost ratio,CENSUS_ACS5_DETAIL,ACS5-2024-B25140D-table-based-summary-file,2026-08-10T21:40:54Z,67fa8ff79fc23ed07ee414822659c69ac9466ae19cf41fcb81aed09900eea9df,housing costs over 30% of household income count divided by tenure total less not-calculated cases,The denominator excludes units where the housing-cost-to-income ratio was not calculated. Race and Hispanic-origin categories overlap and are not additive.,project_flag_standard,series_begins_2023_table_introduction
race_ethnicity_and_housing,housing_cost_burden_over_50_pct,Housing costs over 50% of household income,06075,San Francisco,2024,2024-12-31,annual rolling five-year estimate,19.31548628,percent,1.79758025,6270,32461,,race_ethnicity_of_householder,asian_alone,Asian alone,owner_with_mortgage,,household residence,Owned units with a mortgage with a computable housing-cost ratio,CENSUS_ACS5_DETAIL,ACS5-2024-B25140D-table-based-summary-file,2026-08-10T21:40:54Z,67fa8ff79fc23ed07ee414822659c69ac9466ae19cf41fcb81aed09900eea9df,housing costs over 50% of household income count divided by tenure total less not-calculated cases,The denominator excludes units where the housing-cost-to-income ratio was not calculated. Race and Hispanic-origin categories overlap and are not additive.,project_flag_standard,series_begins_2023_table_introduction
race_ethnicity_and_housing,housing_cost_burden_over_30_pct,Housing costs over 30% of household income,06075,San Francisco,2024,2024-12-31,annual rolling five-year estimate,14.3818693,percent,1.72584909,3376,23474,,race_ethnicity_of_householder,asian_alone,Asian alone,owner_without_mortgage,,household residence,Owned units without a mortgage with a computable housing-cost ratio,CENSUS_ACS5_DETAIL,ACS5-2024-B25140D-table-based-summary-file,2026-08-10T21:40:54Z,67fa8ff79fc23ed07ee414822659c69ac9466ae19cf41fcb81aed09900eea9df,housing costs over 30% of household income count divided by tenure total less not-calculated cases,The denominator excludes units where the housing-cost-to-income ratio was not calculated. Race and Hispanic-origin categories overlap and are not additive.,project_flag_standard,series_begins_2023_table_introduction
race_ethnicity_and_housing,housing_cost_burden_over_50_pct,Housing costs over 50% of household income,06075,San Francisco,2024,2024-12-31,annual rolling five-year estimate,8.9205078,percent,1.48488373,2094,23474,,race_ethnicity_of_householder,asian_alone,Asian alone,owner_without_mortgage,,household residence,Owned units without a mortgage with a computable housing-cost ratio,CENSUS_ACS5_DETAIL,ACS5-2024-B25140D-table-based-summary-file,2026-08-10T21:40:54Z,67fa8ff79fc23ed07ee414822659c69ac9466ae19cf41fcb81aed09900eea9df,housing costs over 50% of household income count divided by tenure total less not-calculated cases,The denominator excludes units where the housing-cost-to-income ratio was not calculated. Race and Hispanic-origin categories overlap and are not additive.,project_flag_standard,series_begins_2023_table_introduction
race_ethnicity_and_housing,housing_cost_burden_over_30_pct,Housing costs over 30% of household income,06075,San Francisco,2024,2024-12-31,annual rolling five-year estimate,39.16967818,percent,1.66087209,22870,58387,,race_ethnicity_of_householder,asian_alone,Asian alone,renter,,household residence,Rented units with a computable housing-cost ratio,CENSUS_ACS5_DETAIL,ACS5-2024-B25140D-table-based-summary-file,2026-08-10T21:40:54Z,67fa8ff79fc23ed07ee414822659c69ac9466ae19cf41fcb81aed09900eea9df,housing costs over 30% of household income count divided by tenure total less not-calculated cases,The denominator excludes units where the housing-cost-to-income ratio was not calculated. Race and Hispanic-origin categories overlap and are not additive.,project_flag_standard,series_begins_2023_table_introduction
race_ethnicity_and_housing,housing_cost_burden_over_50_pct,Housing costs over 50% of household income,06075,San Francisco,2024,2024-12-31,annual rolling five-year estimate,20.18257489,percent,1.41681533,11784,58387,,race_ethnicity_of_householder,asian_alone,Asian alone,renter,,household residence,Rented units with a computable housing-cost ratio,CENSUS_ACS5_DETAIL,ACS5-2024-B25140D-table-based-summary-file,2026-08-10T21:40:54Z,67fa8ff79fc23ed07ee414822659c69ac9466ae19cf41fcb81aed09900eea9df,housing costs over 50% of household income count divided by tenure total less not-calculated cases,The denominator excludes units where the housing-cost-to-income ratio was not calculated. Race and Hispanic-origin categories overlap and are not additive.,project_flag_standard,series_begins_2023_table_introduction
race_ethnicity_and_housing,homeownership_pct,Homeownership share,06075,San Francisco,2024,2024-12-31,annual rolling five-year estimate,21.59990333,percent,3.01730556,3575,16551,,race_ethnicity_of_householder,black_alone,Black or African American alone,,,household residence,occupied housing units in the stated householder group,CENSUS_ACS5_DETAIL,ACS5-2024-B25003B-table-based-summary-file,2026-08-10T21:40:54Z,cb7cf99b923e96604963a94d107d71ce917ace43c5da2731e5c2db366c3ffcde,owner-occupied units divided by occupied units,"Race and Hispanic-origin categories overlap and must not be summed. White alone includes Hispanic householders; White alone, not Hispanic is separate.",project_flag_standard,comparable_within_table_and_vintage
race_ethnicity_and_housing,housing_cost_burden_over_30_pct,Housing costs over 30% of household income,06075,San Francisco,2024,2024-12-31,annual rolling five-year estimate,41.74034435,percent,6.17786488,897,2149,,race_ethnicity_of_householder,black_alone,Black or African American alone,owner_with_mortgage,,household residence,Owned units with a mortgage with a computable housing-cost ratio,CENSUS_ACS5_DETAIL,ACS5-2024-B25140B-table-based-summary-file,2026-08-10T21:40:54Z,315dca96c21c09a3f76b620a8eb3653e7ccfdfe3387f25a29379eab890ba08c7,housing costs over 30% of household income count divided by tenure total less not-calculated cases,The denominator excludes units where the housing-cost-to-income ratio was not calculated. Race and Hispanic-origin categories overlap and are not additive.,project_flag_moderate_uncertainty,series_begins_2023_table_introduction
race_ethnicity_and_housing,housing_cost_burden_over_50_pct,Housing costs over 50% of household income,06075,San Francisco,2024,2024-12-31,annual rolling five-year estimate,22.70823639,percent,6.30482402,488,2149,,race_ethnicity_of_householder,black_alone,Black or African American alone,owner_with_mortgage,,household residence,Owned units with a mortgage with a computable housing-cost ratio,CENSUS_ACS5_DETAIL,ACS5-2024-B25140B-table-based-summary-file,2026-08-10T21:40:54Z,315dca96c21c09a3f76b620a8eb3653e7ccfdfe3387f25a29379eab890ba08c7,housing costs over 50% of household income count divided by tenure total less not-calculated cases,The denominator excludes units where the housing-cost-to-income ratio was not calculated. Race and Hispanic-origin categories overlap and are not additive.,project_flag_moderate_uncertainty,series_begins_2023_table_introduction
race_ethnicity_and_housing,housing_cost_burden_over_30_pct,Housing costs over 30% of household income,06075,San Francisco,2024,2024-12-31,annual rolling five-year estimate,26.79830748,percent,9.85782776,380,1418,,race_ethnicity_of_householder,black_alone,Black or African American alone,owner_without_mortgage,,household residence,Owned units without a mortgage with a computable housing-cost ratio,CENSUS_ACS5_DETAIL,ACS5-2024-B25140B-table-based-summary-file,2026-08-10T21:40:54Z,315dca96c21c09a3f76b620a8eb3653e7ccfdfe3387f25a29379eab890ba08c7,housing costs over 30% of household income count divided by tenure total less not-calculated cases,The denominator excludes units where the housing-cost-to-income ratio was not calculated. Race and Hispanic-origin categories overlap and are not additive.,project_flag_moderate_uncertainty,series_begins_2023_table_introduction
race_ethnicity_and_housing,housing_cost_burden_over_50_pct,Housing costs over 50% of household income,06075,San Francisco,2024,2024-12-31,annual rolling five-year estimate,21.93229901,percent,10.6084583,311,1418,,race_ethnicity_of_householder,black_alone,Black or African American alone,owner_without_mortgage,,household residence,Owned units without a mortgage with a computable housing-cost ratio,CENSUS_ACS5_DETAIL,ACS5-2024-B25140B-table-based-summary-file,2026-08-10T21:40:54Z,315dca96c21c09a3f76b620a8eb3653e7ccfdfe3387f25a29379eab890ba08c7,housing costs over 50% of household income count divided by tenure total less not-calculated cases,The denominator excludes units where the housing-cost-to-income ratio was not calculated. Race and Hispanic-origin categories overlap and are not additive.,project_flag_high_uncertainty,series_begins_2023_table_introduction
race_ethnicity_and_housing,housing_cost_burden_over_30_pct,Housing costs over 30% of household income,06075,San Francisco,2024,2024-12-31,annual rolling five-year estimate,51.81107388,percent,3.7417496,6494,12534,,race_ethnicity_of_householder,black_alone,Black or African American alone,renter,,household residence,Rented units with a computable housing-cost ratio,CENSUS_ACS5_DETAIL,ACS5-2024-B25140B-table-based-summary-file,2026-08-10T21:40:54Z,315dca96c21c09a3f76b620a8eb3653e7ccfdfe3387f25a29379eab890ba08c7,housing costs over 30% of household income count divided by tenure total less not-calculated cases,The denominator excludes units where the housing-cost-to-income ratio was not calculated. Race and Hispanic-origin categories overlap and are not additive.,project_flag_standard,series_begins_2023_table_introduction
race_ethnicity_and_housing,housing_cost_burden_over_50_pct,Housing costs over 50% of household income,06075,San Francisco,2024,2024-12-31,annual rolling five-year estimate,26.47199617,percent,3.53099718,3318,12534,,race_ethnicity_of_householder,black_alone,Black or African American alone,renter,,household residence,Rented units with a computable housing-cost ratio,CENSUS_ACS5_DETAIL,ACS5-2024-B25140B-table-based-summary-file,2026-08-10T21:40:54Z,315dca96c21c09a3f76b620a8eb3653e7ccfdfe3387f25a29379eab890ba08c7,housing costs over 50% of household income count divided by tenure total less not-calculated cases,The denominator excludes units where the housing-cost-to-income ratio was not calculated. Race and Hispanic-origin categories overlap and are not additive.,project_flag_standard,series_begins_2023_table_introduction
race_ethnicity_and_housing,homeownership_pct,Homeownership share,06075,San Francisco,2024,2024-12-31,annual rolling five-year estimate,25.59977723,percent,1.59934761,11951,46684,,race_ethnicity_of_householder,hispanic_or_latino,Hispanic or Latino,,,household residence,occupied housing units in the stated householder group,CENSUS_ACS5_DETAIL,ACS5-2024-B25003I-table-based-summary-file,2026-08-10T21:40:54Z,cac1ca32a43c68a961047efabb18ea4302405dbbc29d82ac922d4520bf8659f0,owner-occupied units divided by occupied units,"Race and Hispanic-origin categories overlap and must not be summed. White alone includes Hispanic householders; White alone, not Hispanic is separate.",project_flag_standard,comparable_within_table_and_vintage
race_ethnicity_and_housing,housing_cost_burden_over_30_pct,Housing costs over 30% of household income,06075,San Francisco,2024,2024-12-31,annual rolling five-year estimate,34.90714099,percent,3.46066615,2669,7646,,race_ethnicity_of_householder,hispanic_or_latino,Hispanic or Latino,owner_with_mortgage,,household residence,Owned units with a mortgage with a computable housing-cost ratio,CENSUS_ACS5_DETAIL,ACS5-2024-B25140I-table-based-summary-file,2026-08-10T21:40:54Z,9db92e88564f7eac086eea5b91d90ede54cebc373ccefe2e8d21287d2471a312,housing costs over 30% of household income count divided by tenure total less not-calculated cases,The denominator excludes units where the housing-cost-to-income ratio was not calculated. Race and Hispanic-origin categories overlap and are not additive.,project_flag_standard,series_begins_2023_table_introduction
race_ethnicity_and_housing,housing_cost_burden_over_50_pct,Housing costs over 50% of household income,06075,San Francisco,2024,2024-12-31,annual rolling five-year estimate,16.21763013,percent,3.09046016,1240,7646,,race_ethnicity_of_householder,hispanic_or_latino,Hispanic or Latino,owner_with_mortgage,,household residence,Owned units with a mortgage with a computable housing-cost ratio,CENSUS_ACS5_DETAIL,ACS5-2024-B25140I-table-based-summary-file,2026-08-10T21:40:54Z,9db92e88564f7eac086eea5b91d90ede54cebc373ccefe2e8d21287d2471a312,housing costs over 50% of household income count divided by tenure total less not-calculated cases,The denominator excludes units where the housing-cost-to-income ratio was not calculated. Race and Hispanic-origin categories overlap and are not additive.,project_flag_standard,series_begins_2023_table_introduction
race_ethnicity_and_housing,housing_cost_burden_over_30_pct,Housing costs over 30% of household income,06075,San Francisco,2024,2024-12-31,annual rolling five-year estimate,17.34159123,percent,6.59609526,728,4198,,race_ethnicity_of_householder,hispanic_or_latino,Hispanic or Latino,owner_without_mortgage,,household residence,Owned units without a mortgage with a computable housing-cost ratio,CENSUS_ACS5_DETAIL,ACS5-2024-B25140I-table-based-summary-file,2026-08-10T21:40:54Z,9db92e88564f7eac086eea5b91d90ede54cebc373ccefe2e8d21287d2471a312,housing costs over 30% of household income count divided by tenure total less not-calculated cases,The denominator excludes units where the housing-cost-to-income ratio was not calculated. Race and Hispanic-origin categories overlap and are not additive.,project_flag_moderate_uncertainty,series_begins_2023_table_introduction
race_ethnicity_and_housing,housing_cost_burden_over_50_pct,Housing costs over 50% of household income,06075,San Francisco,2024,2024-12-31,annual rolling five-year estimate,11.83897094,percent,5.9697626,497,4198,,race_ethnicity_of_householder,hispanic_or_latino,Hispanic or Latino,owner_without_mortgage,,household residence,Owned units without a mortgage with a computable housing-cost ratio,CENSUS_ACS5_DETAIL,ACS5-2024-B25140I-table-based-summary-file,2026-08-10T21:40:54Z,9db92e88564f7eac086eea5b91d90ede54cebc373ccefe2e8d21287d2471a312,housing costs over 50% of household income count divided by tenure total less not-calculated cases,The denominator excludes units where the housing-cost-to-income ratio was not calculated. Race and Hispanic-origin categories overlap and are not additive.,project_flag_high_uncertainty,series_begins_2023_table_introduction
race_ethnicity_and_housing,housing_cost_burden_over_30_pct,Housing costs over 30% of household income,06075,San Francisco,2024,2024-12-31,annual rolling five-year estimate,45.097743,percent,2.70132357,14926,33097,,race_ethnicity_of_householder,hispanic_or_latino,Hispanic or Latino,renter,,household residence,Rented units with a computable housing-cost ratio,CENSUS_ACS5_DETAIL,ACS5-2024-B25140I-table-based-summary-file,2026-08-10T21:40:54Z,9db92e88564f7eac086eea5b91d90ede54cebc373ccefe2e8d21287d2471a312,housing costs over 30% of household income count divided by tenure total less not-calculated cases,The denominator excludes units where the housing-cost-to-income ratio was not calculated. Race and Hispanic-origin categories overlap and are not additive.,project_flag_standard,series_begins_2023_table_introduction
race_ethnicity_and_housing,housing_cost_burden_over_50_pct,Housing costs over 50% of household income,06075,San Francisco,2024,2024-12-31,annual rolling five-year estimate,25.03550171,percent,2.47209903,8286,33097,,race_ethnicity_of_householder,hispanic_or_latino,Hispanic or Latino,renter,,household residence,Rented units with a computable housing-cost ratio,CENSUS_ACS5_DETAIL,ACS5-2024-B25140I-table-based-summary-file,2026-08-10T21:40:54Z,9db92e88564f7eac086eea5b91d90ede54cebc373ccefe2e8d21287d2471a312,housing costs over 50% of household income count divided by tenure total less not-calculated cases,The denominator excludes units where the housing-cost-to-income ratio was not calculated. Race and Hispanic-origin categories overlap and are not additive.,project_flag_standard,series_begins_2023_table_introduction
race_ethnicity_and_housing,homeownership_pct,Homeownership share,06075,San Francisco,2024,2024-12-31,annual rolling five-year estimate,22.11253702,percent,9.57285282,224,1013,,race_ethnicity_of_householder,nhpi_alone,Native Hawaiian and Other Pacific Islander alone,,,household residence,occupied housing units in the stated householder group,CENSUS_ACS5_DETAIL,ACS5-2024-B25003E-table-based-summary-file,2026-08-10T21:40:54Z,bc9a8d937b8f8add717274b5dd99ecd5e19f85cc9c34eaec7fe37c7d9f0c7f23,owner-occupied units divided by occupied units,"Race and Hispanic-origin categories overlap and must not be summed. White alone includes Hispanic householders; White alone, not Hispanic is separate.",project_flag_moderate_uncertainty,comparable_within_table_and_vintage
race_ethnicity_and_housing,housing_cost_burden_over_30_pct,Housing costs over 30% of household income,06075,San Francisco,2024,2024-12-31,annual rolling five-year estimate,64.73684211,percent,7.76633641,123,190,,race_ethnicity_of_householder,nhpi_alone,Native Hawaiian and Other Pacific Islander alone,owner_with_mortgage,,household residence,Owned units with a mortgage with a computable housing-cost ratio,CENSUS_ACS5_DETAIL,ACS5-2024-B25140E-table-based-summary-file,2026-08-10T21:40:54Z,bcc9a240d47ba3546e92c0ae70f8632c8f90ff0083a08da1d1b9c9302126027d,housing costs over 30% of household income count divided by tenure total less not-calculated cases,The denominator excludes units where the housing-cost-to-income ratio was not calculated. Race and Hispanic-origin categories overlap and are not additive.,project_flag_moderate_uncertainty,series_begins_2023_table_introduction
race_ethnicity_and_housing,housing_cost_burden_over_50_pct,Housing costs over 50% of household income,06075,San Francisco,2024,2024-12-31,annual rolling five-year estimate,25.78947368,percent,25.62536354,49,190,,race_ethnicity_of_householder,nhpi_alone,Native Hawaiian and Other Pacific Islander alone,owner_with_mortgage,,household residence,Owned units with a mortgage with a computable housing-cost ratio,CENSUS_ACS5_DETAIL,ACS5-2024-B25140E-table-based-summary-file,2026-08-10T21:40:54Z,bcc9a240d47ba3546e92c0ae70f8632c8f90ff0083a08da1d1b9c9302126027d,housing costs over 50% of household income count divided by tenure total less not-calculated cases,The denominator excludes units where the housing-cost-to-income ratio was not calculated. Race and Hispanic-origin categories overlap and are not additive.,project_flag_high_uncertainty,series_begins_2023_table_introduction
race_ethnicity_and_housing,housing_cost_burden_over_30_pct,Housing costs over 30% of household income,06075,San Francisco,2024,2024-12-31,annual rolling five-year estimate,0,percent,200,0,16,,race_ethnicity_of_householder,nhpi_alone,Native Hawaiian and Other Pacific Islander alone,owner_without_mortgage,,household residence,Owned units without a mortgage with a computable housing-cost ratio,CENSUS_ACS5_DETAIL,ACS5-2024-B25140E-table-based-summary-file,2026-08-10T21:40:54Z,bcc9a240d47ba3546e92c0ae70f8632c8f90ff0083a08da1d1b9c9302126027d,housing costs over 30% of household income count divided by tenure total less not-calculated cases,The denominator excludes units where the housing-cost-to-income ratio was not calculated. Race and Hispanic-origin categories overlap and are not additive.,project_flag_low_denominator,series_begins_2023_table_introduction
race_ethnicity_and_housing,housing_cost_burden_over_50_pct,Housing costs over 50% of household income,06075,San Francisco,2024,2024-12-31,annual rolling five-year estimate,0,percent,200,0,16,,race_ethnicity_of_householder,nhpi_alone,Native Hawaiian and Other Pacific Islander alone,owner_without_mortgage,,household residence,Owned units without a mortgage with a computable housing-cost ratio,CENSUS_ACS5_DETAIL,ACS5-2024-B25140E-table-based-summary-file,2026-08-10T21:40:54Z,bcc9a240d47ba3546e92c0ae70f8632c8f90ff0083a08da1d1b9c9302126027d,housing costs over 50% of household income count divided by tenure total less not-calculated cases,The denominator excludes units where the housing-cost-to-income ratio was not calculated. Race and Hispanic-origin categories overlap and are not additive.,project_flag_low_denominator,series_begins_2023_table_introduction
race_ethnicity_and_housing,housing_cost_burden_over_30_pct,Housing costs over 30% of household income,06075,San Francisco,2024,2024-12-31,annual rolling five-year estimate,21.54626109,percent,10.32109651,170,789,,race_ethnicity_of_householder,nhpi_alone,Native Hawaiian and Other Pacific Islander alone,renter,,household residence,Rented units with a computable housing-cost ratio,CENSUS_ACS5_DETAIL,ACS5-2024-B25140E-table-based-summary-file,2026-08-10T21:40:54Z,bcc9a240d47ba3546e92c0ae70f8632c8f90ff0083a08da1d1b9c9302126027d,housing costs over 30% of household income count divided by tenure total less not-calculated cases,The denominator excludes units where the housing-cost-to-income ratio was not calculated. Race and Hispanic-origin categories overlap and are not additive.,project_flag_high_uncertainty,series_begins_2023_table_introduction
race_ethnicity_and_housing,housing_cost_burden_over_50_pct,Housing costs over 50% of household income,06075,San Francisco,2024,2024-12-31,annual rolling five-year estimate,9.252218,percent,6.52813193,73,789,,race_ethnicity_of_householder,nhpi_alone,Native Hawaiian and Other Pacific Islander alone,renter,,household residence,Rented units with a computable housing-cost ratio,CENSUS_ACS5_DETAIL,ACS5-2024-B25140E-table-based-summary-file,2026-08-10T21:40:54Z,bcc9a240d47ba3546e92c0ae70f8632c8f90ff0083a08da1d1b9c9302126027d,housing costs over 50% of household income count divided by tenure total less not-calculated cases,The denominator excludes units where the housing-cost-to-income ratio was not calculated. Race and Hispanic-origin categories overlap and are not additive.,project_flag_high_uncertainty,series_begins_2023_table_introduction
race_ethnicity_and_housing,homeownership_pct,Homeownership share,06075,San Francisco,2024,2024-12-31,annual rolling five-year estimate,21.9467666,percent,2.33003655,4568,20814,,race_ethnicity_of_householder,some_other_race_alone,Some other race alone,,,household residence,occupied housing units in the stated householder group,CENSUS_ACS5_DETAIL,ACS5-2024-B25003F-table-based-summary-file,2026-08-10T21:40:54Z,d7fb5b61390c9b5451f142561b9a1a233303d38d5f6fcbc588dbda3633441d0c,owner-occupied units divided by occupied units,"Race and Hispanic-origin categories overlap and must not be summed. White alone includes Hispanic householders; White alone, not Hispanic is separate.",project_flag_standard,comparable_within_table_and_vintage
race_ethnicity_and_housing,housing_cost_burden_over_30_pct,Housing costs over 30% of household income,06075,San Francisco,2024,2024-12-31,annual rolling five-year estimate,35.51277796,percent,5.43577535,1070,3013,,race_ethnicity_of_householder,some_other_race_alone,Some other race alone,owner_with_mortgage,,household residence,Owned units with a mortgage with a computable housing-cost ratio,CENSUS_ACS5_DETAIL,ACS5-2024-B25140F-table-based-summary-file,2026-08-10T21:40:54Z,83d69d240f5c6059a20db4cece66141192007b1dc319dd073590e681f217394b,housing costs over 30% of household income count divided by tenure total less not-calculated cases,The denominator excludes units where the housing-cost-to-income ratio was not calculated. Race and Hispanic-origin categories overlap and are not additive.,project_flag_moderate_uncertainty,series_begins_2023_table_introduction
race_ethnicity_and_housing,housing_cost_burden_over_50_pct,Housing costs over 50% of household income,06075,San Francisco,2024,2024-12-31,annual rolling five-year estimate,15.66544972,percent,3.97054368,472,3013,,race_ethnicity_of_householder,some_other_race_alone,Some other race alone,owner_with_mortgage,,household residence,Owned units with a mortgage with a computable housing-cost ratio,CENSUS_ACS5_DETAIL,ACS5-2024-B25140F-table-based-summary-file,2026-08-10T21:40:54Z,83d69d240f5c6059a20db4cece66141192007b1dc319dd073590e681f217394b,housing costs over 50% of household income count divided by tenure total less not-calculated cases,The denominator excludes units where the housing-cost-to-income ratio was not calculated. Race and Hispanic-origin categories overlap and are not additive.,project_flag_standard,series_begins_2023_table_introduction
race_ethnicity_and_housing,housing_cost_burden_over_30_pct,Housing costs over 30% of household income,06075,San Francisco,2024,2024-12-31,annual rolling five-year estimate,10.9375,percent,6.18022299,168,1536,,race_ethnicity_of_householder,some_other_race_alone,Some other race alone,owner_without_mortgage,,household residence,Owned units without a mortgage with a computable housing-cost ratio,CENSUS_ACS5_DETAIL,ACS5-2024-B25140F-table-based-summary-file,2026-08-10T21:40:54Z,83d69d240f5c6059a20db4cece66141192007b1dc319dd073590e681f217394b,housing costs over 30% of household income count divided by tenure total less not-calculated cases,The denominator excludes units where the housing-cost-to-income ratio was not calculated. Race and Hispanic-origin categories overlap and are not additive.,project_flag_high_uncertainty,series_begins_2023_table_introduction
race_ethnicity_and_housing,housing_cost_burden_over_50_pct,Housing costs over 50% of household income,06075,San Francisco,2024,2024-12-31,annual rolling five-year estimate,4.6875,percent,2.84941933,72,1536,,race_ethnicity_of_householder,some_other_race_alone,Some other race alone,owner_without_mortgage,,household residence,Owned units without a mortgage with a computable housing-cost ratio,CENSUS_ACS5_DETAIL,ACS5-2024-B25140F-table-based-summary-file,2026-08-10T21:40:54Z,83d69d240f5c6059a20db4cece66141192007b1dc319dd073590e681f217394b,housing costs over 50% of household income count divided by tenure total less not-calculated cases,The denominator excludes units where the housing-cost-to-income ratio was not calculated. Race and Hispanic-origin categories overlap and are not additive.,project_flag_high_uncertainty,series_begins_2023_table_introduction
race_ethnicity_and_housing,housing_cost_burden_over_30_pct,Housing costs over 30% of household income,06075,San Francisco,2024,2024-12-31,annual rolling five-year estimate,48.69766544,percent,3.23567085,7572,15549,,race_ethnicity_of_householder,some_other_race_alone,Some other race alone,renter,,household residence,Rented units with a computable housing-cost ratio,CENSUS_ACS5_DETAIL,ACS5-2024-B25140F-table-based-summary-file,2026-08-10T21:40:54Z,83d69d240f5c6059a20db4cece66141192007b1dc319dd073590e681f217394b,housing costs over 30% of household income count divided by tenure total less not-calculated cases,The denominator excludes units where the housing-cost-to-income ratio was not calculated. Race and Hispanic-origin categories overlap and are not additive.,project_flag_standard,series_begins_2023_table_introduction
race_ethnicity_and_housing,housing_cost_burden_over_50_pct,Housing costs over 50% of household income,06075,San Francisco,2024,2024-12-31,annual rolling five-year estimate,26.52903724,percent,3.57012537,4125,15549,,race_ethnicity_of_householder,some_other_race_alone,Some other race alone,renter,,household residence,Rented units with a computable housing-cost ratio,CENSUS_ACS5_DETAIL,ACS5-2024-B25140F-table-based-summary-file,2026-08-10T21:40:54Z,83d69d240f5c6059a20db4cece66141192007b1dc319dd073590e681f217394b,housing costs over 50% of household income count divided by tenure total less not-calculated cases,The denominator excludes units where the housing-cost-to-income ratio was not calculated. Race and Hispanic-origin categories overlap and are not additive.,project_flag_standard,series_begins_2023_table_introduction
race_ethnicity_and_housing,homeownership_pct,Homeownership share,06075,San Francisco,2024,2024-12-31,annual rolling five-year estimate,29.09512899,percent,2.42951968,9778,33607,,race_ethnicity_of_householder,two_or_more_races,Two or more races,,,household residence,occupied housing units in the stated householder group,CENSUS_ACS5_DETAIL,ACS5-2024-B25003G-table-based-summary-file,2026-08-10T21:40:54Z,d2a199a94da632778a823a0ce83725f97bb20d5bf32856b3d4553c38f97d294d,owner-occupied units divided by occupied units,"Race and Hispanic-origin categories overlap and must not be summed. White alone includes Hispanic householders; White alone, not Hispanic is separate.",project_flag_standard,comparable_within_table_and_vintage
race_ethnicity_and_housing,housing_cost_burden_over_30_pct,Housing costs over 30% of household income,06075,San Francisco,2024,2024-12-31,annual rolling five-year estimate,32.8057554,percent,4.60230779,2052,6255,,race_ethnicity_of_householder,two_or_more_races,Two or more races,owner_with_mortgage,,household residence,Owned units with a mortgage with a computable housing-cost ratio,CENSUS_ACS5_DETAIL,ACS5-2024-B25140G-table-based-summary-file,2026-08-10T21:40:54Z,85614a66b05ce30a256584351ebb20f265969c8205d17012954b357865ee0675,housing costs over 30% of household income count divided by tenure total less not-calculated cases,The denominator excludes units where the housing-cost-to-income ratio was not calculated. Race and Hispanic-origin categories overlap and are not additive.,project_flag_standard,series_begins_2023_table_introduction
race_ethnicity_and_housing,housing_cost_burden_over_50_pct,Housing costs over 50% of household income,06075,San Francisco,2024,2024-12-31,annual rolling five-year estimate,14.068745,percent,2.75469804,880,6255,,race_ethnicity_of_householder,two_or_more_races,Two or more races,owner_with_mortgage,,household residence,Owned units with a mortgage with a computable housing-cost ratio,CENSUS_ACS5_DETAIL,ACS5-2024-B25140G-table-based-summary-file,2026-08-10T21:40:54Z,85614a66b05ce30a256584351ebb20f265969c8205d17012954b357865ee0675,housing costs over 50% of household income count divided by tenure total less not-calculated cases,The denominator excludes units where the housing-cost-to-income ratio was not calculated. Race and Hispanic-origin categories overlap and are not additive.,project_flag_standard,series_begins_2023_table_introduction
race_ethnicity_and_housing,housing_cost_burden_over_30_pct,Housing costs over 30% of household income,06075,San Francisco,2024,2024-12-31,annual rolling five-year estimate,22.46053024,percent,8.22612287,754,3357,,race_ethnicity_of_householder,two_or_more_races,Two or more races,owner_without_mortgage,,household residence,Owned units without a mortgage with a computable housing-cost ratio,CENSUS_ACS5_DETAIL,ACS5-2024-B25140G-table-based-summary-file,2026-08-10T21:40:54Z,85614a66b05ce30a256584351ebb20f265969c8205d17012954b357865ee0675,housing costs over 30% of household income count divided by tenure total less not-calculated cases,The denominator excludes units where the housing-cost-to-income ratio was not calculated. Race and Hispanic-origin categories overlap and are not additive.,project_flag_moderate_uncertainty,series_begins_2023_table_introduction
race_ethnicity_and_housing,housing_cost_burden_over_50_pct,Housing costs over 50% of household income,06075,San Francisco,2024,2024-12-31,annual rolling five-year estimate,15.75811737,percent,7.9042136,529,3357,,race_ethnicity_of_householder,two_or_more_races,Two or more races,owner_without_mortgage,,household residence,Owned units without a mortgage with a computable housing-cost ratio,CENSUS_ACS5_DETAIL,ACS5-2024-B25140G-table-based-summary-file,2026-08-10T21:40:54Z,85614a66b05ce30a256584351ebb20f265969c8205d17012954b357865ee0675,housing costs over 50% of household income count divided by tenure total less not-calculated cases,The denominator excludes units where the housing-cost-to-income ratio was not calculated. Race and Hispanic-origin categories overlap and are not additive.,project_flag_high_uncertainty,series_begins_2023_table_introduction
race_ethnicity_and_housing,housing_cost_burden_over_30_pct,Housing costs over 30% of household income,06075,San Francisco,2024,2024-12-31,annual rolling five-year estimate,37.40879083,percent,3.20342697,8613,23024,,race_ethnicity_of_householder,two_or_more_races,Two or more races,renter,,household residence,Rented units with a computable housing-cost ratio,CENSUS_ACS5_DETAIL,ACS5-2024-B25140G-table-based-summary-file,2026-08-10T21:40:54Z,85614a66b05ce30a256584351ebb20f265969c8205d17012954b357865ee0675,housing costs over 30% of household income count divided by tenure total less not-calculated cases,The denominator excludes units where the housing-cost-to-income ratio was not calculated. Race and Hispanic-origin categories overlap and are not additive.,project_flag_standard,series_begins_2023_table_introduction
race_ethnicity_and_housing,housing_cost_burden_over_50_pct,Housing costs over 50% of household income,06075,San Francisco,2024,2024-12-31,annual rolling five-year estimate,19.69249479,percent,2.73728121,4534,23024,,race_ethnicity_of_householder,two_or_more_races,Two or more races,renter,,household residence,Rented units with a computable housing-cost ratio,CENSUS_ACS5_DETAIL,ACS5-2024-B25140G-table-based-summary-file,2026-08-10T21:40:54Z,85614a66b05ce30a256584351ebb20f265969c8205d17012954b357865ee0675,housing costs over 50% of household income count divided by tenure total less not-calculated cases,The denominator excludes units where the housing-cost-to-income ratio was not calculated. Race and Hispanic-origin categories overlap and are not additive.,project_flag_standard,series_begins_2023_table_introduction
race_ethnicity_and_housing,homeownership_pct,Homeownership share,06075,San Francisco,2024,2024-12-31,annual rolling five-year estimate,37.57260669,percent,0.83159408,64103,170611,,race_ethnicity_of_householder,white_alone,White alone,,,household residence,occupied housing units in the stated householder group,CENSUS_ACS5_DETAIL,ACS5-2024-B25003A-table-based-summary-file,2026-08-10T21:40:54Z,0a0e607eda31b52759431fe7390f03f1205daeb91867fb5f31cdce7158a282af,owner-occupied units divided by occupied units,"Race and Hispanic-origin categories overlap and must not be summed. White alone includes Hispanic householders; White alone, not Hispanic is separate.",project_flag_standard,comparable_within_table_and_vintage
race_ethnicity_and_housing,housing_cost_burden_over_30_pct,Housing costs over 30% of household income,06075,San Francisco,2024,2024-12-31,annual rolling five-year estimate,30.78501217,percent,1.61339349,13655,44356,,race_ethnicity_of_householder,white_alone,White alone,owner_with_mortgage,,household residence,Owned units with a mortgage with a computable housing-cost ratio,CENSUS_ACS5_DETAIL,ACS5-2024-B25140A-table-based-summary-file,2026-08-10T21:40:54Z,53814337ca0423994c5cf54d663fb59efa08aaf17cca8dd70c35056588460ba9,housing costs over 30% of household income count divided by tenure total less not-calculated cases,The denominator excludes units where the housing-cost-to-income ratio was not calculated. Race and Hispanic-origin categories overlap and are not additive.,project_flag_standard,series_begins_2023_table_introduction
race_ethnicity_and_housing,housing_cost_burden_over_50_pct,Housing costs over 50% of household income,06075,San Francisco,2024,2024-12-31,annual rolling five-year estimate,14.49409325,percent,1.59814802,6429,44356,,race_ethnicity_of_householder,white_alone,White alone,owner_with_mortgage,,household residence,Owned units with a mortgage with a computable housing-cost ratio,CENSUS_ACS5_DETAIL,ACS5-2024-B25140A-table-based-summary-file,2026-08-10T21:40:54Z,53814337ca0423994c5cf54d663fb59efa08aaf17cca8dd70c35056588460ba9,housing costs over 50% of household income count divided by tenure total less not-calculated cases,The denominator excludes units where the housing-cost-to-income ratio was not calculated. Race and Hispanic-origin categories overlap and are not additive.,project_flag_standard,series_begins_2023_table_introduction
race_ethnicity_and_housing,housing_cost_burden_over_30_pct,Housing costs over 30% of household income,06075,San Francisco,2024,2024-12-31,annual rolling five-year estimate,17.0480963,percent,2.84217073,3300,19357,,race_ethnicity_of_householder,white_alone,White alone,owner_without_mortgage,,household residence,Owned units without a mortgage with a computable housing-cost ratio,CENSUS_ACS5_DETAIL,ACS5-2024-B25140A-table-based-summary-file,2026-08-10T21:40:54Z,53814337ca0423994c5cf54d663fb59efa08aaf17cca8dd70c35056588460ba9,housing costs over 30% of household income count divided by tenure total less not-calculated cases,The denominator excludes units where the housing-cost-to-income ratio was not calculated. Race and Hispanic-origin categories overlap and are not additive.,project_flag_standard,series_begins_2023_table_introduction
race_ethnicity_and_housing,housing_cost_burden_over_50_pct,Housing costs over 50% of household income,06075,San Francisco,2024,2024-12-31,annual rolling five-year estimate,11.76318644,percent,2.51233106,2277,19357,,race_ethnicity_of_householder,white_alone,White alone,owner_without_mortgage,,household residence,Owned units without a mortgage with a computable housing-cost ratio,CENSUS_ACS5_DETAIL,ACS5-2024-B25140A-table-based-summary-file,2026-08-10T21:40:54Z,53814337ca0423994c5cf54d663fb59efa08aaf17cca8dd70c35056588460ba9,housing costs over 50% of household income count divided by tenure total less not-calculated cases,The denominator excludes units where the housing-cost-to-income ratio was not calculated. Race and Hispanic-origin categories overlap and are not additive.,project_flag_standard,series_begins_2023_table_introduction
race_ethnicity_and_housing,housing_cost_burden_over_30_pct,Housing costs over 30% of household income,06075,San Francisco,2024,2024-12-31,annual rolling five-year estimate,33.7360785,percent,1.30347253,34623,102629,,race_ethnicity_of_householder,white_alone,White alone,renter,,household residence,Rented units with a computable housing-cost ratio,CENSUS_ACS5_DETAIL,ACS5-2024-B25140A-table-based-summary-file,2026-08-10T21:40:54Z,53814337ca0423994c5cf54d663fb59efa08aaf17cca8dd70c35056588460ba9,housing costs over 30% of household income count divided by tenure total less not-calculated cases,The denominator excludes units where the housing-cost-to-income ratio was not calculated. Race and Hispanic-origin categories overlap and are not additive.,project_flag_standard,series_begins_2023_table_introduction
race_ethnicity_and_housing,housing_cost_burden_over_50_pct,Housing costs over 50% of household income,06075,San Francisco,2024,2024-12-31,annual rolling five-year estimate,16.36964211,percent,0.93896986,16800,102629,,race_ethnicity_of_householder,white_alone,White alone,renter,,household residence,Rented units with a computable housing-cost ratio,CENSUS_ACS5_DETAIL,ACS5-2024-B25140A-table-based-summary-file,2026-08-10T21:40:54Z,53814337ca0423994c5cf54d663fb59efa08aaf17cca8dd70c35056588460ba9,housing costs over 50% of household income count divided by tenure total less not-calculated cases,The denominator excludes units where the housing-cost-to-income ratio was not calculated. Race and Hispanic-origin categories overlap and are not additive.,project_flag_standard,series_begins_2023_table_introduction
race_ethnicity_and_housing,homeownership_pct,Homeownership share,06075,San Francisco,2024,2024-12-31,annual rolling five-year estimate,38.07639845,percent,0.85228096,61691,162019,,race_ethnicity_of_householder,white_non_hispanic,"White alone, not Hispanic or Latino",,,household residence,occupied housing units in the stated householder group,CENSUS_ACS5_DETAIL,ACS5-2024-B25003H-table-based-summary-file,2026-08-10T21:40:54Z,b4f56c76ae8f3c088e3e673c684e58f0e81cbbc0ea962e8b8c9b6029b5b4cc58,owner-occupied units divided by occupied units,"Race and Hispanic-origin categories overlap and must not be summed. White alone includes Hispanic householders; White alone, not Hispanic is separate.",project_flag_standard,comparable_within_table_and_vintage
race_ethnicity_and_housing,housing_cost_burden_over_30_pct,Housing costs over 30% of household income,06075,San Francisco,2024,2024-12-31,annual rolling five-year estimate,30.56030345,percent,1.65074625,13052,42709,,race_ethnicity_of_householder,white_non_hispanic,"White alone, not Hispanic or Latino",owner_with_mortgage,,household residence,Owned units with a mortgage with a computable housing-cost ratio,CENSUS_ACS5_DETAIL,ACS5-2024-B25140H-table-based-summary-file,2026-08-10T21:40:54Z,2dc6fe9ad8eecc7debcefc90e0be1ba1277c00acf55e648bbc9a20d477f4171e,housing costs over 30% of household income count divided by tenure total less not-calculated cases,The denominator excludes units where the housing-cost-to-income ratio was not calculated. Race and Hispanic-origin categories overlap and are not additive.,project_flag_standard,series_begins_2023_table_introduction
race_ethnicity_and_housing,housing_cost_burden_over_50_pct,Housing costs over 50% of household income,06075,San Francisco,2024,2024-12-31,annual rolling five-year estimate,14.28504531,percent,1.586384,6101,42709,,race_ethnicity_of_householder,white_non_hispanic,"White alone, not Hispanic or Latino",owner_with_mortgage,,household residence,Owned units with a mortgage with a computable housing-cost ratio,CENSUS_ACS5_DETAIL,ACS5-2024-B25140H-table-based-summary-file,2026-08-10T21:40:54Z,2dc6fe9ad8eecc7debcefc90e0be1ba1277c00acf55e648bbc9a20d477f4171e,housing costs over 50% of household income count divided by tenure total less not-calculated cases,The denominator excludes units where the housing-cost-to-income ratio was not calculated. Race and Hispanic-origin categories overlap and are not additive.,project_flag_standard,series_begins_2023_table_introduction
race_ethnicity_and_housing,housing_cost_burden_over_30_pct,Housing costs over 30% of household income,06075,San Francisco,2024,2024-12-31,annual rolling five-year estimate,17.07185886,percent,2.88061463,3174,18592,,race_ethnicity_of_householder,white_non_hispanic,"White alone, not Hispanic or Latino",owner_without_mortgage,,household residence,Owned units without a mortgage with a computable housing-cost ratio,CENSUS_ACS5_DETAIL,ACS5-2024-B25140H-table-based-summary-file,2026-08-10T21:40:54Z,2dc6fe9ad8eecc7debcefc90e0be1ba1277c00acf55e648bbc9a20d477f4171e,housing costs over 30% of household income count divided by tenure total less not-calculated cases,The denominator excludes units where the housing-cost-to-income ratio was not calculated. Race and Hispanic-origin categories overlap and are not additive.,project_flag_standard,series_begins_2023_table_introduction
race_ethnicity_and_housing,housing_cost_burden_over_50_pct,Housing costs over 50% of household income,06075,San Francisco,2024,2024-12-31,annual rolling five-year estimate,11.63403614,percent,2.51574142,2163,18592,,race_ethnicity_of_householder,white_non_hispanic,"White alone, not Hispanic or Latino",owner_without_mortgage,,household residence,Owned units without a mortgage with a computable housing-cost ratio,CENSUS_ACS5_DETAIL,ACS5-2024-B25140H-table-based-summary-file,2026-08-10T21:40:54Z,2dc6fe9ad8eecc7debcefc90e0be1ba1277c00acf55e648bbc9a20d477f4171e,housing costs over 50% of household income count divided by tenure total less not-calculated cases,The denominator excludes units where the housing-cost-to-income ratio was not calculated. Race and Hispanic-origin categories overlap and are not additive.,project_flag_standard,series_begins_2023_table_introduction
race_ethnicity_and_housing,housing_cost_burden_over_30_pct,Housing costs over 30% of household income,06075,San Francisco,2024,2024-12-31,annual rolling five-year estimate,33.32644308,percent,1.36315662,32245,96755,,race_ethnicity_of_householder,white_non_hispanic,"White alone, not Hispanic or Latino",renter,,household residence,Rented units with a computable housing-cost ratio,CENSUS_ACS5_DETAIL,ACS5-2024-B25140H-table-based-summary-file,2026-08-10T21:40:54Z,2dc6fe9ad8eecc7debcefc90e0be1ba1277c00acf55e648bbc9a20d477f4171e,housing costs over 30% of household income count divided by tenure total less not-calculated cases,The denominator excludes units where the housing-cost-to-income ratio was not calculated. Race and Hispanic-origin categories overlap and are not additive.,project_flag_standard,series_begins_2023_table_introduction
race_ethnicity_and_housing,housing_cost_burden_over_50_pct,Housing costs over 50% of household income,06075,San Francisco,2024,2024-12-31,annual rolling five-year estimate,15.96299933,percent,0.93715021,15445,96755,,race_ethnicity_of_householder,white_non_hispanic,"White alone, not Hispanic or Latino",renter,,household residence,Rented units with a computable housing-cost ratio,CENSUS_ACS5_DETAIL,ACS5-2024-B25140H-table-based-summary-file,2026-08-10T21:40:54Z,2dc6fe9ad8eecc7debcefc90e0be1ba1277c00acf55e648bbc9a20d477f4171e,housing costs over 50% of household income count divided by tenure total less not-calculated cases,The denominator excludes units where the housing-cost-to-income ratio was not calculated. Race and Hispanic-origin categories overlap and are not additive.,project_flag_standard,series_begins_2023_table_introduction
race_ethnicity_and_housing,homeownership_pct,Homeownership share,06081,San Mateo,2024,2024-12-31,annual rolling five-year estimate,29.18414918,percent,5.87075407,626,2145,,race_ethnicity_of_householder,aian_alone,American Indian and Alaska Native alone,,,household residence,occupied housing units in the stated householder group,CENSUS_ACS5_DETAIL,ACS5-2024-B25003C-table-based-summary-file,2026-08-10T21:40:54Z,8f9eed7241cc42fba7a354130b58f78fae63c128dd27cdaf0d14f572e1b19736,owner-occupied units divided by occupied units,"Race and Hispanic-origin categories overlap and must not be summed. White alone includes Hispanic householders; White alone, not Hispanic is separate.",project_flag_moderate_uncertainty,comparable_within_table_and_vintage
race_ethnicity_and_housing,housing_cost_burden_over_30_pct,Housing costs over 30% of household income,06081,San Mateo,2024,2024-12-31,annual rolling five-year estimate,43.26710817,percent,12.75817282,196,453,,race_ethnicity_of_householder,aian_alone,American Indian and Alaska Native alone,owner_with_mortgage,,household residence,Owned units with a mortgage with a computable housing-cost ratio,CENSUS_ACS5_DETAIL,ACS5-2024-B25140C-table-based-summary-file,2026-08-10T21:40:54Z,807303864b79bc92548981faab7d0f612125e70dd10bca9febd0dac776f2b0b2,housing costs over 30% of household income count divided by tenure total less not-calculated cases,The denominator excludes units where the housing-cost-to-income ratio was not calculated. Race and Hispanic-origin categories overlap and are not additive.,project_flag_high_uncertainty,series_begins_2023_table_introduction
race_ethnicity_and_housing,housing_cost_burden_over_50_pct,Housing costs over 50% of household income,06081,San Mateo,2024,2024-12-31,annual rolling five-year estimate,22.51655629,percent,10.83105837,102,453,,race_ethnicity_of_householder,aian_alone,American Indian and Alaska Native alone,owner_with_mortgage,,household residence,Owned units with a mortgage with a computable housing-cost ratio,CENSUS_ACS5_DETAIL,ACS5-2024-B25140C-table-based-summary-file,2026-08-10T21:40:54Z,807303864b79bc92548981faab7d0f612125e70dd10bca9febd0dac776f2b0b2,housing costs over 50% of household income count divided by tenure total less not-calculated cases,The denominator excludes units where the housing-cost-to-income ratio was not calculated. Race and Hispanic-origin categories overlap and are not additive.,project_flag_high_uncertainty,series_begins_2023_table_introduction
race_ethnicity_and_housing,housing_cost_burden_over_30_pct,Housing costs over 30% of household income,06081,San Mateo,2024,2024-12-31,annual rolling five-year estimate,0,percent,18.49710983,0,173,,race_ethnicity_of_householder,aian_alone,American Indian and Alaska Native alone,owner_without_mortgage,,household residence,Owned units without a mortgage with a computable housing-cost ratio,CENSUS_ACS5_DETAIL,ACS5-2024-B25140C-table-based-summary-file,2026-08-10T21:40:54Z,807303864b79bc92548981faab7d0f612125e70dd10bca9febd0dac776f2b0b2,housing costs over 30% of household income count divided by tenure total less not-calculated cases,The denominator excludes units where the housing-cost-to-income ratio was not calculated. Race and Hispanic-origin categories overlap and are not additive.,project_flag_high_uncertainty,series_begins_2023_table_introduction
race_ethnicity_and_housing,housing_cost_burden_over_50_pct,Housing costs over 50% of household income,06081,San Mateo,2024,2024-12-31,annual rolling five-year estimate,0,percent,18.49710983,0,173,,race_ethnicity_of_householder,aian_alone,American Indian and Alaska Native alone,owner_without_mortgage,,household residence,Owned units without a mortgage with a computable housing-cost ratio,CENSUS_ACS5_DETAIL,ACS5-2024-B25140C-table-based-summary-file,2026-08-10T21:40:54Z,807303864b79bc92548981faab7d0f612125e70dd10bca9febd0dac776f2b0b2,housing costs over 50% of household income count divided by tenure total less not-calculated cases,The denominator excludes units where the housing-cost-to-income ratio was not calculated. Race and Hispanic-origin categories overlap and are not additive.,project_flag_high_uncertainty,series_begins_2023_table_introduction
race_ethnicity_and_housing,housing_cost_burden_over_30_pct,Housing costs over 30% of household income,06081,San Mateo,2024,2024-12-31,annual rolling five-year estimate,57.19154738,percent,9.08971649,839,1467,,race_ethnicity_of_householder,aian_alone,American Indian and Alaska Native alone,renter,,household residence,Rented units with a computable housing-cost ratio,CENSUS_ACS5_DETAIL,ACS5-2024-B25140C-table-based-summary-file,2026-08-10T21:40:54Z,807303864b79bc92548981faab7d0f612125e70dd10bca9febd0dac776f2b0b2,housing costs over 30% of household income count divided by tenure total less not-calculated cases,The denominator excludes units where the housing-cost-to-income ratio was not calculated. Race and Hispanic-origin categories overlap and are not additive.,project_flag_moderate_uncertainty,series_begins_2023_table_introduction
race_ethnicity_and_housing,housing_cost_burden_over_50_pct,Housing costs over 50% of household income,06081,San Mateo,2024,2024-12-31,annual rolling five-year estimate,28.35719155,percent,8.31741842,416,1467,,race_ethnicity_of_householder,aian_alone,American Indian and Alaska Native alone,renter,,household residence,Rented units with a computable housing-cost ratio,CENSUS_ACS5_DETAIL,ACS5-2024-B25140C-table-based-summary-file,2026-08-10T21:40:54Z,807303864b79bc92548981faab7d0f612125e70dd10bca9febd0dac776f2b0b2,housing costs over 50% of household income count divided by tenure total less not-calculated cases,The denominator excludes units where the housing-cost-to-income ratio was not calculated. Race and Hispanic-origin categories overlap and are not additive.,project_flag_moderate_uncertainty,series_begins_2023_table_introduction
race_ethnicity_and_housing,homeownership_pct,Homeownership share,06081,San Mateo,2024,2024-12-31,annual rolling five-year estimate,62.53812162,percent,1.09811941,50240,80335,,race_ethnicity_of_householder,asian_alone,Asian alone,,,household residence,occupied housing units in the stated householder group,CENSUS_ACS5_DETAIL,ACS5-2024-B25003D-table-based-summary-file,2026-08-10T21:40:54Z,2dcaa89c955425e9e6ed61245d0d27dafdf1319029ac541ed04e1628700c20e8,owner-occupied units divided by occupied units,"Race and Hispanic-origin categories overlap and must not be summed. White alone includes Hispanic householders; White alone, not Hispanic is separate.",project_flag_standard,comparable_within_table_and_vintage
race_ethnicity_and_housing,housing_cost_burden_over_30_pct,Housing costs over 30% of household income,06081,San Mateo,2024,2024-12-31,annual rolling five-year estimate,29.96143408,percent,1.87625994,10488,35005,,race_ethnicity_of_householder,asian_alone,Asian alone,owner_with_mortgage,,household residence,Owned units with a mortgage with a computable housing-cost ratio,CENSUS_ACS5_DETAIL,ACS5-2024-B25140D-table-based-summary-file,2026-08-10T21:40:54Z,67fa8ff79fc23ed07ee414822659c69ac9466ae19cf41fcb81aed09900eea9df,housing costs over 30% of household income count divided by tenure total less not-calculated cases,The denominator excludes units where the housing-cost-to-income ratio was not calculated. Race and Hispanic-origin categories overlap and are not additive.,project_flag_standard,series_begins_2023_table_introduction
race_ethnicity_and_housing,housing_cost_burden_over_50_pct,Housing costs over 50% of household income,06081,San Mateo,2024,2024-12-31,annual rolling five-year estimate,13.87516069,percent,1.42058014,4857,35005,,race_ethnicity_of_householder,asian_alone,Asian alone,owner_with_mortgage,,household residence,Owned units with a mortgage with a computable housing-cost ratio,CENSUS_ACS5_DETAIL,ACS5-2024-B25140D-table-based-summary-file,2026-08-10T21:40:54Z,67fa8ff79fc23ed07ee414822659c69ac9466ae19cf41fcb81aed09900eea9df,housing costs over 50% of household income count divided by tenure total less not-calculated cases,The denominator excludes units where the housing-cost-to-income ratio was not calculated. Race and Hispanic-origin categories overlap and are not additive.,project_flag_standard,series_begins_2023_table_introduction
race_ethnicity_and_housing,housing_cost_burden_over_30_pct,Housing costs over 30% of household income,06081,San Mateo,2024,2024-12-31,annual rolling five-year estimate,16.18268392,percent,1.99657875,2413,14911,,race_ethnicity_of_householder,asian_alone,Asian alone,owner_without_mortgage,,household residence,Owned units without a mortgage with a computable housing-cost ratio,CENSUS_ACS5_DETAIL,ACS5-2024-B25140D-table-based-summary-file,2026-08-10T21:40:54Z,67fa8ff79fc23ed07ee414822659c69ac9466ae19cf41fcb81aed09900eea9df,housing costs over 30% of household income count divided by tenure total less not-calculated cases,The denominator excludes units where the housing-cost-to-income ratio was not calculated. Race and Hispanic-origin categories overlap and are not additive.,project_flag_standard,series_begins_2023_table_introduction
race_ethnicity_and_housing,housing_cost_burden_over_50_pct,Housing costs over 50% of household income,06081,San Mateo,2024,2024-12-31,annual rolling five-year estimate,9.60364831,percent,1.63429745,1432,14911,,race_ethnicity_of_householder,asian_alone,Asian alone,owner_without_mortgage,,household residence,Owned units without a mortgage with a computable housing-cost ratio,CENSUS_ACS5_DETAIL,ACS5-2024-B25140D-table-based-summary-file,2026-08-10T21:40:54Z,67fa8ff79fc23ed07ee414822659c69ac9466ae19cf41fcb81aed09900eea9df,housing costs over 50% of household income count divided by tenure total less not-calculated cases,The denominator excludes units where the housing-cost-to-income ratio was not calculated. Race and Hispanic-origin categories overlap and are not additive.,project_flag_standard,series_begins_2023_table_introduction
race_ethnicity_and_housing,housing_cost_burden_over_30_pct,Housing costs over 30% of household income,06081,San Mateo,2024,2024-12-31,annual rolling five-year estimate,39.52169194,percent,2.48415282,11287,28559,,race_ethnicity_of_householder,asian_alone,Asian alone,renter,,household residence,Rented units with a computable housing-cost ratio,CENSUS_ACS5_DETAIL,ACS5-2024-B25140D-table-based-summary-file,2026-08-10T21:40:54Z,67fa8ff79fc23ed07ee414822659c69ac9466ae19cf41fcb81aed09900eea9df,housing costs over 30% of household income count divided by tenure total less not-calculated cases,The denominator excludes units where the housing-cost-to-income ratio was not calculated. Race and Hispanic-origin categories overlap and are not additive.,project_flag_standard,series_begins_2023_table_introduction
race_ethnicity_and_housing,housing_cost_burden_over_50_pct,Housing costs over 50% of household income,06081,San Mateo,2024,2024-12-31,annual rolling five-year estimate,19.47197031,percent,1.94144795,5561,28559,,race_ethnicity_of_householder,asian_alone,Asian alone,renter,,household residence,Rented units with a computable housing-cost ratio,CENSUS_ACS5_DETAIL,ACS5-2024-B25140D-table-based-summary-file,2026-08-10T21:40:54Z,67fa8ff79fc23ed07ee414822659c69ac9466ae19cf41fcb81aed09900eea9df,housing costs over 50% of household income count divided by tenure total less not-calculated cases,The denominator excludes units where the housing-cost-to-income ratio was not calculated. Race and Hispanic-origin categories overlap and are not additive.,project_flag_standard,series_begins_2023_table_introduction
race_ethnicity_and_housing,homeownership_pct,Homeownership share,06081,San Mateo,2024,2024-12-31,annual rolling five-year estimate,41.06139841,percent,4.97868139,2120,5163,,race_ethnicity_of_householder,black_alone,Black or African American alone,,,household residence,occupied housing units in the stated householder group,CENSUS_ACS5_DETAIL,ACS5-2024-B25003B-table-based-summary-file,2026-08-10T21:40:54Z,cb7cf99b923e96604963a94d107d71ce917ace43c5da2731e5c2db366c3ffcde,owner-occupied units divided by occupied units,"Race and Hispanic-origin categories overlap and must not be summed. White alone includes Hispanic householders; White alone, not Hispanic is separate.",project_flag_standard,comparable_within_table_and_vintage
race_ethnicity_and_housing,housing_cost_burden_over_30_pct,Housing costs over 30% of household income,06081,San Mateo,2024,2024-12-31,annual rolling five-year estimate,46.23262619,percent,9.42856089,632,1367,,race_ethnicity_of_householder,black_alone,Black or African American alone,owner_with_mortgage,,household residence,Owned units with a mortgage with a computable housing-cost ratio,CENSUS_ACS5_DETAIL,ACS5-2024-B25140B-table-based-summary-file,2026-08-10T21:40:54Z,315dca96c21c09a3f76b620a8eb3653e7ccfdfe3387f25a29379eab890ba08c7,housing costs over 30% of household income count divided by tenure total less not-calculated cases,The denominator excludes units where the housing-cost-to-income ratio was not calculated. Race and Hispanic-origin categories overlap and are not additive.,project_flag_moderate_uncertainty,series_begins_2023_table_introduction
race_ethnicity_and_housing,housing_cost_burden_over_50_pct,Housing costs over 50% of household income,06081,San Mateo,2024,2024-12-31,annual rolling five-year estimate,27.50548647,percent,8.26577636,376,1367,,race_ethnicity_of_householder,black_alone,Black or African American alone,owner_with_mortgage,,household residence,Owned units with a mortgage with a computable housing-cost ratio,CENSUS_ACS5_DETAIL,ACS5-2024-B25140B-table-based-summary-file,2026-08-10T21:40:54Z,315dca96c21c09a3f76b620a8eb3653e7ccfdfe3387f25a29379eab890ba08c7,housing costs over 50% of household income count divided by tenure total less not-calculated cases,The denominator excludes units where the housing-cost-to-income ratio was not calculated. Race and Hispanic-origin categories overlap and are not additive.,project_flag_moderate_uncertainty,series_begins_2023_table_introduction
race_ethnicity_and_housing,housing_cost_burden_over_30_pct,Housing costs over 30% of household income,06081,San Mateo,2024,2024-12-31,annual rolling five-year estimate,26.44628099,percent,17.20128281,192,726,,race_ethnicity_of_householder,black_alone,Black or African American alone,owner_without_mortgage,,household residence,Owned units without a mortgage with a computable housing-cost ratio,CENSUS_ACS5_DETAIL,ACS5-2024-B25140B-table-based-summary-file,2026-08-10T21:40:54Z,315dca96c21c09a3f76b620a8eb3653e7ccfdfe3387f25a29379eab890ba08c7,housing costs over 30% of household income count divided by tenure total less not-calculated cases,The denominator excludes units where the housing-cost-to-income ratio was not calculated. Race and Hispanic-origin categories overlap and are not additive.,project_flag_high_uncertainty,series_begins_2023_table_introduction
race_ethnicity_and_housing,housing_cost_burden_over_50_pct,Housing costs over 50% of household income,06081,San Mateo,2024,2024-12-31,annual rolling five-year estimate,19.83471074,percent,16.52225537,144,726,,race_ethnicity_of_householder,black_alone,Black or African American alone,owner_without_mortgage,,household residence,Owned units without a mortgage with a computable housing-cost ratio,CENSUS_ACS5_DETAIL,ACS5-2024-B25140B-table-based-summary-file,2026-08-10T21:40:54Z,315dca96c21c09a3f76b620a8eb3653e7ccfdfe3387f25a29379eab890ba08c7,housing costs over 50% of household income count divided by tenure total less not-calculated cases,The denominator excludes units where the housing-cost-to-income ratio was not calculated. Race and Hispanic-origin categories overlap and are not additive.,project_flag_high_uncertainty,series_begins_2023_table_introduction
race_ethnicity_and_housing,housing_cost_burden_over_30_pct,Housing costs over 30% of household income,06081,San Mateo,2024,2024-12-31,annual rolling five-year estimate,55.22984677,percent,6.01515541,1658,3002,,race_ethnicity_of_householder,black_alone,Black or African American alone,renter,,household residence,Rented units with a computable housing-cost ratio,CENSUS_ACS5_DETAIL,ACS5-2024-B25140B-table-based-summary-file,2026-08-10T21:40:54Z,315dca96c21c09a3f76b620a8eb3653e7ccfdfe3387f25a29379eab890ba08c7,housing costs over 30% of household income count divided by tenure total less not-calculated cases,The denominator excludes units where the housing-cost-to-income ratio was not calculated. Race and Hispanic-origin categories overlap and are not additive.,project_flag_moderate_uncertainty,series_begins_2023_table_introduction
race_ethnicity_and_housing,housing_cost_burden_over_50_pct,Housing costs over 50% of household income,06081,San Mateo,2024,2024-12-31,annual rolling five-year estimate,29.68021319,percent,5.42013644,891,3002,,race_ethnicity_of_householder,black_alone,Black or African American alone,renter,,household residence,Rented units with a computable housing-cost ratio,CENSUS_ACS5_DETAIL,ACS5-2024-B25140B-table-based-summary-file,2026-08-10T21:40:54Z,315dca96c21c09a3f76b620a8eb3653e7ccfdfe3387f25a29379eab890ba08c7,housing costs over 50% of household income count divided by tenure total less not-calculated cases,The denominator excludes units where the housing-cost-to-income ratio was not calculated. Race and Hispanic-origin categories overlap and are not additive.,project_flag_moderate_uncertainty,series_begins_2023_table_introduction
race_ethnicity_and_housing,homeownership_pct,Homeownership share,06081,San Mateo,2024,2024-12-31,annual rolling five-year estimate,40.00915405,percent,1.69318217,20105,50251,,race_ethnicity_of_householder,hispanic_or_latino,Hispanic or Latino,,,household residence,occupied housing units in the stated householder group,CENSUS_ACS5_DETAIL,ACS5-2024-B25003I-table-based-summary-file,2026-08-10T21:40:54Z,cac1ca32a43c68a961047efabb18ea4302405dbbc29d82ac922d4520bf8659f0,owner-occupied units divided by occupied units,"Race and Hispanic-origin categories overlap and must not be summed. White alone includes Hispanic householders; White alone, not Hispanic is separate.",project_flag_standard,comparable_within_table_and_vintage
race_ethnicity_and_housing,housing_cost_burden_over_30_pct,Housing costs over 30% of household income,06081,San Mateo,2024,2024-12-31,annual rolling five-year estimate,39.88760048,percent,4.02480978,5607,14057,,race_ethnicity_of_householder,hispanic_or_latino,Hispanic or Latino,owner_with_mortgage,,household residence,Owned units with a mortgage with a computable housing-cost ratio,CENSUS_ACS5_DETAIL,ACS5-2024-B25140I-table-based-summary-file,2026-08-10T21:40:54Z,9db92e88564f7eac086eea5b91d90ede54cebc373ccefe2e8d21287d2471a312,housing costs over 30% of household income count divided by tenure total less not-calculated cases,The denominator excludes units where the housing-cost-to-income ratio was not calculated. Race and Hispanic-origin categories overlap and are not additive.,project_flag_standard,series_begins_2023_table_introduction
race_ethnicity_and_housing,housing_cost_burden_over_50_pct,Housing costs over 50% of household income,06081,San Mateo,2024,2024-12-31,annual rolling five-year estimate,22.26648645,percent,3.28219591,3130,14057,,race_ethnicity_of_householder,hispanic_or_latino,Hispanic or Latino,owner_with_mortgage,,household residence,Owned units with a mortgage with a computable housing-cost ratio,CENSUS_ACS5_DETAIL,ACS5-2024-B25140I-table-based-summary-file,2026-08-10T21:40:54Z,9db92e88564f7eac086eea5b91d90ede54cebc373ccefe2e8d21287d2471a312,housing costs over 50% of household income count divided by tenure total less not-calculated cases,The denominator excludes units where the housing-cost-to-income ratio was not calculated. Race and Hispanic-origin categories overlap and are not additive.,project_flag_standard,series_begins_2023_table_introduction
race_ethnicity_and_housing,housing_cost_burden_over_30_pct,Housing costs over 30% of household income,06081,San Mateo,2024,2024-12-31,annual rolling five-year estimate,16.98271522,percent,4.55580689,1012,5959,,race_ethnicity_of_householder,hispanic_or_latino,Hispanic or Latino,owner_without_mortgage,,household residence,Owned units without a mortgage with a computable housing-cost ratio,CENSUS_ACS5_DETAIL,ACS5-2024-B25140I-table-based-summary-file,2026-08-10T21:40:54Z,9db92e88564f7eac086eea5b91d90ede54cebc373ccefe2e8d21287d2471a312,housing costs over 30% of household income count divided by tenure total less not-calculated cases,The denominator excludes units where the housing-cost-to-income ratio was not calculated. Race and Hispanic-origin categories overlap and are not additive.,project_flag_standard,series_begins_2023_table_introduction
race_ethnicity_and_housing,housing_cost_burden_over_50_pct,Housing costs over 50% of household income,06081,San Mateo,2024,2024-12-31,annual rolling five-year estimate,9.74995805,percent,3.08556921,581,5959,,race_ethnicity_of_householder,hispanic_or_latino,Hispanic or Latino,owner_without_mortgage,,household residence,Owned units without a mortgage with a computable housing-cost ratio,CENSUS_ACS5_DETAIL,ACS5-2024-B25140I-table-based-summary-file,2026-08-10T21:40:54Z,9db92e88564f7eac086eea5b91d90ede54cebc373ccefe2e8d21287d2471a312,housing costs over 50% of household income count divided by tenure total less not-calculated cases,The denominator excludes units where the housing-cost-to-income ratio was not calculated. Race and Hispanic-origin categories overlap and are not additive.,project_flag_moderate_uncertainty,series_begins_2023_table_introduction
race_ethnicity_and_housing,housing_cost_burden_over_30_pct,Housing costs over 30% of household income,06081,San Mateo,2024,2024-12-31,annual rolling five-year estimate,56.90502831,percent,2.2365913,16783,29493,,race_ethnicity_of_householder,hispanic_or_latino,Hispanic or Latino,renter,,household residence,Rented units with a computable housing-cost ratio,CENSUS_ACS5_DETAIL,ACS5-2024-B25140I-table-based-summary-file,2026-08-10T21:40:54Z,9db92e88564f7eac086eea5b91d90ede54cebc373ccefe2e8d21287d2471a312,housing costs over 30% of household income count divided by tenure total less not-calculated cases,The denominator excludes units where the housing-cost-to-income ratio was not calculated. Race and Hispanic-origin categories overlap and are not additive.,project_flag_standard,series_begins_2023_table_introduction
race_ethnicity_and_housing,housing_cost_burden_over_50_pct,Housing costs over 50% of household income,06081,San Mateo,2024,2024-12-31,annual rolling five-year estimate,30.83443529,percent,2.43414087,9094,29493,,race_ethnicity_of_householder,hispanic_or_latino,Hispanic or Latino,renter,,household residence,Rented units with a computable housing-cost ratio,CENSUS_ACS5_DETAIL,ACS5-2024-B25140I-table-based-summary-file,2026-08-10T21:40:54Z,9db92e88564f7eac086eea5b91d90ede54cebc373ccefe2e8d21287d2471a312,housing costs over 50% of household income count divided by tenure total less not-calculated cases,The denominator excludes units where the housing-cost-to-income ratio was not calculated. Race and Hispanic-origin categories overlap and are not additive.,project_flag_standard,series_begins_2023_table_introduction
race_ethnicity_and_housing,homeownership_pct,Homeownership share,06081,San Mateo,2024,2024-12-31,annual rolling five-year estimate,44.3421765,percent,8.43198079,819,1847,,race_ethnicity_of_householder,nhpi_alone,Native Hawaiian and Other Pacific Islander alone,,,household residence,occupied housing units in the stated householder group,CENSUS_ACS5_DETAIL,ACS5-2024-B25003E-table-based-summary-file,2026-08-10T21:40:54Z,bc9a8d937b8f8add717274b5dd99ecd5e19f85cc9c34eaec7fe37c7d9f0c7f23,owner-occupied units divided by occupied units,"Race and Hispanic-origin categories overlap and must not be summed. White alone includes Hispanic householders; White alone, not Hispanic is separate.",project_flag_moderate_uncertainty,comparable_within_table_and_vintage
race_ethnicity_and_housing,housing_cost_burden_over_30_pct,Housing costs over 30% of household income,06081,San Mateo,2024,2024-12-31,annual rolling five-year estimate,44.42379182,percent,11.02881755,239,538,,race_ethnicity_of_householder,nhpi_alone,Native Hawaiian and Other Pacific Islander alone,owner_with_mortgage,,household residence,Owned units with a mortgage with a computable housing-cost ratio,CENSUS_ACS5_DETAIL,ACS5-2024-B25140E-table-based-summary-file,2026-08-10T21:40:54Z,bcc9a240d47ba3546e92c0ae70f8632c8f90ff0083a08da1d1b9c9302126027d,housing costs over 30% of household income count divided by tenure total less not-calculated cases,The denominator excludes units where the housing-cost-to-income ratio was not calculated. Race and Hispanic-origin categories overlap and are not additive.,project_flag_high_uncertainty,series_begins_2023_table_introduction
race_ethnicity_and_housing,housing_cost_burden_over_50_pct,Housing costs over 50% of household income,06081,San Mateo,2024,2024-12-31,annual rolling five-year estimate,31.78438662,percent,13.19366378,171,538,,race_ethnicity_of_householder,nhpi_alone,Native Hawaiian and Other Pacific Islander alone,owner_with_mortgage,,household residence,Owned units with a mortgage with a computable housing-cost ratio,CENSUS_ACS5_DETAIL,ACS5-2024-B25140E-table-based-summary-file,2026-08-10T21:40:54Z,bcc9a240d47ba3546e92c0ae70f8632c8f90ff0083a08da1d1b9c9302126027d,housing costs over 50% of household income count divided by tenure total less not-calculated cases,The denominator excludes units where the housing-cost-to-income ratio was not calculated. Race and Hispanic-origin categories overlap and are not additive.,project_flag_high_uncertainty,series_begins_2023_table_introduction
race_ethnicity_and_housing,housing_cost_burden_over_30_pct,Housing costs over 30% of household income,06081,San Mateo,2024,2024-12-31,annual rolling five-year estimate,0,percent,11.38790036,0,281,,race_ethnicity_of_householder,nhpi_alone,Native Hawaiian and Other Pacific Islander alone,owner_without_mortgage,,household residence,Owned units without a mortgage with a computable housing-cost ratio,CENSUS_ACS5_DETAIL,ACS5-2024-B25140E-table-based-summary-file,2026-08-10T21:40:54Z,bcc9a240d47ba3546e92c0ae70f8632c8f90ff0083a08da1d1b9c9302126027d,housing costs over 30% of household income count divided by tenure total less not-calculated cases,The denominator excludes units where the housing-cost-to-income ratio was not calculated. Race and Hispanic-origin categories overlap and are not additive.,project_flag_high_uncertainty,series_begins_2023_table_introduction
race_ethnicity_and_housing,housing_cost_burden_over_50_pct,Housing costs over 50% of household income,06081,San Mateo,2024,2024-12-31,annual rolling five-year estimate,0,percent,11.38790036,0,281,,race_ethnicity_of_householder,nhpi_alone,Native Hawaiian and Other Pacific Islander alone,owner_without_mortgage,,household residence,Owned units without a mortgage with a computable housing-cost ratio,CENSUS_ACS5_DETAIL,ACS5-2024-B25140E-table-based-summary-file,2026-08-10T21:40:54Z,bcc9a240d47ba3546e92c0ae70f8632c8f90ff0083a08da1d1b9c9302126027d,housing costs over 50% of household income count divided by tenure total less not-calculated cases,The denominator excludes units where the housing-cost-to-income ratio was not calculated. Race and Hispanic-origin categories overlap and are not additive.,project_flag_high_uncertainty,series_begins_2023_table_introduction
race_ethnicity_and_housing,housing_cost_burden_over_30_pct,Housing costs over 30% of household income,06081,San Mateo,2024,2024-12-31,annual rolling five-year estimate,60.90819348,percent,12.4375005,617,1013,,race_ethnicity_of_householder,nhpi_alone,Native Hawaiian and Other Pacific Islander alone,renter,,household residence,Rented units with a computable housing-cost ratio,CENSUS_ACS5_DETAIL,ACS5-2024-B25140E-table-based-summary-file,2026-08-10T21:40:54Z,bcc9a240d47ba3546e92c0ae70f8632c8f90ff0083a08da1d1b9c9302126027d,housing costs over 30% of household income count divided by tenure total less not-calculated cases,The denominator excludes units where the housing-cost-to-income ratio was not calculated. Race and Hispanic-origin categories overlap and are not additive.,project_flag_high_uncertainty,series_begins_2023_table_introduction
race_ethnicity_and_housing,housing_cost_burden_over_50_pct,Housing costs over 50% of household income,06081,San Mateo,2024,2024-12-31,annual rolling five-year estimate,35.73543929,percent,10.87811157,362,1013,,race_ethnicity_of_householder,nhpi_alone,Native Hawaiian and Other Pacific Islander alone,renter,,household residence,Rented units with a computable housing-cost ratio,CENSUS_ACS5_DETAIL,ACS5-2024-B25140E-table-based-summary-file,2026-08-10T21:40:54Z,bcc9a240d47ba3546e92c0ae70f8632c8f90ff0083a08da1d1b9c9302126027d,housing costs over 50% of household income count divided by tenure total less not-calculated cases,The denominator excludes units where the housing-cost-to-income ratio was not calculated. Race and Hispanic-origin categories overlap and are not additive.,project_flag_high_uncertainty,series_begins_2023_table_introduction
race_ethnicity_and_housing,homeownership_pct,Homeownership share,06081,San Mateo,2024,2024-12-31,annual rolling five-year estimate,35.85751979,percent,2.92371489,8154,22740,,race_ethnicity_of_householder,some_other_race_alone,Some other race alone,,,household residence,occupied housing units in the stated householder group,CENSUS_ACS5_DETAIL,ACS5-2024-B25003F-table-based-summary-file,2026-08-10T21:40:54Z,d7fb5b61390c9b5451f142561b9a1a233303d38d5f6fcbc588dbda3633441d0c,owner-occupied units divided by occupied units,"Race and Hispanic-origin categories overlap and must not be summed. White alone includes Hispanic householders; White alone, not Hispanic is separate.",project_flag_standard,comparable_within_table_and_vintage
race_ethnicity_and_housing,housing_cost_burden_over_30_pct,Housing costs over 30% of household income,06081,San Mateo,2024,2024-12-31,annual rolling five-year estimate,42.434879,percent,6.50654266,2297,5413,,race_ethnicity_of_householder,some_other_race_alone,Some other race alone,owner_with_mortgage,,household residence,Owned units with a mortgage with a computable housing-cost ratio,CENSUS_ACS5_DETAIL,ACS5-2024-B25140F-table-based-summary-file,2026-08-10T21:40:54Z,83d69d240f5c6059a20db4cece66141192007b1dc319dd073590e681f217394b,housing costs over 30% of household income count divided by tenure total less not-calculated cases,The denominator excludes units where the housing-cost-to-income ratio was not calculated. Race and Hispanic-origin categories overlap and are not additive.,project_flag_moderate_uncertainty,series_begins_2023_table_introduction
race_ethnicity_and_housing,housing_cost_burden_over_50_pct,Housing costs over 50% of household income,06081,San Mateo,2024,2024-12-31,annual rolling five-year estimate,20.24755219,percent,2.82130608,1096,5413,,race_ethnicity_of_householder,some_other_race_alone,Some other race alone,owner_with_mortgage,,household residence,Owned units with a mortgage with a computable housing-cost ratio,CENSUS_ACS5_DETAIL,ACS5-2024-B25140F-table-based-summary-file,2026-08-10T21:40:54Z,83d69d240f5c6059a20db4cece66141192007b1dc319dd073590e681f217394b,housing costs over 50% of household income count divided by tenure total less not-calculated cases,The denominator excludes units where the housing-cost-to-income ratio was not calculated. Race and Hispanic-origin categories overlap and are not additive.,project_flag_standard,series_begins_2023_table_introduction
race_ethnicity_and_housing,housing_cost_burden_over_30_pct,Housing costs over 30% of household income,06081,San Mateo,2024,2024-12-31,annual rolling five-year estimate,15.21406728,percent,7.05963696,398,2616,,race_ethnicity_of_householder,some_other_race_alone,Some other race alone,owner_without_mortgage,,household residence,Owned units without a mortgage with a computable housing-cost ratio,CENSUS_ACS5_DETAIL,ACS5-2024-B25140F-table-based-summary-file,2026-08-10T21:40:54Z,83d69d240f5c6059a20db4cece66141192007b1dc319dd073590e681f217394b,housing costs over 30% of household income count divided by tenure total less not-calculated cases,The denominator excludes units where the housing-cost-to-income ratio was not calculated. Race and Hispanic-origin categories overlap and are not additive.,project_flag_moderate_uncertainty,series_begins_2023_table_introduction
race_ethnicity_and_housing,housing_cost_burden_over_50_pct,Housing costs over 50% of household income,06081,San Mateo,2024,2024-12-31,annual rolling five-year estimate,8.21865443,percent,3.53961945,215,2616,,race_ethnicity_of_householder,some_other_race_alone,Some other race alone,owner_without_mortgage,,household residence,Owned units without a mortgage with a computable housing-cost ratio,CENSUS_ACS5_DETAIL,ACS5-2024-B25140F-table-based-summary-file,2026-08-10T21:40:54Z,83d69d240f5c6059a20db4cece66141192007b1dc319dd073590e681f217394b,housing costs over 50% of household income count divided by tenure total less not-calculated cases,The denominator excludes units where the housing-cost-to-income ratio was not calculated. Race and Hispanic-origin categories overlap and are not additive.,project_flag_moderate_uncertainty,series_begins_2023_table_introduction
race_ethnicity_and_housing,housing_cost_burden_over_30_pct,Housing costs over 30% of household income,06081,San Mateo,2024,2024-12-31,annual rolling five-year estimate,59.98591053,percent,2.78805598,8515,14195,,race_ethnicity_of_householder,some_other_race_alone,Some other race alone,renter,,household residence,Rented units with a computable housing-cost ratio,CENSUS_ACS5_DETAIL,ACS5-2024-B25140F-table-based-summary-file,2026-08-10T21:40:54Z,83d69d240f5c6059a20db4cece66141192007b1dc319dd073590e681f217394b,housing costs over 30% of household income count divided by tenure total less not-calculated cases,The denominator excludes units where the housing-cost-to-income ratio was not calculated. Race and Hispanic-origin categories overlap and are not additive.,project_flag_standard,series_begins_2023_table_introduction
race_ethnicity_and_housing,housing_cost_burden_over_50_pct,Housing costs over 50% of household income,06081,San Mateo,2024,2024-12-31,annual rolling five-year estimate,32.93413174,percent,2.74312999,4675,14195,,race_ethnicity_of_householder,some_other_race_alone,Some other race alone,renter,,household residence,Rented units with a computable housing-cost ratio,CENSUS_ACS5_DETAIL,ACS5-2024-B25140F-table-based-summary-file,2026-08-10T21:40:54Z,83d69d240f5c6059a20db4cece66141192007b1dc319dd073590e681f217394b,housing costs over 50% of household income count divided by tenure total less not-calculated cases,The denominator excludes units where the housing-cost-to-income ratio was not calculated. Race and Hispanic-origin categories overlap and are not additive.,project_flag_standard,series_begins_2023_table_introduction
race_ethnicity_and_housing,homeownership_pct,Homeownership share,06081,San Mateo,2024,2024-12-31,annual rolling five-year estimate,46.48478489,percent,2.08762063,13733,29543,,race_ethnicity_of_householder,two_or_more_races,Two or more races,,,household residence,occupied housing units in the stated householder group,CENSUS_ACS5_DETAIL,ACS5-2024-B25003G-table-based-summary-file,2026-08-10T21:40:54Z,d2a199a94da632778a823a0ce83725f97bb20d5bf32856b3d4553c38f97d294d,owner-occupied units divided by occupied units,"Race and Hispanic-origin categories overlap and must not be summed. White alone includes Hispanic householders; White alone, not Hispanic is separate.",project_flag_standard,comparable_within_table_and_vintage
race_ethnicity_and_housing,housing_cost_burden_over_30_pct,Housing costs over 30% of household income,06081,San Mateo,2024,2024-12-31,annual rolling five-year estimate,40.93911983,percent,4.45731455,4028,9839,,race_ethnicity_of_householder,two_or_more_races,Two or more races,owner_with_mortgage,,household residence,Owned units with a mortgage with a computable housing-cost ratio,CENSUS_ACS5_DETAIL,ACS5-2024-B25140G-table-based-summary-file,2026-08-10T21:40:54Z,85614a66b05ce30a256584351ebb20f265969c8205d17012954b357865ee0675,housing costs over 30% of household income count divided by tenure total less not-calculated cases,The denominator excludes units where the housing-cost-to-income ratio was not calculated. Race and Hispanic-origin categories overlap and are not additive.,project_flag_standard,series_begins_2023_table_introduction
race_ethnicity_and_housing,housing_cost_burden_over_50_pct,Housing costs over 50% of household income,06081,San Mateo,2024,2024-12-31,annual rolling five-year estimate,24.40288647,percent,4.95065167,2401,9839,,race_ethnicity_of_householder,two_or_more_races,Two or more races,owner_with_mortgage,,household residence,Owned units with a mortgage with a computable housing-cost ratio,CENSUS_ACS5_DETAIL,ACS5-2024-B25140G-table-based-summary-file,2026-08-10T21:40:54Z,85614a66b05ce30a256584351ebb20f265969c8205d17012954b357865ee0675,housing costs over 50% of household income count divided by tenure total less not-calculated cases,The denominator excludes units where the housing-cost-to-income ratio was not calculated. Race and Hispanic-origin categories overlap and are not additive.,project_flag_standard,series_begins_2023_table_introduction
race_ethnicity_and_housing,housing_cost_burden_over_30_pct,Housing costs over 30% of household income,06081,San Mateo,2024,2024-12-31,annual rolling five-year estimate,17.28299949,percent,5.5756224,673,3894,,race_ethnicity_of_householder,two_or_more_races,Two or more races,owner_without_mortgage,,household residence,Owned units without a mortgage with a computable housing-cost ratio,CENSUS_ACS5_DETAIL,ACS5-2024-B25140G-table-based-summary-file,2026-08-10T21:40:54Z,85614a66b05ce30a256584351ebb20f265969c8205d17012954b357865ee0675,housing costs over 30% of household income count divided by tenure total less not-calculated cases,The denominator excludes units where the housing-cost-to-income ratio was not calculated. Race and Hispanic-origin categories overlap and are not additive.,project_flag_moderate_uncertainty,series_begins_2023_table_introduction
race_ethnicity_and_housing,housing_cost_burden_over_50_pct,Housing costs over 50% of household income,06081,San Mateo,2024,2024-12-31,annual rolling five-year estimate,13.30251669,percent,4.82107569,518,3894,,race_ethnicity_of_householder,two_or_more_races,Two or more races,owner_without_mortgage,,household residence,Owned units without a mortgage with a computable housing-cost ratio,CENSUS_ACS5_DETAIL,ACS5-2024-B25140G-table-based-summary-file,2026-08-10T21:40:54Z,85614a66b05ce30a256584351ebb20f265969c8205d17012954b357865ee0675,housing costs over 50% of household income count divided by tenure total less not-calculated cases,The denominator excludes units where the housing-cost-to-income ratio was not calculated. Race and Hispanic-origin categories overlap and are not additive.,project_flag_moderate_uncertainty,series_begins_2023_table_introduction
race_ethnicity_and_housing,housing_cost_burden_over_30_pct,Housing costs over 30% of household income,06081,San Mateo,2024,2024-12-31,annual rolling five-year estimate,51.74494032,percent,4.57974278,7977,15416,,race_ethnicity_of_householder,two_or_more_races,Two or more races,renter,,household residence,Rented units with a computable housing-cost ratio,CENSUS_ACS5_DETAIL,ACS5-2024-B25140G-table-based-summary-file,2026-08-10T21:40:54Z,85614a66b05ce30a256584351ebb20f265969c8205d17012954b357865ee0675,housing costs over 30% of household income count divided by tenure total less not-calculated cases,The denominator excludes units where the housing-cost-to-income ratio was not calculated. Race and Hispanic-origin categories overlap and are not additive.,project_flag_standard,series_begins_2023_table_introduction
race_ethnicity_and_housing,housing_cost_burden_over_50_pct,Housing costs over 50% of household income,06081,San Mateo,2024,2024-12-31,annual rolling five-year estimate,25.52542813,percent,3.39909118,3935,15416,,race_ethnicity_of_householder,two_or_more_races,Two or more races,renter,,household residence,Rented units with a computable housing-cost ratio,CENSUS_ACS5_DETAIL,ACS5-2024-B25140G-table-based-summary-file,2026-08-10T21:40:54Z,85614a66b05ce30a256584351ebb20f265969c8205d17012954b357865ee0675,housing costs over 50% of household income count divided by tenure total less not-calculated cases,The denominator excludes units where the housing-cost-to-income ratio was not calculated. Race and Hispanic-origin categories overlap and are not additive.,project_flag_standard,series_begins_2023_table_introduction
race_ethnicity_and_housing,homeownership_pct,Homeownership share,06081,San Mateo,2024,2024-12-31,annual rolling five-year estimate,64.34372095,percent,0.89823681,78915,122646,,race_ethnicity_of_householder,white_alone,White alone,,,household residence,occupied housing units in the stated householder group,CENSUS_ACS5_DETAIL,ACS5-2024-B25003A-table-based-summary-file,2026-08-10T21:40:54Z,0a0e607eda31b52759431fe7390f03f1205daeb91867fb5f31cdce7158a282af,owner-occupied units divided by occupied units,"Race and Hispanic-origin categories overlap and must not be summed. White alone includes Hispanic householders; White alone, not Hispanic is separate.",project_flag_standard,comparable_within_table_and_vintage
race_ethnicity_and_housing,housing_cost_burden_over_30_pct,Housing costs over 30% of household income,06081,San Mateo,2024,2024-12-31,annual rolling five-year estimate,32.37887705,percent,1.58515113,15899,49103,,race_ethnicity_of_householder,white_alone,White alone,owner_with_mortgage,,household residence,Owned units with a mortgage with a computable housing-cost ratio,CENSUS_ACS5_DETAIL,ACS5-2024-B25140A-table-based-summary-file,2026-08-10T21:40:54Z,53814337ca0423994c5cf54d663fb59efa08aaf17cca8dd70c35056588460ba9,housing costs over 30% of household income count divided by tenure total less not-calculated cases,The denominator excludes units where the housing-cost-to-income ratio was not calculated. Race and Hispanic-origin categories overlap and are not additive.,project_flag_standard,series_begins_2023_table_introduction
race_ethnicity_and_housing,housing_cost_burden_over_50_pct,Housing costs over 50% of household income,06081,San Mateo,2024,2024-12-31,annual rolling five-year estimate,15.8462823,percent,1.34226856,7781,49103,,race_ethnicity_of_householder,white_alone,White alone,owner_with_mortgage,,household residence,Owned units with a mortgage with a computable housing-cost ratio,CENSUS_ACS5_DETAIL,ACS5-2024-B25140A-table-based-summary-file,2026-08-10T21:40:54Z,53814337ca0423994c5cf54d663fb59efa08aaf17cca8dd70c35056588460ba9,housing costs over 50% of household income count divided by tenure total less not-calculated cases,The denominator excludes units where the housing-cost-to-income ratio was not calculated. Race and Hispanic-origin categories overlap and are not additive.,project_flag_standard,series_begins_2023_table_introduction
race_ethnicity_and_housing,housing_cost_burden_over_30_pct,Housing costs over 30% of household income,06081,San Mateo,2024,2024-12-31,annual rolling five-year estimate,14.32061384,percent,1.29346808,4162,29063,,race_ethnicity_of_householder,white_alone,White alone,owner_without_mortgage,,household residence,Owned units without a mortgage with a computable housing-cost ratio,CENSUS_ACS5_DETAIL,ACS5-2024-B25140A-table-based-summary-file,2026-08-10T21:40:54Z,53814337ca0423994c5cf54d663fb59efa08aaf17cca8dd70c35056588460ba9,housing costs over 30% of household income count divided by tenure total less not-calculated cases,The denominator excludes units where the housing-cost-to-income ratio was not calculated. Race and Hispanic-origin categories overlap and are not additive.,project_flag_standard,series_begins_2023_table_introduction
race_ethnicity_and_housing,housing_cost_burden_over_50_pct,Housing costs over 50% of household income,06081,San Mateo,2024,2024-12-31,annual rolling five-year estimate,6.73364759,percent,1.0696327,1957,29063,,race_ethnicity_of_householder,white_alone,White alone,owner_without_mortgage,,household residence,Owned units without a mortgage with a computable housing-cost ratio,CENSUS_ACS5_DETAIL,ACS5-2024-B25140A-table-based-summary-file,2026-08-10T21:40:54Z,53814337ca0423994c5cf54d663fb59efa08aaf17cca8dd70c35056588460ba9,housing costs over 50% of household income count divided by tenure total less not-calculated cases,The denominator excludes units where the housing-cost-to-income ratio was not calculated. Race and Hispanic-origin categories overlap and are not additive.,project_flag_standard,series_begins_2023_table_introduction
race_ethnicity_and_housing,housing_cost_burden_over_30_pct,Housing costs over 30% of household income,06081,San Mateo,2024,2024-12-31,annual rolling five-year estimate,43.47481254,percent,1.917935,18089,41608,,race_ethnicity_of_householder,white_alone,White alone,renter,,household residence,Rented units with a computable housing-cost ratio,CENSUS_ACS5_DETAIL,ACS5-2024-B25140A-table-based-summary-file,2026-08-10T21:40:54Z,53814337ca0423994c5cf54d663fb59efa08aaf17cca8dd70c35056588460ba9,housing costs over 30% of household income count divided by tenure total less not-calculated cases,The denominator excludes units where the housing-cost-to-income ratio was not calculated. Race and Hispanic-origin categories overlap and are not additive.,project_flag_standard,series_begins_2023_table_introduction
race_ethnicity_and_housing,housing_cost_burden_over_50_pct,Housing costs over 50% of household income,06081,San Mateo,2024,2024-12-31,annual rolling five-year estimate,22.82253413,percent,1.82407686,9496,41608,,race_ethnicity_of_householder,white_alone,White alone,renter,,household residence,Rented units with a computable housing-cost ratio,CENSUS_ACS5_DETAIL,ACS5-2024-B25140A-table-based-summary-file,2026-08-10T21:40:54Z,53814337ca0423994c5cf54d663fb59efa08aaf17cca8dd70c35056588460ba9,housing costs over 50% of household income count divided by tenure total less not-calculated cases,The denominator excludes units where the housing-cost-to-income ratio was not calculated. Race and Hispanic-origin categories overlap and are not additive.,project_flag_standard,series_begins_2023_table_introduction
race_ethnicity_and_housing,homeownership_pct,Homeownership share,06081,San Mateo,2024,2024-12-31,annual rolling five-year estimate,65.53981793,percent,0.88598124,75378,115011,,race_ethnicity_of_householder,white_non_hispanic,"White alone, not Hispanic or Latino",,,household residence,occupied housing units in the stated householder group,CENSUS_ACS5_DETAIL,ACS5-2024-B25003H-table-based-summary-file,2026-08-10T21:40:54Z,b4f56c76ae8f3c088e3e673c684e58f0e81cbbc0ea962e8b8c9b6029b5b4cc58,owner-occupied units divided by occupied units,"Race and Hispanic-origin categories overlap and must not be summed. White alone includes Hispanic householders; White alone, not Hispanic is separate.",project_flag_standard,comparable_within_table_and_vintage
race_ethnicity_and_housing,housing_cost_burden_over_30_pct,Housing costs over 30% of household income,06081,San Mateo,2024,2024-12-31,annual rolling five-year estimate,32.27548518,percent,1.66564673,15001,46478,,race_ethnicity_of_householder,white_non_hispanic,"White alone, not Hispanic or Latino",owner_with_mortgage,,household residence,Owned units with a mortgage with a computable housing-cost ratio,CENSUS_ACS5_DETAIL,ACS5-2024-B25140H-table-based-summary-file,2026-08-10T21:40:54Z,2dc6fe9ad8eecc7debcefc90e0be1ba1277c00acf55e648bbc9a20d477f4171e,housing costs over 30% of household income count divided by tenure total less not-calculated cases,The denominator excludes units where the housing-cost-to-income ratio was not calculated. Race and Hispanic-origin categories overlap and are not additive.,project_flag_standard,series_begins_2023_table_introduction
race_ethnicity_and_housing,housing_cost_burden_over_50_pct,Housing costs over 50% of household income,06081,San Mateo,2024,2024-12-31,annual rolling five-year estimate,16.00542192,percent,1.39718528,7439,46478,,race_ethnicity_of_householder,white_non_hispanic,"White alone, not Hispanic or Latino",owner_with_mortgage,,household residence,Owned units with a mortgage with a computable housing-cost ratio,CENSUS_ACS5_DETAIL,ACS5-2024-B25140H-table-based-summary-file,2026-08-10T21:40:54Z,2dc6fe9ad8eecc7debcefc90e0be1ba1277c00acf55e648bbc9a20d477f4171e,housing costs over 50% of household income count divided by tenure total less not-calculated cases,The denominator excludes units where the housing-cost-to-income ratio was not calculated. Race and Hispanic-origin categories overlap and are not additive.,project_flag_standard,series_begins_2023_table_introduction
race_ethnicity_and_housing,housing_cost_burden_over_30_pct,Housing costs over 30% of household income,06081,San Mateo,2024,2024-12-31,annual rolling five-year estimate,14.08430697,percent,1.385088,3966,28159,,race_ethnicity_of_householder,white_non_hispanic,"White alone, not Hispanic or Latino",owner_without_mortgage,,household residence,Owned units without a mortgage with a computable housing-cost ratio,CENSUS_ACS5_DETAIL,ACS5-2024-B25140H-table-based-summary-file,2026-08-10T21:40:54Z,2dc6fe9ad8eecc7debcefc90e0be1ba1277c00acf55e648bbc9a20d477f4171e,housing costs over 30% of household income count divided by tenure total less not-calculated cases,The denominator excludes units where the housing-cost-to-income ratio was not calculated. Race and Hispanic-origin categories overlap and are not additive.,project_flag_standard,series_begins_2023_table_introduction
race_ethnicity_and_housing,housing_cost_burden_over_50_pct,Housing costs over 50% of household income,06081,San Mateo,2024,2024-12-31,annual rolling five-year estimate,6.71188608,percent,1.11547884,1890,28159,,race_ethnicity_of_householder,white_non_hispanic,"White alone, not Hispanic or Latino",owner_without_mortgage,,household residence,Owned units without a mortgage with a computable housing-cost ratio,CENSUS_ACS5_DETAIL,ACS5-2024-B25140H-table-based-summary-file,2026-08-10T21:40:54Z,2dc6fe9ad8eecc7debcefc90e0be1ba1277c00acf55e648bbc9a20d477f4171e,housing costs over 50% of household income count divided by tenure total less not-calculated cases,The denominator excludes units where the housing-cost-to-income ratio was not calculated. Race and Hispanic-origin categories overlap and are not additive.,project_flag_standard,series_begins_2023_table_introduction
race_ethnicity_and_housing,housing_cost_burden_over_30_pct,Housing costs over 30% of household income,06081,San Mateo,2024,2024-12-31,annual rolling five-year estimate,42.61100771,percent,2.00569483,16026,37610,,race_ethnicity_of_householder,white_non_hispanic,"White alone, not Hispanic or Latino",renter,,household residence,Rented units with a computable housing-cost ratio,CENSUS_ACS5_DETAIL,ACS5-2024-B25140H-table-based-summary-file,2026-08-10T21:40:54Z,2dc6fe9ad8eecc7debcefc90e0be1ba1277c00acf55e648bbc9a20d477f4171e,housing costs over 30% of household income count divided by tenure total less not-calculated cases,The denominator excludes units where the housing-cost-to-income ratio was not calculated. Race and Hispanic-origin categories overlap and are not additive.,project_flag_standard,series_begins_2023_table_introduction
race_ethnicity_and_housing,housing_cost_burden_over_50_pct,Housing costs over 50% of household income,06081,San Mateo,2024,2024-12-31,annual rolling five-year estimate,21.81600638,percent,1.8065088,8205,37610,,race_ethnicity_of_householder,white_non_hispanic,"White alone, not Hispanic or Latino",renter,,household residence,Rented units with a computable housing-cost ratio,CENSUS_ACS5_DETAIL,ACS5-2024-B25140H-table-based-summary-file,2026-08-10T21:40:54Z,2dc6fe9ad8eecc7debcefc90e0be1ba1277c00acf55e648bbc9a20d477f4171e,housing costs over 50% of household income count divided by tenure total less not-calculated cases,The denominator excludes units where the housing-cost-to-income ratio was not calculated. Race and Hispanic-origin categories overlap and are not additive.,project_flag_standard,series_begins_2023_table_introduction
race_ethnicity_and_housing,homeownership_pct,Homeownership share,06085,Santa Clara,2024,2024-12-31,annual rolling five-year estimate,36.87105317,percent,3.96526051,1810,4909,,race_ethnicity_of_householder,aian_alone,American Indian and Alaska Native alone,,,household residence,occupied housing units in the stated householder group,CENSUS_ACS5_DETAIL,ACS5-2024-B25003C-table-based-summary-file,2026-08-10T21:40:54Z,8f9eed7241cc42fba7a354130b58f78fae63c128dd27cdaf0d14f572e1b19736,owner-occupied units divided by occupied units,"Race and Hispanic-origin categories overlap and must not be summed. White alone includes Hispanic householders; White alone, not Hispanic is separate.",project_flag_standard,comparable_within_table_and_vintage
race_ethnicity_and_housing,housing_cost_burden_over_30_pct,Housing costs over 30% of household income,06085,Santa Clara,2024,2024-12-31,annual rolling five-year estimate,35.71990559,percent,5.87036671,454,1271,,race_ethnicity_of_householder,aian_alone,American Indian and Alaska Native alone,owner_with_mortgage,,household residence,Owned units with a mortgage with a computable housing-cost ratio,CENSUS_ACS5_DETAIL,ACS5-2024-B25140C-table-based-summary-file,2026-08-10T21:40:54Z,807303864b79bc92548981faab7d0f612125e70dd10bca9febd0dac776f2b0b2,housing costs over 30% of household income count divided by tenure total less not-calculated cases,The denominator excludes units where the housing-cost-to-income ratio was not calculated. Race and Hispanic-origin categories overlap and are not additive.,project_flag_moderate_uncertainty,series_begins_2023_table_introduction
race_ethnicity_and_housing,housing_cost_burden_over_50_pct,Housing costs over 50% of household income,06085,Santa Clara,2024,2024-12-31,annual rolling five-year estimate,19.51219512,percent,6.4011499,248,1271,,race_ethnicity_of_householder,aian_alone,American Indian and Alaska Native alone,owner_with_mortgage,,household residence,Owned units with a mortgage with a computable housing-cost ratio,CENSUS_ACS5_DETAIL,ACS5-2024-B25140C-table-based-summary-file,2026-08-10T21:40:54Z,807303864b79bc92548981faab7d0f612125e70dd10bca9febd0dac776f2b0b2,housing costs over 50% of household income count divided by tenure total less not-calculated cases,The denominator excludes units where the housing-cost-to-income ratio was not calculated. Race and Hispanic-origin categories overlap and are not additive.,project_flag_moderate_uncertainty,series_begins_2023_table_introduction
race_ethnicity_and_housing,housing_cost_burden_over_30_pct,Housing costs over 30% of household income,06085,Santa Clara,2024,2024-12-31,annual rolling five-year estimate,17.0212766,percent,8.60700353,88,517,,race_ethnicity_of_householder,aian_alone,American Indian and Alaska Native alone,owner_without_mortgage,,household residence,Owned units without a mortgage with a computable housing-cost ratio,CENSUS_ACS5_DETAIL,ACS5-2024-B25140C-table-based-summary-file,2026-08-10T21:40:54Z,807303864b79bc92548981faab7d0f612125e70dd10bca9febd0dac776f2b0b2,housing costs over 30% of household income count divided by tenure total less not-calculated cases,The denominator excludes units where the housing-cost-to-income ratio was not calculated. Race and Hispanic-origin categories overlap and are not additive.,project_flag_high_uncertainty,series_begins_2023_table_introduction
race_ethnicity_and_housing,housing_cost_burden_over_50_pct,Housing costs over 50% of household income,06085,Santa Clara,2024,2024-12-31,annual rolling five-year estimate,10.83172147,percent,7.8293757,56,517,,race_ethnicity_of_householder,aian_alone,American Indian and Alaska Native alone,owner_without_mortgage,,household residence,Owned units without a mortgage with a computable housing-cost ratio,CENSUS_ACS5_DETAIL,ACS5-2024-B25140C-table-based-summary-file,2026-08-10T21:40:54Z,807303864b79bc92548981faab7d0f612125e70dd10bca9febd0dac776f2b0b2,housing costs over 50% of household income count divided by tenure total less not-calculated cases,The denominator excludes units where the housing-cost-to-income ratio was not calculated. Race and Hispanic-origin categories overlap and are not additive.,project_flag_high_uncertainty,series_begins_2023_table_introduction
race_ethnicity_and_housing,housing_cost_burden_over_30_pct,Housing costs over 30% of household income,06085,Santa Clara,2024,2024-12-31,annual rolling five-year estimate,59.34250252,percent,8.57451872,1769,2981,,race_ethnicity_of_householder,aian_alone,American Indian and Alaska Native alone,renter,,household residence,Rented units with a computable housing-cost ratio,CENSUS_ACS5_DETAIL,ACS5-2024-B25140C-table-based-summary-file,2026-08-10T21:40:54Z,807303864b79bc92548981faab7d0f612125e70dd10bca9febd0dac776f2b0b2,housing costs over 30% of household income count divided by tenure total less not-calculated cases,The denominator excludes units where the housing-cost-to-income ratio was not calculated. Race and Hispanic-origin categories overlap and are not additive.,project_flag_moderate_uncertainty,series_begins_2023_table_introduction
race_ethnicity_and_housing,housing_cost_burden_over_50_pct,Housing costs over 50% of household income,06085,Santa Clara,2024,2024-12-31,annual rolling five-year estimate,27.97718886,percent,6.58432578,834,2981,,race_ethnicity_of_householder,aian_alone,American Indian and Alaska Native alone,renter,,household residence,Rented units with a computable housing-cost ratio,CENSUS_ACS5_DETAIL,ACS5-2024-B25140C-table-based-summary-file,2026-08-10T21:40:54Z,807303864b79bc92548981faab7d0f612125e70dd10bca9febd0dac776f2b0b2,housing costs over 50% of household income count divided by tenure total less not-calculated cases,The denominator excludes units where the housing-cost-to-income ratio was not calculated. Race and Hispanic-origin categories overlap and are not additive.,project_flag_moderate_uncertainty,series_begins_2023_table_introduction
race_ethnicity_and_housing,homeownership_pct,Homeownership share,06085,Santa Clara,2024,2024-12-31,annual rolling five-year estimate,59.56198832,percent,0.67490986,158311,265792,,race_ethnicity_of_householder,asian_alone,Asian alone,,,household residence,occupied housing units in the stated householder group,CENSUS_ACS5_DETAIL,ACS5-2024-B25003D-table-based-summary-file,2026-08-10T21:40:54Z,2dcaa89c955425e9e6ed61245d0d27dafdf1319029ac541ed04e1628700c20e8,owner-occupied units divided by occupied units,"Race and Hispanic-origin categories overlap and must not be summed. White alone includes Hispanic householders; White alone, not Hispanic is separate.",project_flag_standard,comparable_within_table_and_vintage
race_ethnicity_and_housing,housing_cost_burden_over_30_pct,Housing costs over 30% of household income,06085,Santa Clara,2024,2024-12-31,annual rolling five-year estimate,28.92498412,percent,1.30027774,32339,111803,,race_ethnicity_of_householder,asian_alone,Asian alone,owner_with_mortgage,,household residence,Owned units with a mortgage with a computable housing-cost ratio,CENSUS_ACS5_DETAIL,ACS5-2024-B25140D-table-based-summary-file,2026-08-10T21:40:54Z,67fa8ff79fc23ed07ee414822659c69ac9466ae19cf41fcb81aed09900eea9df,housing costs over 30% of household income count divided by tenure total less not-calculated cases,The denominator excludes units where the housing-cost-to-income ratio was not calculated. Race and Hispanic-origin categories overlap and are not additive.,project_flag_standard,series_begins_2023_table_introduction
race_ethnicity_and_housing,housing_cost_burden_over_50_pct,Housing costs over 50% of household income,06085,Santa Clara,2024,2024-12-31,annual rolling five-year estimate,12.19913598,percent,0.77184007,13639,111803,,race_ethnicity_of_householder,asian_alone,Asian alone,owner_with_mortgage,,household residence,Owned units with a mortgage with a computable housing-cost ratio,CENSUS_ACS5_DETAIL,ACS5-2024-B25140D-table-based-summary-file,2026-08-10T21:40:54Z,67fa8ff79fc23ed07ee414822659c69ac9466ae19cf41fcb81aed09900eea9df,housing costs over 50% of household income count divided by tenure total less not-calculated cases,The denominator excludes units where the housing-cost-to-income ratio was not calculated. Race and Hispanic-origin categories overlap and are not additive.,project_flag_standard,series_begins_2023_table_introduction
race_ethnicity_and_housing,housing_cost_burden_over_30_pct,Housing costs over 30% of household income,06085,Santa Clara,2024,2024-12-31,annual rolling five-year estimate,14.05769062,percent,1.16263386,6394,45484,,race_ethnicity_of_householder,asian_alone,Asian alone,owner_without_mortgage,,household residence,Owned units without a mortgage with a computable housing-cost ratio,CENSUS_ACS5_DETAIL,ACS5-2024-B25140D-table-based-summary-file,2026-08-10T21:40:54Z,67fa8ff79fc23ed07ee414822659c69ac9466ae19cf41fcb81aed09900eea9df,housing costs over 30% of household income count divided by tenure total less not-calculated cases,The denominator excludes units where the housing-cost-to-income ratio was not calculated. Race and Hispanic-origin categories overlap and are not additive.,project_flag_standard,series_begins_2023_table_introduction
race_ethnicity_and_housing,housing_cost_burden_over_50_pct,Housing costs over 50% of household income,06085,Santa Clara,2024,2024-12-31,annual rolling five-year estimate,8.08636004,percent,0.87954719,3678,45484,,race_ethnicity_of_householder,asian_alone,Asian alone,owner_without_mortgage,,household residence,Owned units without a mortgage with a computable housing-cost ratio,CENSUS_ACS5_DETAIL,ACS5-2024-B25140D-table-based-summary-file,2026-08-10T21:40:54Z,67fa8ff79fc23ed07ee414822659c69ac9466ae19cf41fcb81aed09900eea9df,housing costs over 50% of household income count divided by tenure total less not-calculated cases,The denominator excludes units where the housing-cost-to-income ratio was not calculated. Race and Hispanic-origin categories overlap and are not additive.,project_flag_standard,series_begins_2023_table_introduction
race_ethnicity_and_housing,housing_cost_burden_over_30_pct,Housing costs over 30% of household income,06085,Santa Clara,2024,2024-12-31,annual rolling five-year estimate,33.88319821,percent,1.3363828,34898,102995,,race_ethnicity_of_householder,asian_alone,Asian alone,renter,,household residence,Rented units with a computable housing-cost ratio,CENSUS_ACS5_DETAIL,ACS5-2024-B25140D-table-based-summary-file,2026-08-10T21:40:54Z,67fa8ff79fc23ed07ee414822659c69ac9466ae19cf41fcb81aed09900eea9df,housing costs over 30% of household income count divided by tenure total less not-calculated cases,The denominator excludes units where the housing-cost-to-income ratio was not calculated. Race and Hispanic-origin categories overlap and are not additive.,project_flag_standard,series_begins_2023_table_introduction
race_ethnicity_and_housing,housing_cost_burden_over_50_pct,Housing costs over 50% of household income,06085,Santa Clara,2024,2024-12-31,annual rolling five-year estimate,16.21340842,percent,0.96851078,16699,102995,,race_ethnicity_of_householder,asian_alone,Asian alone,renter,,household residence,Rented units with a computable housing-cost ratio,CENSUS_ACS5_DETAIL,ACS5-2024-B25140D-table-based-summary-file,2026-08-10T21:40:54Z,67fa8ff79fc23ed07ee414822659c69ac9466ae19cf41fcb81aed09900eea9df,housing costs over 50% of household income count divided by tenure total less not-calculated cases,The denominator excludes units where the housing-cost-to-income ratio was not calculated. Race and Hispanic-origin categories overlap and are not additive.,project_flag_standard,series_begins_2023_table_introduction
race_ethnicity_and_housing,homeownership_pct,Homeownership share,06085,Santa Clara,2024,2024-12-31,annual rolling five-year estimate,28.52943016,percent,2.57841943,4561,15987,,race_ethnicity_of_householder,black_alone,Black or African American alone,,,household residence,occupied housing units in the stated householder group,CENSUS_ACS5_DETAIL,ACS5-2024-B25003B-table-based-summary-file,2026-08-10T21:40:54Z,cb7cf99b923e96604963a94d107d71ce917ace43c5da2731e5c2db366c3ffcde,owner-occupied units divided by occupied units,"Race and Hispanic-origin categories overlap and must not be summed. White alone includes Hispanic householders; White alone, not Hispanic is separate.",project_flag_standard,comparable_within_table_and_vintage
race_ethnicity_and_housing,housing_cost_burden_over_30_pct,Housing costs over 30% of household income,06085,Santa Clara,2024,2024-12-31,annual rolling five-year estimate,33.55763604,percent,5.20202307,1147,3418,,race_ethnicity_of_householder,black_alone,Black or African American alone,owner_with_mortgage,,household residence,Owned units with a mortgage with a computable housing-cost ratio,CENSUS_ACS5_DETAIL,ACS5-2024-B25140B-table-based-summary-file,2026-08-10T21:40:54Z,315dca96c21c09a3f76b620a8eb3653e7ccfdfe3387f25a29379eab890ba08c7,housing costs over 30% of household income count divided by tenure total less not-calculated cases,The denominator excludes units where the housing-cost-to-income ratio was not calculated. Race and Hispanic-origin categories overlap and are not additive.,project_flag_moderate_uncertainty,series_begins_2023_table_introduction
race_ethnicity_and_housing,housing_cost_burden_over_50_pct,Housing costs over 50% of household income,06085,Santa Clara,2024,2024-12-31,annual rolling five-year estimate,14.21884143,percent,5.12201823,486,3418,,race_ethnicity_of_householder,black_alone,Black or African American alone,owner_with_mortgage,,household residence,Owned units with a mortgage with a computable housing-cost ratio,CENSUS_ACS5_DETAIL,ACS5-2024-B25140B-table-based-summary-file,2026-08-10T21:40:54Z,315dca96c21c09a3f76b620a8eb3653e7ccfdfe3387f25a29379eab890ba08c7,housing costs over 50% of household income count divided by tenure total less not-calculated cases,The denominator excludes units where the housing-cost-to-income ratio was not calculated. Race and Hispanic-origin categories overlap and are not additive.,project_flag_moderate_uncertainty,series_begins_2023_table_introduction
race_ethnicity_and_housing,housing_cost_burden_over_30_pct,Housing costs over 30% of household income,06085,Santa Clara,2024,2024-12-31,annual rolling five-year estimate,8.39964633,percent,5.17083459,95,1131,,race_ethnicity_of_householder,black_alone,Black or African American alone,owner_without_mortgage,,household residence,Owned units without a mortgage with a computable housing-cost ratio,CENSUS_ACS5_DETAIL,ACS5-2024-B25140B-table-based-summary-file,2026-08-10T21:40:54Z,315dca96c21c09a3f76b620a8eb3653e7ccfdfe3387f25a29379eab890ba08c7,housing costs over 30% of household income count divided by tenure total less not-calculated cases,The denominator excludes units where the housing-cost-to-income ratio was not calculated. Race and Hispanic-origin categories overlap and are not additive.,project_flag_high_uncertainty,series_begins_2023_table_introduction
race_ethnicity_and_housing,housing_cost_burden_over_50_pct,Housing costs over 50% of household income,06085,Santa Clara,2024,2024-12-31,annual rolling five-year estimate,2.29885057,percent,1.97163338,26,1131,,race_ethnicity_of_householder,black_alone,Black or African American alone,owner_without_mortgage,,household residence,Owned units without a mortgage with a computable housing-cost ratio,CENSUS_ACS5_DETAIL,ACS5-2024-B25140B-table-based-summary-file,2026-08-10T21:40:54Z,315dca96c21c09a3f76b620a8eb3653e7ccfdfe3387f25a29379eab890ba08c7,housing costs over 50% of household income count divided by tenure total less not-calculated cases,The denominator excludes units where the housing-cost-to-income ratio was not calculated. Race and Hispanic-origin categories overlap and are not additive.,project_flag_high_uncertainty,series_begins_2023_table_introduction
race_ethnicity_and_housing,housing_cost_burden_over_30_pct,Housing costs over 30% of household income,06085,Santa Clara,2024,2024-12-31,annual rolling five-year estimate,59.52926092,percent,4.71556433,6500,10919,,race_ethnicity_of_householder,black_alone,Black or African American alone,renter,,household residence,Rented units with a computable housing-cost ratio,CENSUS_ACS5_DETAIL,ACS5-2024-B25140B-table-based-summary-file,2026-08-10T21:40:54Z,315dca96c21c09a3f76b620a8eb3653e7ccfdfe3387f25a29379eab890ba08c7,housing costs over 30% of household income count divided by tenure total less not-calculated cases,The denominator excludes units where the housing-cost-to-income ratio was not calculated. Race and Hispanic-origin categories overlap and are not additive.,project_flag_standard,series_begins_2023_table_introduction
race_ethnicity_and_housing,housing_cost_burden_over_50_pct,Housing costs over 50% of household income,06085,Santa Clara,2024,2024-12-31,annual rolling five-year estimate,28.02454437,percent,3.97209867,3060,10919,,race_ethnicity_of_householder,black_alone,Black or African American alone,renter,,household residence,Rented units with a computable housing-cost ratio,CENSUS_ACS5_DETAIL,ACS5-2024-B25140B-table-based-summary-file,2026-08-10T21:40:54Z,315dca96c21c09a3f76b620a8eb3653e7ccfdfe3387f25a29379eab890ba08c7,housing costs over 50% of household income count divided by tenure total less not-calculated cases,The denominator excludes units where the housing-cost-to-income ratio was not calculated. Race and Hispanic-origin categories overlap and are not additive.,project_flag_standard,series_begins_2023_table_introduction
race_ethnicity_and_housing,homeownership_pct,Homeownership share,06085,Santa Clara,2024,2024-12-31,annual rolling five-year estimate,36.86230482,percent,1.07882094,46295,125589,,race_ethnicity_of_householder,hispanic_or_latino,Hispanic or Latino,,,household residence,occupied housing units in the stated householder group,CENSUS_ACS5_DETAIL,ACS5-2024-B25003I-table-based-summary-file,2026-08-10T21:40:54Z,cac1ca32a43c68a961047efabb18ea4302405dbbc29d82ac922d4520bf8659f0,owner-occupied units divided by occupied units,"Race and Hispanic-origin categories overlap and must not be summed. White alone includes Hispanic householders; White alone, not Hispanic is separate.",project_flag_standard,comparable_within_table_and_vintage
race_ethnicity_and_housing,housing_cost_burden_over_30_pct,Housing costs over 30% of household income,06085,Santa Clara,2024,2024-12-31,annual rolling five-year estimate,36.75393688,percent,2.28963005,11343,30862,,race_ethnicity_of_householder,hispanic_or_latino,Hispanic or Latino,owner_with_mortgage,,household residence,Owned units with a mortgage with a computable housing-cost ratio,CENSUS_ACS5_DETAIL,ACS5-2024-B25140I-table-based-summary-file,2026-08-10T21:40:54Z,9db92e88564f7eac086eea5b91d90ede54cebc373ccefe2e8d21287d2471a312,housing costs over 30% of household income count divided by tenure total less not-calculated cases,The denominator excludes units where the housing-cost-to-income ratio was not calculated. Race and Hispanic-origin categories overlap and are not additive.,project_flag_standard,series_begins_2023_table_introduction
race_ethnicity_and_housing,housing_cost_burden_over_50_pct,Housing costs over 50% of household income,06085,Santa Clara,2024,2024-12-31,annual rolling five-year estimate,15.83824768,percent,1.43696225,4888,30862,,race_ethnicity_of_householder,hispanic_or_latino,Hispanic or Latino,owner_with_mortgage,,household residence,Owned units with a mortgage with a computable housing-cost ratio,CENSUS_ACS5_DETAIL,ACS5-2024-B25140I-table-based-summary-file,2026-08-10T21:40:54Z,9db92e88564f7eac086eea5b91d90ede54cebc373ccefe2e8d21287d2471a312,housing costs over 50% of household income count divided by tenure total less not-calculated cases,The denominator excludes units where the housing-cost-to-income ratio was not calculated. Race and Hispanic-origin categories overlap and are not additive.,project_flag_standard,series_begins_2023_table_introduction
race_ethnicity_and_housing,housing_cost_burden_over_30_pct,Housing costs over 30% of household income,06085,Santa Clara,2024,2024-12-31,annual rolling five-year estimate,15.053195,percent,2.08264296,2278,15133,,race_ethnicity_of_householder,hispanic_or_latino,Hispanic or Latino,owner_without_mortgage,,household residence,Owned units without a mortgage with a computable housing-cost ratio,CENSUS_ACS5_DETAIL,ACS5-2024-B25140I-table-based-summary-file,2026-08-10T21:40:54Z,9db92e88564f7eac086eea5b91d90ede54cebc373ccefe2e8d21287d2471a312,housing costs over 30% of household income count divided by tenure total less not-calculated cases,The denominator excludes units where the housing-cost-to-income ratio was not calculated. Race and Hispanic-origin categories overlap and are not additive.,project_flag_standard,series_begins_2023_table_introduction
race_ethnicity_and_housing,housing_cost_burden_over_50_pct,Housing costs over 50% of household income,06085,Santa Clara,2024,2024-12-31,annual rolling five-year estimate,9.05967092,percent,1.70104364,1371,15133,,race_ethnicity_of_householder,hispanic_or_latino,Hispanic or Latino,owner_without_mortgage,,household residence,Owned units without a mortgage with a computable housing-cost ratio,CENSUS_ACS5_DETAIL,ACS5-2024-B25140I-table-based-summary-file,2026-08-10T21:40:54Z,9db92e88564f7eac086eea5b91d90ede54cebc373ccefe2e8d21287d2471a312,housing costs over 50% of household income count divided by tenure total less not-calculated cases,The denominator excludes units where the housing-cost-to-income ratio was not calculated. Race and Hispanic-origin categories overlap and are not additive.,project_flag_standard,series_begins_2023_table_introduction
race_ethnicity_and_housing,housing_cost_burden_over_30_pct,Housing costs over 30% of household income,06085,Santa Clara,2024,2024-12-31,annual rolling five-year estimate,55.5317352,percent,1.61924008,42740,76965,,race_ethnicity_of_householder,hispanic_or_latino,Hispanic or Latino,renter,,household residence,Rented units with a computable housing-cost ratio,CENSUS_ACS5_DETAIL,ACS5-2024-B25140I-table-based-summary-file,2026-08-10T21:40:54Z,9db92e88564f7eac086eea5b91d90ede54cebc373ccefe2e8d21287d2471a312,housing costs over 30% of household income count divided by tenure total less not-calculated cases,The denominator excludes units where the housing-cost-to-income ratio was not calculated. Race and Hispanic-origin categories overlap and are not additive.,project_flag_standard,series_begins_2023_table_introduction
race_ethnicity_and_housing,housing_cost_burden_over_50_pct,Housing costs over 50% of household income,06085,Santa Clara,2024,2024-12-31,annual rolling five-year estimate,25.56876502,percent,1.3093151,19679,76965,,race_ethnicity_of_householder,hispanic_or_latino,Hispanic or Latino,renter,,household residence,Rented units with a computable housing-cost ratio,CENSUS_ACS5_DETAIL,ACS5-2024-B25140I-table-based-summary-file,2026-08-10T21:40:54Z,9db92e88564f7eac086eea5b91d90ede54cebc373ccefe2e8d21287d2471a312,housing costs over 50% of household income count divided by tenure total less not-calculated cases,The denominator excludes units where the housing-cost-to-income ratio was not calculated. Race and Hispanic-origin categories overlap and are not additive.,project_flag_standard,series_begins_2023_table_introduction
race_ethnicity_and_housing,homeownership_pct,Homeownership share,06085,Santa Clara,2024,2024-12-31,annual rolling five-year estimate,32.87435456,percent,9.72437781,573,1743,,race_ethnicity_of_householder,nhpi_alone,Native Hawaiian and Other Pacific Islander alone,,,household residence,occupied housing units in the stated householder group,CENSUS_ACS5_DETAIL,ACS5-2024-B25003E-table-based-summary-file,2026-08-10T21:40:54Z,bc9a8d937b8f8add717274b5dd99ecd5e19f85cc9c34eaec7fe37c7d9f0c7f23,owner-occupied units divided by occupied units,"Race and Hispanic-origin categories overlap and must not be summed. White alone includes Hispanic householders; White alone, not Hispanic is separate.",project_flag_moderate_uncertainty,comparable_within_table_and_vintage
race_ethnicity_and_housing,housing_cost_burden_over_30_pct,Housing costs over 30% of household income,06085,Santa Clara,2024,2024-12-31,annual rolling five-year estimate,17.44186047,percent,14.1033707,60,344,,race_ethnicity_of_householder,nhpi_alone,Native Hawaiian and Other Pacific Islander alone,owner_with_mortgage,,household residence,Owned units with a mortgage with a computable housing-cost ratio,CENSUS_ACS5_DETAIL,ACS5-2024-B25140E-table-based-summary-file,2026-08-10T21:40:54Z,bcc9a240d47ba3546e92c0ae70f8632c8f90ff0083a08da1d1b9c9302126027d,housing costs over 30% of household income count divided by tenure total less not-calculated cases,The denominator excludes units where the housing-cost-to-income ratio was not calculated. Race and Hispanic-origin categories overlap and are not additive.,project_flag_high_uncertainty,series_begins_2023_table_introduction
race_ethnicity_and_housing,housing_cost_burden_over_50_pct,Housing costs over 50% of household income,06085,Santa Clara,2024,2024-12-31,annual rolling five-year estimate,2.3255814,percent,3.62024903,8,344,,race_ethnicity_of_householder,nhpi_alone,Native Hawaiian and Other Pacific Islander alone,owner_with_mortgage,,household residence,Owned units with a mortgage with a computable housing-cost ratio,CENSUS_ACS5_DETAIL,ACS5-2024-B25140E-table-based-summary-file,2026-08-10T21:40:54Z,bcc9a240d47ba3546e92c0ae70f8632c8f90ff0083a08da1d1b9c9302126027d,housing costs over 50% of household income count divided by tenure total less not-calculated cases,The denominator excludes units where the housing-cost-to-income ratio was not calculated. Race and Hispanic-origin categories overlap and are not additive.,project_flag_high_uncertainty,series_begins_2023_table_introduction
race_ethnicity_and_housing,housing_cost_burden_over_30_pct,Housing costs over 30% of household income,06085,Santa Clara,2024,2024-12-31,annual rolling five-year estimate,16.4021164,percent,20.68704935,31,189,,race_ethnicity_of_householder,nhpi_alone,Native Hawaiian and Other Pacific Islander alone,owner_without_mortgage,,household residence,Owned units without a mortgage with a computable housing-cost ratio,CENSUS_ACS5_DETAIL,ACS5-2024-B25140E-table-based-summary-file,2026-08-10T21:40:54Z,bcc9a240d47ba3546e92c0ae70f8632c8f90ff0083a08da1d1b9c9302126027d,housing costs over 30% of household income count divided by tenure total less not-calculated cases,The denominator excludes units where the housing-cost-to-income ratio was not calculated. Race and Hispanic-origin categories overlap and are not additive.,project_flag_high_uncertainty,series_begins_2023_table_introduction
race_ethnicity_and_housing,housing_cost_burden_over_50_pct,Housing costs over 50% of household income,06085,Santa Clara,2024,2024-12-31,annual rolling five-year estimate,16.4021164,percent,20.68704935,31,189,,race_ethnicity_of_householder,nhpi_alone,Native Hawaiian and Other Pacific Islander alone,owner_without_mortgage,,household residence,Owned units without a mortgage with a computable housing-cost ratio,CENSUS_ACS5_DETAIL,ACS5-2024-B25140E-table-based-summary-file,2026-08-10T21:40:54Z,bcc9a240d47ba3546e92c0ae70f8632c8f90ff0083a08da1d1b9c9302126027d,housing costs over 50% of household income count divided by tenure total less not-calculated cases,The denominator excludes units where the housing-cost-to-income ratio was not calculated. Race and Hispanic-origin categories overlap and are not additive.,project_flag_high_uncertainty,series_begins_2023_table_introduction
race_ethnicity_and_housing,housing_cost_burden_over_30_pct,Housing costs over 30% of household income,06085,Santa Clara,2024,2024-12-31,annual rolling five-year estimate,62.55666364,percent,11.39938763,690,1103,,race_ethnicity_of_householder,nhpi_alone,Native Hawaiian and Other Pacific Islander alone,renter,,household residence,Rented units with a computable housing-cost ratio,CENSUS_ACS5_DETAIL,ACS5-2024-B25140E-table-based-summary-file,2026-08-10T21:40:54Z,bcc9a240d47ba3546e92c0ae70f8632c8f90ff0083a08da1d1b9c9302126027d,housing costs over 30% of household income count divided by tenure total less not-calculated cases,The denominator excludes units where the housing-cost-to-income ratio was not calculated. Race and Hispanic-origin categories overlap and are not additive.,project_flag_high_uncertainty,series_begins_2023_table_introduction
race_ethnicity_and_housing,housing_cost_burden_over_50_pct,Housing costs over 50% of household income,06085,Santa Clara,2024,2024-12-31,annual rolling five-year estimate,37.80598368,percent,13.50012782,417,1103,,race_ethnicity_of_householder,nhpi_alone,Native Hawaiian and Other Pacific Islander alone,renter,,household residence,Rented units with a computable housing-cost ratio,CENSUS_ACS5_DETAIL,ACS5-2024-B25140E-table-based-summary-file,2026-08-10T21:40:54Z,bcc9a240d47ba3546e92c0ae70f8632c8f90ff0083a08da1d1b9c9302126027d,housing costs over 50% of household income count divided by tenure total less not-calculated cases,The denominator excludes units where the housing-cost-to-income ratio was not calculated. Race and Hispanic-origin categories overlap and are not additive.,project_flag_high_uncertainty,series_begins_2023_table_introduction
race_ethnicity_and_housing,homeownership_pct,Homeownership share,06085,Santa Clara,2024,2024-12-31,annual rolling five-year estimate,32.65874068,percent,1.52030094,17251,52822,,race_ethnicity_of_householder,some_other_race_alone,Some other race alone,,,household residence,occupied housing units in the stated householder group,CENSUS_ACS5_DETAIL,ACS5-2024-B25003F-table-based-summary-file,2026-08-10T21:40:54Z,d7fb5b61390c9b5451f142561b9a1a233303d38d5f6fcbc588dbda3633441d0c,owner-occupied units divided by occupied units,"Race and Hispanic-origin categories overlap and must not be summed. White alone includes Hispanic householders; White alone, not Hispanic is separate.",project_flag_standard,comparable_within_table_and_vintage
race_ethnicity_and_housing,housing_cost_burden_over_30_pct,Housing costs over 30% of household income,06085,Santa Clara,2024,2024-12-31,annual rolling five-year estimate,42.60045147,percent,3.74216322,4718,11075,,race_ethnicity_of_householder,some_other_race_alone,Some other race alone,owner_with_mortgage,,household residence,Owned units with a mortgage with a computable housing-cost ratio,CENSUS_ACS5_DETAIL,ACS5-2024-B25140F-table-based-summary-file,2026-08-10T21:40:54Z,83d69d240f5c6059a20db4cece66141192007b1dc319dd073590e681f217394b,housing costs over 30% of household income count divided by tenure total less not-calculated cases,The denominator excludes units where the housing-cost-to-income ratio was not calculated. Race and Hispanic-origin categories overlap and are not additive.,project_flag_standard,series_begins_2023_table_introduction
race_ethnicity_and_housing,housing_cost_burden_over_50_pct,Housing costs over 50% of household income,06085,Santa Clara,2024,2024-12-31,annual rolling five-year estimate,18.75395034,percent,2.60733312,2077,11075,,race_ethnicity_of_householder,some_other_race_alone,Some other race alone,owner_with_mortgage,,household residence,Owned units with a mortgage with a computable housing-cost ratio,CENSUS_ACS5_DETAIL,ACS5-2024-B25140F-table-based-summary-file,2026-08-10T21:40:54Z,83d69d240f5c6059a20db4cece66141192007b1dc319dd073590e681f217394b,housing costs over 50% of household income count divided by tenure total less not-calculated cases,The denominator excludes units where the housing-cost-to-income ratio was not calculated. Race and Hispanic-origin categories overlap and are not additive.,project_flag_standard,series_begins_2023_table_introduction
race_ethnicity_and_housing,housing_cost_burden_over_30_pct,Housing costs over 30% of household income,06085,Santa Clara,2024,2024-12-31,annual rolling five-year estimate,14.79768786,percent,3.43652517,896,6055,,race_ethnicity_of_householder,some_other_race_alone,Some other race alone,owner_without_mortgage,,household residence,Owned units without a mortgage with a computable housing-cost ratio,CENSUS_ACS5_DETAIL,ACS5-2024-B25140F-table-based-summary-file,2026-08-10T21:40:54Z,83d69d240f5c6059a20db4cece66141192007b1dc319dd073590e681f217394b,housing costs over 30% of household income count divided by tenure total less not-calculated cases,The denominator excludes units where the housing-cost-to-income ratio was not calculated. Race and Hispanic-origin categories overlap and are not additive.,project_flag_standard,series_begins_2023_table_introduction
race_ethnicity_and_housing,housing_cost_burden_over_50_pct,Housing costs over 50% of household income,06085,Santa Clara,2024,2024-12-31,annual rolling five-year estimate,8.73658134,percent,2.56055869,529,6055,,race_ethnicity_of_householder,some_other_race_alone,Some other race alone,owner_without_mortgage,,household residence,Owned units without a mortgage with a computable housing-cost ratio,CENSUS_ACS5_DETAIL,ACS5-2024-B25140F-table-based-summary-file,2026-08-10T21:40:54Z,83d69d240f5c6059a20db4cece66141192007b1dc319dd073590e681f217394b,housing costs over 50% of household income count divided by tenure total less not-calculated cases,The denominator excludes units where the housing-cost-to-income ratio was not calculated. Race and Hispanic-origin categories overlap and are not additive.,project_flag_standard,series_begins_2023_table_introduction
race_ethnicity_and_housing,housing_cost_burden_over_30_pct,Housing costs over 30% of household income,06085,Santa Clara,2024,2024-12-31,annual rolling five-year estimate,59.00376484,percent,2.31428057,20374,34530,,race_ethnicity_of_householder,some_other_race_alone,Some other race alone,renter,,household residence,Rented units with a computable housing-cost ratio,CENSUS_ACS5_DETAIL,ACS5-2024-B25140F-table-based-summary-file,2026-08-10T21:40:54Z,83d69d240f5c6059a20db4cece66141192007b1dc319dd073590e681f217394b,housing costs over 30% of household income count divided by tenure total less not-calculated cases,The denominator excludes units where the housing-cost-to-income ratio was not calculated. Race and Hispanic-origin categories overlap and are not additive.,project_flag_standard,series_begins_2023_table_introduction
race_ethnicity_and_housing,housing_cost_burden_over_50_pct,Housing costs over 50% of household income,06085,Santa Clara,2024,2024-12-31,annual rolling five-year estimate,29.88126267,percent,2.06611813,10318,34530,,race_ethnicity_of_householder,some_other_race_alone,Some other race alone,renter,,household residence,Rented units with a computable housing-cost ratio,CENSUS_ACS5_DETAIL,ACS5-2024-B25140F-table-based-summary-file,2026-08-10T21:40:54Z,83d69d240f5c6059a20db4cece66141192007b1dc319dd073590e681f217394b,housing costs over 50% of household income count divided by tenure total less not-calculated cases,The denominator excludes units where the housing-cost-to-income ratio was not calculated. Race and Hispanic-origin categories overlap and are not additive.,project_flag_standard,series_begins_2023_table_introduction
race_ethnicity_and_housing,homeownership_pct,Homeownership share,06085,Santa Clara,2024,2024-12-31,annual rolling five-year estimate,42.1639052,percent,1.10852117,32166,76288,,race_ethnicity_of_householder,two_or_more_races,Two or more races,,,household residence,occupied housing units in the stated householder group,CENSUS_ACS5_DETAIL,ACS5-2024-B25003G-table-based-summary-file,2026-08-10T21:40:54Z,d2a199a94da632778a823a0ce83725f97bb20d5bf32856b3d4553c38f97d294d,owner-occupied units divided by occupied units,"Race and Hispanic-origin categories overlap and must not be summed. White alone includes Hispanic householders; White alone, not Hispanic is separate.",project_flag_standard,comparable_within_table_and_vintage
race_ethnicity_and_housing,housing_cost_burden_over_30_pct,Housing costs over 30% of household income,06085,Santa Clara,2024,2024-12-31,annual rolling five-year estimate,32.224429,percent,2.33865888,7139,22154,,race_ethnicity_of_householder,two_or_more_races,Two or more races,owner_with_mortgage,,household residence,Owned units with a mortgage with a computable housing-cost ratio,CENSUS_ACS5_DETAIL,ACS5-2024-B25140G-table-based-summary-file,2026-08-10T21:40:54Z,85614a66b05ce30a256584351ebb20f265969c8205d17012954b357865ee0675,housing costs over 30% of household income count divided by tenure total less not-calculated cases,The denominator excludes units where the housing-cost-to-income ratio was not calculated. Race and Hispanic-origin categories overlap and are not additive.,project_flag_standard,series_begins_2023_table_introduction
race_ethnicity_and_housing,housing_cost_burden_over_50_pct,Housing costs over 50% of household income,06085,Santa Clara,2024,2024-12-31,annual rolling five-year estimate,11.94366706,percent,1.46828552,2646,22154,,race_ethnicity_of_householder,two_or_more_races,Two or more races,owner_with_mortgage,,household residence,Owned units with a mortgage with a computable housing-cost ratio,CENSUS_ACS5_DETAIL,ACS5-2024-B25140G-table-based-summary-file,2026-08-10T21:40:54Z,85614a66b05ce30a256584351ebb20f265969c8205d17012954b357865ee0675,housing costs over 50% of household income count divided by tenure total less not-calculated cases,The denominator excludes units where the housing-cost-to-income ratio was not calculated. Race and Hispanic-origin categories overlap and are not additive.,project_flag_standard,series_begins_2023_table_introduction
race_ethnicity_and_housing,housing_cost_burden_over_30_pct,Housing costs over 30% of household income,06085,Santa Clara,2024,2024-12-31,annual rolling five-year estimate,14.41266599,percent,2.65511675,1411,9790,,race_ethnicity_of_householder,two_or_more_races,Two or more races,owner_without_mortgage,,household residence,Owned units without a mortgage with a computable housing-cost ratio,CENSUS_ACS5_DETAIL,ACS5-2024-B25140G-table-based-summary-file,2026-08-10T21:40:54Z,85614a66b05ce30a256584351ebb20f265969c8205d17012954b357865ee0675,housing costs over 30% of household income count divided by tenure total less not-calculated cases,The denominator excludes units where the housing-cost-to-income ratio was not calculated. Race and Hispanic-origin categories overlap and are not additive.,project_flag_standard,series_begins_2023_table_introduction
race_ethnicity_and_housing,housing_cost_burden_over_50_pct,Housing costs over 50% of household income,06085,Santa Clara,2024,2024-12-31,annual rolling five-year estimate,9.61184883,percent,2.44256704,941,9790,,race_ethnicity_of_householder,two_or_more_races,Two or more races,owner_without_mortgage,,household residence,Owned units without a mortgage with a computable housing-cost ratio,CENSUS_ACS5_DETAIL,ACS5-2024-B25140G-table-based-summary-file,2026-08-10T21:40:54Z,85614a66b05ce30a256584351ebb20f265969c8205d17012954b357865ee0675,housing costs over 50% of household income count divided by tenure total less not-calculated cases,The denominator excludes units where the housing-cost-to-income ratio was not calculated. Race and Hispanic-origin categories overlap and are not additive.,project_flag_standard,series_begins_2023_table_introduction
race_ethnicity_and_housing,housing_cost_burden_over_30_pct,Housing costs over 30% of household income,06085,Santa Clara,2024,2024-12-31,annual rolling five-year estimate,49.66185384,percent,2.50664946,21222,42733,,race_ethnicity_of_householder,two_or_more_races,Two or more races,renter,,household residence,Rented units with a computable housing-cost ratio,CENSUS_ACS5_DETAIL,ACS5-2024-B25140G-table-based-summary-file,2026-08-10T21:40:54Z,85614a66b05ce30a256584351ebb20f265969c8205d17012954b357865ee0675,housing costs over 30% of household income count divided by tenure total less not-calculated cases,The denominator excludes units where the housing-cost-to-income ratio was not calculated. Race and Hispanic-origin categories overlap and are not additive.,project_flag_standard,series_begins_2023_table_introduction
race_ethnicity_and_housing,housing_cost_burden_over_50_pct,Housing costs over 50% of household income,06085,Santa Clara,2024,2024-12-31,annual rolling five-year estimate,19.80670676,percent,1.7067417,8464,42733,,race_ethnicity_of_householder,two_or_more_races,Two or more races,renter,,household residence,Rented units with a computable housing-cost ratio,CENSUS_ACS5_DETAIL,ACS5-2024-B25140G-table-based-summary-file,2026-08-10T21:40:54Z,85614a66b05ce30a256584351ebb20f265969c8205d17012954b357865ee0675,housing costs over 50% of household income count divided by tenure total less not-calculated cases,The denominator excludes units where the housing-cost-to-income ratio was not calculated. Race and Hispanic-origin categories overlap and are not additive.,project_flag_standard,series_begins_2023_table_introduction
race_ethnicity_and_housing,homeownership_pct,Homeownership share,06085,Santa Clara,2024,2024-12-31,annual rolling five-year estimate,61.40100574,percent,0.58721935,148475,241812,,race_ethnicity_of_householder,white_alone,White alone,,,household residence,occupied housing units in the stated householder group,CENSUS_ACS5_DETAIL,ACS5-2024-B25003A-table-based-summary-file,2026-08-10T21:40:54Z,0a0e607eda31b52759431fe7390f03f1205daeb91867fb5f31cdce7158a282af,owner-occupied units divided by occupied units,"Race and Hispanic-origin categories overlap and must not be summed. White alone includes Hispanic householders; White alone, not Hispanic is separate.",project_flag_standard,comparable_within_table_and_vintage
race_ethnicity_and_housing,housing_cost_burden_over_30_pct,Housing costs over 30% of household income,06085,Santa Clara,2024,2024-12-31,annual rolling five-year estimate,31.78371107,percent,0.92345406,29296,92173,,race_ethnicity_of_householder,white_alone,White alone,owner_with_mortgage,,household residence,Owned units with a mortgage with a computable housing-cost ratio,CENSUS_ACS5_DETAIL,ACS5-2024-B25140A-table-based-summary-file,2026-08-10T21:40:54Z,53814337ca0423994c5cf54d663fb59efa08aaf17cca8dd70c35056588460ba9,housing costs over 30% of household income count divided by tenure total less not-calculated cases,The denominator excludes units where the housing-cost-to-income ratio was not calculated. Race and Hispanic-origin categories overlap and are not additive.,project_flag_standard,series_begins_2023_table_introduction
race_ethnicity_and_housing,housing_cost_burden_over_50_pct,Housing costs over 50% of household income,06085,Santa Clara,2024,2024-12-31,annual rolling five-year estimate,14.59863518,percent,0.8486659,13456,92173,,race_ethnicity_of_householder,white_alone,White alone,owner_with_mortgage,,household residence,Owned units with a mortgage with a computable housing-cost ratio,CENSUS_ACS5_DETAIL,ACS5-2024-B25140A-table-based-summary-file,2026-08-10T21:40:54Z,53814337ca0423994c5cf54d663fb59efa08aaf17cca8dd70c35056588460ba9,housing costs over 50% of household income count divided by tenure total less not-calculated cases,The denominator excludes units where the housing-cost-to-income ratio was not calculated. Race and Hispanic-origin categories overlap and are not additive.,project_flag_standard,series_begins_2023_table_introduction
race_ethnicity_and_housing,housing_cost_burden_over_30_pct,Housing costs over 30% of household income,06085,Santa Clara,2024,2024-12-31,annual rolling five-year estimate,16.33814522,percent,1.06443674,9043,55349,,race_ethnicity_of_householder,white_alone,White alone,owner_without_mortgage,,household residence,Owned units without a mortgage with a computable housing-cost ratio,CENSUS_ACS5_DETAIL,ACS5-2024-B25140A-table-based-summary-file,2026-08-10T21:40:54Z,53814337ca0423994c5cf54d663fb59efa08aaf17cca8dd70c35056588460ba9,housing costs over 30% of household income count divided by tenure total less not-calculated cases,The denominator excludes units where the housing-cost-to-income ratio was not calculated. Race and Hispanic-origin categories overlap and are not additive.,project_flag_standard,series_begins_2023_table_introduction
race_ethnicity_and_housing,housing_cost_burden_over_50_pct,Housing costs over 50% of household income,06085,Santa Clara,2024,2024-12-31,annual rolling five-year estimate,8.13926178,percent,0.73717008,4505,55349,,race_ethnicity_of_householder,white_alone,White alone,owner_without_mortgage,,household residence,Owned units without a mortgage with a computable housing-cost ratio,CENSUS_ACS5_DETAIL,ACS5-2024-B25140A-table-based-summary-file,2026-08-10T21:40:54Z,53814337ca0423994c5cf54d663fb59efa08aaf17cca8dd70c35056588460ba9,housing costs over 50% of household income count divided by tenure total less not-calculated cases,The denominator excludes units where the housing-cost-to-income ratio was not calculated. Race and Hispanic-origin categories overlap and are not additive.,project_flag_standard,series_begins_2023_table_introduction
race_ethnicity_and_housing,housing_cost_burden_over_30_pct,Housing costs over 30% of household income,06085,Santa Clara,2024,2024-12-31,annual rolling five-year estimate,41.90293557,percent,1.44305288,37584,89693,,race_ethnicity_of_householder,white_alone,White alone,renter,,household residence,Rented units with a computable housing-cost ratio,CENSUS_ACS5_DETAIL,ACS5-2024-B25140A-table-based-summary-file,2026-08-10T21:40:54Z,53814337ca0423994c5cf54d663fb59efa08aaf17cca8dd70c35056588460ba9,housing costs over 30% of household income count divided by tenure total less not-calculated cases,The denominator excludes units where the housing-cost-to-income ratio was not calculated. Race and Hispanic-origin categories overlap and are not additive.,project_flag_standard,series_begins_2023_table_introduction
race_ethnicity_and_housing,housing_cost_burden_over_50_pct,Housing costs over 50% of household income,06085,Santa Clara,2024,2024-12-31,annual rolling five-year estimate,20.57462678,percent,1.1465644,18454,89693,,race_ethnicity_of_householder,white_alone,White alone,renter,,household residence,Rented units with a computable housing-cost ratio,CENSUS_ACS5_DETAIL,ACS5-2024-B25140A-table-based-summary-file,2026-08-10T21:40:54Z,53814337ca0423994c5cf54d663fb59efa08aaf17cca8dd70c35056588460ba9,housing costs over 50% of household income count divided by tenure total less not-calculated cases,The denominator excludes units where the housing-cost-to-income ratio was not calculated. Race and Hispanic-origin categories overlap and are not additive.,project_flag_standard,series_begins_2023_table_introduction
race_ethnicity_and_housing,homeownership_pct,Homeownership share,06085,Santa Clara,2024,2024-12-31,annual rolling five-year estimate,62.51937146,percent,0.65367918,141602,226493,,race_ethnicity_of_householder,white_non_hispanic,"White alone, not Hispanic or Latino",,,household residence,occupied housing units in the stated householder group,CENSUS_ACS5_DETAIL,ACS5-2024-B25003H-table-based-summary-file,2026-08-10T21:40:54Z,b4f56c76ae8f3c088e3e673c684e58f0e81cbbc0ea962e8b8c9b6029b5b4cc58,owner-occupied units divided by occupied units,"Race and Hispanic-origin categories overlap and must not be summed. White alone includes Hispanic householders; White alone, not Hispanic is separate.",project_flag_standard,comparable_within_table_and_vintage
race_ethnicity_and_housing,housing_cost_burden_over_30_pct,Housing costs over 30% of household income,06085,Santa Clara,2024,2024-12-31,annual rolling five-year estimate,31.41698364,percent,0.9374495,27422,87284,,race_ethnicity_of_householder,white_non_hispanic,"White alone, not Hispanic or Latino",owner_with_mortgage,,household residence,Owned units with a mortgage with a computable housing-cost ratio,CENSUS_ACS5_DETAIL,ACS5-2024-B25140H-table-based-summary-file,2026-08-10T21:40:54Z,2dc6fe9ad8eecc7debcefc90e0be1ba1277c00acf55e648bbc9a20d477f4171e,housing costs over 30% of household income count divided by tenure total less not-calculated cases,The denominator excludes units where the housing-cost-to-income ratio was not calculated. Race and Hispanic-origin categories overlap and are not additive.,project_flag_standard,series_begins_2023_table_introduction
race_ethnicity_and_housing,housing_cost_burden_over_50_pct,Housing costs over 50% of household income,06085,Santa Clara,2024,2024-12-31,annual rolling five-year estimate,14.31304706,percent,0.87527735,12493,87284,,race_ethnicity_of_householder,white_non_hispanic,"White alone, not Hispanic or Latino",owner_with_mortgage,,household residence,Owned units with a mortgage with a computable housing-cost ratio,CENSUS_ACS5_DETAIL,ACS5-2024-B25140H-table-based-summary-file,2026-08-10T21:40:54Z,2dc6fe9ad8eecc7debcefc90e0be1ba1277c00acf55e648bbc9a20d477f4171e,housing costs over 50% of household income count divided by tenure total less not-calculated cases,The denominator excludes units where the housing-cost-to-income ratio was not calculated. Race and Hispanic-origin categories overlap and are not additive.,project_flag_standard,series_begins_2023_table_introduction
race_ethnicity_and_housing,housing_cost_burden_over_30_pct,Housing costs over 30% of household income,06085,Santa Clara,2024,2024-12-31,annual rolling five-year estimate,16.28999944,percent,1.12150869,8700,53407,,race_ethnicity_of_householder,white_non_hispanic,"White alone, not Hispanic or Latino",owner_without_mortgage,,household residence,Owned units without a mortgage with a computable housing-cost ratio,CENSUS_ACS5_DETAIL,ACS5-2024-B25140H-table-based-summary-file,2026-08-10T21:40:54Z,2dc6fe9ad8eecc7debcefc90e0be1ba1277c00acf55e648bbc9a20d477f4171e,housing costs over 30% of household income count divided by tenure total less not-calculated cases,The denominator excludes units where the housing-cost-to-income ratio was not calculated. Race and Hispanic-origin categories overlap and are not additive.,project_flag_standard,series_begins_2023_table_introduction
race_ethnicity_and_housing,housing_cost_burden_over_50_pct,Housing costs over 50% of household income,06085,Santa Clara,2024,2024-12-31,annual rolling five-year estimate,8.07010317,percent,0.79284851,4310,53407,,race_ethnicity_of_householder,white_non_hispanic,"White alone, not Hispanic or Latino",owner_without_mortgage,,household residence,Owned units without a mortgage with a computable housing-cost ratio,CENSUS_ACS5_DETAIL,ACS5-2024-B25140H-table-based-summary-file,2026-08-10T21:40:54Z,2dc6fe9ad8eecc7debcefc90e0be1ba1277c00acf55e648bbc9a20d477f4171e,housing costs over 50% of household income count divided by tenure total less not-calculated cases,The denominator excludes units where the housing-cost-to-income ratio was not calculated. Race and Hispanic-origin categories overlap and are not additive.,project_flag_standard,series_begins_2023_table_introduction
race_ethnicity_and_housing,housing_cost_burden_over_30_pct,Housing costs over 30% of household income,06085,Santa Clara,2024,2024-12-31,annual rolling five-year estimate,40.92562874,percent,1.44492737,33408,81631,,race_ethnicity_of_householder,white_non_hispanic,"White alone, not Hispanic or Latino",renter,,household residence,Rented units with a computable housing-cost ratio,CENSUS_ACS5_DETAIL,ACS5-2024-B25140H-table-based-summary-file,2026-08-10T21:40:54Z,2dc6fe9ad8eecc7debcefc90e0be1ba1277c00acf55e648bbc9a20d477f4171e,housing costs over 30% of household income count divided by tenure total less not-calculated cases,The denominator excludes units where the housing-cost-to-income ratio was not calculated. Race and Hispanic-origin categories overlap and are not additive.,project_flag_standard,series_begins_2023_table_introduction
race_ethnicity_and_housing,housing_cost_burden_over_50_pct,Housing costs over 50% of household income,06085,Santa Clara,2024,2024-12-31,annual rolling five-year estimate,20.00220504,percent,1.08894284,16328,81631,,race_ethnicity_of_householder,white_non_hispanic,"White alone, not Hispanic or Latino",renter,,household residence,Rented units with a computable housing-cost ratio,CENSUS_ACS5_DETAIL,ACS5-2024-B25140H-table-based-summary-file,2026-08-10T21:40:54Z,2dc6fe9ad8eecc7debcefc90e0be1ba1277c00acf55e648bbc9a20d477f4171e,housing costs over 50% of household income count divided by tenure total less not-calculated cases,The denominator excludes units where the housing-cost-to-income ratio was not calculated. Race and Hispanic-origin categories overlap and are not additive.,project_flag_standard,series_begins_2023_table_introduction
race_ethnicity_and_housing,homeownership_pct,Homeownership share,06095,Solano,2024,2024-12-31,annual rolling five-year estimate,63.96694215,percent,9.23523547,774,1210,,race_ethnicity_of_householder,aian_alone,American Indian and Alaska Native alone,,,household residence,occupied housing units in the stated householder group,CENSUS_ACS5_DETAIL,ACS5-2024-B25003C-table-based-summary-file,2026-08-10T21:40:54Z,8f9eed7241cc42fba7a354130b58f78fae63c128dd27cdaf0d14f572e1b19736,owner-occupied units divided by occupied units,"Race and Hispanic-origin categories overlap and must not be summed. White alone includes Hispanic householders; White alone, not Hispanic is separate.",project_flag_moderate_uncertainty,comparable_within_table_and_vintage
race_ethnicity_and_housing,housing_cost_burden_over_30_pct,Housing costs over 30% of household income,06095,Solano,2024,2024-12-31,annual rolling five-year estimate,19.77240398,percent,8.58461222,139,703,,race_ethnicity_of_householder,aian_alone,American Indian and Alaska Native alone,owner_with_mortgage,,household residence,Owned units with a mortgage with a computable housing-cost ratio,CENSUS_ACS5_DETAIL,ACS5-2024-B25140C-table-based-summary-file,2026-08-10T21:40:54Z,807303864b79bc92548981faab7d0f612125e70dd10bca9febd0dac776f2b0b2,housing costs over 30% of household income count divided by tenure total less not-calculated cases,The denominator excludes units where the housing-cost-to-income ratio was not calculated. Race and Hispanic-origin categories overlap and are not additive.,project_flag_moderate_uncertainty,series_begins_2023_table_introduction
race_ethnicity_and_housing,housing_cost_burden_over_50_pct,Housing costs over 50% of household income,06095,Solano,2024,2024-12-31,annual rolling five-year estimate,16.07396871,percent,9.18017757,113,703,,race_ethnicity_of_householder,aian_alone,American Indian and Alaska Native alone,owner_with_mortgage,,household residence,Owned units with a mortgage with a computable housing-cost ratio,CENSUS_ACS5_DETAIL,ACS5-2024-B25140C-table-based-summary-file,2026-08-10T21:40:54Z,807303864b79bc92548981faab7d0f612125e70dd10bca9febd0dac776f2b0b2,housing costs over 50% of household income count divided by tenure total less not-calculated cases,The denominator excludes units where the housing-cost-to-income ratio was not calculated. Race and Hispanic-origin categories overlap and are not additive.,project_flag_high_uncertainty,series_begins_2023_table_introduction
race_ethnicity_and_housing,housing_cost_burden_over_30_pct,Housing costs over 30% of household income,06095,Solano,2024,2024-12-31,annual rolling five-year estimate,0,percent,45.07042254,0,71,,race_ethnicity_of_householder,aian_alone,American Indian and Alaska Native alone,owner_without_mortgage,,household residence,Owned units without a mortgage with a computable housing-cost ratio,CENSUS_ACS5_DETAIL,ACS5-2024-B25140C-table-based-summary-file,2026-08-10T21:40:54Z,807303864b79bc92548981faab7d0f612125e70dd10bca9febd0dac776f2b0b2,housing costs over 30% of household income count divided by tenure total less not-calculated cases,The denominator excludes units where the housing-cost-to-income ratio was not calculated. Race and Hispanic-origin categories overlap and are not additive.,project_flag_low_denominator,series_begins_2023_table_introduction
race_ethnicity_and_housing,housing_cost_burden_over_50_pct,Housing costs over 50% of household income,06095,Solano,2024,2024-12-31,annual rolling five-year estimate,0,percent,45.07042254,0,71,,race_ethnicity_of_householder,aian_alone,American Indian and Alaska Native alone,owner_without_mortgage,,household residence,Owned units without a mortgage with a computable housing-cost ratio,CENSUS_ACS5_DETAIL,ACS5-2024-B25140C-table-based-summary-file,2026-08-10T21:40:54Z,807303864b79bc92548981faab7d0f612125e70dd10bca9febd0dac776f2b0b2,housing costs over 50% of household income count divided by tenure total less not-calculated cases,The denominator excludes units where the housing-cost-to-income ratio was not calculated. Race and Hispanic-origin categories overlap and are not additive.,project_flag_low_denominator,series_begins_2023_table_introduction
race_ethnicity_and_housing,housing_cost_burden_over_30_pct,Housing costs over 30% of household income,06095,Solano,2024,2024-12-31,annual rolling five-year estimate,57.98525799,percent,14.52611064,236,407,,race_ethnicity_of_householder,aian_alone,American Indian and Alaska Native alone,renter,,household residence,Rented units with a computable housing-cost ratio,CENSUS_ACS5_DETAIL,ACS5-2024-B25140C-table-based-summary-file,2026-08-10T21:40:54Z,807303864b79bc92548981faab7d0f612125e70dd10bca9febd0dac776f2b0b2,housing costs over 30% of household income count divided by tenure total less not-calculated cases,The denominator excludes units where the housing-cost-to-income ratio was not calculated. Race and Hispanic-origin categories overlap and are not additive.,project_flag_high_uncertainty,series_begins_2023_table_introduction
race_ethnicity_and_housing,housing_cost_burden_over_50_pct,Housing costs over 50% of household income,06095,Solano,2024,2024-12-31,annual rolling five-year estimate,15.72481572,percent,13.61796005,64,407,,race_ethnicity_of_householder,aian_alone,American Indian and Alaska Native alone,renter,,household residence,Rented units with a computable housing-cost ratio,CENSUS_ACS5_DETAIL,ACS5-2024-B25140C-table-based-summary-file,2026-08-10T21:40:54Z,807303864b79bc92548981faab7d0f612125e70dd10bca9febd0dac776f2b0b2,housing costs over 50% of household income count divided by tenure total less not-calculated cases,The denominator excludes units where the housing-cost-to-income ratio was not calculated. Race and Hispanic-origin categories overlap and are not additive.,project_flag_high_uncertainty,series_begins_2023_table_introduction
race_ethnicity_and_housing,homeownership_pct,Homeownership share,06095,Solano,2024,2024-12-31,annual rolling five-year estimate,72.43805577,percent,1.1540282,16781,23166,,race_ethnicity_of_householder,asian_alone,Asian alone,,,household residence,occupied housing units in the stated householder group,CENSUS_ACS5_DETAIL,ACS5-2024-B25003D-table-based-summary-file,2026-08-10T21:40:54Z,2dcaa89c955425e9e6ed61245d0d27dafdf1319029ac541ed04e1628700c20e8,owner-occupied units divided by occupied units,"Race and Hispanic-origin categories overlap and must not be summed. White alone includes Hispanic householders; White alone, not Hispanic is separate.",project_flag_standard,comparable_within_table_and_vintage
race_ethnicity_and_housing,housing_cost_burden_over_30_pct,Housing costs over 30% of household income,06095,Solano,2024,2024-12-31,annual rolling five-year estimate,34.72710136,percent,3.23144909,4053,11671,,race_ethnicity_of_householder,asian_alone,Asian alone,owner_with_mortgage,,household residence,Owned units with a mortgage with a computable housing-cost ratio,CENSUS_ACS5_DETAIL,ACS5-2024-B25140D-table-based-summary-file,2026-08-10T21:40:54Z,67fa8ff79fc23ed07ee414822659c69ac9466ae19cf41fcb81aed09900eea9df,housing costs over 30% of household income count divided by tenure total less not-calculated cases,The denominator excludes units where the housing-cost-to-income ratio was not calculated. Race and Hispanic-origin categories overlap and are not additive.,project_flag_standard,series_begins_2023_table_introduction
race_ethnicity_and_housing,housing_cost_burden_over_50_pct,Housing costs over 50% of household income,06095,Solano,2024,2024-12-31,annual rolling five-year estimate,15.59420787,percent,2.97614818,1820,11671,,race_ethnicity_of_householder,asian_alone,Asian alone,owner_with_mortgage,,household residence,Owned units with a mortgage with a computable housing-cost ratio,CENSUS_ACS5_DETAIL,ACS5-2024-B25140D-table-based-summary-file,2026-08-10T21:40:54Z,67fa8ff79fc23ed07ee414822659c69ac9466ae19cf41fcb81aed09900eea9df,housing costs over 50% of household income count divided by tenure total less not-calculated cases,The denominator excludes units where the housing-cost-to-income ratio was not calculated. Race and Hispanic-origin categories overlap and are not additive.,project_flag_standard,series_begins_2023_table_introduction
race_ethnicity_and_housing,housing_cost_burden_over_30_pct,Housing costs over 30% of household income,06095,Solano,2024,2024-12-31,annual rolling five-year estimate,14.58966565,percent,4.78983575,720,4935,,race_ethnicity_of_householder,asian_alone,Asian alone,owner_without_mortgage,,household residence,Owned units without a mortgage with a computable housing-cost ratio,CENSUS_ACS5_DETAIL,ACS5-2024-B25140D-table-based-summary-file,2026-08-10T21:40:54Z,67fa8ff79fc23ed07ee414822659c69ac9466ae19cf41fcb81aed09900eea9df,housing costs over 30% of household income count divided by tenure total less not-calculated cases,The denominator excludes units where the housing-cost-to-income ratio was not calculated. Race and Hispanic-origin categories overlap and are not additive.,project_flag_moderate_uncertainty,series_begins_2023_table_introduction
race_ethnicity_and_housing,housing_cost_burden_over_50_pct,Housing costs over 50% of household income,06095,Solano,2024,2024-12-31,annual rolling five-year estimate,10.84093212,percent,4.86434053,535,4935,,race_ethnicity_of_householder,asian_alone,Asian alone,owner_without_mortgage,,household residence,Owned units without a mortgage with a computable housing-cost ratio,CENSUS_ACS5_DETAIL,ACS5-2024-B25140D-table-based-summary-file,2026-08-10T21:40:54Z,67fa8ff79fc23ed07ee414822659c69ac9466ae19cf41fcb81aed09900eea9df,housing costs over 50% of household income count divided by tenure total less not-calculated cases,The denominator excludes units where the housing-cost-to-income ratio was not calculated. Race and Hispanic-origin categories overlap and are not additive.,project_flag_moderate_uncertainty,series_begins_2023_table_introduction
race_ethnicity_and_housing,housing_cost_burden_over_30_pct,Housing costs over 30% of household income,06095,Solano,2024,2024-12-31,annual rolling five-year estimate,42.73082809,percent,3.68473688,2513,5881,,race_ethnicity_of_householder,asian_alone,Asian alone,renter,,household residence,Rented units with a computable housing-cost ratio,CENSUS_ACS5_DETAIL,ACS5-2024-B25140D-table-based-summary-file,2026-08-10T21:40:54Z,67fa8ff79fc23ed07ee414822659c69ac9466ae19cf41fcb81aed09900eea9df,housing costs over 30% of household income count divided by tenure total less not-calculated cases,The denominator excludes units where the housing-cost-to-income ratio was not calculated. Race and Hispanic-origin categories overlap and are not additive.,project_flag_standard,series_begins_2023_table_introduction
race_ethnicity_and_housing,housing_cost_burden_over_50_pct,Housing costs over 50% of household income,06095,Solano,2024,2024-12-31,annual rolling five-year estimate,24.31559259,percent,4.56152837,1430,5881,,race_ethnicity_of_householder,asian_alone,Asian alone,renter,,household residence,Rented units with a computable housing-cost ratio,CENSUS_ACS5_DETAIL,ACS5-2024-B25140D-table-based-summary-file,2026-08-10T21:40:54Z,67fa8ff79fc23ed07ee414822659c69ac9466ae19cf41fcb81aed09900eea9df,housing costs over 50% of household income count divided by tenure total less not-calculated cases,The denominator excludes units where the housing-cost-to-income ratio was not calculated. Race and Hispanic-origin categories overlap and are not additive.,project_flag_standard,series_begins_2023_table_introduction
race_ethnicity_and_housing,homeownership_pct,Homeownership share,06095,Solano,2024,2024-12-31,annual rolling five-year estimate,46.92329708,percent,2.52369531,9837,20964,,race_ethnicity_of_householder,black_alone,Black or African American alone,,,household residence,occupied housing units in the stated householder group,CENSUS_ACS5_DETAIL,ACS5-2024-B25003B-table-based-summary-file,2026-08-10T21:40:54Z,cb7cf99b923e96604963a94d107d71ce917ace43c5da2731e5c2db366c3ffcde,owner-occupied units divided by occupied units,"Race and Hispanic-origin categories overlap and must not be summed. White alone includes Hispanic householders; White alone, not Hispanic is separate.",project_flag_standard,comparable_within_table_and_vintage
race_ethnicity_and_housing,housing_cost_burden_over_30_pct,Housing costs over 30% of household income,06095,Solano,2024,2024-12-31,annual rolling five-year estimate,41.73568599,percent,4.45042577,3477,8331,,race_ethnicity_of_householder,black_alone,Black or African American alone,owner_with_mortgage,,household residence,Owned units with a mortgage with a computable housing-cost ratio,CENSUS_ACS5_DETAIL,ACS5-2024-B25140B-table-based-summary-file,2026-08-10T21:40:54Z,315dca96c21c09a3f76b620a8eb3653e7ccfdfe3387f25a29379eab890ba08c7,housing costs over 30% of household income count divided by tenure total less not-calculated cases,The denominator excludes units where the housing-cost-to-income ratio was not calculated. Race and Hispanic-origin categories overlap and are not additive.,project_flag_standard,series_begins_2023_table_introduction
race_ethnicity_and_housing,housing_cost_burden_over_50_pct,Housing costs over 50% of household income,06095,Solano,2024,2024-12-31,annual rolling five-year estimate,22.95042612,percent,3.85361485,1912,8331,,race_ethnicity_of_householder,black_alone,Black or African American alone,owner_with_mortgage,,household residence,Owned units with a mortgage with a computable housing-cost ratio,CENSUS_ACS5_DETAIL,ACS5-2024-B25140B-table-based-summary-file,2026-08-10T21:40:54Z,315dca96c21c09a3f76b620a8eb3653e7ccfdfe3387f25a29379eab890ba08c7,housing costs over 50% of household income count divided by tenure total less not-calculated cases,The denominator excludes units where the housing-cost-to-income ratio was not calculated. Race and Hispanic-origin categories overlap and are not additive.,project_flag_standard,series_begins_2023_table_introduction
race_ethnicity_and_housing,housing_cost_burden_over_30_pct,Housing costs over 30% of household income,06095,Solano,2024,2024-12-31,annual rolling five-year estimate,10.90116279,percent,5.40713143,150,1376,,race_ethnicity_of_householder,black_alone,Black or African American alone,owner_without_mortgage,,household residence,Owned units without a mortgage with a computable housing-cost ratio,CENSUS_ACS5_DETAIL,ACS5-2024-B25140B-table-based-summary-file,2026-08-10T21:40:54Z,315dca96c21c09a3f76b620a8eb3653e7ccfdfe3387f25a29379eab890ba08c7,housing costs over 30% of household income count divided by tenure total less not-calculated cases,The denominator excludes units where the housing-cost-to-income ratio was not calculated. Race and Hispanic-origin categories overlap and are not additive.,project_flag_moderate_uncertainty,series_begins_2023_table_introduction
race_ethnicity_and_housing,housing_cost_burden_over_50_pct,Housing costs over 50% of household income,06095,Solano,2024,2024-12-31,annual rolling five-year estimate,9.08430233,percent,5.40385492,125,1376,,race_ethnicity_of_householder,black_alone,Black or African American alone,owner_without_mortgage,,household residence,Owned units without a mortgage with a computable housing-cost ratio,CENSUS_ACS5_DETAIL,ACS5-2024-B25140B-table-based-summary-file,2026-08-10T21:40:54Z,315dca96c21c09a3f76b620a8eb3653e7ccfdfe3387f25a29379eab890ba08c7,housing costs over 50% of household income count divided by tenure total less not-calculated cases,The denominator excludes units where the housing-cost-to-income ratio was not calculated. Race and Hispanic-origin categories overlap and are not additive.,project_flag_high_uncertainty,series_begins_2023_table_introduction
race_ethnicity_and_housing,housing_cost_burden_over_30_pct,Housing costs over 30% of household income,06095,Solano,2024,2024-12-31,annual rolling five-year estimate,66.15560423,percent,4.64568985,6947,10501,,race_ethnicity_of_householder,black_alone,Black or African American alone,renter,,household residence,Rented units with a computable housing-cost ratio,CENSUS_ACS5_DETAIL,ACS5-2024-B25140B-table-based-summary-file,2026-08-10T21:40:54Z,315dca96c21c09a3f76b620a8eb3653e7ccfdfe3387f25a29379eab890ba08c7,housing costs over 30% of household income count divided by tenure total less not-calculated cases,The denominator excludes units where the housing-cost-to-income ratio was not calculated. Race and Hispanic-origin categories overlap and are not additive.,project_flag_standard,series_begins_2023_table_introduction
race_ethnicity_and_housing,housing_cost_burden_over_50_pct,Housing costs over 50% of household income,06095,Solano,2024,2024-12-31,annual rolling five-year estimate,37.12979716,percent,4.93844132,3899,10501,,race_ethnicity_of_householder,black_alone,Black or African American alone,renter,,household residence,Rented units with a computable housing-cost ratio,CENSUS_ACS5_DETAIL,ACS5-2024-B25140B-table-based-summary-file,2026-08-10T21:40:54Z,315dca96c21c09a3f76b620a8eb3653e7ccfdfe3387f25a29379eab890ba08c7,housing costs over 50% of household income count divided by tenure total less not-calculated cases,The denominator excludes units where the housing-cost-to-income ratio was not calculated. Race and Hispanic-origin categories overlap and are not additive.,project_flag_standard,series_begins_2023_table_introduction
race_ethnicity_and_housing,homeownership_pct,Homeownership share,06095,Solano,2024,2024-12-31,annual rolling five-year estimate,53.2351057,percent,2.20758859,19944,37464,,race_ethnicity_of_householder,hispanic_or_latino,Hispanic or Latino,,,household residence,occupied housing units in the stated householder group,CENSUS_ACS5_DETAIL,ACS5-2024-B25003I-table-based-summary-file,2026-08-10T21:40:54Z,cac1ca32a43c68a961047efabb18ea4302405dbbc29d82ac922d4520bf8659f0,owner-occupied units divided by occupied units,"Race and Hispanic-origin categories overlap and must not be summed. White alone includes Hispanic householders; White alone, not Hispanic is separate.",project_flag_standard,comparable_within_table_and_vintage
race_ethnicity_and_housing,housing_cost_burden_over_30_pct,Housing costs over 30% of household income,06095,Solano,2024,2024-12-31,annual rolling five-year estimate,38.46207474,percent,3.67853983,5517,14344,,race_ethnicity_of_householder,hispanic_or_latino,Hispanic or Latino,owner_with_mortgage,,household residence,Owned units with a mortgage with a computable housing-cost ratio,CENSUS_ACS5_DETAIL,ACS5-2024-B25140I-table-based-summary-file,2026-08-10T21:40:54Z,9db92e88564f7eac086eea5b91d90ede54cebc373ccefe2e8d21287d2471a312,housing costs over 30% of household income count divided by tenure total less not-calculated cases,The denominator excludes units where the housing-cost-to-income ratio was not calculated. Race and Hispanic-origin categories overlap and are not additive.,project_flag_standard,series_begins_2023_table_introduction
race_ethnicity_and_housing,housing_cost_burden_over_50_pct,Housing costs over 50% of household income,06095,Solano,2024,2024-12-31,annual rolling five-year estimate,13.53876185,percent,2.40504691,1942,14344,,race_ethnicity_of_householder,hispanic_or_latino,Hispanic or Latino,owner_with_mortgage,,household residence,Owned units with a mortgage with a computable housing-cost ratio,CENSUS_ACS5_DETAIL,ACS5-2024-B25140I-table-based-summary-file,2026-08-10T21:40:54Z,9db92e88564f7eac086eea5b91d90ede54cebc373ccefe2e8d21287d2471a312,housing costs over 50% of household income count divided by tenure total less not-calculated cases,The denominator excludes units where the housing-cost-to-income ratio was not calculated. Race and Hispanic-origin categories overlap and are not additive.,project_flag_standard,series_begins_2023_table_introduction
race_ethnicity_and_housing,housing_cost_burden_over_30_pct,Housing costs over 30% of household income,06095,Solano,2024,2024-12-31,annual rolling five-year estimate,12.2739726,percent,2.76506716,672,5475,,race_ethnicity_of_householder,hispanic_or_latino,Hispanic or Latino,owner_without_mortgage,,household residence,Owned units without a mortgage with a computable housing-cost ratio,CENSUS_ACS5_DETAIL,ACS5-2024-B25140I-table-based-summary-file,2026-08-10T21:40:54Z,9db92e88564f7eac086eea5b91d90ede54cebc373ccefe2e8d21287d2471a312,housing costs over 30% of household income count divided by tenure total less not-calculated cases,The denominator excludes units where the housing-cost-to-income ratio was not calculated. Race and Hispanic-origin categories overlap and are not additive.,project_flag_standard,series_begins_2023_table_introduction
race_ethnicity_and_housing,housing_cost_burden_over_50_pct,Housing costs over 50% of household income,06095,Solano,2024,2024-12-31,annual rolling five-year estimate,7.28767123,percent,2.48955076,399,5475,,race_ethnicity_of_householder,hispanic_or_latino,Hispanic or Latino,owner_without_mortgage,,household residence,Owned units without a mortgage with a computable housing-cost ratio,CENSUS_ACS5_DETAIL,ACS5-2024-B25140I-table-based-summary-file,2026-08-10T21:40:54Z,9db92e88564f7eac086eea5b91d90ede54cebc373ccefe2e8d21287d2471a312,housing costs over 50% of household income count divided by tenure total less not-calculated cases,The denominator excludes units where the housing-cost-to-income ratio was not calculated. Race and Hispanic-origin categories overlap and are not additive.,project_flag_moderate_uncertainty,series_begins_2023_table_introduction
race_ethnicity_and_housing,housing_cost_burden_over_30_pct,Housing costs over 30% of household income,06095,Solano,2024,2024-12-31,annual rolling five-year estimate,61.93100996,percent,1.96385771,10449,16872,,race_ethnicity_of_householder,hispanic_or_latino,Hispanic or Latino,renter,,household residence,Rented units with a computable housing-cost ratio,CENSUS_ACS5_DETAIL,ACS5-2024-B25140I-table-based-summary-file,2026-08-10T21:40:54Z,9db92e88564f7eac086eea5b91d90ede54cebc373ccefe2e8d21287d2471a312,housing costs over 30% of household income count divided by tenure total less not-calculated cases,The denominator excludes units where the housing-cost-to-income ratio was not calculated. Race and Hispanic-origin categories overlap and are not additive.,project_flag_standard,series_begins_2023_table_introduction
race_ethnicity_and_housing,housing_cost_burden_over_50_pct,Housing costs over 50% of household income,06095,Solano,2024,2024-12-31,annual rolling five-year estimate,29.99051683,percent,3.60133845,5060,16872,,race_ethnicity_of_householder,hispanic_or_latino,Hispanic or Latino,renter,,household residence,Rented units with a computable housing-cost ratio,CENSUS_ACS5_DETAIL,ACS5-2024-B25140I-table-based-summary-file,2026-08-10T21:40:54Z,9db92e88564f7eac086eea5b91d90ede54cebc373ccefe2e8d21287d2471a312,housing costs over 50% of household income count divided by tenure total less not-calculated cases,The denominator excludes units where the housing-cost-to-income ratio was not calculated. Race and Hispanic-origin categories overlap and are not additive.,project_flag_standard,series_begins_2023_table_introduction
race_ethnicity_and_housing,homeownership_pct,Homeownership share,06095,Solano,2024,2024-12-31,annual rolling five-year estimate,63.39468303,percent,10.70013036,620,978,,race_ethnicity_of_householder,nhpi_alone,Native Hawaiian and Other Pacific Islander alone,,,household residence,occupied housing units in the stated householder group,CENSUS_ACS5_DETAIL,ACS5-2024-B25003E-table-based-summary-file,2026-08-10T21:40:54Z,bc9a8d937b8f8add717274b5dd99ecd5e19f85cc9c34eaec7fe37c7d9f0c7f23,owner-occupied units divided by occupied units,"Race and Hispanic-origin categories overlap and must not be summed. White alone includes Hispanic householders; White alone, not Hispanic is separate.",project_flag_high_uncertainty,comparable_within_table_and_vintage
race_ethnicity_and_housing,housing_cost_burden_over_30_pct,Housing costs over 30% of household income,06095,Solano,2024,2024-12-31,annual rolling five-year estimate,27.73584906,percent,16.0270242,147,530,,race_ethnicity_of_householder,nhpi_alone,Native Hawaiian and Other Pacific Islander alone,owner_with_mortgage,,household residence,Owned units with a mortgage with a computable housing-cost ratio,CENSUS_ACS5_DETAIL,ACS5-2024-B25140E-table-based-summary-file,2026-08-10T21:40:54Z,bcc9a240d47ba3546e92c0ae70f8632c8f90ff0083a08da1d1b9c9302126027d,housing costs over 30% of household income count divided by tenure total less not-calculated cases,The denominator excludes units where the housing-cost-to-income ratio was not calculated. Race and Hispanic-origin categories overlap and are not additive.,project_flag_high_uncertainty,series_begins_2023_table_introduction
race_ethnicity_and_housing,housing_cost_burden_over_50_pct,Housing costs over 50% of household income,06095,Solano,2024,2024-12-31,annual rolling five-year estimate,5.8490566,percent,5.59878742,31,530,,race_ethnicity_of_householder,nhpi_alone,Native Hawaiian and Other Pacific Islander alone,owner_with_mortgage,,household residence,Owned units with a mortgage with a computable housing-cost ratio,CENSUS_ACS5_DETAIL,ACS5-2024-B25140E-table-based-summary-file,2026-08-10T21:40:54Z,bcc9a240d47ba3546e92c0ae70f8632c8f90ff0083a08da1d1b9c9302126027d,housing costs over 50% of household income count divided by tenure total less not-calculated cases,The denominator excludes units where the housing-cost-to-income ratio was not calculated. Race and Hispanic-origin categories overlap and are not additive.,project_flag_high_uncertainty,series_begins_2023_table_introduction
race_ethnicity_and_housing,housing_cost_burden_over_30_pct,Housing costs over 30% of household income,06095,Solano,2024,2024-12-31,annual rolling five-year estimate,46.66666667,percent,31.19283798,42,90,,race_ethnicity_of_householder,nhpi_alone,Native Hawaiian and Other Pacific Islander alone,owner_without_mortgage,,household residence,Owned units without a mortgage with a computable housing-cost ratio,CENSUS_ACS5_DETAIL,ACS5-2024-B25140E-table-based-summary-file,2026-08-10T21:40:54Z,bcc9a240d47ba3546e92c0ae70f8632c8f90ff0083a08da1d1b9c9302126027d,housing costs over 30% of household income count divided by tenure total less not-calculated cases,The denominator excludes units where the housing-cost-to-income ratio was not calculated. Race and Hispanic-origin categories overlap and are not additive.,project_flag_low_denominator,series_begins_2023_table_introduction
race_ethnicity_and_housing,housing_cost_burden_over_50_pct,Housing costs over 50% of household income,06095,Solano,2024,2024-12-31,annual rolling five-year estimate,26.66666667,percent,23.93142925,24,90,,race_ethnicity_of_householder,nhpi_alone,Native Hawaiian and Other Pacific Islander alone,owner_without_mortgage,,household residence,Owned units without a mortgage with a computable housing-cost ratio,CENSUS_ACS5_DETAIL,ACS5-2024-B25140E-table-based-summary-file,2026-08-10T21:40:54Z,bcc9a240d47ba3546e92c0ae70f8632c8f90ff0083a08da1d1b9c9302126027d,housing costs over 50% of household income count divided by tenure total less not-calculated cases,The denominator excludes units where the housing-cost-to-income ratio was not calculated. Race and Hispanic-origin categories overlap and are not additive.,project_flag_low_denominator,series_begins_2023_table_introduction
race_ethnicity_and_housing,housing_cost_burden_over_30_pct,Housing costs over 30% of household income,06095,Solano,2024,2024-12-31,annual rolling five-year estimate,35.19553073,percent,20.24122879,126,358,,race_ethnicity_of_householder,nhpi_alone,Native Hawaiian and Other Pacific Islander alone,renter,,household residence,Rented units with a computable housing-cost ratio,CENSUS_ACS5_DETAIL,ACS5-2024-B25140E-table-based-summary-file,2026-08-10T21:40:54Z,bcc9a240d47ba3546e92c0ae70f8632c8f90ff0083a08da1d1b9c9302126027d,housing costs over 30% of household income count divided by tenure total less not-calculated cases,The denominator excludes units where the housing-cost-to-income ratio was not calculated. Race and Hispanic-origin categories overlap and are not additive.,project_flag_high_uncertainty,series_begins_2023_table_introduction
race_ethnicity_and_housing,housing_cost_burden_over_50_pct,Housing costs over 50% of household income,06095,Solano,2024,2024-12-31,annual rolling five-year estimate,24.58100559,percent,20.89062838,88,358,,race_ethnicity_of_householder,nhpi_alone,Native Hawaiian and Other Pacific Islander alone,renter,,household residence,Rented units with a computable housing-cost ratio,CENSUS_ACS5_DETAIL,ACS5-2024-B25140E-table-based-summary-file,2026-08-10T21:40:54Z,bcc9a240d47ba3546e92c0ae70f8632c8f90ff0083a08da1d1b9c9302126027d,housing costs over 50% of household income count divided by tenure total less not-calculated cases,The denominator excludes units where the housing-cost-to-income ratio was not calculated. Race and Hispanic-origin categories overlap and are not additive.,project_flag_high_uncertainty,series_begins_2023_table_introduction
race_ethnicity_and_housing,homeownership_pct,Homeownership share,06095,Solano,2024,2024-12-31,annual rolling five-year estimate,48.79883523,percent,3.39125044,8044,16484,,race_ethnicity_of_householder,some_other_race_alone,Some other race alone,,,household residence,occupied housing units in the stated householder group,CENSUS_ACS5_DETAIL,ACS5-2024-B25003F-table-based-summary-file,2026-08-10T21:40:54Z,d7fb5b61390c9b5451f142561b9a1a233303d38d5f6fcbc588dbda3633441d0c,owner-occupied units divided by occupied units,"Race and Hispanic-origin categories overlap and must not be summed. White alone includes Hispanic householders; White alone, not Hispanic is separate.",project_flag_standard,comparable_within_table_and_vintage
race_ethnicity_and_housing,housing_cost_burden_over_30_pct,Housing costs over 30% of household income,06095,Solano,2024,2024-12-31,annual rolling five-year estimate,42.19350332,percent,6.16671927,2416,5726,,race_ethnicity_of_householder,some_other_race_alone,Some other race alone,owner_with_mortgage,,household residence,Owned units with a mortgage with a computable housing-cost ratio,CENSUS_ACS5_DETAIL,ACS5-2024-B25140F-table-based-summary-file,2026-08-10T21:40:54Z,83d69d240f5c6059a20db4cece66141192007b1dc319dd073590e681f217394b,housing costs over 30% of household income count divided by tenure total less not-calculated cases,The denominator excludes units where the housing-cost-to-income ratio was not calculated. Race and Hispanic-origin categories overlap and are not additive.,project_flag_moderate_uncertainty,series_begins_2023_table_introduction
race_ethnicity_and_housing,housing_cost_burden_over_50_pct,Housing costs over 50% of household income,06095,Solano,2024,2024-12-31,annual rolling five-year estimate,20.57282571,percent,5.03914767,1178,5726,,race_ethnicity_of_householder,some_other_race_alone,Some other race alone,owner_with_mortgage,,household residence,Owned units with a mortgage with a computable housing-cost ratio,CENSUS_ACS5_DETAIL,ACS5-2024-B25140F-table-based-summary-file,2026-08-10T21:40:54Z,83d69d240f5c6059a20db4cece66141192007b1dc319dd073590e681f217394b,housing costs over 50% of household income count divided by tenure total less not-calculated cases,The denominator excludes units where the housing-cost-to-income ratio was not calculated. Race and Hispanic-origin categories overlap and are not additive.,project_flag_moderate_uncertainty,series_begins_2023_table_introduction
race_ethnicity_and_housing,housing_cost_burden_over_30_pct,Housing costs over 30% of household income,06095,Solano,2024,2024-12-31,annual rolling five-year estimate,11.11111111,percent,4.61698553,250,2250,,race_ethnicity_of_householder,some_other_race_alone,Some other race alone,owner_without_mortgage,,household residence,Owned units without a mortgage with a computable housing-cost ratio,CENSUS_ACS5_DETAIL,ACS5-2024-B25140F-table-based-summary-file,2026-08-10T21:40:54Z,83d69d240f5c6059a20db4cece66141192007b1dc319dd073590e681f217394b,housing costs over 30% of household income count divided by tenure total less not-calculated cases,The denominator excludes units where the housing-cost-to-income ratio was not calculated. Race and Hispanic-origin categories overlap and are not additive.,project_flag_moderate_uncertainty,series_begins_2023_table_introduction
race_ethnicity_and_housing,housing_cost_burden_over_50_pct,Housing costs over 50% of household income,06095,Solano,2024,2024-12-31,annual rolling five-year estimate,7.91111111,percent,3.69334855,178,2250,,race_ethnicity_of_householder,some_other_race_alone,Some other race alone,owner_without_mortgage,,household residence,Owned units without a mortgage with a computable housing-cost ratio,CENSUS_ACS5_DETAIL,ACS5-2024-B25140F-table-based-summary-file,2026-08-10T21:40:54Z,83d69d240f5c6059a20db4cece66141192007b1dc319dd073590e681f217394b,housing costs over 50% of household income count divided by tenure total less not-calculated cases,The denominator excludes units where the housing-cost-to-income ratio was not calculated. Race and Hispanic-origin categories overlap and are not additive.,project_flag_moderate_uncertainty,series_begins_2023_table_introduction
race_ethnicity_and_housing,housing_cost_burden_over_30_pct,Housing costs over 30% of household income,06095,Solano,2024,2024-12-31,annual rolling five-year estimate,63.86616192,percent,5.82241088,5230,8189,,race_ethnicity_of_householder,some_other_race_alone,Some other race alone,renter,,household residence,Rented units with a computable housing-cost ratio,CENSUS_ACS5_DETAIL,ACS5-2024-B25140F-table-based-summary-file,2026-08-10T21:40:54Z,83d69d240f5c6059a20db4cece66141192007b1dc319dd073590e681f217394b,housing costs over 30% of household income count divided by tenure total less not-calculated cases,The denominator excludes units where the housing-cost-to-income ratio was not calculated. Race and Hispanic-origin categories overlap and are not additive.,project_flag_moderate_uncertainty,series_begins_2023_table_introduction
race_ethnicity_and_housing,housing_cost_burden_over_50_pct,Housing costs over 50% of household income,06095,Solano,2024,2024-12-31,annual rolling five-year estimate,33.91134449,percent,5.00617136,2777,8189,,race_ethnicity_of_householder,some_other_race_alone,Some other race alone,renter,,household residence,Rented units with a computable housing-cost ratio,CENSUS_ACS5_DETAIL,ACS5-2024-B25140F-table-based-summary-file,2026-08-10T21:40:54Z,83d69d240f5c6059a20db4cece66141192007b1dc319dd073590e681f217394b,housing costs over 50% of household income count divided by tenure total less not-calculated cases,The denominator excludes units where the housing-cost-to-income ratio was not calculated. Race and Hispanic-origin categories overlap and are not additive.,project_flag_moderate_uncertainty,series_begins_2023_table_introduction
race_ethnicity_and_housing,homeownership_pct,Homeownership share,06095,Solano,2024,2024-12-31,annual rolling five-year estimate,57.57928279,percent,3.24210037,11384,19771,,race_ethnicity_of_householder,two_or_more_races,Two or more races,,,household residence,occupied housing units in the stated householder group,CENSUS_ACS5_DETAIL,ACS5-2024-B25003G-table-based-summary-file,2026-08-10T21:40:54Z,d2a199a94da632778a823a0ce83725f97bb20d5bf32856b3d4553c38f97d294d,owner-occupied units divided by occupied units,"Race and Hispanic-origin categories overlap and must not be summed. White alone includes Hispanic householders; White alone, not Hispanic is separate.",project_flag_standard,comparable_within_table_and_vintage
race_ethnicity_and_housing,housing_cost_burden_over_30_pct,Housing costs over 30% of household income,06095,Solano,2024,2024-12-31,annual rolling five-year estimate,40.71090047,percent,5.48769516,3436,8440,,race_ethnicity_of_householder,two_or_more_races,Two or more races,owner_with_mortgage,,household residence,Owned units with a mortgage with a computable housing-cost ratio,CENSUS_ACS5_DETAIL,ACS5-2024-B25140G-table-based-summary-file,2026-08-10T21:40:54Z,85614a66b05ce30a256584351ebb20f265969c8205d17012954b357865ee0675,housing costs over 30% of household income count divided by tenure total less not-calculated cases,The denominator excludes units where the housing-cost-to-income ratio was not calculated. Race and Hispanic-origin categories overlap and are not additive.,project_flag_moderate_uncertainty,series_begins_2023_table_introduction
race_ethnicity_and_housing,housing_cost_burden_over_50_pct,Housing costs over 50% of household income,06095,Solano,2024,2024-12-31,annual rolling five-year estimate,12.9028436,percent,2.42566791,1089,8440,,race_ethnicity_of_householder,two_or_more_races,Two or more races,owner_with_mortgage,,household residence,Owned units with a mortgage with a computable housing-cost ratio,CENSUS_ACS5_DETAIL,ACS5-2024-B25140G-table-based-summary-file,2026-08-10T21:40:54Z,85614a66b05ce30a256584351ebb20f265969c8205d17012954b357865ee0675,housing costs over 50% of household income count divided by tenure total less not-calculated cases,The denominator excludes units where the housing-cost-to-income ratio was not calculated. Race and Hispanic-origin categories overlap and are not additive.,project_flag_standard,series_begins_2023_table_introduction
race_ethnicity_and_housing,housing_cost_burden_over_30_pct,Housing costs over 30% of household income,06095,Solano,2024,2024-12-31,annual rolling five-year estimate,12.88873531,percent,4.68262435,373,2894,,race_ethnicity_of_householder,two_or_more_races,Two or more races,owner_without_mortgage,,household residence,Owned units without a mortgage with a computable housing-cost ratio,CENSUS_ACS5_DETAIL,ACS5-2024-B25140G-table-based-summary-file,2026-08-10T21:40:54Z,85614a66b05ce30a256584351ebb20f265969c8205d17012954b357865ee0675,housing costs over 30% of household income count divided by tenure total less not-calculated cases,The denominator excludes units where the housing-cost-to-income ratio was not calculated. Race and Hispanic-origin categories overlap and are not additive.,project_flag_moderate_uncertainty,series_begins_2023_table_introduction
race_ethnicity_and_housing,housing_cost_burden_over_50_pct,Housing costs over 50% of household income,06095,Solano,2024,2024-12-31,annual rolling five-year estimate,7.32550104,percent,4.00687868,212,2894,,race_ethnicity_of_householder,two_or_more_races,Two or more races,owner_without_mortgage,,household residence,Owned units without a mortgage with a computable housing-cost ratio,CENSUS_ACS5_DETAIL,ACS5-2024-B25140G-table-based-summary-file,2026-08-10T21:40:54Z,85614a66b05ce30a256584351ebb20f265969c8205d17012954b357865ee0675,housing costs over 50% of household income count divided by tenure total less not-calculated cases,The denominator excludes units where the housing-cost-to-income ratio was not calculated. Race and Hispanic-origin categories overlap and are not additive.,project_flag_high_uncertainty,series_begins_2023_table_introduction
race_ethnicity_and_housing,housing_cost_burden_over_30_pct,Housing costs over 30% of household income,06095,Solano,2024,2024-12-31,annual rolling five-year estimate,62.17821782,percent,3.39959463,5024,8080,,race_ethnicity_of_householder,two_or_more_races,Two or more races,renter,,household residence,Rented units with a computable housing-cost ratio,CENSUS_ACS5_DETAIL,ACS5-2024-B25140G-table-based-summary-file,2026-08-10T21:40:54Z,85614a66b05ce30a256584351ebb20f265969c8205d17012954b357865ee0675,housing costs over 30% of household income count divided by tenure total less not-calculated cases,The denominator excludes units where the housing-cost-to-income ratio was not calculated. Race and Hispanic-origin categories overlap and are not additive.,project_flag_standard,series_begins_2023_table_introduction
race_ethnicity_and_housing,housing_cost_burden_over_50_pct,Housing costs over 50% of household income,06095,Solano,2024,2024-12-31,annual rolling five-year estimate,27.61138614,percent,3.42394729,2231,8080,,race_ethnicity_of_householder,two_or_more_races,Two or more races,renter,,household residence,Rented units with a computable housing-cost ratio,CENSUS_ACS5_DETAIL,ACS5-2024-B25140G-table-based-summary-file,2026-08-10T21:40:54Z,85614a66b05ce30a256584351ebb20f265969c8205d17012954b357865ee0675,housing costs over 50% of household income count divided by tenure total less not-calculated cases,The denominator excludes units where the housing-cost-to-income ratio was not calculated. Race and Hispanic-origin categories overlap and are not additive.,project_flag_standard,series_begins_2023_table_introduction
race_ethnicity_and_housing,homeownership_pct,Homeownership share,06095,Solano,2024,2024-12-31,annual rolling five-year estimate,69.15357824,percent,0.93785663,51823,74939,,race_ethnicity_of_householder,white_alone,White alone,,,household residence,occupied housing units in the stated householder group,CENSUS_ACS5_DETAIL,ACS5-2024-B25003A-table-based-summary-file,2026-08-10T21:40:54Z,0a0e607eda31b52759431fe7390f03f1205daeb91867fb5f31cdce7158a282af,owner-occupied units divided by occupied units,"Race and Hispanic-origin categories overlap and must not be summed. White alone includes Hispanic householders; White alone, not Hispanic is separate.",project_flag_standard,comparable_within_table_and_vintage
race_ethnicity_and_housing,housing_cost_burden_over_30_pct,Housing costs over 30% of household income,06095,Solano,2024,2024-12-31,annual rolling five-year estimate,32.20163457,percent,2.01141746,11505,35728,,race_ethnicity_of_householder,white_alone,White alone,owner_with_mortgage,,household residence,Owned units with a mortgage with a computable housing-cost ratio,CENSUS_ACS5_DETAIL,ACS5-2024-B25140A-table-based-summary-file,2026-08-10T21:40:54Z,53814337ca0423994c5cf54d663fb59efa08aaf17cca8dd70c35056588460ba9,housing costs over 30% of household income count divided by tenure total less not-calculated cases,The denominator excludes units where the housing-cost-to-income ratio was not calculated. Race and Hispanic-origin categories overlap and are not additive.,project_flag_standard,series_begins_2023_table_introduction
race_ethnicity_and_housing,housing_cost_burden_over_50_pct,Housing costs over 50% of household income,06095,Solano,2024,2024-12-31,annual rolling five-year estimate,12.41603224,percent,1.35324487,4436,35728,,race_ethnicity_of_householder,white_alone,White alone,owner_with_mortgage,,household residence,Owned units with a mortgage with a computable housing-cost ratio,CENSUS_ACS5_DETAIL,ACS5-2024-B25140A-table-based-summary-file,2026-08-10T21:40:54Z,53814337ca0423994c5cf54d663fb59efa08aaf17cca8dd70c35056588460ba9,housing costs over 50% of household income count divided by tenure total less not-calculated cases,The denominator excludes units where the housing-cost-to-income ratio was not calculated. Race and Hispanic-origin categories overlap and are not additive.,project_flag_standard,series_begins_2023_table_introduction
race_ethnicity_and_housing,housing_cost_burden_over_30_pct,Housing costs over 30% of household income,06095,Solano,2024,2024-12-31,annual rolling five-year estimate,15.91318908,percent,2.39119651,2471,15528,,race_ethnicity_of_householder,white_alone,White alone,owner_without_mortgage,,household residence,Owned units without a mortgage with a computable housing-cost ratio,CENSUS_ACS5_DETAIL,ACS5-2024-B25140A-table-based-summary-file,2026-08-10T21:40:54Z,53814337ca0423994c5cf54d663fb59efa08aaf17cca8dd70c35056588460ba9,housing costs over 30% of household income count divided by tenure total less not-calculated cases,The denominator excludes units where the housing-cost-to-income ratio was not calculated. Race and Hispanic-origin categories overlap and are not additive.,project_flag_standard,series_begins_2023_table_introduction
race_ethnicity_and_housing,housing_cost_burden_over_50_pct,Housing costs over 50% of household income,06095,Solano,2024,2024-12-31,annual rolling five-year estimate,9.07393096,percent,1.91523218,1409,15528,,race_ethnicity_of_householder,white_alone,White alone,owner_without_mortgage,,household residence,Owned units without a mortgage with a computable housing-cost ratio,CENSUS_ACS5_DETAIL,ACS5-2024-B25140A-table-based-summary-file,2026-08-10T21:40:54Z,53814337ca0423994c5cf54d663fb59efa08aaf17cca8dd70c35056588460ba9,housing costs over 50% of household income count divided by tenure total less not-calculated cases,The denominator excludes units where the housing-cost-to-income ratio was not calculated. Race and Hispanic-origin categories overlap and are not additive.,project_flag_standard,series_begins_2023_table_introduction
race_ethnicity_and_housing,housing_cost_burden_over_30_pct,Housing costs over 30% of household income,06095,Solano,2024,2024-12-31,annual rolling five-year estimate,54.79901559,percent,2.9422917,12024,21942,,race_ethnicity_of_householder,white_alone,White alone,renter,,household residence,Rented units with a computable housing-cost ratio,CENSUS_ACS5_DETAIL,ACS5-2024-B25140A-table-based-summary-file,2026-08-10T21:40:54Z,53814337ca0423994c5cf54d663fb59efa08aaf17cca8dd70c35056588460ba9,housing costs over 30% of household income count divided by tenure total less not-calculated cases,The denominator excludes units where the housing-cost-to-income ratio was not calculated. Race and Hispanic-origin categories overlap and are not additive.,project_flag_standard,series_begins_2023_table_introduction
race_ethnicity_and_housing,housing_cost_burden_over_50_pct,Housing costs over 50% of household income,06095,Solano,2024,2024-12-31,annual rolling five-year estimate,27.56813417,percent,2.37133704,6049,21942,,race_ethnicity_of_householder,white_alone,White alone,renter,,household residence,Rented units with a computable housing-cost ratio,CENSUS_ACS5_DETAIL,ACS5-2024-B25140A-table-based-summary-file,2026-08-10T21:40:54Z,53814337ca0423994c5cf54d663fb59efa08aaf17cca8dd70c35056588460ba9,housing costs over 50% of household income count divided by tenure total less not-calculated cases,The denominator excludes units where the housing-cost-to-income ratio was not calculated. Race and Hispanic-origin categories overlap and are not additive.,project_flag_standard,series_begins_2023_table_introduction
race_ethnicity_and_housing,homeownership_pct,Homeownership share,06095,Solano,2024,2024-12-31,annual rolling five-year estimate,70.86730021,percent,1.00712413,47204,66609,,race_ethnicity_of_householder,white_non_hispanic,"White alone, not Hispanic or Latino",,,household residence,occupied housing units in the stated householder group,CENSUS_ACS5_DETAIL,ACS5-2024-B25003H-table-based-summary-file,2026-08-10T21:40:54Z,b4f56c76ae8f3c088e3e673c684e58f0e81cbbc0ea962e8b8c9b6029b5b4cc58,owner-occupied units divided by occupied units,"Race and Hispanic-origin categories overlap and must not be summed. White alone includes Hispanic householders; White alone, not Hispanic is separate.",project_flag_standard,comparable_within_table_and_vintage
race_ethnicity_and_housing,housing_cost_burden_over_30_pct,Housing costs over 30% of household income,06095,Solano,2024,2024-12-31,annual rolling five-year estimate,32.6519217,percent,2.2997168,10526,32237,,race_ethnicity_of_householder,white_non_hispanic,"White alone, not Hispanic or Latino",owner_with_mortgage,,household residence,Owned units with a mortgage with a computable housing-cost ratio,CENSUS_ACS5_DETAIL,ACS5-2024-B25140H-table-based-summary-file,2026-08-10T21:40:54Z,2dc6fe9ad8eecc7debcefc90e0be1ba1277c00acf55e648bbc9a20d477f4171e,housing costs over 30% of household income count divided by tenure total less not-calculated cases,The denominator excludes units where the housing-cost-to-income ratio was not calculated. Race and Hispanic-origin categories overlap and are not additive.,project_flag_standard,series_begins_2023_table_introduction
race_ethnicity_and_housing,housing_cost_burden_over_50_pct,Housing costs over 50% of household income,06095,Solano,2024,2024-12-31,annual rolling five-year estimate,13.09365015,percent,1.47225643,4221,32237,,race_ethnicity_of_householder,white_non_hispanic,"White alone, not Hispanic or Latino",owner_with_mortgage,,household residence,Owned units with a mortgage with a computable housing-cost ratio,CENSUS_ACS5_DETAIL,ACS5-2024-B25140H-table-based-summary-file,2026-08-10T21:40:54Z,2dc6fe9ad8eecc7debcefc90e0be1ba1277c00acf55e648bbc9a20d477f4171e,housing costs over 50% of household income count divided by tenure total less not-calculated cases,The denominator excludes units where the housing-cost-to-income ratio was not calculated. Race and Hispanic-origin categories overlap and are not additive.,project_flag_standard,series_begins_2023_table_introduction
race_ethnicity_and_housing,housing_cost_burden_over_30_pct,Housing costs over 30% of household income,06095,Solano,2024,2024-12-31,annual rolling five-year estimate,16.46527778,percent,2.55333863,2371,14400,,race_ethnicity_of_householder,white_non_hispanic,"White alone, not Hispanic or Latino",owner_without_mortgage,,household residence,Owned units without a mortgage with a computable housing-cost ratio,CENSUS_ACS5_DETAIL,ACS5-2024-B25140H-table-based-summary-file,2026-08-10T21:40:54Z,2dc6fe9ad8eecc7debcefc90e0be1ba1277c00acf55e648bbc9a20d477f4171e,housing costs over 30% of household income count divided by tenure total less not-calculated cases,The denominator excludes units where the housing-cost-to-income ratio was not calculated. Race and Hispanic-origin categories overlap and are not additive.,project_flag_standard,series_begins_2023_table_introduction
race_ethnicity_and_housing,housing_cost_burden_over_50_pct,Housing costs over 50% of household income,06095,Solano,2024,2024-12-31,annual rolling five-year estimate,9.46527778,percent,1.99823698,1363,14400,,race_ethnicity_of_householder,white_non_hispanic,"White alone, not Hispanic or Latino",owner_without_mortgage,,household residence,Owned units without a mortgage with a computable housing-cost ratio,CENSUS_ACS5_DETAIL,ACS5-2024-B25140H-table-based-summary-file,2026-08-10T21:40:54Z,2dc6fe9ad8eecc7debcefc90e0be1ba1277c00acf55e648bbc9a20d477f4171e,housing costs over 50% of household income count divided by tenure total less not-calculated cases,The denominator excludes units where the housing-cost-to-income ratio was not calculated. Race and Hispanic-origin categories overlap and are not additive.,project_flag_standard,series_begins_2023_table_introduction
race_ethnicity_and_housing,housing_cost_burden_over_30_pct,Housing costs over 30% of household income,06095,Solano,2024,2024-12-31,annual rolling five-year estimate,53.72412669,percent,3.30407089,9889,18407,,race_ethnicity_of_householder,white_non_hispanic,"White alone, not Hispanic or Latino",renter,,household residence,Rented units with a computable housing-cost ratio,CENSUS_ACS5_DETAIL,ACS5-2024-B25140H-table-based-summary-file,2026-08-10T21:40:54Z,2dc6fe9ad8eecc7debcefc90e0be1ba1277c00acf55e648bbc9a20d477f4171e,housing costs over 30% of household income count divided by tenure total less not-calculated cases,The denominator excludes units where the housing-cost-to-income ratio was not calculated. Race and Hispanic-origin categories overlap and are not additive.,project_flag_standard,series_begins_2023_table_introduction
race_ethnicity_and_housing,housing_cost_burden_over_50_pct,Housing costs over 50% of household income,06095,Solano,2024,2024-12-31,annual rolling five-year estimate,27.53300375,percent,2.74411352,5068,18407,,race_ethnicity_of_householder,white_non_hispanic,"White alone, not Hispanic or Latino",renter,,household residence,Rented units with a computable housing-cost ratio,CENSUS_ACS5_DETAIL,ACS5-2024-B25140H-table-based-summary-file,2026-08-10T21:40:54Z,2dc6fe9ad8eecc7debcefc90e0be1ba1277c00acf55e648bbc9a20d477f4171e,housing costs over 50% of household income count divided by tenure total less not-calculated cases,The denominator excludes units where the housing-cost-to-income ratio was not calculated. Race and Hispanic-origin categories overlap and are not additive.,project_flag_standard,series_begins_2023_table_introduction
race_ethnicity_and_housing,homeownership_pct,Homeownership share,06097,Sonoma,2024,2024-12-31,annual rolling five-year estimate,39.19529837,percent,5.15362813,867,2212,,race_ethnicity_of_householder,aian_alone,American Indian and Alaska Native alone,,,household residence,occupied housing units in the stated householder group,CENSUS_ACS5_DETAIL,ACS5-2024-B25003C-table-based-summary-file,2026-08-10T21:40:54Z,8f9eed7241cc42fba7a354130b58f78fae63c128dd27cdaf0d14f572e1b19736,owner-occupied units divided by occupied units,"Race and Hispanic-origin categories overlap and must not be summed. White alone includes Hispanic householders; White alone, not Hispanic is separate.",project_flag_moderate_uncertainty,comparable_within_table_and_vintage
race_ethnicity_and_housing,housing_cost_burden_over_30_pct,Housing costs over 30% of household income,06097,Sonoma,2024,2024-12-31,annual rolling five-year estimate,20.27559055,percent,9.64194273,103,508,,race_ethnicity_of_householder,aian_alone,American Indian and Alaska Native alone,owner_with_mortgage,,household residence,Owned units with a mortgage with a computable housing-cost ratio,CENSUS_ACS5_DETAIL,ACS5-2024-B25140C-table-based-summary-file,2026-08-10T21:40:54Z,807303864b79bc92548981faab7d0f612125e70dd10bca9febd0dac776f2b0b2,housing costs over 30% of household income count divided by tenure total less not-calculated cases,The denominator excludes units where the housing-cost-to-income ratio was not calculated. Race and Hispanic-origin categories overlap and are not additive.,project_flag_moderate_uncertainty,series_begins_2023_table_introduction
race_ethnicity_and_housing,housing_cost_burden_over_50_pct,Housing costs over 50% of household income,06097,Sonoma,2024,2024-12-31,annual rolling five-year estimate,3.34645669,percent,4.23995514,17,508,,race_ethnicity_of_householder,aian_alone,American Indian and Alaska Native alone,owner_with_mortgage,,household residence,Owned units with a mortgage with a computable housing-cost ratio,CENSUS_ACS5_DETAIL,ACS5-2024-B25140C-table-based-summary-file,2026-08-10T21:40:54Z,807303864b79bc92548981faab7d0f612125e70dd10bca9febd0dac776f2b0b2,housing costs over 50% of household income count divided by tenure total less not-calculated cases,The denominator excludes units where the housing-cost-to-income ratio was not calculated. Race and Hispanic-origin categories overlap and are not additive.,project_flag_high_uncertainty,series_begins_2023_table_introduction
race_ethnicity_and_housing,housing_cost_burden_over_30_pct,Housing costs over 30% of household income,06097,Sonoma,2024,2024-12-31,annual rolling five-year estimate,33.98328691,percent,24.00729978,122,359,,race_ethnicity_of_householder,aian_alone,American Indian and Alaska Native alone,owner_without_mortgage,,household residence,Owned units without a mortgage with a computable housing-cost ratio,CENSUS_ACS5_DETAIL,ACS5-2024-B25140C-table-based-summary-file,2026-08-10T21:40:54Z,807303864b79bc92548981faab7d0f612125e70dd10bca9febd0dac776f2b0b2,housing costs over 30% of household income count divided by tenure total less not-calculated cases,The denominator excludes units where the housing-cost-to-income ratio was not calculated. Race and Hispanic-origin categories overlap and are not additive.,project_flag_high_uncertainty,series_begins_2023_table_introduction
race_ethnicity_and_housing,housing_cost_burden_over_50_pct,Housing costs over 50% of household income,06097,Sonoma,2024,2024-12-31,annual rolling five-year estimate,24.23398329,percent,24.94184143,87,359,,race_ethnicity_of_householder,aian_alone,American Indian and Alaska Native alone,owner_without_mortgage,,household residence,Owned units without a mortgage with a computable housing-cost ratio,CENSUS_ACS5_DETAIL,ACS5-2024-B25140C-table-based-summary-file,2026-08-10T21:40:54Z,807303864b79bc92548981faab7d0f612125e70dd10bca9febd0dac776f2b0b2,housing costs over 50% of household income count divided by tenure total less not-calculated cases,The denominator excludes units where the housing-cost-to-income ratio was not calculated. Race and Hispanic-origin categories overlap and are not additive.,project_flag_high_uncertainty,series_begins_2023_table_introduction
race_ethnicity_and_housing,housing_cost_burden_over_30_pct,Housing costs over 30% of household income,06097,Sonoma,2024,2024-12-31,annual rolling five-year estimate,42.01277955,percent,9.29167891,526,1252,,race_ethnicity_of_householder,aian_alone,American Indian and Alaska Native alone,renter,,household residence,Rented units with a computable housing-cost ratio,CENSUS_ACS5_DETAIL,ACS5-2024-B25140C-table-based-summary-file,2026-08-10T21:40:54Z,807303864b79bc92548981faab7d0f612125e70dd10bca9febd0dac776f2b0b2,housing costs over 30% of household income count divided by tenure total less not-calculated cases,The denominator excludes units where the housing-cost-to-income ratio was not calculated. Race and Hispanic-origin categories overlap and are not additive.,project_flag_moderate_uncertainty,series_begins_2023_table_introduction
race_ethnicity_and_housing,housing_cost_burden_over_50_pct,Housing costs over 50% of household income,06097,Sonoma,2024,2024-12-31,annual rolling five-year estimate,22.44408946,percent,8.46773981,281,1252,,race_ethnicity_of_householder,aian_alone,American Indian and Alaska Native alone,renter,,household residence,Rented units with a computable housing-cost ratio,CENSUS_ACS5_DETAIL,ACS5-2024-B25140C-table-based-summary-file,2026-08-10T21:40:54Z,807303864b79bc92548981faab7d0f612125e70dd10bca9febd0dac776f2b0b2,housing costs over 50% of household income count divided by tenure total less not-calculated cases,The denominator excludes units where the housing-cost-to-income ratio was not calculated. Race and Hispanic-origin categories overlap and are not additive.,project_flag_moderate_uncertainty,series_begins_2023_table_introduction
race_ethnicity_and_housing,homeownership_pct,Homeownership share,06097,Sonoma,2024,2024-12-31,annual rolling five-year estimate,66.34504052,percent,3.79278664,5157,7773,,race_ethnicity_of_householder,asian_alone,Asian alone,,,household residence,occupied housing units in the stated householder group,CENSUS_ACS5_DETAIL,ACS5-2024-B25003D-table-based-summary-file,2026-08-10T21:40:54Z,2dcaa89c955425e9e6ed61245d0d27dafdf1319029ac541ed04e1628700c20e8,owner-occupied units divided by occupied units,"Race and Hispanic-origin categories overlap and must not be summed. White alone includes Hispanic householders; White alone, not Hispanic is separate.",project_flag_standard,comparable_within_table_and_vintage
race_ethnicity_and_housing,housing_cost_burden_over_30_pct,Housing costs over 30% of household income,06097,Sonoma,2024,2024-12-31,annual rolling five-year estimate,33.27561328,percent,5.79885107,1153,3465,,race_ethnicity_of_householder,asian_alone,Asian alone,owner_with_mortgage,,household residence,Owned units with a mortgage with a computable housing-cost ratio,CENSUS_ACS5_DETAIL,ACS5-2024-B25140D-table-based-summary-file,2026-08-10T21:40:54Z,67fa8ff79fc23ed07ee414822659c69ac9466ae19cf41fcb81aed09900eea9df,housing costs over 30% of household income count divided by tenure total less not-calculated cases,The denominator excludes units where the housing-cost-to-income ratio was not calculated. Race and Hispanic-origin categories overlap and are not additive.,project_flag_moderate_uncertainty,series_begins_2023_table_introduction
race_ethnicity_and_housing,housing_cost_burden_over_50_pct,Housing costs over 50% of household income,06097,Sonoma,2024,2024-12-31,annual rolling five-year estimate,15.15151515,percent,3.61275671,525,3465,,race_ethnicity_of_householder,asian_alone,Asian alone,owner_with_mortgage,,household residence,Owned units with a mortgage with a computable housing-cost ratio,CENSUS_ACS5_DETAIL,ACS5-2024-B25140D-table-based-summary-file,2026-08-10T21:40:54Z,67fa8ff79fc23ed07ee414822659c69ac9466ae19cf41fcb81aed09900eea9df,housing costs over 50% of household income count divided by tenure total less not-calculated cases,The denominator excludes units where the housing-cost-to-income ratio was not calculated. Race and Hispanic-origin categories overlap and are not additive.,project_flag_standard,series_begins_2023_table_introduction
race_ethnicity_and_housing,housing_cost_burden_over_30_pct,Housing costs over 30% of household income,06097,Sonoma,2024,2024-12-31,annual rolling five-year estimate,22.8980322,percent,8.05542309,384,1677,,race_ethnicity_of_householder,asian_alone,Asian alone,owner_without_mortgage,,household residence,Owned units without a mortgage with a computable housing-cost ratio,CENSUS_ACS5_DETAIL,ACS5-2024-B25140D-table-based-summary-file,2026-08-10T21:40:54Z,67fa8ff79fc23ed07ee414822659c69ac9466ae19cf41fcb81aed09900eea9df,housing costs over 30% of household income count divided by tenure total less not-calculated cases,The denominator excludes units where the housing-cost-to-income ratio was not calculated. Race and Hispanic-origin categories overlap and are not additive.,project_flag_moderate_uncertainty,series_begins_2023_table_introduction
race_ethnicity_and_housing,housing_cost_burden_over_50_pct,Housing costs over 50% of household income,06097,Sonoma,2024,2024-12-31,annual rolling five-year estimate,14.19200954,percent,7.13930372,238,1677,,race_ethnicity_of_householder,asian_alone,Asian alone,owner_without_mortgage,,household residence,Owned units without a mortgage with a computable housing-cost ratio,CENSUS_ACS5_DETAIL,ACS5-2024-B25140D-table-based-summary-file,2026-08-10T21:40:54Z,67fa8ff79fc23ed07ee414822659c69ac9466ae19cf41fcb81aed09900eea9df,housing costs over 50% of household income count divided by tenure total less not-calculated cases,The denominator excludes units where the housing-cost-to-income ratio was not calculated. Race and Hispanic-origin categories overlap and are not additive.,project_flag_high_uncertainty,series_begins_2023_table_introduction
race_ethnicity_and_housing,housing_cost_burden_over_30_pct,Housing costs over 30% of household income,06097,Sonoma,2024,2024-12-31,annual rolling five-year estimate,46.8489893,percent,7.59385538,1182,2523,,race_ethnicity_of_householder,asian_alone,Asian alone,renter,,household residence,Rented units with a computable housing-cost ratio,CENSUS_ACS5_DETAIL,ACS5-2024-B25140D-table-based-summary-file,2026-08-10T21:40:54Z,67fa8ff79fc23ed07ee414822659c69ac9466ae19cf41fcb81aed09900eea9df,housing costs over 30% of household income count divided by tenure total less not-calculated cases,The denominator excludes units where the housing-cost-to-income ratio was not calculated. Race and Hispanic-origin categories overlap and are not additive.,project_flag_moderate_uncertainty,series_begins_2023_table_introduction
race_ethnicity_and_housing,housing_cost_burden_over_50_pct,Housing costs over 50% of household income,06097,Sonoma,2024,2024-12-31,annual rolling five-year estimate,30.40031708,percent,7.87702065,767,2523,,race_ethnicity_of_householder,asian_alone,Asian alone,renter,,household residence,Rented units with a computable housing-cost ratio,CENSUS_ACS5_DETAIL,ACS5-2024-B25140D-table-based-summary-file,2026-08-10T21:40:54Z,67fa8ff79fc23ed07ee414822659c69ac9466ae19cf41fcb81aed09900eea9df,housing costs over 50% of household income count divided by tenure total less not-calculated cases,The denominator excludes units where the housing-cost-to-income ratio was not calculated. Race and Hispanic-origin categories overlap and are not additive.,project_flag_moderate_uncertainty,series_begins_2023_table_introduction
race_ethnicity_and_housing,homeownership_pct,Homeownership share,06097,Sonoma,2024,2024-12-31,annual rolling five-year estimate,31.06617647,percent,7.50334937,676,2176,,race_ethnicity_of_householder,black_alone,Black or African American alone,,,household residence,occupied housing units in the stated householder group,CENSUS_ACS5_DETAIL,ACS5-2024-B25003B-table-based-summary-file,2026-08-10T21:40:54Z,cb7cf99b923e96604963a94d107d71ce917ace43c5da2731e5c2db366c3ffcde,owner-occupied units divided by occupied units,"Race and Hispanic-origin categories overlap and must not be summed. White alone includes Hispanic householders; White alone, not Hispanic is separate.",project_flag_moderate_uncertainty,comparable_within_table_and_vintage
race_ethnicity_and_housing,housing_cost_burden_over_30_pct,Housing costs over 30% of household income,06097,Sonoma,2024,2024-12-31,annual rolling five-year estimate,29.90291262,percent,12.89074545,154,515,,race_ethnicity_of_householder,black_alone,Black or African American alone,owner_with_mortgage,,household residence,Owned units with a mortgage with a computable housing-cost ratio,CENSUS_ACS5_DETAIL,ACS5-2024-B25140B-table-based-summary-file,2026-08-10T21:40:54Z,315dca96c21c09a3f76b620a8eb3653e7ccfdfe3387f25a29379eab890ba08c7,housing costs over 30% of household income count divided by tenure total less not-calculated cases,The denominator excludes units where the housing-cost-to-income ratio was not calculated. Race and Hispanic-origin categories overlap and are not additive.,project_flag_high_uncertainty,series_begins_2023_table_introduction
race_ethnicity_and_housing,housing_cost_burden_over_50_pct,Housing costs over 50% of household income,06097,Sonoma,2024,2024-12-31,annual rolling five-year estimate,17.86407767,percent,10.68729767,92,515,,race_ethnicity_of_householder,black_alone,Black or African American alone,owner_with_mortgage,,household residence,Owned units with a mortgage with a computable housing-cost ratio,CENSUS_ACS5_DETAIL,ACS5-2024-B25140B-table-based-summary-file,2026-08-10T21:40:54Z,315dca96c21c09a3f76b620a8eb3653e7ccfdfe3387f25a29379eab890ba08c7,housing costs over 50% of household income count divided by tenure total less not-calculated cases,The denominator excludes units where the housing-cost-to-income ratio was not calculated. Race and Hispanic-origin categories overlap and are not additive.,project_flag_high_uncertainty,series_begins_2023_table_introduction
race_ethnicity_and_housing,housing_cost_burden_over_30_pct,Housing costs over 30% of household income,06097,Sonoma,2024,2024-12-31,annual rolling five-year estimate,2.48447205,percent,4.81430756,4,161,,race_ethnicity_of_householder,black_alone,Black or African American alone,owner_without_mortgage,,household residence,Owned units without a mortgage with a computable housing-cost ratio,CENSUS_ACS5_DETAIL,ACS5-2024-B25140B-table-based-summary-file,2026-08-10T21:40:54Z,315dca96c21c09a3f76b620a8eb3653e7ccfdfe3387f25a29379eab890ba08c7,housing costs over 30% of household income count divided by tenure total less not-calculated cases,The denominator excludes units where the housing-cost-to-income ratio was not calculated. Race and Hispanic-origin categories overlap and are not additive.,project_flag_high_uncertainty,series_begins_2023_table_introduction
race_ethnicity_and_housing,housing_cost_burden_over_50_pct,Housing costs over 50% of household income,06097,Sonoma,2024,2024-12-31,annual rolling five-year estimate,2.48447205,percent,4.81430756,4,161,,race_ethnicity_of_householder,black_alone,Black or African American alone,owner_without_mortgage,,household residence,Owned units without a mortgage with a computable housing-cost ratio,CENSUS_ACS5_DETAIL,ACS5-2024-B25140B-table-based-summary-file,2026-08-10T21:40:54Z,315dca96c21c09a3f76b620a8eb3653e7ccfdfe3387f25a29379eab890ba08c7,housing costs over 50% of household income count divided by tenure total less not-calculated cases,The denominator excludes units where the housing-cost-to-income ratio was not calculated. Race and Hispanic-origin categories overlap and are not additive.,project_flag_high_uncertainty,series_begins_2023_table_introduction
race_ethnicity_and_housing,housing_cost_burden_over_30_pct,Housing costs over 30% of household income,06097,Sonoma,2024,2024-12-31,annual rolling five-year estimate,53.3973919,percent,9.83141066,778,1457,,race_ethnicity_of_householder,black_alone,Black or African American alone,renter,,household residence,Rented units with a computable housing-cost ratio,CENSUS_ACS5_DETAIL,ACS5-2024-B25140B-table-based-summary-file,2026-08-10T21:40:54Z,315dca96c21c09a3f76b620a8eb3653e7ccfdfe3387f25a29379eab890ba08c7,housing costs over 30% of household income count divided by tenure total less not-calculated cases,The denominator excludes units where the housing-cost-to-income ratio was not calculated. Race and Hispanic-origin categories overlap and are not additive.,project_flag_moderate_uncertainty,series_begins_2023_table_introduction
race_ethnicity_and_housing,housing_cost_burden_over_50_pct,Housing costs over 50% of household income,06097,Sonoma,2024,2024-12-31,annual rolling five-year estimate,21.61976664,percent,6.88753114,315,1457,,race_ethnicity_of_householder,black_alone,Black or African American alone,renter,,household residence,Rented units with a computable housing-cost ratio,CENSUS_ACS5_DETAIL,ACS5-2024-B25140B-table-based-summary-file,2026-08-10T21:40:54Z,315dca96c21c09a3f76b620a8eb3653e7ccfdfe3387f25a29379eab890ba08c7,housing costs over 50% of household income count divided by tenure total less not-calculated cases,The denominator excludes units where the housing-cost-to-income ratio was not calculated. Race and Hispanic-origin categories overlap and are not additive.,project_flag_moderate_uncertainty,series_begins_2023_table_introduction
race_ethnicity_and_housing,homeownership_pct,Homeownership share,06097,Sonoma,2024,2024-12-31,annual rolling five-year estimate,43.26499231,percent,2.31584738,16882,39020,,race_ethnicity_of_householder,hispanic_or_latino,Hispanic or Latino,,,household residence,occupied housing units in the stated householder group,CENSUS_ACS5_DETAIL,ACS5-2024-B25003I-table-based-summary-file,2026-08-10T21:40:54Z,cac1ca32a43c68a961047efabb18ea4302405dbbc29d82ac922d4520bf8659f0,owner-occupied units divided by occupied units,"Race and Hispanic-origin categories overlap and must not be summed. White alone includes Hispanic householders; White alone, not Hispanic is separate.",project_flag_standard,comparable_within_table_and_vintage
race_ethnicity_and_housing,housing_cost_burden_over_30_pct,Housing costs over 30% of household income,06097,Sonoma,2024,2024-12-31,annual rolling five-year estimate,43.51954829,percent,4.01448945,5087,11689,,race_ethnicity_of_householder,hispanic_or_latino,Hispanic or Latino,owner_with_mortgage,,household residence,Owned units with a mortgage with a computable housing-cost ratio,CENSUS_ACS5_DETAIL,ACS5-2024-B25140I-table-based-summary-file,2026-08-10T21:40:54Z,9db92e88564f7eac086eea5b91d90ede54cebc373ccefe2e8d21287d2471a312,housing costs over 30% of household income count divided by tenure total less not-calculated cases,The denominator excludes units where the housing-cost-to-income ratio was not calculated. Race and Hispanic-origin categories overlap and are not additive.,project_flag_standard,series_begins_2023_table_introduction
race_ethnicity_and_housing,housing_cost_burden_over_50_pct,Housing costs over 50% of household income,06097,Sonoma,2024,2024-12-31,annual rolling five-year estimate,19.63384378,percent,3.45698401,2295,11689,,race_ethnicity_of_householder,hispanic_or_latino,Hispanic or Latino,owner_with_mortgage,,household residence,Owned units with a mortgage with a computable housing-cost ratio,CENSUS_ACS5_DETAIL,ACS5-2024-B25140I-table-based-summary-file,2026-08-10T21:40:54Z,9db92e88564f7eac086eea5b91d90ede54cebc373ccefe2e8d21287d2471a312,housing costs over 50% of household income count divided by tenure total less not-calculated cases,The denominator excludes units where the housing-cost-to-income ratio was not calculated. Race and Hispanic-origin categories overlap and are not additive.,project_flag_standard,series_begins_2023_table_introduction
race_ethnicity_and_housing,housing_cost_burden_over_30_pct,Housing costs over 30% of household income,06097,Sonoma,2024,2024-12-31,annual rolling five-year estimate,19.41084666,percent,4.90280401,995,5126,,race_ethnicity_of_householder,hispanic_or_latino,Hispanic or Latino,owner_without_mortgage,,household residence,Owned units without a mortgage with a computable housing-cost ratio,CENSUS_ACS5_DETAIL,ACS5-2024-B25140I-table-based-summary-file,2026-08-10T21:40:54Z,9db92e88564f7eac086eea5b91d90ede54cebc373ccefe2e8d21287d2471a312,housing costs over 30% of household income count divided by tenure total less not-calculated cases,The denominator excludes units where the housing-cost-to-income ratio was not calculated. Race and Hispanic-origin categories overlap and are not additive.,project_flag_standard,series_begins_2023_table_introduction
race_ethnicity_and_housing,housing_cost_burden_over_50_pct,Housing costs over 50% of household income,06097,Sonoma,2024,2024-12-31,annual rolling five-year estimate,9.4225517,percent,3.3763189,483,5126,,race_ethnicity_of_householder,hispanic_or_latino,Hispanic or Latino,owner_without_mortgage,,household residence,Owned units without a mortgage with a computable housing-cost ratio,CENSUS_ACS5_DETAIL,ACS5-2024-B25140I-table-based-summary-file,2026-08-10T21:40:54Z,9db92e88564f7eac086eea5b91d90ede54cebc373ccefe2e8d21287d2471a312,housing costs over 50% of household income count divided by tenure total less not-calculated cases,The denominator excludes units where the housing-cost-to-income ratio was not calculated. Race and Hispanic-origin categories overlap and are not additive.,project_flag_moderate_uncertainty,series_begins_2023_table_introduction
race_ethnicity_and_housing,housing_cost_burden_over_30_pct,Housing costs over 30% of household income,06097,Sonoma,2024,2024-12-31,annual rolling five-year estimate,54.24891897,percent,2.92685152,11542,21276,,race_ethnicity_of_householder,hispanic_or_latino,Hispanic or Latino,renter,,household residence,Rented units with a computable housing-cost ratio,CENSUS_ACS5_DETAIL,ACS5-2024-B25140I-table-based-summary-file,2026-08-10T21:40:54Z,9db92e88564f7eac086eea5b91d90ede54cebc373ccefe2e8d21287d2471a312,housing costs over 30% of household income count divided by tenure total less not-calculated cases,The denominator excludes units where the housing-cost-to-income ratio was not calculated. Race and Hispanic-origin categories overlap and are not additive.,project_flag_standard,series_begins_2023_table_introduction
race_ethnicity_and_housing,housing_cost_burden_over_50_pct,Housing costs over 50% of household income,06097,Sonoma,2024,2024-12-31,annual rolling five-year estimate,25.60631698,percent,2.70439846,5448,21276,,race_ethnicity_of_householder,hispanic_or_latino,Hispanic or Latino,renter,,household residence,Rented units with a computable housing-cost ratio,CENSUS_ACS5_DETAIL,ACS5-2024-B25140I-table-based-summary-file,2026-08-10T21:40:54Z,9db92e88564f7eac086eea5b91d90ede54cebc373ccefe2e8d21287d2471a312,housing costs over 50% of household income count divided by tenure total less not-calculated cases,The denominator excludes units where the housing-cost-to-income ratio was not calculated. Race and Hispanic-origin categories overlap and are not additive.,project_flag_standard,series_begins_2023_table_introduction
race_ethnicity_and_housing,homeownership_pct,Homeownership share,06097,Sonoma,2024,2024-12-31,annual rolling five-year estimate,37.10526316,percent,12.89109518,141,380,,race_ethnicity_of_householder,nhpi_alone,Native Hawaiian and Other Pacific Islander alone,,,household residence,occupied housing units in the stated householder group,CENSUS_ACS5_DETAIL,ACS5-2024-B25003E-table-based-summary-file,2026-08-10T21:40:54Z,bc9a8d937b8f8add717274b5dd99ecd5e19f85cc9c34eaec7fe37c7d9f0c7f23,owner-occupied units divided by occupied units,"Race and Hispanic-origin categories overlap and must not be summed. White alone includes Hispanic householders; White alone, not Hispanic is separate.",project_flag_high_uncertainty,comparable_within_table_and_vintage
race_ethnicity_and_housing,housing_cost_burden_over_30_pct,Housing costs over 30% of household income,06097,Sonoma,2024,2024-12-31,annual rolling five-year estimate,12.82051282,percent,13.61057906,10,78,,race_ethnicity_of_householder,nhpi_alone,Native Hawaiian and Other Pacific Islander alone,owner_with_mortgage,,household residence,Owned units with a mortgage with a computable housing-cost ratio,CENSUS_ACS5_DETAIL,ACS5-2024-B25140E-table-based-summary-file,2026-08-10T21:40:54Z,bcc9a240d47ba3546e92c0ae70f8632c8f90ff0083a08da1d1b9c9302126027d,housing costs over 30% of household income count divided by tenure total less not-calculated cases,The denominator excludes units where the housing-cost-to-income ratio was not calculated. Race and Hispanic-origin categories overlap and are not additive.,project_flag_low_denominator,series_begins_2023_table_introduction
race_ethnicity_and_housing,housing_cost_burden_over_50_pct,Housing costs over 50% of household income,06097,Sonoma,2024,2024-12-31,annual rolling five-year estimate,10.25641026,percent,13.32168325,8,78,,race_ethnicity_of_householder,nhpi_alone,Native Hawaiian and Other Pacific Islander alone,owner_with_mortgage,,household residence,Owned units with a mortgage with a computable housing-cost ratio,CENSUS_ACS5_DETAIL,ACS5-2024-B25140E-table-based-summary-file,2026-08-10T21:40:54Z,bcc9a240d47ba3546e92c0ae70f8632c8f90ff0083a08da1d1b9c9302126027d,housing costs over 50% of household income count divided by tenure total less not-calculated cases,The denominator excludes units where the housing-cost-to-income ratio was not calculated. Race and Hispanic-origin categories overlap and are not additive.,project_flag_low_denominator,series_begins_2023_table_introduction
race_ethnicity_and_housing,housing_cost_burden_over_30_pct,Housing costs over 30% of household income,06097,Sonoma,2024,2024-12-31,annual rolling five-year estimate,61.9047619,percent,25.98568662,39,63,,race_ethnicity_of_householder,nhpi_alone,Native Hawaiian and Other Pacific Islander alone,owner_without_mortgage,,household residence,Owned units without a mortgage with a computable housing-cost ratio,CENSUS_ACS5_DETAIL,ACS5-2024-B25140E-table-based-summary-file,2026-08-10T21:40:54Z,bcc9a240d47ba3546e92c0ae70f8632c8f90ff0083a08da1d1b9c9302126027d,housing costs over 30% of household income count divided by tenure total less not-calculated cases,The denominator excludes units where the housing-cost-to-income ratio was not calculated. Race and Hispanic-origin categories overlap and are not additive.,project_flag_low_denominator,series_begins_2023_table_introduction
race_ethnicity_and_housing,housing_cost_burden_over_50_pct,Housing costs over 50% of household income,06097,Sonoma,2024,2024-12-31,annual rolling five-year estimate,61.9047619,percent,25.98568662,39,63,,race_ethnicity_of_householder,nhpi_alone,Native Hawaiian and Other Pacific Islander alone,owner_without_mortgage,,household residence,Owned units without a mortgage with a computable housing-cost ratio,CENSUS_ACS5_DETAIL,ACS5-2024-B25140E-table-based-summary-file,2026-08-10T21:40:54Z,bcc9a240d47ba3546e92c0ae70f8632c8f90ff0083a08da1d1b9c9302126027d,housing costs over 50% of household income count divided by tenure total less not-calculated cases,The denominator excludes units where the housing-cost-to-income ratio was not calculated. Race and Hispanic-origin categories overlap and are not additive.,project_flag_low_denominator,series_begins_2023_table_introduction
race_ethnicity_and_housing,housing_cost_burden_over_30_pct,Housing costs over 30% of household income,06097,Sonoma,2024,2024-12-31,annual rolling five-year estimate,74.89539749,percent,24.29565766,179,239,,race_ethnicity_of_householder,nhpi_alone,Native Hawaiian and Other Pacific Islander alone,renter,,household residence,Rented units with a computable housing-cost ratio,CENSUS_ACS5_DETAIL,ACS5-2024-B25140E-table-based-summary-file,2026-08-10T21:40:54Z,bcc9a240d47ba3546e92c0ae70f8632c8f90ff0083a08da1d1b9c9302126027d,housing costs over 30% of household income count divided by tenure total less not-calculated cases,The denominator excludes units where the housing-cost-to-income ratio was not calculated. Race and Hispanic-origin categories overlap and are not additive.,project_flag_high_uncertainty,series_begins_2023_table_introduction
race_ethnicity_and_housing,housing_cost_burden_over_50_pct,Housing costs over 50% of household income,06097,Sonoma,2024,2024-12-31,annual rolling five-year estimate,47.28033473,percent,25.06945611,113,239,,race_ethnicity_of_householder,nhpi_alone,Native Hawaiian and Other Pacific Islander alone,renter,,household residence,Rented units with a computable housing-cost ratio,CENSUS_ACS5_DETAIL,ACS5-2024-B25140E-table-based-summary-file,2026-08-10T21:40:54Z,bcc9a240d47ba3546e92c0ae70f8632c8f90ff0083a08da1d1b9c9302126027d,housing costs over 50% of household income count divided by tenure total less not-calculated cases,The denominator excludes units where the housing-cost-to-income ratio was not calculated. Race and Hispanic-origin categories overlap and are not additive.,project_flag_high_uncertainty,series_begins_2023_table_introduction
race_ethnicity_and_housing,homeownership_pct,Homeownership share,06097,Sonoma,2024,2024-12-31,annual rolling five-year estimate,37.38933276,percent,1.83722028,6926,18524,,race_ethnicity_of_householder,some_other_race_alone,Some other race alone,,,household residence,occupied housing units in the stated householder group,CENSUS_ACS5_DETAIL,ACS5-2024-B25003F-table-based-summary-file,2026-08-10T21:40:54Z,d7fb5b61390c9b5451f142561b9a1a233303d38d5f6fcbc588dbda3633441d0c,owner-occupied units divided by occupied units,"Race and Hispanic-origin categories overlap and must not be summed. White alone includes Hispanic householders; White alone, not Hispanic is separate.",project_flag_standard,comparable_within_table_and_vintage
race_ethnicity_and_housing,housing_cost_burden_over_30_pct,Housing costs over 30% of household income,06097,Sonoma,2024,2024-12-31,annual rolling five-year estimate,43.05882353,percent,6.05949036,2013,4675,,race_ethnicity_of_householder,some_other_race_alone,Some other race alone,owner_with_mortgage,,household residence,Owned units with a mortgage with a computable housing-cost ratio,CENSUS_ACS5_DETAIL,ACS5-2024-B25140F-table-based-summary-file,2026-08-10T21:40:54Z,83d69d240f5c6059a20db4cece66141192007b1dc319dd073590e681f217394b,housing costs over 30% of household income count divided by tenure total less not-calculated cases,The denominator excludes units where the housing-cost-to-income ratio was not calculated. Race and Hispanic-origin categories overlap and are not additive.,project_flag_moderate_uncertainty,series_begins_2023_table_introduction
race_ethnicity_and_housing,housing_cost_burden_over_50_pct,Housing costs over 50% of household income,06097,Sonoma,2024,2024-12-31,annual rolling five-year estimate,22.39572193,percent,4.85167905,1047,4675,,race_ethnicity_of_householder,some_other_race_alone,Some other race alone,owner_with_mortgage,,household residence,Owned units with a mortgage with a computable housing-cost ratio,CENSUS_ACS5_DETAIL,ACS5-2024-B25140F-table-based-summary-file,2026-08-10T21:40:54Z,83d69d240f5c6059a20db4cece66141192007b1dc319dd073590e681f217394b,housing costs over 50% of household income count divided by tenure total less not-calculated cases,The denominator excludes units where the housing-cost-to-income ratio was not calculated. Race and Hispanic-origin categories overlap and are not additive.,project_flag_standard,series_begins_2023_table_introduction
race_ethnicity_and_housing,housing_cost_burden_over_30_pct,Housing costs over 30% of household income,06097,Sonoma,2024,2024-12-31,annual rolling five-year estimate,17.10171017,percent,7.57857645,380,2222,,race_ethnicity_of_householder,some_other_race_alone,Some other race alone,owner_without_mortgage,,household residence,Owned units without a mortgage with a computable housing-cost ratio,CENSUS_ACS5_DETAIL,ACS5-2024-B25140F-table-based-summary-file,2026-08-10T21:40:54Z,83d69d240f5c6059a20db4cece66141192007b1dc319dd073590e681f217394b,housing costs over 30% of household income count divided by tenure total less not-calculated cases,The denominator excludes units where the housing-cost-to-income ratio was not calculated. Race and Hispanic-origin categories overlap and are not additive.,project_flag_moderate_uncertainty,series_begins_2023_table_introduction
race_ethnicity_and_housing,housing_cost_burden_over_50_pct,Housing costs over 50% of household income,06097,Sonoma,2024,2024-12-31,annual rolling five-year estimate,8.46084608,percent,5.36465292,188,2222,,race_ethnicity_of_householder,some_other_race_alone,Some other race alone,owner_without_mortgage,,household residence,Owned units without a mortgage with a computable housing-cost ratio,CENSUS_ACS5_DETAIL,ACS5-2024-B25140F-table-based-summary-file,2026-08-10T21:40:54Z,83d69d240f5c6059a20db4cece66141192007b1dc319dd073590e681f217394b,housing costs over 50% of household income count divided by tenure total less not-calculated cases,The denominator excludes units where the housing-cost-to-income ratio was not calculated. Race and Hispanic-origin categories overlap and are not additive.,project_flag_high_uncertainty,series_begins_2023_table_introduction
race_ethnicity_and_housing,housing_cost_burden_over_30_pct,Housing costs over 30% of household income,06097,Sonoma,2024,2024-12-31,annual rolling five-year estimate,56.73846154,percent,4.74808243,6454,11375,,race_ethnicity_of_householder,some_other_race_alone,Some other race alone,renter,,household residence,Rented units with a computable housing-cost ratio,CENSUS_ACS5_DETAIL,ACS5-2024-B25140F-table-based-summary-file,2026-08-10T21:40:54Z,83d69d240f5c6059a20db4cece66141192007b1dc319dd073590e681f217394b,housing costs over 30% of household income count divided by tenure total less not-calculated cases,The denominator excludes units where the housing-cost-to-income ratio was not calculated. Race and Hispanic-origin categories overlap and are not additive.,project_flag_standard,series_begins_2023_table_introduction
race_ethnicity_and_housing,housing_cost_burden_over_50_pct,Housing costs over 50% of household income,06097,Sonoma,2024,2024-12-31,annual rolling five-year estimate,26.77802198,percent,4.45272344,3046,11375,,race_ethnicity_of_householder,some_other_race_alone,Some other race alone,renter,,household residence,Rented units with a computable housing-cost ratio,CENSUS_ACS5_DETAIL,ACS5-2024-B25140F-table-based-summary-file,2026-08-10T21:40:54Z,83d69d240f5c6059a20db4cece66141192007b1dc319dd073590e681f217394b,housing costs over 50% of household income count divided by tenure total less not-calculated cases,The denominator excludes units where the housing-cost-to-income ratio was not calculated. Race and Hispanic-origin categories overlap and are not additive.,project_flag_standard,series_begins_2023_table_introduction
race_ethnicity_and_housing,homeownership_pct,Homeownership share,06097,Sonoma,2024,2024-12-31,annual rolling five-year estimate,50.93614099,percent,2.34058595,11127,21845,,race_ethnicity_of_householder,two_or_more_races,Two or more races,,,household residence,occupied housing units in the stated householder group,CENSUS_ACS5_DETAIL,ACS5-2024-B25003G-table-based-summary-file,2026-08-10T21:40:54Z,d2a199a94da632778a823a0ce83725f97bb20d5bf32856b3d4553c38f97d294d,owner-occupied units divided by occupied units,"Race and Hispanic-origin categories overlap and must not be summed. White alone includes Hispanic householders; White alone, not Hispanic is separate.",project_flag_standard,comparable_within_table_and_vintage
race_ethnicity_and_housing,housing_cost_burden_over_30_pct,Housing costs over 30% of household income,06097,Sonoma,2024,2024-12-31,annual rolling five-year estimate,44.95543211,percent,5.51065676,3480,7741,,race_ethnicity_of_householder,two_or_more_races,Two or more races,owner_with_mortgage,,household residence,Owned units with a mortgage with a computable housing-cost ratio,CENSUS_ACS5_DETAIL,ACS5-2024-B25140G-table-based-summary-file,2026-08-10T21:40:54Z,85614a66b05ce30a256584351ebb20f265969c8205d17012954b357865ee0675,housing costs over 30% of household income count divided by tenure total less not-calculated cases,The denominator excludes units where the housing-cost-to-income ratio was not calculated. Race and Hispanic-origin categories overlap and are not additive.,project_flag_moderate_uncertainty,series_begins_2023_table_introduction
race_ethnicity_and_housing,housing_cost_burden_over_50_pct,Housing costs over 50% of household income,06097,Sonoma,2024,2024-12-31,annual rolling five-year estimate,19.23524092,percent,4.07080468,1489,7741,,race_ethnicity_of_householder,two_or_more_races,Two or more races,owner_with_mortgage,,household residence,Owned units with a mortgage with a computable housing-cost ratio,CENSUS_ACS5_DETAIL,ACS5-2024-B25140G-table-based-summary-file,2026-08-10T21:40:54Z,85614a66b05ce30a256584351ebb20f265969c8205d17012954b357865ee0675,housing costs over 50% of household income count divided by tenure total less not-calculated cases,The denominator excludes units where the housing-cost-to-income ratio was not calculated. Race and Hispanic-origin categories overlap and are not additive.,project_flag_standard,series_begins_2023_table_introduction
race_ethnicity_and_housing,housing_cost_burden_over_30_pct,Housing costs over 30% of household income,06097,Sonoma,2024,2024-12-31,annual rolling five-year estimate,20.00596303,percent,4.36057973,671,3354,,race_ethnicity_of_householder,two_or_more_races,Two or more races,owner_without_mortgage,,household residence,Owned units without a mortgage with a computable housing-cost ratio,CENSUS_ACS5_DETAIL,ACS5-2024-B25140G-table-based-summary-file,2026-08-10T21:40:54Z,85614a66b05ce30a256584351ebb20f265969c8205d17012954b357865ee0675,housing costs over 30% of household income count divided by tenure total less not-calculated cases,The denominator excludes units where the housing-cost-to-income ratio was not calculated. Race and Hispanic-origin categories overlap and are not additive.,project_flag_standard,series_begins_2023_table_introduction
race_ethnicity_and_housing,housing_cost_burden_over_50_pct,Housing costs over 50% of household income,06097,Sonoma,2024,2024-12-31,annual rolling five-year estimate,8.73583781,percent,3.52254397,293,3354,,race_ethnicity_of_householder,two_or_more_races,Two or more races,owner_without_mortgage,,household residence,Owned units without a mortgage with a computable housing-cost ratio,CENSUS_ACS5_DETAIL,ACS5-2024-B25140G-table-based-summary-file,2026-08-10T21:40:54Z,85614a66b05ce30a256584351ebb20f265969c8205d17012954b357865ee0675,housing costs over 50% of household income count divided by tenure total less not-calculated cases,The denominator excludes units where the housing-cost-to-income ratio was not calculated. Race and Hispanic-origin categories overlap and are not additive.,project_flag_moderate_uncertainty,series_begins_2023_table_introduction
race_ethnicity_and_housing,housing_cost_burden_over_30_pct,Housing costs over 30% of household income,06097,Sonoma,2024,2024-12-31,annual rolling five-year estimate,55.57456229,percent,3.99124987,5523,9938,,race_ethnicity_of_householder,two_or_more_races,Two or more races,renter,,household residence,Rented units with a computable housing-cost ratio,CENSUS_ACS5_DETAIL,ACS5-2024-B25140G-table-based-summary-file,2026-08-10T21:40:54Z,85614a66b05ce30a256584351ebb20f265969c8205d17012954b357865ee0675,housing costs over 30% of household income count divided by tenure total less not-calculated cases,The denominator excludes units where the housing-cost-to-income ratio was not calculated. Race and Hispanic-origin categories overlap and are not additive.,project_flag_standard,series_begins_2023_table_introduction
race_ethnicity_and_housing,housing_cost_burden_over_50_pct,Housing costs over 50% of household income,06097,Sonoma,2024,2024-12-31,annual rolling five-year estimate,24.10947877,percent,4.07832323,2396,9938,,race_ethnicity_of_householder,two_or_more_races,Two or more races,renter,,household residence,Rented units with a computable housing-cost ratio,CENSUS_ACS5_DETAIL,ACS5-2024-B25140G-table-based-summary-file,2026-08-10T21:40:54Z,85614a66b05ce30a256584351ebb20f265969c8205d17012954b357865ee0675,housing costs over 50% of household income count divided by tenure total less not-calculated cases,The denominator excludes units where the housing-cost-to-income ratio was not calculated. Race and Hispanic-origin categories overlap and are not additive.,project_flag_standard,series_begins_2023_table_introduction
race_ethnicity_and_housing,homeownership_pct,Homeownership share,06097,Sonoma,2024,2024-12-31,annual rolling five-year estimate,68.58235328,percent,0.87066313,94704,138088,,race_ethnicity_of_householder,white_alone,White alone,,,household residence,occupied housing units in the stated householder group,CENSUS_ACS5_DETAIL,ACS5-2024-B25003A-table-based-summary-file,2026-08-10T21:40:54Z,0a0e607eda31b52759431fe7390f03f1205daeb91867fb5f31cdce7158a282af,owner-occupied units divided by occupied units,"Race and Hispanic-origin categories overlap and must not be summed. White alone includes Hispanic householders; White alone, not Hispanic is separate.",project_flag_standard,comparable_within_table_and_vintage
race_ethnicity_and_housing,housing_cost_burden_over_30_pct,Housing costs over 30% of household income,06097,Sonoma,2024,2024-12-31,annual rolling five-year estimate,35.78949076,percent,1.48703486,22061,61641,,race_ethnicity_of_householder,white_alone,White alone,owner_with_mortgage,,household residence,Owned units with a mortgage with a computable housing-cost ratio,CENSUS_ACS5_DETAIL,ACS5-2024-B25140A-table-based-summary-file,2026-08-10T21:40:54Z,53814337ca0423994c5cf54d663fb59efa08aaf17cca8dd70c35056588460ba9,housing costs over 30% of household income count divided by tenure total less not-calculated cases,The denominator excludes units where the housing-cost-to-income ratio was not calculated. Race and Hispanic-origin categories overlap and are not additive.,project_flag_standard,series_begins_2023_table_introduction
race_ethnicity_and_housing,housing_cost_burden_over_50_pct,Housing costs over 50% of household income,06097,Sonoma,2024,2024-12-31,annual rolling five-year estimate,15.35179507,percent,1.02005584,9463,61641,,race_ethnicity_of_householder,white_alone,White alone,owner_with_mortgage,,household residence,Owned units with a mortgage with a computable housing-cost ratio,CENSUS_ACS5_DETAIL,ACS5-2024-B25140A-table-based-summary-file,2026-08-10T21:40:54Z,53814337ca0423994c5cf54d663fb59efa08aaf17cca8dd70c35056588460ba9,housing costs over 50% of household income count divided by tenure total less not-calculated cases,The denominator excludes units where the housing-cost-to-income ratio was not calculated. Race and Hispanic-origin categories overlap and are not additive.,project_flag_standard,series_begins_2023_table_introduction
race_ethnicity_and_housing,housing_cost_burden_over_30_pct,Housing costs over 30% of household income,06097,Sonoma,2024,2024-12-31,annual rolling five-year estimate,17.62414198,percent,1.77872919,5700,32342,,race_ethnicity_of_householder,white_alone,White alone,owner_without_mortgage,,household residence,Owned units without a mortgage with a computable housing-cost ratio,CENSUS_ACS5_DETAIL,ACS5-2024-B25140A-table-based-summary-file,2026-08-10T21:40:54Z,53814337ca0423994c5cf54d663fb59efa08aaf17cca8dd70c35056588460ba9,housing costs over 30% of household income count divided by tenure total less not-calculated cases,The denominator excludes units where the housing-cost-to-income ratio was not calculated. Race and Hispanic-origin categories overlap and are not additive.,project_flag_standard,series_begins_2023_table_introduction
race_ethnicity_and_housing,housing_cost_burden_over_50_pct,Housing costs over 50% of household income,06097,Sonoma,2024,2024-12-31,annual rolling five-year estimate,8.86154227,percent,1.15550383,2866,32342,,race_ethnicity_of_householder,white_alone,White alone,owner_without_mortgage,,household residence,Owned units without a mortgage with a computable housing-cost ratio,CENSUS_ACS5_DETAIL,ACS5-2024-B25140A-table-based-summary-file,2026-08-10T21:40:54Z,53814337ca0423994c5cf54d663fb59efa08aaf17cca8dd70c35056588460ba9,housing costs over 50% of household income count divided by tenure total less not-calculated cases,The denominator excludes units where the housing-cost-to-income ratio was not calculated. Race and Hispanic-origin categories overlap and are not additive.,project_flag_standard,series_begins_2023_table_introduction
race_ethnicity_and_housing,housing_cost_burden_over_30_pct,Housing costs over 30% of household income,06097,Sonoma,2024,2024-12-31,annual rolling five-year estimate,50.72674777,percent,2.71127714,20556,40523,,race_ethnicity_of_householder,white_alone,White alone,renter,,household residence,Rented units with a computable housing-cost ratio,CENSUS_ACS5_DETAIL,ACS5-2024-B25140A-table-based-summary-file,2026-08-10T21:40:54Z,53814337ca0423994c5cf54d663fb59efa08aaf17cca8dd70c35056588460ba9,housing costs over 30% of household income count divided by tenure total less not-calculated cases,The denominator excludes units where the housing-cost-to-income ratio was not calculated. Race and Hispanic-origin categories overlap and are not additive.,project_flag_standard,series_begins_2023_table_introduction
race_ethnicity_and_housing,housing_cost_burden_over_50_pct,Housing costs over 50% of household income,06097,Sonoma,2024,2024-12-31,annual rolling five-year estimate,25.40532537,percent,1.99422995,10295,40523,,race_ethnicity_of_householder,white_alone,White alone,renter,,household residence,Rented units with a computable housing-cost ratio,CENSUS_ACS5_DETAIL,ACS5-2024-B25140A-table-based-summary-file,2026-08-10T21:40:54Z,53814337ca0423994c5cf54d663fb59efa08aaf17cca8dd70c35056588460ba9,housing costs over 50% of household income count divided by tenure total less not-calculated cases,The denominator excludes units where the housing-cost-to-income ratio was not calculated. Race and Hispanic-origin categories overlap and are not additive.,project_flag_standard,series_begins_2023_table_introduction
race_ethnicity_and_housing,homeownership_pct,Homeownership share,06097,Sonoma,2024,2024-12-31,annual rolling five-year estimate,69.23181725,percent,0.89372091,91467,132117,,race_ethnicity_of_householder,white_non_hispanic,"White alone, not Hispanic or Latino",,,household residence,occupied housing units in the stated householder group,CENSUS_ACS5_DETAIL,ACS5-2024-B25003H-table-based-summary-file,2026-08-10T21:40:54Z,b4f56c76ae8f3c088e3e673c684e58f0e81cbbc0ea962e8b8c9b6029b5b4cc58,owner-occupied units divided by occupied units,"Race and Hispanic-origin categories overlap and must not be summed. White alone includes Hispanic householders; White alone, not Hispanic is separate.",project_flag_standard,comparable_within_table_and_vintage
race_ethnicity_and_housing,housing_cost_burden_over_30_pct,Housing costs over 30% of household income,06097,Sonoma,2024,2024-12-31,annual rolling five-year estimate,35.47096556,percent,1.43178358,21013,59240,,race_ethnicity_of_householder,white_non_hispanic,"White alone, not Hispanic or Latino",owner_with_mortgage,,household residence,Owned units with a mortgage with a computable housing-cost ratio,CENSUS_ACS5_DETAIL,ACS5-2024-B25140H-table-based-summary-file,2026-08-10T21:40:54Z,2dc6fe9ad8eecc7debcefc90e0be1ba1277c00acf55e648bbc9a20d477f4171e,housing costs over 30% of household income count divided by tenure total less not-calculated cases,The denominator excludes units where the housing-cost-to-income ratio was not calculated. Race and Hispanic-origin categories overlap and are not additive.,project_flag_standard,series_begins_2023_table_introduction
race_ethnicity_and_housing,housing_cost_burden_over_50_pct,Housing costs over 50% of household income,06097,Sonoma,2024,2024-12-31,annual rolling five-year estimate,15.26671168,percent,1.05726507,9044,59240,,race_ethnicity_of_householder,white_non_hispanic,"White alone, not Hispanic or Latino",owner_with_mortgage,,household residence,Owned units with a mortgage with a computable housing-cost ratio,CENSUS_ACS5_DETAIL,ACS5-2024-B25140H-table-based-summary-file,2026-08-10T21:40:54Z,2dc6fe9ad8eecc7debcefc90e0be1ba1277c00acf55e648bbc9a20d477f4171e,housing costs over 50% of household income count divided by tenure total less not-calculated cases,The denominator excludes units where the housing-cost-to-income ratio was not calculated. Race and Hispanic-origin categories overlap and are not additive.,project_flag_standard,series_begins_2023_table_introduction
race_ethnicity_and_housing,housing_cost_burden_over_30_pct,Housing costs over 30% of household income,06097,Sonoma,2024,2024-12-31,annual rolling five-year estimate,17.72244251,percent,1.79826398,5587,31525,,race_ethnicity_of_householder,white_non_hispanic,"White alone, not Hispanic or Latino",owner_without_mortgage,,household residence,Owned units without a mortgage with a computable housing-cost ratio,CENSUS_ACS5_DETAIL,ACS5-2024-B25140H-table-based-summary-file,2026-08-10T21:40:54Z,2dc6fe9ad8eecc7debcefc90e0be1ba1277c00acf55e648bbc9a20d477f4171e,housing costs over 30% of household income count divided by tenure total less not-calculated cases,The denominator excludes units where the housing-cost-to-income ratio was not calculated. Race and Hispanic-origin categories overlap and are not additive.,project_flag_standard,series_begins_2023_table_introduction
race_ethnicity_and_housing,housing_cost_burden_over_50_pct,Housing costs over 50% of household income,06097,Sonoma,2024,2024-12-31,annual rolling five-year estimate,9.00555115,percent,1.18731976,2839,31525,,race_ethnicity_of_householder,white_non_hispanic,"White alone, not Hispanic or Latino",owner_without_mortgage,,household residence,Owned units without a mortgage with a computable housing-cost ratio,CENSUS_ACS5_DETAIL,ACS5-2024-B25140H-table-based-summary-file,2026-08-10T21:40:54Z,2dc6fe9ad8eecc7debcefc90e0be1ba1277c00acf55e648bbc9a20d477f4171e,housing costs over 50% of household income count divided by tenure total less not-calculated cases,The denominator excludes units where the housing-cost-to-income ratio was not calculated. Race and Hispanic-origin categories overlap and are not additive.,project_flag_standard,series_begins_2023_table_introduction
race_ethnicity_and_housing,housing_cost_burden_over_30_pct,Housing costs over 30% of household income,06097,Sonoma,2024,2024-12-31,annual rolling five-year estimate,50.98303117,percent,2.77948747,19319,37893,,race_ethnicity_of_householder,white_non_hispanic,"White alone, not Hispanic or Latino",renter,,household residence,Rented units with a computable housing-cost ratio,CENSUS_ACS5_DETAIL,ACS5-2024-B25140H-table-based-summary-file,2026-08-10T21:40:54Z,2dc6fe9ad8eecc7debcefc90e0be1ba1277c00acf55e648bbc9a20d477f4171e,housing costs over 30% of household income count divided by tenure total less not-calculated cases,The denominator excludes units where the housing-cost-to-income ratio was not calculated. Race and Hispanic-origin categories overlap and are not additive.,project_flag_standard,series_begins_2023_table_introduction
race_ethnicity_and_housing,housing_cost_burden_over_50_pct,Housing costs over 50% of household income,06097,Sonoma,2024,2024-12-31,annual rolling five-year estimate,25.59311746,percent,2.09202015,9698,37893,,race_ethnicity_of_householder,white_non_hispanic,"White alone, not Hispanic or Latino",renter,,household residence,Rented units with a computable housing-cost ratio,CENSUS_ACS5_DETAIL,ACS5-2024-B25140H-table-based-summary-file,2026-08-10T21:40:54Z,2dc6fe9ad8eecc7debcefc90e0be1ba1277c00acf55e648bbc9a20d477f4171e,housing costs over 50% of household income count divided by tenure total less not-calculated cases,The denominator excludes units where the housing-cost-to-income ratio was not calculated. Race and Hispanic-origin categories overlap and are not additive.,project_flag_standard,series_begins_2023_table_introduction
