domain,metric_id,metric_name,county_fips,county_name,period,period_end,frequency,value,unit,margin_of_error,source_ids,source_releases,retrieved_at,raw_sha256s,calculation,notes,comparability_status
displacement_pressure,median_gross_rent,Median gross rent,06001,Alameda,2024,2024-12-31,annual five-year estimate,2357.0,current dollars per month,16.0,CENSUS_ACS5_BULK,ACS5-2024-B25064,2026-08-08T18:25:52Z,cb9a8e1adbece0f5f5bb34a7503e374287fcc416120ca45b4a487aaf10dcdcce,published,ACS five-year estimate; consecutive vintages contain overlapping survey years. Reused from the verified Version 1.1 evidence layer.,comparable_within_series
displacement_pressure,median_gross_rent,Median gross rent,06013,Contra Costa,2024,2024-12-31,annual five-year estimate,2375.0,current dollars per month,22.0,CENSUS_ACS5_BULK,ACS5-2024-B25064,2026-08-08T18:25:52Z,cb9a8e1adbece0f5f5bb34a7503e374287fcc416120ca45b4a487aaf10dcdcce,published,ACS five-year estimate; consecutive vintages contain overlapping survey years. Reused from the verified Version 1.1 evidence layer.,comparable_within_series
displacement_pressure,median_gross_rent,Median gross rent,06041,Marin,2024,2024-12-31,annual five-year estimate,2668.0,current dollars per month,83.0,CENSUS_ACS5_BULK,ACS5-2024-B25064,2026-08-08T18:25:52Z,cb9a8e1adbece0f5f5bb34a7503e374287fcc416120ca45b4a487aaf10dcdcce,published,ACS five-year estimate; consecutive vintages contain overlapping survey years. Reused from the verified Version 1.1 evidence layer.,comparable_within_series
displacement_pressure,median_gross_rent,Median gross rent,06055,Napa,2024,2024-12-31,annual five-year estimate,2237.0,current dollars per month,56.0,CENSUS_ACS5_BULK,ACS5-2024-B25064,2026-08-08T18:25:52Z,cb9a8e1adbece0f5f5bb34a7503e374287fcc416120ca45b4a487aaf10dcdcce,published,ACS five-year estimate; consecutive vintages contain overlapping survey years. Reused from the verified Version 1.1 evidence layer.,comparable_within_series
displacement_pressure,median_gross_rent,Median gross rent,06075,San Francisco,2024,2024-12-31,annual five-year estimate,2476.0,current dollars per month,30.0,CENSUS_ACS5_BULK,ACS5-2024-B25064,2026-08-08T18:25:52Z,cb9a8e1adbece0f5f5bb34a7503e374287fcc416120ca45b4a487aaf10dcdcce,published,ACS five-year estimate; consecutive vintages contain overlapping survey years. Reused from the verified Version 1.1 evidence layer.,comparable_within_series
displacement_pressure,median_gross_rent,Median gross rent,06081,San Mateo,2024,2024-12-31,annual five-year estimate,2922.0,current dollars per month,40.0,CENSUS_ACS5_BULK,ACS5-2024-B25064,2026-08-08T18:25:52Z,cb9a8e1adbece0f5f5bb34a7503e374287fcc416120ca45b4a487aaf10dcdcce,published,ACS five-year estimate; consecutive vintages contain overlapping survey years. Reused from the verified Version 1.1 evidence layer.,comparable_within_series
displacement_pressure,median_gross_rent,Median gross rent,06085,Santa Clara,2024,2024-12-31,annual five-year estimate,2857.0,current dollars per month,19.0,CENSUS_ACS5_BULK,ACS5-2024-B25064,2026-08-08T18:25:52Z,cb9a8e1adbece0f5f5bb34a7503e374287fcc416120ca45b4a487aaf10dcdcce,published,ACS five-year estimate; consecutive vintages contain overlapping survey years. Reused from the verified Version 1.1 evidence layer.,comparable_within_series
displacement_pressure,median_gross_rent,Median gross rent,06095,Solano,2024,2024-12-31,annual five-year estimate,2163.0,current dollars per month,31.0,CENSUS_ACS5_BULK,ACS5-2024-B25064,2026-08-08T18:25:52Z,cb9a8e1adbece0f5f5bb34a7503e374287fcc416120ca45b4a487aaf10dcdcce,published,ACS five-year estimate; consecutive vintages contain overlapping survey years. Reused from the verified Version 1.1 evidence layer.,comparable_within_series
displacement_pressure,median_gross_rent,Median gross rent,06097,Sonoma,2024,2024-12-31,annual five-year estimate,2158.0,current dollars per month,30.0,CENSUS_ACS5_BULK,ACS5-2024-B25064,2026-08-08T18:25:52Z,cb9a8e1adbece0f5f5bb34a7503e374287fcc416120ca45b4a487aaf10dcdcce,published,ACS five-year estimate; consecutive vintages contain overlapping survey years. Reused from the verified Version 1.1 evidence layer.,comparable_within_series
displacement_pressure,renter_overcrowding_pct,Renter households with more than one occupant per room,06001,Alameda,2024,2024-12-31,annual five-year estimate,11.538955110601055,percent,,CENSUS_ACS5_BULK,ACS5-2024-B25014,2026-08-08T22:58:45Z,f1e300fd36416aff698ae40d0b662d1c9e4128be6fd18ba769cd662e700a6e92,B25014 renter categories above 1.00 occupants per room divided by renter-occupied units,Transparent displacement-pressure component; no composite risk score is calculated.,comparable_within_series
displacement_pressure,renter_overcrowding_pct,Renter households with more than one occupant per room,06013,Contra Costa,2024,2024-12-31,annual five-year estimate,10.994132641517972,percent,,CENSUS_ACS5_BULK,ACS5-2024-B25014,2026-08-08T22:58:45Z,f1e300fd36416aff698ae40d0b662d1c9e4128be6fd18ba769cd662e700a6e92,B25014 renter categories above 1.00 occupants per room divided by renter-occupied units,Transparent displacement-pressure component; no composite risk score is calculated.,comparable_within_series
displacement_pressure,renter_overcrowding_pct,Renter households with more than one occupant per room,06041,Marin,2024,2024-12-31,annual five-year estimate,10.716444151420252,percent,,CENSUS_ACS5_BULK,ACS5-2024-B25014,2026-08-08T22:58:45Z,f1e300fd36416aff698ae40d0b662d1c9e4128be6fd18ba769cd662e700a6e92,B25014 renter categories above 1.00 occupants per room divided by renter-occupied units,Transparent displacement-pressure component; no composite risk score is calculated.,comparable_within_series
displacement_pressure,renter_overcrowding_pct,Renter households with more than one occupant per room,06055,Napa,2024,2024-12-31,annual five-year estimate,10.07249560632689,percent,,CENSUS_ACS5_BULK,ACS5-2024-B25014,2026-08-08T22:58:45Z,f1e300fd36416aff698ae40d0b662d1c9e4128be6fd18ba769cd662e700a6e92,B25014 renter categories above 1.00 occupants per room divided by renter-occupied units,Transparent displacement-pressure component; no composite risk score is calculated.,comparable_within_series
displacement_pressure,renter_overcrowding_pct,Renter households with more than one occupant per room,06075,San Francisco,2024,2024-12-31,annual five-year estimate,7.3499530929737285,percent,,CENSUS_ACS5_BULK,ACS5-2024-B25014,2026-08-08T22:58:45Z,f1e300fd36416aff698ae40d0b662d1c9e4128be6fd18ba769cd662e700a6e92,B25014 renter categories above 1.00 occupants per room divided by renter-occupied units,Transparent displacement-pressure component; no composite risk score is calculated.,comparable_within_series
displacement_pressure,renter_overcrowding_pct,Renter households with more than one occupant per room,06081,San Mateo,2024,2024-12-31,annual five-year estimate,13.19618985174662,percent,,CENSUS_ACS5_BULK,ACS5-2024-B25014,2026-08-08T22:58:45Z,f1e300fd36416aff698ae40d0b662d1c9e4128be6fd18ba769cd662e700a6e92,B25014 renter categories above 1.00 occupants per room divided by renter-occupied units,Transparent displacement-pressure component; no composite risk score is calculated.,comparable_within_series
displacement_pressure,renter_overcrowding_pct,Renter households with more than one occupant per room,06085,Santa Clara,2024,2024-12-31,annual five-year estimate,12.312039594066292,percent,,CENSUS_ACS5_BULK,ACS5-2024-B25014,2026-08-08T22:58:45Z,f1e300fd36416aff698ae40d0b662d1c9e4128be6fd18ba769cd662e700a6e92,B25014 renter categories above 1.00 occupants per room divided by renter-occupied units,Transparent displacement-pressure component; no composite risk score is calculated.,comparable_within_series
displacement_pressure,renter_overcrowding_pct,Renter households with more than one occupant per room,06095,Solano,2024,2024-12-31,annual five-year estimate,9.849096121821834,percent,,CENSUS_ACS5_BULK,ACS5-2024-B25014,2026-08-08T22:58:45Z,f1e300fd36416aff698ae40d0b662d1c9e4128be6fd18ba769cd662e700a6e92,B25014 renter categories above 1.00 occupants per room divided by renter-occupied units,Transparent displacement-pressure component; no composite risk score is calculated.,comparable_within_series
displacement_pressure,renter_overcrowding_pct,Renter households with more than one occupant per room,06097,Sonoma,2024,2024-12-31,annual five-year estimate,9.065826330532213,percent,,CENSUS_ACS5_BULK,ACS5-2024-B25014,2026-08-08T22:58:45Z,f1e300fd36416aff698ae40d0b662d1c9e4128be6fd18ba769cd662e700a6e92,B25014 renter categories above 1.00 occupants per room divided by renter-occupied units,Transparent displacement-pressure component; no composite risk score is calculated.,comparable_within_series
displacement_pressure,renter_severe_cost_burden_50_plus_pct,Renters spending at least 50% of income on rent,06001,Alameda,2024,2024-12-31,annual five-year estimate,26.217597509403,percent,,CENSUS_ACS5_BULK,ACS5-2024-B25070,2026-08-08T18:25:52Z,14218adb7b94e91209d00aad85f0283f53c607f70654d062764a4e3fe4e4cf4c,B25070 50%+ category divided by computed cases,Derived point estimate; no derived margin of error is asserted. Reused from the verified Version 1.1 evidence layer.,comparable_within_series
displacement_pressure,renter_severe_cost_burden_50_plus_pct,Renters spending at least 50% of income on rent,06013,Contra Costa,2024,2024-12-31,annual five-year estimate,28.12338964776394,percent,,CENSUS_ACS5_BULK,ACS5-2024-B25070,2026-08-08T18:25:52Z,14218adb7b94e91209d00aad85f0283f53c607f70654d062764a4e3fe4e4cf4c,B25070 50%+ category divided by computed cases,Derived point estimate; no derived margin of error is asserted. Reused from the verified Version 1.1 evidence layer.,comparable_within_series
displacement_pressure,renter_severe_cost_burden_50_plus_pct,Renters spending at least 50% of income on rent,06041,Marin,2024,2024-12-31,annual five-year estimate,31.18220632356335,percent,,CENSUS_ACS5_BULK,ACS5-2024-B25070,2026-08-08T18:25:52Z,14218adb7b94e91209d00aad85f0283f53c607f70654d062764a4e3fe4e4cf4c,B25070 50%+ category divided by computed cases,Derived point estimate; no derived margin of error is asserted. Reused from the verified Version 1.1 evidence layer.,comparable_within_series
displacement_pressure,renter_severe_cost_burden_50_plus_pct,Renters spending at least 50% of income on rent,06055,Napa,2024,2024-12-31,annual five-year estimate,26.630497518180768,percent,,CENSUS_ACS5_BULK,ACS5-2024-B25070,2026-08-08T18:25:52Z,14218adb7b94e91209d00aad85f0283f53c607f70654d062764a4e3fe4e4cf4c,B25070 50%+ category divided by computed cases,Derived point estimate; no derived margin of error is asserted. Reused from the verified Version 1.1 evidence layer.,comparable_within_series
displacement_pressure,renter_severe_cost_burden_50_plus_pct,Renters spending at least 50% of income on rent,06075,San Francisco,2024,2024-12-31,annual five-year estimate,19.7707963405711,percent,,CENSUS_ACS5_BULK,ACS5-2024-B25070,2026-08-08T18:25:52Z,14218adb7b94e91209d00aad85f0283f53c607f70654d062764a4e3fe4e4cf4c,B25070 50%+ category divided by computed cases,Derived point estimate; no derived margin of error is asserted. Reused from the verified Version 1.1 evidence layer.,comparable_within_series
displacement_pressure,renter_severe_cost_burden_50_plus_pct,Renters spending at least 50% of income on rent,06081,San Mateo,2024,2024-12-31,annual five-year estimate,24.94679840395212,percent,,CENSUS_ACS5_BULK,ACS5-2024-B25070,2026-08-08T18:25:52Z,14218adb7b94e91209d00aad85f0283f53c607f70654d062764a4e3fe4e4cf4c,B25070 50%+ category divided by computed cases,Derived point estimate; no derived margin of error is asserted. Reused from the verified Version 1.1 evidence layer.,comparable_within_series
displacement_pressure,renter_severe_cost_burden_50_plus_pct,Renters spending at least 50% of income on rent,06085,Santa Clara,2024,2024-12-31,annual five-year estimate,21.00339002084547,percent,,CENSUS_ACS5_BULK,ACS5-2024-B25070,2026-08-08T18:25:52Z,14218adb7b94e91209d00aad85f0283f53c607f70654d062764a4e3fe4e4cf4c,B25070 50%+ category divided by computed cases,Derived point estimate; no derived margin of error is asserted. Reused from the verified Version 1.1 evidence layer.,comparable_within_series
displacement_pressure,renter_severe_cost_burden_50_plus_pct,Renters spending at least 50% of income on rent,06095,Solano,2024,2024-12-31,annual five-year estimate,30.942230571913726,percent,,CENSUS_ACS5_BULK,ACS5-2024-B25070,2026-08-08T18:25:52Z,14218adb7b94e91209d00aad85f0283f53c607f70654d062764a4e3fe4e4cf4c,B25070 50%+ category divided by computed cases,Derived point estimate; no derived margin of error is asserted. Reused from the verified Version 1.1 evidence layer.,comparable_within_series
displacement_pressure,renter_severe_cost_burden_50_plus_pct,Renters spending at least 50% of income on rent,06097,Sonoma,2024,2024-12-31,annual five-year estimate,26.300384803957982,percent,,CENSUS_ACS5_BULK,ACS5-2024-B25070,2026-08-08T18:25:52Z,14218adb7b94e91209d00aad85f0283f53c607f70654d062764a4e3fe4e4cf4c,B25070 50%+ category divided by computed cases,Derived point estimate; no derived margin of error is asserted. Reused from the verified Version 1.1 evidence layer.,comparable_within_series
displacement_pressure,renter_severe_overcrowding_pct,Renter households with more than 1.5 occupants per room,06001,Alameda,2024,2024-12-31,annual five-year estimate,4.942857038098975,percent,,CENSUS_ACS5_BULK,ACS5-2024-B25014,2026-08-08T22:58:45Z,f1e300fd36416aff698ae40d0b662d1c9e4128be6fd18ba769cd662e700a6e92,B25014 renter categories above 1.50 occupants per room divided by renter-occupied units,Transparent displacement-pressure component; no composite risk score is calculated.,comparable_within_series
displacement_pressure,renter_severe_overcrowding_pct,Renter households with more than 1.5 occupants per room,06013,Contra Costa,2024,2024-12-31,annual five-year estimate,4.7474320879651275,percent,,CENSUS_ACS5_BULK,ACS5-2024-B25014,2026-08-08T22:58:45Z,f1e300fd36416aff698ae40d0b662d1c9e4128be6fd18ba769cd662e700a6e92,B25014 renter categories above 1.50 occupants per room divided by renter-occupied units,Transparent displacement-pressure component; no composite risk score is calculated.,comparable_within_series
displacement_pressure,renter_severe_overcrowding_pct,Renter households with more than 1.5 occupants per room,06041,Marin,2024,2024-12-31,annual five-year estimate,4.606889731333443,percent,,CENSUS_ACS5_BULK,ACS5-2024-B25014,2026-08-08T22:58:45Z,f1e300fd36416aff698ae40d0b662d1c9e4128be6fd18ba769cd662e700a6e92,B25014 renter categories above 1.50 occupants per room divided by renter-occupied units,Transparent displacement-pressure component; no composite risk score is calculated.,comparable_within_series
displacement_pressure,renter_severe_overcrowding_pct,Renter households with more than 1.5 occupants per room,06055,Napa,2024,2024-12-31,annual five-year estimate,2.680140597539543,percent,,CENSUS_ACS5_BULK,ACS5-2024-B25014,2026-08-08T22:58:45Z,f1e300fd36416aff698ae40d0b662d1c9e4128be6fd18ba769cd662e700a6e92,B25014 renter categories above 1.50 occupants per room divided by renter-occupied units,Transparent displacement-pressure component; no composite risk score is calculated.,comparable_within_series
displacement_pressure,renter_severe_overcrowding_pct,Renter households with more than 1.5 occupants per room,06075,San Francisco,2024,2024-12-31,annual five-year estimate,4.851209134198556,percent,,CENSUS_ACS5_BULK,ACS5-2024-B25014,2026-08-08T22:58:45Z,f1e300fd36416aff698ae40d0b662d1c9e4128be6fd18ba769cd662e700a6e92,B25014 renter categories above 1.50 occupants per room divided by renter-occupied units,Transparent displacement-pressure component; no composite risk score is calculated.,comparable_within_series
displacement_pressure,renter_severe_overcrowding_pct,Renter households with more than 1.5 occupants per room,06081,San Mateo,2024,2024-12-31,annual five-year estimate,6.8844934979783625,percent,,CENSUS_ACS5_BULK,ACS5-2024-B25014,2026-08-08T22:58:45Z,f1e300fd36416aff698ae40d0b662d1c9e4128be6fd18ba769cd662e700a6e92,B25014 renter categories above 1.50 occupants per room divided by renter-occupied units,Transparent displacement-pressure component; no composite risk score is calculated.,comparable_within_series
displacement_pressure,renter_severe_overcrowding_pct,Renter households with more than 1.5 occupants per room,06085,Santa Clara,2024,2024-12-31,annual five-year estimate,5.591041369857464,percent,,CENSUS_ACS5_BULK,ACS5-2024-B25014,2026-08-08T22:58:45Z,f1e300fd36416aff698ae40d0b662d1c9e4128be6fd18ba769cd662e700a6e92,B25014 renter categories above 1.50 occupants per room divided by renter-occupied units,Transparent displacement-pressure component; no composite risk score is calculated.,comparable_within_series
displacement_pressure,renter_severe_overcrowding_pct,Renter households with more than 1.5 occupants per room,06095,Solano,2024,2024-12-31,annual five-year estimate,3.6206630156740887,percent,,CENSUS_ACS5_BULK,ACS5-2024-B25014,2026-08-08T22:58:45Z,f1e300fd36416aff698ae40d0b662d1c9e4128be6fd18ba769cd662e700a6e92,B25014 renter categories above 1.50 occupants per room divided by renter-occupied units,Transparent displacement-pressure component; no composite risk score is calculated.,comparable_within_series
displacement_pressure,renter_severe_overcrowding_pct,Renter households with more than 1.5 occupants per room,06097,Sonoma,2024,2024-12-31,annual five-year estimate,3.645658263305322,percent,,CENSUS_ACS5_BULK,ACS5-2024-B25014,2026-08-08T22:58:45Z,f1e300fd36416aff698ae40d0b662d1c9e4128be6fd18ba769cd662e700a6e92,B25014 renter categories above 1.50 occupants per room divided by renter-occupied units,Transparent displacement-pressure component; no composite risk score is calculated.,comparable_within_series
eviction_filings,renter_households,Renter-occupied households,06001,Alameda,2024,2024-12-31,annual five-year estimate,272737.0,households,2935.0,CENSUS_ACS5_BULK,ACS5-2024-B25003,2026-08-08T22:58:45Z,ab37c35ae81c77010783482e6bf5fc62d8b850e600c47d20497bf5a56e8eb9c7,published,"ACS five-year estimate used as an exposure denominator, not a count of leases.",comparable_within_series
eviction_filings,renter_households,Renter-occupied households,06013,Contra Costa,2024,2024-12-31,annual five-year estimate,132598.0,households,2301.0,CENSUS_ACS5_BULK,ACS5-2024-B25003,2026-08-08T22:58:45Z,ab37c35ae81c77010783482e6bf5fc62d8b850e600c47d20497bf5a56e8eb9c7,published,"ACS five-year estimate used as an exposure denominator, not a count of leases.",comparable_within_series
eviction_filings,renter_households,Renter-occupied households,06041,Marin,2024,2024-12-31,annual five-year estimate,36402.0,households,1167.0,CENSUS_ACS5_BULK,ACS5-2024-B25003,2026-08-08T22:58:45Z,ab37c35ae81c77010783482e6bf5fc62d8b850e600c47d20497bf5a56e8eb9c7,published,"ACS five-year estimate used as an exposure denominator, not a count of leases.",comparable_within_series
eviction_filings,renter_households,Renter-occupied households,06055,Napa,2024,2024-12-31,annual five-year estimate,18208.0,households,750.0,CENSUS_ACS5_BULK,ACS5-2024-B25003,2026-08-08T22:58:45Z,ab37c35ae81c77010783482e6bf5fc62d8b850e600c47d20497bf5a56e8eb9c7,published,"ACS five-year estimate used as an exposure denominator, not a count of leases.",comparable_within_series
eviction_filings,renter_households,Renter-occupied households,06075,San Francisco,2024,2024-12-31,annual five-year estimate,224913.0,households,2332.0,CENSUS_ACS5_BULK,ACS5-2024-B25003,2026-08-08T22:58:45Z,ab37c35ae81c77010783482e6bf5fc62d8b850e600c47d20497bf5a56e8eb9c7,published,"ACS five-year estimate used as an exposure denominator, not a count of leases.",comparable_within_series
eviction_filings,renter_households,Renter-occupied households,06081,San Mateo,2024,2024-12-31,annual five-year estimate,109812.0,households,1879.0,CENSUS_ACS5_BULK,ACS5-2024-B25003,2026-08-08T22:58:45Z,ab37c35ae81c77010783482e6bf5fc62d8b850e600c47d20497bf5a56e8eb9c7,published,"ACS five-year estimate used as an exposure denominator, not a count of leases.",comparable_within_series
eviction_filings,renter_households,Renter-occupied households,06085,Santa Clara,2024,2024-12-31,annual five-year estimate,296206.0,households,3317.0,CENSUS_ACS5_BULK,ACS5-2024-B25003,2026-08-08T22:58:45Z,ab37c35ae81c77010783482e6bf5fc62d8b850e600c47d20497bf5a56e8eb9c7,published,"ACS five-year estimate used as an exposure denominator, not a count of leases.",comparable_within_series
eviction_filings,renter_households,Renter-occupied households,06095,Solano,2024,2024-12-31,annual five-year estimate,58249.0,households,1432.0,CENSUS_ACS5_BULK,ACS5-2024-B25003,2026-08-08T22:58:45Z,ab37c35ae81c77010783482e6bf5fc62d8b850e600c47d20497bf5a56e8eb9c7,published,"ACS five-year estimate used as an exposure denominator, not a count of leases.",comparable_within_series
eviction_filings,renter_households,Renter-occupied households,06097,Sonoma,2024,2024-12-31,annual five-year estimate,71400.0,households,1708.0,CENSUS_ACS5_BULK,ACS5-2024-B25003,2026-08-08T22:58:45Z,ab37c35ae81c77010783482e6bf5fc62d8b850e600c47d20497bf5a56e8eb9c7,published,"ACS five-year estimate used as an exposure denominator, not a count of leases.",comparable_within_series
eviction_filings,unlawful_detainer_dispositions,Limited civil unlawful-detainer dispositions,06001,Alameda,FY2023-24,2024-06-30,annual fiscal year,5647.0,court cases,,CA_COURTS_COURT_STATISTICS,California-Court-Statistics-through-FY2023-24,2026-08-08T22:58:45Z,fa5d2f3d78d4512e671f27f0c2436a34e81553dd61b84106ea3e4fff497fa5bf,published,A court filing or disposition is not an executed eviction. Unlimited civil cases and informal displacement are not captured.,pandemic_policy_and_backlog_context_required
eviction_filings,unlawful_detainer_dispositions,Limited civil unlawful-detainer dispositions,06013,Contra Costa,FY2023-24,2024-06-30,annual fiscal year,3662.0,court cases,,CA_COURTS_COURT_STATISTICS,California-Court-Statistics-through-FY2023-24,2026-08-08T22:58:45Z,fa5d2f3d78d4512e671f27f0c2436a34e81553dd61b84106ea3e4fff497fa5bf,published,A court filing or disposition is not an executed eviction. Unlimited civil cases and informal displacement are not captured.,pandemic_policy_and_backlog_context_required
eviction_filings,unlawful_detainer_dispositions,Limited civil unlawful-detainer dispositions,06041,Marin,FY2023-24,2024-06-30,annual fiscal year,389.0,court cases,,CA_COURTS_COURT_STATISTICS,California-Court-Statistics-through-FY2023-24,2026-08-08T22:58:45Z,fa5d2f3d78d4512e671f27f0c2436a34e81553dd61b84106ea3e4fff497fa5bf,published,A court filing or disposition is not an executed eviction. Unlimited civil cases and informal displacement are not captured.,pandemic_policy_and_backlog_context_required
eviction_filings,unlawful_detainer_dispositions,Limited civil unlawful-detainer dispositions,06055,Napa,FY2023-24,2024-06-30,annual fiscal year,243.0,court cases,,CA_COURTS_COURT_STATISTICS,California-Court-Statistics-through-FY2023-24,2026-08-08T22:58:45Z,fa5d2f3d78d4512e671f27f0c2436a34e81553dd61b84106ea3e4fff497fa5bf,published,A court filing or disposition is not an executed eviction. Unlimited civil cases and informal displacement are not captured.,pandemic_policy_and_backlog_context_required
eviction_filings,unlawful_detainer_dispositions,Limited civil unlawful-detainer dispositions,06075,San Francisco,FY2023-24,2024-06-30,annual fiscal year,2392.0,court cases,,CA_COURTS_COURT_STATISTICS,California-Court-Statistics-through-FY2023-24,2026-08-08T22:58:45Z,fa5d2f3d78d4512e671f27f0c2436a34e81553dd61b84106ea3e4fff497fa5bf,published,A court filing or disposition is not an executed eviction. Unlimited civil cases and informal displacement are not captured.,pandemic_policy_and_backlog_context_required
eviction_filings,unlawful_detainer_dispositions,Limited civil unlawful-detainer dispositions,06081,San Mateo,FY2023-24,2024-06-30,annual fiscal year,1651.0,court cases,,CA_COURTS_COURT_STATISTICS,California-Court-Statistics-through-FY2023-24,2026-08-08T22:58:45Z,fa5d2f3d78d4512e671f27f0c2436a34e81553dd61b84106ea3e4fff497fa5bf,published,A court filing or disposition is not an executed eviction. Unlimited civil cases and informal displacement are not captured.,pandemic_policy_and_backlog_context_required
eviction_filings,unlawful_detainer_dispositions,Limited civil unlawful-detainer dispositions,06085,Santa Clara,FY2023-24,2024-06-30,annual fiscal year,3167.0,court cases,,CA_COURTS_COURT_STATISTICS,California-Court-Statistics-through-FY2023-24,2026-08-08T22:58:45Z,fa5d2f3d78d4512e671f27f0c2436a34e81553dd61b84106ea3e4fff497fa5bf,published,A court filing or disposition is not an executed eviction. Unlimited civil cases and informal displacement are not captured.,pandemic_policy_and_backlog_context_required
eviction_filings,unlawful_detainer_dispositions,Limited civil unlawful-detainer dispositions,06095,Solano,FY2023-24,2024-06-30,annual fiscal year,0.0,court cases,,CA_COURTS_COURT_STATISTICS,California-Court-Statistics-through-FY2023-24,2026-08-08T22:58:45Z,fa5d2f3d78d4512e671f27f0c2436a34e81553dd61b84106ea3e4fff497fa5bf,published,A court filing or disposition is not an executed eviction. Unlimited civil cases and informal displacement are not captured.,pandemic_policy_and_backlog_context_required
eviction_filings,unlawful_detainer_dispositions,Limited civil unlawful-detainer dispositions,06097,Sonoma,FY2023-24,2024-06-30,annual fiscal year,875.0,court cases,,CA_COURTS_COURT_STATISTICS,California-Court-Statistics-through-FY2023-24,2026-08-08T22:58:45Z,fa5d2f3d78d4512e671f27f0c2436a34e81553dd61b84106ea3e4fff497fa5bf,published,A court filing or disposition is not an executed eviction. Unlimited civil cases and informal displacement are not captured.,pandemic_policy_and_backlog_context_required
eviction_filings,unlawful_detainer_filings,Limited civil unlawful-detainer filings,06001,Alameda,FY2023-24,2024-06-30,annual fiscal year,6340.0,court cases,,CA_COURTS_COURT_STATISTICS,California-Court-Statistics-through-FY2023-24,2026-08-08T22:58:45Z,fa5d2f3d78d4512e671f27f0c2436a34e81553dd61b84106ea3e4fff497fa5bf,published,A court filing or disposition is not an executed eviction. Unlimited civil cases and informal displacement are not captured.,pandemic_policy_and_backlog_context_required
eviction_filings,unlawful_detainer_filings,Limited civil unlawful-detainer filings,06013,Contra Costa,FY2023-24,2024-06-30,annual fiscal year,3608.0,court cases,,CA_COURTS_COURT_STATISTICS,California-Court-Statistics-through-FY2023-24,2026-08-08T22:58:45Z,fa5d2f3d78d4512e671f27f0c2436a34e81553dd61b84106ea3e4fff497fa5bf,published,A court filing or disposition is not an executed eviction. Unlimited civil cases and informal displacement are not captured.,pandemic_policy_and_backlog_context_required
eviction_filings,unlawful_detainer_filings,Limited civil unlawful-detainer filings,06041,Marin,FY2023-24,2024-06-30,annual fiscal year,409.0,court cases,,CA_COURTS_COURT_STATISTICS,California-Court-Statistics-through-FY2023-24,2026-08-08T22:58:45Z,fa5d2f3d78d4512e671f27f0c2436a34e81553dd61b84106ea3e4fff497fa5bf,published,A court filing or disposition is not an executed eviction. Unlimited civil cases and informal displacement are not captured.,pandemic_policy_and_backlog_context_required
eviction_filings,unlawful_detainer_filings,Limited civil unlawful-detainer filings,06055,Napa,FY2023-24,2024-06-30,annual fiscal year,246.0,court cases,,CA_COURTS_COURT_STATISTICS,California-Court-Statistics-through-FY2023-24,2026-08-08T22:58:45Z,fa5d2f3d78d4512e671f27f0c2436a34e81553dd61b84106ea3e4fff497fa5bf,published,A court filing or disposition is not an executed eviction. Unlimited civil cases and informal displacement are not captured.,pandemic_policy_and_backlog_context_required
eviction_filings,unlawful_detainer_filings,Limited civil unlawful-detainer filings,06075,San Francisco,FY2023-24,2024-06-30,annual fiscal year,2781.0,court cases,,CA_COURTS_COURT_STATISTICS,California-Court-Statistics-through-FY2023-24,2026-08-08T22:58:45Z,fa5d2f3d78d4512e671f27f0c2436a34e81553dd61b84106ea3e4fff497fa5bf,published,A court filing or disposition is not an executed eviction. Unlimited civil cases and informal displacement are not captured.,pandemic_policy_and_backlog_context_required
eviction_filings,unlawful_detainer_filings,Limited civil unlawful-detainer filings,06081,San Mateo,FY2023-24,2024-06-30,annual fiscal year,1567.0,court cases,,CA_COURTS_COURT_STATISTICS,California-Court-Statistics-through-FY2023-24,2026-08-08T22:58:45Z,fa5d2f3d78d4512e671f27f0c2436a34e81553dd61b84106ea3e4fff497fa5bf,published,A court filing or disposition is not an executed eviction. Unlimited civil cases and informal displacement are not captured.,pandemic_policy_and_backlog_context_required
eviction_filings,unlawful_detainer_filings,Limited civil unlawful-detainer filings,06085,Santa Clara,FY2023-24,2024-06-30,annual fiscal year,4053.0,court cases,,CA_COURTS_COURT_STATISTICS,California-Court-Statistics-through-FY2023-24,2026-08-08T22:58:45Z,fa5d2f3d78d4512e671f27f0c2436a34e81553dd61b84106ea3e4fff497fa5bf,published,A court filing or disposition is not an executed eviction. Unlimited civil cases and informal displacement are not captured.,pandemic_policy_and_backlog_context_required
eviction_filings,unlawful_detainer_filings,Limited civil unlawful-detainer filings,06095,Solano,FY2023-24,2024-06-30,annual fiscal year,1876.0,court cases,,CA_COURTS_COURT_STATISTICS,California-Court-Statistics-through-FY2023-24,2026-08-08T22:58:45Z,fa5d2f3d78d4512e671f27f0c2436a34e81553dd61b84106ea3e4fff497fa5bf,published,A court filing or disposition is not an executed eviction. Unlimited civil cases and informal displacement are not captured.,pandemic_policy_and_backlog_context_required
eviction_filings,unlawful_detainer_filings,Limited civil unlawful-detainer filings,06097,Sonoma,FY2023-24,2024-06-30,annual fiscal year,887.0,court cases,,CA_COURTS_COURT_STATISTICS,California-Court-Statistics-through-FY2023-24,2026-08-08T22:58:45Z,fa5d2f3d78d4512e671f27f0c2436a34e81553dd61b84106ea3e4fff497fa5bf,published,A court filing or disposition is not an executed eviction. Unlimited civil cases and informal displacement are not captured.,pandemic_policy_and_backlog_context_required
eviction_filings,unlawful_detainer_filings_per_1000_renter_households,"Limited civil unlawful-detainer filings per 1,000 renter households",06001,Alameda,FY2023-24,2024-06-30,annual fiscal year with ACS denominator,23.274168976340373,"filings per 1,000 renter households",,CA_COURTS_COURT_STATISTICS;CENSUS_ACS5_BULK,California-Court-Statistics-through-FY2023-24;ACS5-2023-B25003,2026-08-08T22:58:45Z,fa5d2f3d78d4512e671f27f0c2436a34e81553dd61b84106ea3e4fff497fa5bf;6990bc37d42e02f8587830f1e21a2b767a951c11c88a072149c7850defdc4e6a,"limited civil unlawful-detainer filings divided by same-vintage ACS renter households, multiplied by 1,000","The ACS denominator is a five-year estimate aligned to the fiscal-year start, so this is an approximate exposure rate.",derived_with_overlapping_acs_denominator
eviction_filings,unlawful_detainer_filings_per_1000_renter_households,"Limited civil unlawful-detainer filings per 1,000 renter households",06013,Contra Costa,FY2023-24,2024-06-30,annual fiscal year with ACS denominator,27.096648216713103,"filings per 1,000 renter households",,CA_COURTS_COURT_STATISTICS;CENSUS_ACS5_BULK,California-Court-Statistics-through-FY2023-24;ACS5-2023-B25003,2026-08-08T22:58:45Z,fa5d2f3d78d4512e671f27f0c2436a34e81553dd61b84106ea3e4fff497fa5bf;6990bc37d42e02f8587830f1e21a2b767a951c11c88a072149c7850defdc4e6a,"limited civil unlawful-detainer filings divided by same-vintage ACS renter households, multiplied by 1,000","The ACS denominator is a five-year estimate aligned to the fiscal-year start, so this is an approximate exposure rate.",derived_with_overlapping_acs_denominator
eviction_filings,unlawful_detainer_filings_per_1000_renter_households,"Limited civil unlawful-detainer filings per 1,000 renter households",06041,Marin,FY2023-24,2024-06-30,annual fiscal year with ACS denominator,10.972796050866556,"filings per 1,000 renter households",,CA_COURTS_COURT_STATISTICS;CENSUS_ACS5_BULK,California-Court-Statistics-through-FY2023-24;ACS5-2023-B25003,2026-08-08T22:58:45Z,fa5d2f3d78d4512e671f27f0c2436a34e81553dd61b84106ea3e4fff497fa5bf;6990bc37d42e02f8587830f1e21a2b767a951c11c88a072149c7850defdc4e6a,"limited civil unlawful-detainer filings divided by same-vintage ACS renter households, multiplied by 1,000","The ACS denominator is a five-year estimate aligned to the fiscal-year start, so this is an approximate exposure rate.",derived_with_overlapping_acs_denominator
eviction_filings,unlawful_detainer_filings_per_1000_renter_households,"Limited civil unlawful-detainer filings per 1,000 renter households",06055,Napa,FY2023-24,2024-06-30,annual fiscal year with ACS denominator,13.915601312365652,"filings per 1,000 renter households",,CA_COURTS_COURT_STATISTICS;CENSUS_ACS5_BULK,California-Court-Statistics-through-FY2023-24;ACS5-2023-B25003,2026-08-08T22:58:45Z,fa5d2f3d78d4512e671f27f0c2436a34e81553dd61b84106ea3e4fff497fa5bf;6990bc37d42e02f8587830f1e21a2b767a951c11c88a072149c7850defdc4e6a,"limited civil unlawful-detainer filings divided by same-vintage ACS renter households, multiplied by 1,000","The ACS denominator is a five-year estimate aligned to the fiscal-year start, so this is an approximate exposure rate.",derived_with_overlapping_acs_denominator
eviction_filings,unlawful_detainer_filings_per_1000_renter_households,"Limited civil unlawful-detainer filings per 1,000 renter households",06075,San Francisco,FY2023-24,2024-06-30,annual fiscal year with ACS denominator,12.46861549497848,"filings per 1,000 renter households",,CA_COURTS_COURT_STATISTICS;CENSUS_ACS5_BULK,California-Court-Statistics-through-FY2023-24;ACS5-2023-B25003,2026-08-08T22:58:45Z,fa5d2f3d78d4512e671f27f0c2436a34e81553dd61b84106ea3e4fff497fa5bf;6990bc37d42e02f8587830f1e21a2b767a951c11c88a072149c7850defdc4e6a,"limited civil unlawful-detainer filings divided by same-vintage ACS renter households, multiplied by 1,000","The ACS denominator is a five-year estimate aligned to the fiscal-year start, so this is an approximate exposure rate.",derived_with_overlapping_acs_denominator
eviction_filings,unlawful_detainer_filings_per_1000_renter_households,"Limited civil unlawful-detainer filings per 1,000 renter households",06081,San Mateo,FY2023-24,2024-06-30,annual fiscal year with ACS denominator,14.48511739693104,"filings per 1,000 renter households",,CA_COURTS_COURT_STATISTICS;CENSUS_ACS5_BULK,California-Court-Statistics-through-FY2023-24;ACS5-2023-B25003,2026-08-08T22:58:45Z,fa5d2f3d78d4512e671f27f0c2436a34e81553dd61b84106ea3e4fff497fa5bf;6990bc37d42e02f8587830f1e21a2b767a951c11c88a072149c7850defdc4e6a,"limited civil unlawful-detainer filings divided by same-vintage ACS renter households, multiplied by 1,000","The ACS denominator is a five-year estimate aligned to the fiscal-year start, so this is an approximate exposure rate.",derived_with_overlapping_acs_denominator
eviction_filings,unlawful_detainer_filings_per_1000_renter_households,"Limited civil unlawful-detainer filings per 1,000 renter households",06085,Santa Clara,FY2023-24,2024-06-30,annual fiscal year with ACS denominator,13.853710558967995,"filings per 1,000 renter households",,CA_COURTS_COURT_STATISTICS;CENSUS_ACS5_BULK,California-Court-Statistics-through-FY2023-24;ACS5-2023-B25003,2026-08-08T22:58:45Z,fa5d2f3d78d4512e671f27f0c2436a34e81553dd61b84106ea3e4fff497fa5bf;6990bc37d42e02f8587830f1e21a2b767a951c11c88a072149c7850defdc4e6a,"limited civil unlawful-detainer filings divided by same-vintage ACS renter households, multiplied by 1,000","The ACS denominator is a five-year estimate aligned to the fiscal-year start, so this is an approximate exposure rate.",derived_with_overlapping_acs_denominator
eviction_filings,unlawful_detainer_filings_per_1000_renter_households,"Limited civil unlawful-detainer filings per 1,000 renter households",06095,Solano,FY2023-24,2024-06-30,annual fiscal year with ACS denominator,32.74567987432361,"filings per 1,000 renter households",,CA_COURTS_COURT_STATISTICS;CENSUS_ACS5_BULK,California-Court-Statistics-through-FY2023-24;ACS5-2023-B25003,2026-08-08T22:58:45Z,fa5d2f3d78d4512e671f27f0c2436a34e81553dd61b84106ea3e4fff497fa5bf;6990bc37d42e02f8587830f1e21a2b767a951c11c88a072149c7850defdc4e6a,"limited civil unlawful-detainer filings divided by same-vintage ACS renter households, multiplied by 1,000","The ACS denominator is a five-year estimate aligned to the fiscal-year start, so this is an approximate exposure rate.",derived_with_overlapping_acs_denominator
eviction_filings,unlawful_detainer_filings_per_1000_renter_households,"Limited civil unlawful-detainer filings per 1,000 renter households",06097,Sonoma,FY2023-24,2024-06-30,annual fiscal year with ACS denominator,12.317904706356149,"filings per 1,000 renter households",,CA_COURTS_COURT_STATISTICS;CENSUS_ACS5_BULK,California-Court-Statistics-through-FY2023-24;ACS5-2023-B25003,2026-08-08T22:58:45Z,fa5d2f3d78d4512e671f27f0c2436a34e81553dd61b84106ea3e4fff497fa5bf;6990bc37d42e02f8587830f1e21a2b767a951c11c88a072149c7850defdc4e6a,"limited civil unlawful-detainer filings divided by same-vintage ACS renter households, multiplied by 1,000","The ACS denominator is a five-year estimate aligned to the fiscal-year start, so this is an approximate exposure rate.",derived_with_overlapping_acs_denominator
homelessness,hic_emergency_transitional_safe_haven_beds,"Year-round emergency, transitional, and safe-haven beds",06001,Alameda,2025,2025-01-31,annual January inventory,3399.0,year-round beds,,HUD_HIC,HUD-HIC-2025-workbook,2026-08-08T22:58:45Z,d4dd3a9dc84384976fa2efcde2d89081a4deeea57be43c73eb587c77ed527bc1,published,"Inventory capacity is not the same as utilization, exits to housing, or unmet need.",comparable_within_series
homelessness,hic_emergency_transitional_safe_haven_beds,"Year-round emergency, transitional, and safe-haven beds",06013,Contra Costa,2025,2025-01-31,annual January inventory,1018.0,year-round beds,,HUD_HIC,HUD-HIC-2025-workbook,2026-08-08T22:58:45Z,d4dd3a9dc84384976fa2efcde2d89081a4deeea57be43c73eb587c77ed527bc1,published,"Inventory capacity is not the same as utilization, exits to housing, or unmet need.",comparable_within_series
homelessness,hic_emergency_transitional_safe_haven_beds,"Year-round emergency, transitional, and safe-haven beds",06041,Marin,2025,2025-01-31,annual January inventory,339.0,year-round beds,,HUD_HIC,HUD-HIC-2025-workbook,2026-08-08T22:58:45Z,d4dd3a9dc84384976fa2efcde2d89081a4deeea57be43c73eb587c77ed527bc1,published,"Inventory capacity is not the same as utilization, exits to housing, or unmet need.",comparable_within_series
homelessness,hic_emergency_transitional_safe_haven_beds,"Year-round emergency, transitional, and safe-haven beds",06055,Napa,2025,2025-01-31,annual January inventory,245.0,year-round beds,,HUD_HIC,HUD-HIC-2025-workbook,2026-08-08T22:58:45Z,d4dd3a9dc84384976fa2efcde2d89081a4deeea57be43c73eb587c77ed527bc1,published,"Inventory capacity is not the same as utilization, exits to housing, or unmet need.",comparable_within_series
homelessness,hic_emergency_transitional_safe_haven_beds,"Year-round emergency, transitional, and safe-haven beds",06075,San Francisco,2025,2025-01-31,annual January inventory,4837.0,year-round beds,,HUD_HIC,HUD-HIC-2025-workbook,2026-08-08T22:58:45Z,d4dd3a9dc84384976fa2efcde2d89081a4deeea57be43c73eb587c77ed527bc1,published,"Inventory capacity is not the same as utilization, exits to housing, or unmet need.",comparable_within_series
homelessness,hic_emergency_transitional_safe_haven_beds,"Year-round emergency, transitional, and safe-haven beds",06081,San Mateo,2025,2025-01-31,annual January inventory,1157.0,year-round beds,,HUD_HIC,HUD-HIC-2025-workbook,2026-08-08T22:58:45Z,d4dd3a9dc84384976fa2efcde2d89081a4deeea57be43c73eb587c77ed527bc1,published,"Inventory capacity is not the same as utilization, exits to housing, or unmet need.",comparable_within_series
homelessness,hic_emergency_transitional_safe_haven_beds,"Year-round emergency, transitional, and safe-haven beds",06085,Santa Clara,2025,2025-01-31,annual January inventory,3468.0,year-round beds,,HUD_HIC,HUD-HIC-2025-workbook,2026-08-08T22:58:45Z,d4dd3a9dc84384976fa2efcde2d89081a4deeea57be43c73eb587c77ed527bc1,published,"Inventory capacity is not the same as utilization, exits to housing, or unmet need.",comparable_within_series
homelessness,hic_emergency_transitional_safe_haven_beds,"Year-round emergency, transitional, and safe-haven beds",06095,Solano,2025,2025-01-31,annual January inventory,343.0,year-round beds,,HUD_HIC,HUD-HIC-2025-workbook,2026-08-08T22:58:45Z,d4dd3a9dc84384976fa2efcde2d89081a4deeea57be43c73eb587c77ed527bc1,published,"Inventory capacity is not the same as utilization, exits to housing, or unmet need.",comparable_within_series
homelessness,hic_emergency_transitional_safe_haven_beds,"Year-round emergency, transitional, and safe-haven beds",06097,Sonoma,2025,2025-01-31,annual January inventory,1151.0,year-round beds,,HUD_HIC,HUD-HIC-2025-workbook,2026-08-08T22:58:45Z,d4dd3a9dc84384976fa2efcde2d89081a4deeea57be43c73eb587c77ed527bc1,published,"Inventory capacity is not the same as utilization, exits to housing, or unmet need.",comparable_within_series
homelessness,hic_permanent_supportive_housing_beds,Year-round permanent supportive housing beds,06001,Alameda,2025,2025-01-31,annual January inventory,5890.0,year-round beds,,HUD_HIC,HUD-HIC-2025-workbook,2026-08-08T22:58:45Z,d4dd3a9dc84384976fa2efcde2d89081a4deeea57be43c73eb587c77ed527bc1,published,"Inventory capacity is not the same as utilization, exits to housing, or unmet need.",comparable_within_series
homelessness,hic_permanent_supportive_housing_beds,Year-round permanent supportive housing beds,06013,Contra Costa,2025,2025-01-31,annual January inventory,1629.0,year-round beds,,HUD_HIC,HUD-HIC-2025-workbook,2026-08-08T22:58:45Z,d4dd3a9dc84384976fa2efcde2d89081a4deeea57be43c73eb587c77ed527bc1,published,"Inventory capacity is not the same as utilization, exits to housing, or unmet need.",comparable_within_series
homelessness,hic_permanent_supportive_housing_beds,Year-round permanent supportive housing beds,06041,Marin,2025,2025-01-31,annual January inventory,813.0,year-round beds,,HUD_HIC,HUD-HIC-2025-workbook,2026-08-08T22:58:45Z,d4dd3a9dc84384976fa2efcde2d89081a4deeea57be43c73eb587c77ed527bc1,published,"Inventory capacity is not the same as utilization, exits to housing, or unmet need.",comparable_within_series
homelessness,hic_permanent_supportive_housing_beds,Year-round permanent supportive housing beds,06055,Napa,2025,2025-01-31,annual January inventory,109.0,year-round beds,,HUD_HIC,HUD-HIC-2025-workbook,2026-08-08T22:58:45Z,d4dd3a9dc84384976fa2efcde2d89081a4deeea57be43c73eb587c77ed527bc1,published,"Inventory capacity is not the same as utilization, exits to housing, or unmet need.",comparable_within_series
homelessness,hic_permanent_supportive_housing_beds,Year-round permanent supportive housing beds,06075,San Francisco,2025,2025-01-31,annual January inventory,5863.0,year-round beds,,HUD_HIC,HUD-HIC-2025-workbook,2026-08-08T22:58:45Z,d4dd3a9dc84384976fa2efcde2d89081a4deeea57be43c73eb587c77ed527bc1,published,"Inventory capacity is not the same as utilization, exits to housing, or unmet need.",comparable_within_series
homelessness,hic_permanent_supportive_housing_beds,Year-round permanent supportive housing beds,06081,San Mateo,2025,2025-01-31,annual January inventory,1249.0,year-round beds,,HUD_HIC,HUD-HIC-2025-workbook,2026-08-08T22:58:45Z,d4dd3a9dc84384976fa2efcde2d89081a4deeea57be43c73eb587c77ed527bc1,published,"Inventory capacity is not the same as utilization, exits to housing, or unmet need.",comparable_within_series
homelessness,hic_permanent_supportive_housing_beds,Year-round permanent supportive housing beds,06085,Santa Clara,2025,2025-01-31,annual January inventory,5315.0,year-round beds,,HUD_HIC,HUD-HIC-2025-workbook,2026-08-08T22:58:45Z,d4dd3a9dc84384976fa2efcde2d89081a4deeea57be43c73eb587c77ed527bc1,published,"Inventory capacity is not the same as utilization, exits to housing, or unmet need.",comparable_within_series
homelessness,hic_permanent_supportive_housing_beds,Year-round permanent supportive housing beds,06095,Solano,2025,2025-01-31,annual January inventory,529.0,year-round beds,,HUD_HIC,HUD-HIC-2025-workbook,2026-08-08T22:58:45Z,d4dd3a9dc84384976fa2efcde2d89081a4deeea57be43c73eb587c77ed527bc1,published,"Inventory capacity is not the same as utilization, exits to housing, or unmet need.",comparable_within_series
homelessness,hic_permanent_supportive_housing_beds,Year-round permanent supportive housing beds,06097,Sonoma,2025,2025-01-31,annual January inventory,1111.0,year-round beds,,HUD_HIC,HUD-HIC-2025-workbook,2026-08-08T22:58:45Z,d4dd3a9dc84384976fa2efcde2d89081a4deeea57be43c73eb587c77ed527bc1,published,"Inventory capacity is not the same as utilization, exits to housing, or unmet need.",comparable_within_series
homelessness,hic_rapid_rehousing_beds,Year-round rapid rehousing beds,06001,Alameda,2025,2025-01-31,annual January inventory,1309.0,year-round beds,,HUD_HIC,HUD-HIC-2025-workbook,2026-08-08T22:58:45Z,d4dd3a9dc84384976fa2efcde2d89081a4deeea57be43c73eb587c77ed527bc1,published,"Inventory capacity is not the same as utilization, exits to housing, or unmet need.",comparable_within_series
homelessness,hic_rapid_rehousing_beds,Year-round rapid rehousing beds,06013,Contra Costa,2025,2025-01-31,annual January inventory,572.0,year-round beds,,HUD_HIC,HUD-HIC-2025-workbook,2026-08-08T22:58:45Z,d4dd3a9dc84384976fa2efcde2d89081a4deeea57be43c73eb587c77ed527bc1,published,"Inventory capacity is not the same as utilization, exits to housing, or unmet need.",comparable_within_series
homelessness,hic_rapid_rehousing_beds,Year-round rapid rehousing beds,06041,Marin,2025,2025-01-31,annual January inventory,179.0,year-round beds,,HUD_HIC,HUD-HIC-2025-workbook,2026-08-08T22:58:45Z,d4dd3a9dc84384976fa2efcde2d89081a4deeea57be43c73eb587c77ed527bc1,published,"Inventory capacity is not the same as utilization, exits to housing, or unmet need.",comparable_within_series
homelessness,hic_rapid_rehousing_beds,Year-round rapid rehousing beds,06055,Napa,2025,2025-01-31,annual January inventory,142.0,year-round beds,,HUD_HIC,HUD-HIC-2025-workbook,2026-08-08T22:58:45Z,d4dd3a9dc84384976fa2efcde2d89081a4deeea57be43c73eb587c77ed527bc1,published,"Inventory capacity is not the same as utilization, exits to housing, or unmet need.",comparable_within_series
homelessness,hic_rapid_rehousing_beds,Year-round rapid rehousing beds,06075,San Francisco,2025,2025-01-31,annual January inventory,1916.0,year-round beds,,HUD_HIC,HUD-HIC-2025-workbook,2026-08-08T22:58:45Z,d4dd3a9dc84384976fa2efcde2d89081a4deeea57be43c73eb587c77ed527bc1,published,"Inventory capacity is not the same as utilization, exits to housing, or unmet need.",comparable_within_series
homelessness,hic_rapid_rehousing_beds,Year-round rapid rehousing beds,06081,San Mateo,2025,2025-01-31,annual January inventory,380.0,year-round beds,,HUD_HIC,HUD-HIC-2025-workbook,2026-08-08T22:58:45Z,d4dd3a9dc84384976fa2efcde2d89081a4deeea57be43c73eb587c77ed527bc1,published,"Inventory capacity is not the same as utilization, exits to housing, or unmet need.",comparable_within_series
homelessness,hic_rapid_rehousing_beds,Year-round rapid rehousing beds,06085,Santa Clara,2025,2025-01-31,annual January inventory,1356.0,year-round beds,,HUD_HIC,HUD-HIC-2025-workbook,2026-08-08T22:58:45Z,d4dd3a9dc84384976fa2efcde2d89081a4deeea57be43c73eb587c77ed527bc1,published,"Inventory capacity is not the same as utilization, exits to housing, or unmet need.",comparable_within_series
homelessness,hic_rapid_rehousing_beds,Year-round rapid rehousing beds,06095,Solano,2025,2025-01-31,annual January inventory,413.0,year-round beds,,HUD_HIC,HUD-HIC-2025-workbook,2026-08-08T22:58:45Z,d4dd3a9dc84384976fa2efcde2d89081a4deeea57be43c73eb587c77ed527bc1,published,"Inventory capacity is not the same as utilization, exits to housing, or unmet need.",comparable_within_series
homelessness,hic_rapid_rehousing_beds,Year-round rapid rehousing beds,06097,Sonoma,2025,2025-01-31,annual January inventory,579.0,year-round beds,,HUD_HIC,HUD-HIC-2025-workbook,2026-08-08T22:58:45Z,d4dd3a9dc84384976fa2efcde2d89081a4deeea57be43c73eb587c77ed527bc1,published,"Inventory capacity is not the same as utilization, exits to housing, or unmet need.",comparable_within_series
homelessness,pit_overall_homeless,PIT overall homelessness estimate,06001,Alameda,2025,2025-01-31,annual January point-in-time estimate,9262.0,people,,HUD_PIT,HUD-PIT-2025-workbook,2026-08-08T22:58:45Z,8deeb058001d6ecc0dfba0587baafc5e82eb46354e724c7e83a2a75eaa86e2f3,published,HUD count type: Sheltered-Only Count. The unsheltered component was not newly counted in this cycle; HUD carries the available component into the overall estimate.,sheltered_only_cycle
homelessness,pit_overall_homeless,PIT overall homelessness estimate,06013,Contra Costa,2025,2025-01-31,annual January point-in-time estimate,2118.0,people,,HUD_PIT,HUD-PIT-2025-workbook,2026-08-08T22:58:45Z,8deeb058001d6ecc0dfba0587baafc5e82eb46354e724c7e83a2a75eaa86e2f3,published,HUD count type: Sheltered and Unsheltered Count. Both sheltered and unsheltered components were counted for this cycle.,full_sheltered_and_unsheltered_cycle
homelessness,pit_overall_homeless,PIT overall homelessness estimate,06041,Marin,2025,2025-01-31,annual January point-in-time estimate,1081.0,people,,HUD_PIT,HUD-PIT-2025-workbook,2026-08-08T22:58:45Z,8deeb058001d6ecc0dfba0587baafc5e82eb46354e724c7e83a2a75eaa86e2f3,published,HUD count type: Sheltered-Only Count. The unsheltered component was not newly counted in this cycle; HUD carries the available component into the overall estimate.,sheltered_only_cycle
homelessness,pit_overall_homeless,PIT overall homelessness estimate,06055,Napa,2025,2025-01-31,annual January point-in-time estimate,374.0,people,,HUD_PIT,HUD-PIT-2025-workbook,2026-08-08T22:58:45Z,8deeb058001d6ecc0dfba0587baafc5e82eb46354e724c7e83a2a75eaa86e2f3,published,HUD count type: Sheltered and Unsheltered Count. Both sheltered and unsheltered components were counted for this cycle.,full_sheltered_and_unsheltered_cycle
homelessness,pit_overall_homeless,PIT overall homelessness estimate,06075,San Francisco,2025,2025-01-31,annual January point-in-time estimate,8671.0,people,,HUD_PIT,HUD-PIT-2025-workbook,2026-08-08T22:58:45Z,8deeb058001d6ecc0dfba0587baafc5e82eb46354e724c7e83a2a75eaa86e2f3,published,HUD count type: Sheltered-Only Count. The unsheltered component was not newly counted in this cycle; HUD carries the available component into the overall estimate.,sheltered_only_cycle
homelessness,pit_overall_homeless,PIT overall homelessness estimate,06081,San Mateo,2025,2025-01-31,annual January point-in-time estimate,2147.0,people,,HUD_PIT,HUD-PIT-2025-workbook,2026-08-08T22:58:45Z,8deeb058001d6ecc0dfba0587baafc5e82eb46354e724c7e83a2a75eaa86e2f3,published,HUD count type: Sheltered-Only Count. The unsheltered component was not newly counted in this cycle; HUD carries the available component into the overall estimate.,sheltered_only_cycle
homelessness,pit_overall_homeless,PIT overall homelessness estimate,06085,Santa Clara,2025,2025-01-31,annual January point-in-time estimate,10711.0,people,,HUD_PIT,HUD-PIT-2025-workbook,2026-08-08T22:58:45Z,8deeb058001d6ecc0dfba0587baafc5e82eb46354e724c7e83a2a75eaa86e2f3,published,HUD count type: Sheltered and Unsheltered Count. Both sheltered and unsheltered components were counted for this cycle.,full_sheltered_and_unsheltered_cycle
homelessness,pit_overall_homeless,PIT overall homelessness estimate,06095,Solano,2025,2025-01-31,annual January point-in-time estimate,1664.0,people,,HUD_PIT,HUD-PIT-2025-workbook,2026-08-08T22:58:45Z,8deeb058001d6ecc0dfba0587baafc5e82eb46354e724c7e83a2a75eaa86e2f3,published,HUD count type: Sheltered-Only Count. The unsheltered component was not newly counted in this cycle; HUD carries the available component into the overall estimate.,sheltered_only_cycle
homelessness,pit_overall_homeless,PIT overall homelessness estimate,06097,Sonoma,2025,2025-01-31,annual January point-in-time estimate,1952.0,people,,HUD_PIT,HUD-PIT-2025-workbook,2026-08-08T22:58:45Z,8deeb058001d6ecc0dfba0587baafc5e82eb46354e724c7e83a2a75eaa86e2f3,published,HUD count type: Sheltered and Unsheltered Count. Both sheltered and unsheltered components were counted for this cycle.,full_sheltered_and_unsheltered_cycle
homelessness,pit_sheltered_homeless,PIT sheltered homelessness estimate,06001,Alameda,2025,2025-01-31,annual January point-in-time estimate,2919.0,people,,HUD_PIT,HUD-PIT-2025-workbook,2026-08-08T22:58:45Z,8deeb058001d6ecc0dfba0587baafc5e82eb46354e724c7e83a2a75eaa86e2f3,published,HUD count type: Sheltered-Only Count. The unsheltered component was not newly counted in this cycle; HUD carries the available component into the overall estimate.,sheltered_only_cycle
homelessness,pit_sheltered_homeless,PIT sheltered homelessness estimate,06013,Contra Costa,2025,2025-01-31,annual January point-in-time estimate,840.0,people,,HUD_PIT,HUD-PIT-2025-workbook,2026-08-08T22:58:45Z,8deeb058001d6ecc0dfba0587baafc5e82eb46354e724c7e83a2a75eaa86e2f3,published,HUD count type: Sheltered and Unsheltered Count. Both sheltered and unsheltered components were counted for this cycle.,full_sheltered_and_unsheltered_cycle
homelessness,pit_sheltered_homeless,PIT sheltered homelessness estimate,06041,Marin,2025,2025-01-31,annual January point-in-time estimate,293.0,people,,HUD_PIT,HUD-PIT-2025-workbook,2026-08-08T22:58:45Z,8deeb058001d6ecc0dfba0587baafc5e82eb46354e724c7e83a2a75eaa86e2f3,published,HUD count type: Sheltered-Only Count. The unsheltered component was not newly counted in this cycle; HUD carries the available component into the overall estimate.,sheltered_only_cycle
homelessness,pit_sheltered_homeless,PIT sheltered homelessness estimate,06055,Napa,2025,2025-01-31,annual January point-in-time estimate,199.0,people,,HUD_PIT,HUD-PIT-2025-workbook,2026-08-08T22:58:45Z,8deeb058001d6ecc0dfba0587baafc5e82eb46354e724c7e83a2a75eaa86e2f3,published,HUD count type: Sheltered and Unsheltered Count. Both sheltered and unsheltered components were counted for this cycle.,full_sheltered_and_unsheltered_cycle
homelessness,pit_sheltered_homeless,PIT sheltered homelessness estimate,06075,San Francisco,2025,2025-01-31,annual January point-in-time estimate,4317.0,people,,HUD_PIT,HUD-PIT-2025-workbook,2026-08-08T22:58:45Z,8deeb058001d6ecc0dfba0587baafc5e82eb46354e724c7e83a2a75eaa86e2f3,published,HUD count type: Sheltered-Only Count. The unsheltered component was not newly counted in this cycle; HUD carries the available component into the overall estimate.,sheltered_only_cycle
homelessness,pit_sheltered_homeless,PIT sheltered homelessness estimate,06081,San Mateo,2025,2025-01-31,annual January point-in-time estimate,1002.0,people,,HUD_PIT,HUD-PIT-2025-workbook,2026-08-08T22:58:45Z,8deeb058001d6ecc0dfba0587baafc5e82eb46354e724c7e83a2a75eaa86e2f3,published,HUD count type: Sheltered-Only Count. The unsheltered component was not newly counted in this cycle; HUD carries the available component into the overall estimate.,sheltered_only_cycle
homelessness,pit_sheltered_homeless,PIT sheltered homelessness estimate,06085,Santa Clara,2025,2025-01-31,annual January point-in-time estimate,3239.0,people,,HUD_PIT,HUD-PIT-2025-workbook,2026-08-08T22:58:45Z,8deeb058001d6ecc0dfba0587baafc5e82eb46354e724c7e83a2a75eaa86e2f3,published,HUD count type: Sheltered and Unsheltered Count. Both sheltered and unsheltered components were counted for this cycle.,full_sheltered_and_unsheltered_cycle
homelessness,pit_sheltered_homeless,PIT sheltered homelessness estimate,06095,Solano,2025,2025-01-31,annual January point-in-time estimate,228.0,people,,HUD_PIT,HUD-PIT-2025-workbook,2026-08-08T22:58:45Z,8deeb058001d6ecc0dfba0587baafc5e82eb46354e724c7e83a2a75eaa86e2f3,published,HUD count type: Sheltered-Only Count. The unsheltered component was not newly counted in this cycle; HUD carries the available component into the overall estimate.,sheltered_only_cycle
homelessness,pit_sheltered_homeless,PIT sheltered homelessness estimate,06097,Sonoma,2025,2025-01-31,annual January point-in-time estimate,829.0,people,,HUD_PIT,HUD-PIT-2025-workbook,2026-08-08T22:58:45Z,8deeb058001d6ecc0dfba0587baafc5e82eb46354e724c7e83a2a75eaa86e2f3,published,HUD count type: Sheltered and Unsheltered Count. Both sheltered and unsheltered components were counted for this cycle.,full_sheltered_and_unsheltered_cycle
homelessness,pit_unsheltered_homeless,PIT unsheltered homelessness estimate,06001,Alameda,2025,2025-01-31,annual January point-in-time estimate,6343.0,people,,HUD_PIT,HUD-PIT-2025-workbook,2026-08-08T22:58:45Z,8deeb058001d6ecc0dfba0587baafc5e82eb46354e724c7e83a2a75eaa86e2f3,published,HUD count type: Sheltered-Only Count. The unsheltered component was not newly counted in this cycle; HUD carries the available component into the overall estimate.,sheltered_only_cycle
homelessness,pit_unsheltered_homeless,PIT unsheltered homelessness estimate,06013,Contra Costa,2025,2025-01-31,annual January point-in-time estimate,1278.0,people,,HUD_PIT,HUD-PIT-2025-workbook,2026-08-08T22:58:45Z,8deeb058001d6ecc0dfba0587baafc5e82eb46354e724c7e83a2a75eaa86e2f3,published,HUD count type: Sheltered and Unsheltered Count. Both sheltered and unsheltered components were counted for this cycle.,full_sheltered_and_unsheltered_cycle
homelessness,pit_unsheltered_homeless,PIT unsheltered homelessness estimate,06041,Marin,2025,2025-01-31,annual January point-in-time estimate,788.0,people,,HUD_PIT,HUD-PIT-2025-workbook,2026-08-08T22:58:45Z,8deeb058001d6ecc0dfba0587baafc5e82eb46354e724c7e83a2a75eaa86e2f3,published,HUD count type: Sheltered-Only Count. The unsheltered component was not newly counted in this cycle; HUD carries the available component into the overall estimate.,sheltered_only_cycle
homelessness,pit_unsheltered_homeless,PIT unsheltered homelessness estimate,06055,Napa,2025,2025-01-31,annual January point-in-time estimate,175.0,people,,HUD_PIT,HUD-PIT-2025-workbook,2026-08-08T22:58:45Z,8deeb058001d6ecc0dfba0587baafc5e82eb46354e724c7e83a2a75eaa86e2f3,published,HUD count type: Sheltered and Unsheltered Count. Both sheltered and unsheltered components were counted for this cycle.,full_sheltered_and_unsheltered_cycle
homelessness,pit_unsheltered_homeless,PIT unsheltered homelessness estimate,06075,San Francisco,2025,2025-01-31,annual January point-in-time estimate,4354.0,people,,HUD_PIT,HUD-PIT-2025-workbook,2026-08-08T22:58:45Z,8deeb058001d6ecc0dfba0587baafc5e82eb46354e724c7e83a2a75eaa86e2f3,published,HUD count type: Sheltered-Only Count. The unsheltered component was not newly counted in this cycle; HUD carries the available component into the overall estimate.,sheltered_only_cycle
homelessness,pit_unsheltered_homeless,PIT unsheltered homelessness estimate,06081,San Mateo,2025,2025-01-31,annual January point-in-time estimate,1145.0,people,,HUD_PIT,HUD-PIT-2025-workbook,2026-08-08T22:58:45Z,8deeb058001d6ecc0dfba0587baafc5e82eb46354e724c7e83a2a75eaa86e2f3,published,HUD count type: Sheltered-Only Count. The unsheltered component was not newly counted in this cycle; HUD carries the available component into the overall estimate.,sheltered_only_cycle
homelessness,pit_unsheltered_homeless,PIT unsheltered homelessness estimate,06085,Santa Clara,2025,2025-01-31,annual January point-in-time estimate,7472.0,people,,HUD_PIT,HUD-PIT-2025-workbook,2026-08-08T22:58:45Z,8deeb058001d6ecc0dfba0587baafc5e82eb46354e724c7e83a2a75eaa86e2f3,published,HUD count type: Sheltered and Unsheltered Count. Both sheltered and unsheltered components were counted for this cycle.,full_sheltered_and_unsheltered_cycle
homelessness,pit_unsheltered_homeless,PIT unsheltered homelessness estimate,06095,Solano,2025,2025-01-31,annual January point-in-time estimate,1436.0,people,,HUD_PIT,HUD-PIT-2025-workbook,2026-08-08T22:58:45Z,8deeb058001d6ecc0dfba0587baafc5e82eb46354e724c7e83a2a75eaa86e2f3,published,HUD count type: Sheltered-Only Count. The unsheltered component was not newly counted in this cycle; HUD carries the available component into the overall estimate.,sheltered_only_cycle
homelessness,pit_unsheltered_homeless,PIT unsheltered homelessness estimate,06097,Sonoma,2025,2025-01-31,annual January point-in-time estimate,1123.0,people,,HUD_PIT,HUD-PIT-2025-workbook,2026-08-08T22:58:45Z,8deeb058001d6ecc0dfba0587baafc5e82eb46354e724c7e83a2a75eaa86e2f3,published,HUD count type: Sheltered and Unsheltered Count. Both sheltered and unsheltered components were counted for this cycle.,full_sheltered_and_unsheltered_cycle
hud_assisted_housing,hud_assisted_extremely_low_income_pct,HUD-assisted households below 30% of area median income,06001,Alameda,2025,2025-12-31,annual program snapshot,86.0,percent,,HUD_PICTURE,HUD-Picture-2025,2026-08-08T22:58:45Z,8afaba8770146ce15c7af071b264ca4f16ac251fc75aa60c7143309798c9497c,published,Summary of all programs represented in HUD's Picture of Subsidized Households; it is not a census of every affordable unit.,comparable_within_picture_series
hud_assisted_housing,hud_assisted_extremely_low_income_pct,HUD-assisted households below 30% of area median income,06013,Contra Costa,2025,2025-12-31,annual program snapshot,81.0,percent,,HUD_PICTURE,HUD-Picture-2025,2026-08-08T22:58:45Z,8afaba8770146ce15c7af071b264ca4f16ac251fc75aa60c7143309798c9497c,published,Summary of all programs represented in HUD's Picture of Subsidized Households; it is not a census of every affordable unit.,comparable_within_picture_series
hud_assisted_housing,hud_assisted_extremely_low_income_pct,HUD-assisted households below 30% of area median income,06041,Marin,2025,2025-12-31,annual program snapshot,88.0,percent,,HUD_PICTURE,HUD-Picture-2025,2026-08-08T22:58:45Z,8afaba8770146ce15c7af071b264ca4f16ac251fc75aa60c7143309798c9497c,published,Summary of all programs represented in HUD's Picture of Subsidized Households; it is not a census of every affordable unit.,comparable_within_picture_series
hud_assisted_housing,hud_assisted_extremely_low_income_pct,HUD-assisted households below 30% of area median income,06055,Napa,2025,2025-12-31,annual program snapshot,85.0,percent,,HUD_PICTURE,HUD-Picture-2025,2026-08-08T22:58:45Z,8afaba8770146ce15c7af071b264ca4f16ac251fc75aa60c7143309798c9497c,published,Summary of all programs represented in HUD's Picture of Subsidized Households; it is not a census of every affordable unit.,comparable_within_picture_series
hud_assisted_housing,hud_assisted_extremely_low_income_pct,HUD-assisted households below 30% of area median income,06075,San Francisco,2025,2025-12-31,annual program snapshot,87.0,percent,,HUD_PICTURE,HUD-Picture-2025,2026-08-08T22:58:45Z,8afaba8770146ce15c7af071b264ca4f16ac251fc75aa60c7143309798c9497c,published,Summary of all programs represented in HUD's Picture of Subsidized Households; it is not a census of every affordable unit.,comparable_within_picture_series
hud_assisted_housing,hud_assisted_extremely_low_income_pct,HUD-assisted households below 30% of area median income,06081,San Mateo,2025,2025-12-31,annual program snapshot,84.0,percent,,HUD_PICTURE,HUD-Picture-2025,2026-08-08T22:58:45Z,8afaba8770146ce15c7af071b264ca4f16ac251fc75aa60c7143309798c9497c,published,Summary of all programs represented in HUD's Picture of Subsidized Households; it is not a census of every affordable unit.,comparable_within_picture_series
hud_assisted_housing,hud_assisted_extremely_low_income_pct,HUD-assisted households below 30% of area median income,06085,Santa Clara,2025,2025-12-31,annual program snapshot,89.0,percent,,HUD_PICTURE,HUD-Picture-2025,2026-08-08T22:58:45Z,8afaba8770146ce15c7af071b264ca4f16ac251fc75aa60c7143309798c9497c,published,Summary of all programs represented in HUD's Picture of Subsidized Households; it is not a census of every affordable unit.,comparable_within_picture_series
hud_assisted_housing,hud_assisted_extremely_low_income_pct,HUD-assisted households below 30% of area median income,06095,Solano,2025,2025-12-31,annual program snapshot,80.0,percent,,HUD_PICTURE,HUD-Picture-2025,2026-08-08T22:58:45Z,8afaba8770146ce15c7af071b264ca4f16ac251fc75aa60c7143309798c9497c,published,Summary of all programs represented in HUD's Picture of Subsidized Households; it is not a census of every affordable unit.,comparable_within_picture_series
hud_assisted_housing,hud_assisted_extremely_low_income_pct,HUD-assisted households below 30% of area median income,06097,Sonoma,2025,2025-12-31,annual program snapshot,87.0,percent,,HUD_PICTURE,HUD-Picture-2025,2026-08-08T22:58:45Z,8afaba8770146ce15c7af071b264ca4f16ac251fc75aa60c7143309798c9497c,published,Summary of all programs represented in HUD's Picture of Subsidized Households; it is not a census of every affordable unit.,comparable_within_picture_series
hud_assisted_housing,hud_assisted_household_income,Average annual income of HUD-assisted households,06001,Alameda,2025,2025-12-31,annual program snapshot,23246.0,current dollars per year,,HUD_PICTURE,HUD-Picture-2025,2026-08-08T22:58:45Z,8afaba8770146ce15c7af071b264ca4f16ac251fc75aa60c7143309798c9497c,published,Summary of all programs represented in HUD's Picture of Subsidized Households; it is not a census of every affordable unit.,comparable_within_picture_series
hud_assisted_housing,hud_assisted_household_income,Average annual income of HUD-assisted households,06013,Contra Costa,2025,2025-12-31,annual program snapshot,25966.0,current dollars per year,,HUD_PICTURE,HUD-Picture-2025,2026-08-08T22:58:45Z,8afaba8770146ce15c7af071b264ca4f16ac251fc75aa60c7143309798c9497c,published,Summary of all programs represented in HUD's Picture of Subsidized Households; it is not a census of every affordable unit.,comparable_within_picture_series
hud_assisted_housing,hud_assisted_household_income,Average annual income of HUD-assisted households,06041,Marin,2025,2025-12-31,annual program snapshot,24270.0,current dollars per year,,HUD_PICTURE,HUD-Picture-2025,2026-08-08T22:58:45Z,8afaba8770146ce15c7af071b264ca4f16ac251fc75aa60c7143309798c9497c,published,Summary of all programs represented in HUD's Picture of Subsidized Households; it is not a census of every affordable unit.,comparable_within_picture_series
hud_assisted_housing,hud_assisted_household_income,Average annual income of HUD-assisted households,06055,Napa,2025,2025-12-31,annual program snapshot,23716.0,current dollars per year,,HUD_PICTURE,HUD-Picture-2025,2026-08-08T22:58:45Z,8afaba8770146ce15c7af071b264ca4f16ac251fc75aa60c7143309798c9497c,published,Summary of all programs represented in HUD's Picture of Subsidized Households; it is not a census of every affordable unit.,comparable_within_picture_series
hud_assisted_housing,hud_assisted_household_income,Average annual income of HUD-assisted households,06075,San Francisco,2025,2025-12-31,annual program snapshot,24643.0,current dollars per year,,HUD_PICTURE,HUD-Picture-2025,2026-08-08T22:58:45Z,8afaba8770146ce15c7af071b264ca4f16ac251fc75aa60c7143309798c9497c,published,Summary of all programs represented in HUD's Picture of Subsidized Households; it is not a census of every affordable unit.,comparable_within_picture_series
hud_assisted_housing,hud_assisted_household_income,Average annual income of HUD-assisted households,06081,San Mateo,2025,2025-12-31,annual program snapshot,27385.0,current dollars per year,,HUD_PICTURE,HUD-Picture-2025,2026-08-08T22:58:45Z,8afaba8770146ce15c7af071b264ca4f16ac251fc75aa60c7143309798c9497c,published,Summary of all programs represented in HUD's Picture of Subsidized Households; it is not a census of every affordable unit.,comparable_within_picture_series
hud_assisted_housing,hud_assisted_household_income,Average annual income of HUD-assisted households,06085,Santa Clara,2025,2025-12-31,annual program snapshot,24023.0,current dollars per year,,HUD_PICTURE,HUD-Picture-2025,2026-08-08T22:58:45Z,8afaba8770146ce15c7af071b264ca4f16ac251fc75aa60c7143309798c9497c,published,Summary of all programs represented in HUD's Picture of Subsidized Households; it is not a census of every affordable unit.,comparable_within_picture_series
hud_assisted_housing,hud_assisted_household_income,Average annual income of HUD-assisted households,06095,Solano,2025,2025-12-31,annual program snapshot,23285.0,current dollars per year,,HUD_PICTURE,HUD-Picture-2025,2026-08-08T22:58:45Z,8afaba8770146ce15c7af071b264ca4f16ac251fc75aa60c7143309798c9497c,published,Summary of all programs represented in HUD's Picture of Subsidized Households; it is not a census of every affordable unit.,comparable_within_picture_series
hud_assisted_housing,hud_assisted_household_income,Average annual income of HUD-assisted households,06097,Sonoma,2025,2025-12-31,annual program snapshot,21593.0,current dollars per year,,HUD_PICTURE,HUD-Picture-2025,2026-08-08T22:58:45Z,8afaba8770146ce15c7af071b264ca4f16ac251fc75aa60c7143309798c9497c,published,Summary of all programs represented in HUD's Picture of Subsidized Households; it is not a census of every affordable unit.,comparable_within_picture_series
hud_assisted_housing,hud_assisted_months_waiting,Average months on waiting list before admission,06001,Alameda,2025,2025-12-31,annual program snapshot,34.0,months,,HUD_PICTURE,HUD-Picture-2025,2026-08-08T22:58:45Z,8afaba8770146ce15c7af071b264ca4f16ac251fc75aa60c7143309798c9497c,published,Summary of all programs represented in HUD's Picture of Subsidized Households; it is not a census of every affordable unit.,comparable_within_picture_series
hud_assisted_housing,hud_assisted_months_waiting,Average months on waiting list before admission,06013,Contra Costa,2025,2025-12-31,annual program snapshot,41.0,months,,HUD_PICTURE,HUD-Picture-2025,2026-08-08T22:58:45Z,8afaba8770146ce15c7af071b264ca4f16ac251fc75aa60c7143309798c9497c,published,Summary of all programs represented in HUD's Picture of Subsidized Households; it is not a census of every affordable unit.,comparable_within_picture_series
hud_assisted_housing,hud_assisted_months_waiting,Average months on waiting list before admission,06041,Marin,2025,2025-12-31,annual program snapshot,22.0,months,,HUD_PICTURE,HUD-Picture-2025,2026-08-08T22:58:45Z,8afaba8770146ce15c7af071b264ca4f16ac251fc75aa60c7143309798c9497c,published,Summary of all programs represented in HUD's Picture of Subsidized Households; it is not a census of every affordable unit.,comparable_within_picture_series
hud_assisted_housing,hud_assisted_months_waiting,Average months on waiting list before admission,06055,Napa,2025,2025-12-31,annual program snapshot,48.0,months,,HUD_PICTURE,HUD-Picture-2025,2026-08-08T22:58:45Z,8afaba8770146ce15c7af071b264ca4f16ac251fc75aa60c7143309798c9497c,published,Summary of all programs represented in HUD's Picture of Subsidized Households; it is not a census of every affordable unit.,comparable_within_picture_series
hud_assisted_housing,hud_assisted_months_waiting,Average months on waiting list before admission,06075,San Francisco,2025,2025-12-31,annual program snapshot,22.0,months,,HUD_PICTURE,HUD-Picture-2025,2026-08-08T22:58:45Z,8afaba8770146ce15c7af071b264ca4f16ac251fc75aa60c7143309798c9497c,published,Summary of all programs represented in HUD's Picture of Subsidized Households; it is not a census of every affordable unit.,comparable_within_picture_series
hud_assisted_housing,hud_assisted_months_waiting,Average months on waiting list before admission,06081,San Mateo,2025,2025-12-31,annual program snapshot,101.0,months,,HUD_PICTURE,HUD-Picture-2025,2026-08-08T22:58:45Z,8afaba8770146ce15c7af071b264ca4f16ac251fc75aa60c7143309798c9497c,published,Summary of all programs represented in HUD's Picture of Subsidized Households; it is not a census of every affordable unit.,comparable_within_picture_series
hud_assisted_housing,hud_assisted_months_waiting,Average months on waiting list before admission,06085,Santa Clara,2025,2025-12-31,annual program snapshot,23.0,months,,HUD_PICTURE,HUD-Picture-2025,2026-08-08T22:58:45Z,8afaba8770146ce15c7af071b264ca4f16ac251fc75aa60c7143309798c9497c,published,Summary of all programs represented in HUD's Picture of Subsidized Households; it is not a census of every affordable unit.,comparable_within_picture_series
hud_assisted_housing,hud_assisted_months_waiting,Average months on waiting list before admission,06095,Solano,2025,2025-12-31,annual program snapshot,31.0,months,,HUD_PICTURE,HUD-Picture-2025,2026-08-08T22:58:45Z,8afaba8770146ce15c7af071b264ca4f16ac251fc75aa60c7143309798c9497c,published,Summary of all programs represented in HUD's Picture of Subsidized Households; it is not a census of every affordable unit.,comparable_within_picture_series
hud_assisted_housing,hud_assisted_months_waiting,Average months on waiting list before admission,06097,Sonoma,2025,2025-12-31,annual program snapshot,16.0,months,,HUD_PICTURE,HUD-Picture-2025,2026-08-08T22:58:45Z,8afaba8770146ce15c7af071b264ca4f16ac251fc75aa60c7143309798c9497c,published,Summary of all programs represented in HUD's Picture of Subsidized Households; it is not a census of every affordable unit.,comparable_within_picture_series
hud_assisted_housing,hud_assisted_occupancy_pct,HUD-assisted units reported occupied,06001,Alameda,2025,2025-12-31,annual program snapshot,87.0,percent,,HUD_PICTURE,HUD-Picture-2025,2026-08-08T22:58:45Z,8afaba8770146ce15c7af071b264ca4f16ac251fc75aa60c7143309798c9497c,published,Summary of all programs represented in HUD's Picture of Subsidized Households; it is not a census of every affordable unit.,comparable_within_picture_series
hud_assisted_housing,hud_assisted_occupancy_pct,HUD-assisted units reported occupied,06013,Contra Costa,2025,2025-12-31,annual program snapshot,93.0,percent,,HUD_PICTURE,HUD-Picture-2025,2026-08-08T22:58:45Z,8afaba8770146ce15c7af071b264ca4f16ac251fc75aa60c7143309798c9497c,published,Summary of all programs represented in HUD's Picture of Subsidized Households; it is not a census of every affordable unit.,comparable_within_picture_series
hud_assisted_housing,hud_assisted_occupancy_pct,HUD-assisted units reported occupied,06041,Marin,2025,2025-12-31,annual program snapshot,91.0,percent,,HUD_PICTURE,HUD-Picture-2025,2026-08-08T22:58:45Z,8afaba8770146ce15c7af071b264ca4f16ac251fc75aa60c7143309798c9497c,published,Summary of all programs represented in HUD's Picture of Subsidized Households; it is not a census of every affordable unit.,comparable_within_picture_series
hud_assisted_housing,hud_assisted_occupancy_pct,HUD-assisted units reported occupied,06055,Napa,2025,2025-12-31,annual program snapshot,76.0,percent,,HUD_PICTURE,HUD-Picture-2025,2026-08-08T22:58:45Z,8afaba8770146ce15c7af071b264ca4f16ac251fc75aa60c7143309798c9497c,published,Summary of all programs represented in HUD's Picture of Subsidized Households; it is not a census of every affordable unit.,comparable_within_picture_series
hud_assisted_housing,hud_assisted_occupancy_pct,HUD-assisted units reported occupied,06075,San Francisco,2025,2025-12-31,annual program snapshot,95.0,percent,,HUD_PICTURE,HUD-Picture-2025,2026-08-08T22:58:45Z,8afaba8770146ce15c7af071b264ca4f16ac251fc75aa60c7143309798c9497c,published,Summary of all programs represented in HUD's Picture of Subsidized Households; it is not a census of every affordable unit.,comparable_within_picture_series
hud_assisted_housing,hud_assisted_occupancy_pct,HUD-assisted units reported occupied,06081,San Mateo,2025,2025-12-31,annual program snapshot,93.0,percent,,HUD_PICTURE,HUD-Picture-2025,2026-08-08T22:58:45Z,8afaba8770146ce15c7af071b264ca4f16ac251fc75aa60c7143309798c9497c,published,Summary of all programs represented in HUD's Picture of Subsidized Households; it is not a census of every affordable unit.,comparable_within_picture_series
hud_assisted_housing,hud_assisted_occupancy_pct,HUD-assisted units reported occupied,06085,Santa Clara,2025,2025-12-31,annual program snapshot,93.0,percent,,HUD_PICTURE,HUD-Picture-2025,2026-08-08T22:58:45Z,8afaba8770146ce15c7af071b264ca4f16ac251fc75aa60c7143309798c9497c,published,Summary of all programs represented in HUD's Picture of Subsidized Households; it is not a census of every affordable unit.,comparable_within_picture_series
hud_assisted_housing,hud_assisted_occupancy_pct,HUD-assisted units reported occupied,06095,Solano,2025,2025-12-31,annual program snapshot,75.0,percent,,HUD_PICTURE,HUD-Picture-2025,2026-08-08T22:58:45Z,8afaba8770146ce15c7af071b264ca4f16ac251fc75aa60c7143309798c9497c,published,Summary of all programs represented in HUD's Picture of Subsidized Households; it is not a census of every affordable unit.,comparable_within_picture_series
hud_assisted_housing,hud_assisted_occupancy_pct,HUD-assisted units reported occupied,06097,Sonoma,2025,2025-12-31,annual program snapshot,91.0,percent,,HUD_PICTURE,HUD-Picture-2025,2026-08-08T22:58:45Z,8afaba8770146ce15c7af071b264ca4f16ac251fc75aa60c7143309798c9497c,published,Summary of all programs represented in HUD's Picture of Subsidized Households; it is not a census of every affordable unit.,comparable_within_picture_series
hud_assisted_housing,hud_assisted_people,People in HUD-assisted households,06001,Alameda,2025,2025-12-31,annual program snapshot,58054.0,people,,HUD_PICTURE,HUD-Picture-2025,2026-08-08T22:58:45Z,8afaba8770146ce15c7af071b264ca4f16ac251fc75aa60c7143309798c9497c,published,Summary of all programs represented in HUD's Picture of Subsidized Households; it is not a census of every affordable unit.,comparable_within_picture_series
hud_assisted_housing,hud_assisted_people,People in HUD-assisted households,06013,Contra Costa,2025,2025-12-31,annual program snapshot,30072.0,people,,HUD_PICTURE,HUD-Picture-2025,2026-08-08T22:58:45Z,8afaba8770146ce15c7af071b264ca4f16ac251fc75aa60c7143309798c9497c,published,Summary of all programs represented in HUD's Picture of Subsidized Households; it is not a census of every affordable unit.,comparable_within_picture_series
hud_assisted_housing,hud_assisted_people,People in HUD-assisted households,06041,Marin,2025,2025-12-31,annual program snapshot,5943.0,people,,HUD_PICTURE,HUD-Picture-2025,2026-08-08T22:58:45Z,8afaba8770146ce15c7af071b264ca4f16ac251fc75aa60c7143309798c9497c,published,Summary of all programs represented in HUD's Picture of Subsidized Households; it is not a census of every affordable unit.,comparable_within_picture_series
hud_assisted_housing,hud_assisted_people,People in HUD-assisted households,06055,Napa,2025,2025-12-31,annual program snapshot,2839.0,people,,HUD_PICTURE,HUD-Picture-2025,2026-08-08T22:58:45Z,8afaba8770146ce15c7af071b264ca4f16ac251fc75aa60c7143309798c9497c,published,Summary of all programs represented in HUD's Picture of Subsidized Households; it is not a census of every affordable unit.,comparable_within_picture_series
hud_assisted_housing,hud_assisted_people,People in HUD-assisted households,06075,San Francisco,2025,2025-12-31,annual program snapshot,44488.0,people,,HUD_PICTURE,HUD-Picture-2025,2026-08-08T22:58:45Z,8afaba8770146ce15c7af071b264ca4f16ac251fc75aa60c7143309798c9497c,published,Summary of all programs represented in HUD's Picture of Subsidized Households; it is not a census of every affordable unit.,comparable_within_picture_series
hud_assisted_housing,hud_assisted_people,People in HUD-assisted households,06081,San Mateo,2025,2025-12-31,annual program snapshot,12126.0,people,,HUD_PICTURE,HUD-Picture-2025,2026-08-08T22:58:45Z,8afaba8770146ce15c7af071b264ca4f16ac251fc75aa60c7143309798c9497c,published,Summary of all programs represented in HUD's Picture of Subsidized Households; it is not a census of every affordable unit.,comparable_within_picture_series
hud_assisted_housing,hud_assisted_people,People in HUD-assisted households,06085,Santa Clara,2025,2025-12-31,annual program snapshot,49699.0,people,,HUD_PICTURE,HUD-Picture-2025,2026-08-08T22:58:45Z,8afaba8770146ce15c7af071b264ca4f16ac251fc75aa60c7143309798c9497c,published,Summary of all programs represented in HUD's Picture of Subsidized Households; it is not a census of every affordable unit.,comparable_within_picture_series
hud_assisted_housing,hud_assisted_people,People in HUD-assisted households,06095,Solano,2025,2025-12-31,annual program snapshot,10371.0,people,,HUD_PICTURE,HUD-Picture-2025,2026-08-08T22:58:45Z,8afaba8770146ce15c7af071b264ca4f16ac251fc75aa60c7143309798c9497c,published,Summary of all programs represented in HUD's Picture of Subsidized Households; it is not a census of every affordable unit.,comparable_within_picture_series
hud_assisted_housing,hud_assisted_people,People in HUD-assisted households,06097,Sonoma,2025,2025-12-31,annual program snapshot,10843.0,people,,HUD_PICTURE,HUD-Picture-2025,2026-08-08T22:58:45Z,8afaba8770146ce15c7af071b264ca4f16ac251fc75aa60c7143309798c9497c,published,Summary of all programs represented in HUD's Picture of Subsidized Households; it is not a census of every affordable unit.,comparable_within_picture_series
hud_assisted_housing,hud_assisted_units,HUD-assisted units under contract,06001,Alameda,2025,2025-12-31,annual program snapshot,35189.0,housing units,,HUD_PICTURE,HUD-Picture-2025,2026-08-08T22:58:45Z,8afaba8770146ce15c7af071b264ca4f16ac251fc75aa60c7143309798c9497c,published,Summary of all programs represented in HUD's Picture of Subsidized Households; it is not a census of every affordable unit.,comparable_within_picture_series
hud_assisted_housing,hud_assisted_units,HUD-assisted units under contract,06013,Contra Costa,2025,2025-12-31,annual program snapshot,15477.0,housing units,,HUD_PICTURE,HUD-Picture-2025,2026-08-08T22:58:45Z,8afaba8770146ce15c7af071b264ca4f16ac251fc75aa60c7143309798c9497c,published,Summary of all programs represented in HUD's Picture of Subsidized Households; it is not a census of every affordable unit.,comparable_within_picture_series
hud_assisted_housing,hud_assisted_units,HUD-assisted units under contract,06041,Marin,2025,2025-12-31,annual program snapshot,3792.0,housing units,,HUD_PICTURE,HUD-Picture-2025,2026-08-08T22:58:45Z,8afaba8770146ce15c7af071b264ca4f16ac251fc75aa60c7143309798c9497c,published,Summary of all programs represented in HUD's Picture of Subsidized Households; it is not a census of every affordable unit.,comparable_within_picture_series
hud_assisted_housing,hud_assisted_units,HUD-assisted units under contract,06055,Napa,2025,2025-12-31,annual program snapshot,1939.0,housing units,,HUD_PICTURE,HUD-Picture-2025,2026-08-08T22:58:45Z,8afaba8770146ce15c7af071b264ca4f16ac251fc75aa60c7143309798c9497c,published,Summary of all programs represented in HUD's Picture of Subsidized Households; it is not a census of every affordable unit.,comparable_within_picture_series
hud_assisted_housing,hud_assisted_units,HUD-assisted units under contract,06075,San Francisco,2025,2025-12-31,annual program snapshot,25578.0,housing units,,HUD_PICTURE,HUD-Picture-2025,2026-08-08T22:58:45Z,8afaba8770146ce15c7af071b264ca4f16ac251fc75aa60c7143309798c9497c,published,Summary of all programs represented in HUD's Picture of Subsidized Households; it is not a census of every affordable unit.,comparable_within_picture_series
hud_assisted_housing,hud_assisted_units,HUD-assisted units under contract,06081,San Mateo,2025,2025-12-31,annual program snapshot,6971.0,housing units,,HUD_PICTURE,HUD-Picture-2025,2026-08-08T22:58:45Z,8afaba8770146ce15c7af071b264ca4f16ac251fc75aa60c7143309798c9497c,published,Summary of all programs represented in HUD's Picture of Subsidized Households; it is not a census of every affordable unit.,comparable_within_picture_series
hud_assisted_housing,hud_assisted_units,HUD-assisted units under contract,06085,Santa Clara,2025,2025-12-31,annual program snapshot,25169.0,housing units,,HUD_PICTURE,HUD-Picture-2025,2026-08-08T22:58:45Z,8afaba8770146ce15c7af071b264ca4f16ac251fc75aa60c7143309798c9497c,published,Summary of all programs represented in HUD's Picture of Subsidized Households; it is not a census of every affordable unit.,comparable_within_picture_series
hud_assisted_housing,hud_assisted_units,HUD-assisted units under contract,06095,Solano,2025,2025-12-31,annual program snapshot,7083.0,housing units,,HUD_PICTURE,HUD-Picture-2025,2026-08-08T22:58:45Z,8afaba8770146ce15c7af071b264ca4f16ac251fc75aa60c7143309798c9497c,published,Summary of all programs represented in HUD's Picture of Subsidized Households; it is not a census of every affordable unit.,comparable_within_picture_series
hud_assisted_housing,hud_assisted_units,HUD-assisted units under contract,06097,Sonoma,2025,2025-12-31,annual program snapshot,6824.0,housing units,,HUD_PICTURE,HUD-Picture-2025,2026-08-08T22:58:45Z,8afaba8770146ce15c7af071b264ca4f16ac251fc75aa60c7143309798c9497c,published,Summary of all programs represented in HUD's Picture of Subsidized Households; it is not a census of every affordable unit.,comparable_within_picture_series
income_targeted_production,hcd_apr_above_permitted_units,HCD-reported ABOVE permitted units,06001,Alameda,2025,2025-12-31,annual,2460.0,housing units,,CA_HCD_APR,HCD-APR-through-2025,2026-08-08T18:25:52Z,dc0c6c52468ffe95159a7ac7e2d85569f2e28640451e90455cc13b3d4cf73da6,published,Jurisdiction-reported building permits aggregated to county by The Bay Outlook. Reused from the verified Version 1.1 evidence layer.,comparable_within_series
income_targeted_production,hcd_apr_above_permitted_units,HCD-reported ABOVE permitted units,06013,Contra Costa,2025,2025-12-31,annual,1264.0,housing units,,CA_HCD_APR,HCD-APR-through-2025,2026-08-08T18:25:52Z,dc0c6c52468ffe95159a7ac7e2d85569f2e28640451e90455cc13b3d4cf73da6,published,Jurisdiction-reported building permits aggregated to county by The Bay Outlook. Reused from the verified Version 1.1 evidence layer.,comparable_within_series
income_targeted_production,hcd_apr_above_permitted_units,HCD-reported ABOVE permitted units,06041,Marin,2025,2025-12-31,annual,178.0,housing units,,CA_HCD_APR,HCD-APR-through-2025,2026-08-08T18:25:52Z,dc0c6c52468ffe95159a7ac7e2d85569f2e28640451e90455cc13b3d4cf73da6,published,Jurisdiction-reported building permits aggregated to county by The Bay Outlook. Reused from the verified Version 1.1 evidence layer.,comparable_within_series
income_targeted_production,hcd_apr_above_permitted_units,HCD-reported ABOVE permitted units,06055,Napa,2025,2025-12-31,annual,319.0,housing units,,CA_HCD_APR,HCD-APR-through-2025,2026-08-08T18:25:52Z,dc0c6c52468ffe95159a7ac7e2d85569f2e28640451e90455cc13b3d4cf73da6,published,Jurisdiction-reported building permits aggregated to county by The Bay Outlook. Reused from the verified Version 1.1 evidence layer.,comparable_within_series
income_targeted_production,hcd_apr_above_permitted_units,HCD-reported ABOVE permitted units,06075,San Francisco,2025,2025-12-31,annual,354.0,housing units,,CA_HCD_APR,HCD-APR-through-2025,2026-08-08T18:25:52Z,dc0c6c52468ffe95159a7ac7e2d85569f2e28640451e90455cc13b3d4cf73da6,published,Jurisdiction-reported building permits aggregated to county by The Bay Outlook. Reused from the verified Version 1.1 evidence layer.,comparable_within_series
income_targeted_production,hcd_apr_above_permitted_units,HCD-reported ABOVE permitted units,06081,San Mateo,2025,2025-12-31,annual,1922.0,housing units,,CA_HCD_APR,HCD-APR-through-2025,2026-08-08T18:25:52Z,dc0c6c52468ffe95159a7ac7e2d85569f2e28640451e90455cc13b3d4cf73da6,published,Jurisdiction-reported building permits aggregated to county by The Bay Outlook. Reused from the verified Version 1.1 evidence layer.,comparable_within_series
income_targeted_production,hcd_apr_above_permitted_units,HCD-reported ABOVE permitted units,06085,Santa Clara,2025,2025-12-31,annual,2631.0,housing units,,CA_HCD_APR,HCD-APR-through-2025,2026-08-08T18:25:52Z,dc0c6c52468ffe95159a7ac7e2d85569f2e28640451e90455cc13b3d4cf73da6,published,Jurisdiction-reported building permits aggregated to county by The Bay Outlook. Reused from the verified Version 1.1 evidence layer.,comparable_within_series
income_targeted_production,hcd_apr_above_permitted_units,HCD-reported ABOVE permitted units,06095,Solano,2025,2025-12-31,annual,1140.0,housing units,,CA_HCD_APR,HCD-APR-through-2025,2026-08-08T18:25:52Z,dc0c6c52468ffe95159a7ac7e2d85569f2e28640451e90455cc13b3d4cf73da6,published,Jurisdiction-reported building permits aggregated to county by The Bay Outlook. Reused from the verified Version 1.1 evidence layer.,comparable_within_series
income_targeted_production,hcd_apr_above_permitted_units,HCD-reported ABOVE permitted units,06097,Sonoma,2025,2025-12-31,annual,1088.0,housing units,,CA_HCD_APR,HCD-APR-through-2025,2026-08-08T18:25:52Z,dc0c6c52468ffe95159a7ac7e2d85569f2e28640451e90455cc13b3d4cf73da6,published,Jurisdiction-reported building permits aggregated to county by The Bay Outlook. Reused from the verified Version 1.1 evidence layer.,comparable_within_series
income_targeted_production,hcd_apr_li_permitted_units,HCD-reported LI permitted units,06001,Alameda,2025,2025-12-31,annual,810.0,housing units,,CA_HCD_APR,HCD-APR-through-2025,2026-08-08T18:25:52Z,dc0c6c52468ffe95159a7ac7e2d85569f2e28640451e90455cc13b3d4cf73da6,published,Jurisdiction-reported building permits aggregated to county by The Bay Outlook. Reused from the verified Version 1.1 evidence layer.,comparable_within_series
income_targeted_production,hcd_apr_li_permitted_units,HCD-reported LI permitted units,06013,Contra Costa,2025,2025-12-31,annual,618.0,housing units,,CA_HCD_APR,HCD-APR-through-2025,2026-08-08T18:25:52Z,dc0c6c52468ffe95159a7ac7e2d85569f2e28640451e90455cc13b3d4cf73da6,published,Jurisdiction-reported building permits aggregated to county by The Bay Outlook. Reused from the verified Version 1.1 evidence layer.,comparable_within_series
income_targeted_production,hcd_apr_li_permitted_units,HCD-reported LI permitted units,06041,Marin,2025,2025-12-31,annual,97.0,housing units,,CA_HCD_APR,HCD-APR-through-2025,2026-08-08T18:25:52Z,dc0c6c52468ffe95159a7ac7e2d85569f2e28640451e90455cc13b3d4cf73da6,published,Jurisdiction-reported building permits aggregated to county by The Bay Outlook. Reused from the verified Version 1.1 evidence layer.,comparable_within_series
income_targeted_production,hcd_apr_li_permitted_units,HCD-reported LI permitted units,06055,Napa,2025,2025-12-31,annual,44.0,housing units,,CA_HCD_APR,HCD-APR-through-2025,2026-08-08T18:25:52Z,dc0c6c52468ffe95159a7ac7e2d85569f2e28640451e90455cc13b3d4cf73da6,published,Jurisdiction-reported building permits aggregated to county by The Bay Outlook. Reused from the verified Version 1.1 evidence layer.,comparable_within_series
income_targeted_production,hcd_apr_li_permitted_units,HCD-reported LI permitted units,06075,San Francisco,2025,2025-12-31,annual,567.0,housing units,,CA_HCD_APR,HCD-APR-through-2025,2026-08-08T18:25:52Z,dc0c6c52468ffe95159a7ac7e2d85569f2e28640451e90455cc13b3d4cf73da6,published,Jurisdiction-reported building permits aggregated to county by The Bay Outlook. Reused from the verified Version 1.1 evidence layer.,comparable_within_series
income_targeted_production,hcd_apr_li_permitted_units,HCD-reported LI permitted units,06081,San Mateo,2025,2025-12-31,annual,1043.0,housing units,,CA_HCD_APR,HCD-APR-through-2025,2026-08-08T18:25:52Z,dc0c6c52468ffe95159a7ac7e2d85569f2e28640451e90455cc13b3d4cf73da6,published,Jurisdiction-reported building permits aggregated to county by The Bay Outlook. Reused from the verified Version 1.1 evidence layer.,comparable_within_series
income_targeted_production,hcd_apr_li_permitted_units,HCD-reported LI permitted units,06085,Santa Clara,2025,2025-12-31,annual,862.0,housing units,,CA_HCD_APR,HCD-APR-through-2025,2026-08-08T18:25:52Z,dc0c6c52468ffe95159a7ac7e2d85569f2e28640451e90455cc13b3d4cf73da6,published,Jurisdiction-reported building permits aggregated to county by The Bay Outlook. Reused from the verified Version 1.1 evidence layer.,comparable_within_series
income_targeted_production,hcd_apr_li_permitted_units,HCD-reported LI permitted units,06095,Solano,2025,2025-12-31,annual,55.0,housing units,,CA_HCD_APR,HCD-APR-through-2025,2026-08-08T18:25:52Z,dc0c6c52468ffe95159a7ac7e2d85569f2e28640451e90455cc13b3d4cf73da6,published,Jurisdiction-reported building permits aggregated to county by The Bay Outlook. Reused from the verified Version 1.1 evidence layer.,comparable_within_series
income_targeted_production,hcd_apr_li_permitted_units,HCD-reported LI permitted units,06097,Sonoma,2025,2025-12-31,annual,311.0,housing units,,CA_HCD_APR,HCD-APR-through-2025,2026-08-08T18:25:52Z,dc0c6c52468ffe95159a7ac7e2d85569f2e28640451e90455cc13b3d4cf73da6,published,Jurisdiction-reported building permits aggregated to county by The Bay Outlook. Reused from the verified Version 1.1 evidence layer.,comparable_within_series
income_targeted_production,hcd_apr_mod_permitted_units,HCD-reported MOD permitted units,06001,Alameda,2025,2025-12-31,annual,620.0,housing units,,CA_HCD_APR,HCD-APR-through-2025,2026-08-08T18:25:52Z,dc0c6c52468ffe95159a7ac7e2d85569f2e28640451e90455cc13b3d4cf73da6,published,Jurisdiction-reported building permits aggregated to county by The Bay Outlook. Reused from the verified Version 1.1 evidence layer.,comparable_within_series
income_targeted_production,hcd_apr_mod_permitted_units,HCD-reported MOD permitted units,06013,Contra Costa,2025,2025-12-31,annual,332.0,housing units,,CA_HCD_APR,HCD-APR-through-2025,2026-08-08T18:25:52Z,dc0c6c52468ffe95159a7ac7e2d85569f2e28640451e90455cc13b3d4cf73da6,published,Jurisdiction-reported building permits aggregated to county by The Bay Outlook. Reused from the verified Version 1.1 evidence layer.,comparable_within_series
income_targeted_production,hcd_apr_mod_permitted_units,HCD-reported MOD permitted units,06041,Marin,2025,2025-12-31,annual,76.0,housing units,,CA_HCD_APR,HCD-APR-through-2025,2026-08-08T18:25:52Z,dc0c6c52468ffe95159a7ac7e2d85569f2e28640451e90455cc13b3d4cf73da6,published,Jurisdiction-reported building permits aggregated to county by The Bay Outlook. Reused from the verified Version 1.1 evidence layer.,comparable_within_series
income_targeted_production,hcd_apr_mod_permitted_units,HCD-reported MOD permitted units,06055,Napa,2025,2025-12-31,annual,42.0,housing units,,CA_HCD_APR,HCD-APR-through-2025,2026-08-08T18:25:52Z,dc0c6c52468ffe95159a7ac7e2d85569f2e28640451e90455cc13b3d4cf73da6,published,Jurisdiction-reported building permits aggregated to county by The Bay Outlook. Reused from the verified Version 1.1 evidence layer.,comparable_within_series
income_targeted_production,hcd_apr_mod_permitted_units,HCD-reported MOD permitted units,06075,San Francisco,2025,2025-12-31,annual,276.0,housing units,,CA_HCD_APR,HCD-APR-through-2025,2026-08-08T18:25:52Z,dc0c6c52468ffe95159a7ac7e2d85569f2e28640451e90455cc13b3d4cf73da6,published,Jurisdiction-reported building permits aggregated to county by The Bay Outlook. Reused from the verified Version 1.1 evidence layer.,comparable_within_series
income_targeted_production,hcd_apr_mod_permitted_units,HCD-reported MOD permitted units,06081,San Mateo,2025,2025-12-31,annual,349.0,housing units,,CA_HCD_APR,HCD-APR-through-2025,2026-08-08T18:25:52Z,dc0c6c52468ffe95159a7ac7e2d85569f2e28640451e90455cc13b3d4cf73da6,published,Jurisdiction-reported building permits aggregated to county by The Bay Outlook. Reused from the verified Version 1.1 evidence layer.,comparable_within_series
income_targeted_production,hcd_apr_mod_permitted_units,HCD-reported MOD permitted units,06085,Santa Clara,2025,2025-12-31,annual,1492.0,housing units,,CA_HCD_APR,HCD-APR-through-2025,2026-08-08T18:25:52Z,dc0c6c52468ffe95159a7ac7e2d85569f2e28640451e90455cc13b3d4cf73da6,published,Jurisdiction-reported building permits aggregated to county by The Bay Outlook. Reused from the verified Version 1.1 evidence layer.,comparable_within_series
income_targeted_production,hcd_apr_mod_permitted_units,HCD-reported MOD permitted units,06095,Solano,2025,2025-12-31,annual,181.0,housing units,,CA_HCD_APR,HCD-APR-through-2025,2026-08-08T18:25:52Z,dc0c6c52468ffe95159a7ac7e2d85569f2e28640451e90455cc13b3d4cf73da6,published,Jurisdiction-reported building permits aggregated to county by The Bay Outlook. Reused from the verified Version 1.1 evidence layer.,comparable_within_series
income_targeted_production,hcd_apr_mod_permitted_units,HCD-reported MOD permitted units,06097,Sonoma,2025,2025-12-31,annual,110.0,housing units,,CA_HCD_APR,HCD-APR-through-2025,2026-08-08T18:25:52Z,dc0c6c52468ffe95159a7ac7e2d85569f2e28640451e90455cc13b3d4cf73da6,published,Jurisdiction-reported building permits aggregated to county by The Bay Outlook. Reused from the verified Version 1.1 evidence layer.,comparable_within_series
income_targeted_production,hcd_apr_permitted_units,HCD-reported permitted units,06001,Alameda,2025,2025-12-31,annual,5000.0,housing units,,CA_HCD_APR,HCD-APR-through-2025,2026-08-08T18:25:52Z,dc0c6c52468ffe95159a7ac7e2d85569f2e28640451e90455cc13b3d4cf73da6,published,Jurisdiction-reported building permits aggregated to county by The Bay Outlook. Reused from the verified Version 1.1 evidence layer.,comparable_within_series
income_targeted_production,hcd_apr_permitted_units,HCD-reported permitted units,06013,Contra Costa,2025,2025-12-31,annual,2669.0,housing units,,CA_HCD_APR,HCD-APR-through-2025,2026-08-08T18:25:52Z,dc0c6c52468ffe95159a7ac7e2d85569f2e28640451e90455cc13b3d4cf73da6,published,Jurisdiction-reported building permits aggregated to county by The Bay Outlook. Reused from the verified Version 1.1 evidence layer.,comparable_within_series
income_targeted_production,hcd_apr_permitted_units,HCD-reported permitted units,06041,Marin,2025,2025-12-31,annual,486.0,housing units,,CA_HCD_APR,HCD-APR-through-2025,2026-08-08T18:25:52Z,dc0c6c52468ffe95159a7ac7e2d85569f2e28640451e90455cc13b3d4cf73da6,published,Jurisdiction-reported building permits aggregated to county by The Bay Outlook. Reused from the verified Version 1.1 evidence layer.,comparable_within_series
income_targeted_production,hcd_apr_permitted_units,HCD-reported permitted units,06055,Napa,2025,2025-12-31,annual,440.0,housing units,,CA_HCD_APR,HCD-APR-through-2025,2026-08-08T18:25:52Z,dc0c6c52468ffe95159a7ac7e2d85569f2e28640451e90455cc13b3d4cf73da6,published,Jurisdiction-reported building permits aggregated to county by The Bay Outlook. Reused from the verified Version 1.1 evidence layer.,comparable_within_series
income_targeted_production,hcd_apr_permitted_units,HCD-reported permitted units,06075,San Francisco,2025,2025-12-31,annual,1959.0,housing units,,CA_HCD_APR,HCD-APR-through-2025,2026-08-08T18:25:52Z,dc0c6c52468ffe95159a7ac7e2d85569f2e28640451e90455cc13b3d4cf73da6,published,Jurisdiction-reported building permits aggregated to county by The Bay Outlook. Reused from the verified Version 1.1 evidence layer.,comparable_within_series
income_targeted_production,hcd_apr_permitted_units,HCD-reported permitted units,06081,San Mateo,2025,2025-12-31,annual,3987.0,housing units,,CA_HCD_APR,HCD-APR-through-2025,2026-08-08T18:25:52Z,dc0c6c52468ffe95159a7ac7e2d85569f2e28640451e90455cc13b3d4cf73da6,published,Jurisdiction-reported building permits aggregated to county by The Bay Outlook. Reused from the verified Version 1.1 evidence layer.,comparable_within_series
income_targeted_production,hcd_apr_permitted_units,HCD-reported permitted units,06085,Santa Clara,2025,2025-12-31,annual,6154.0,housing units,,CA_HCD_APR,HCD-APR-through-2025,2026-08-08T18:25:52Z,dc0c6c52468ffe95159a7ac7e2d85569f2e28640451e90455cc13b3d4cf73da6,published,Jurisdiction-reported building permits aggregated to county by The Bay Outlook. Reused from the verified Version 1.1 evidence layer.,comparable_within_series
income_targeted_production,hcd_apr_permitted_units,HCD-reported permitted units,06095,Solano,2025,2025-12-31,annual,1493.0,housing units,,CA_HCD_APR,HCD-APR-through-2025,2026-08-08T18:25:52Z,dc0c6c52468ffe95159a7ac7e2d85569f2e28640451e90455cc13b3d4cf73da6,published,Jurisdiction-reported building permits aggregated to county by The Bay Outlook. Reused from the verified Version 1.1 evidence layer.,comparable_within_series
income_targeted_production,hcd_apr_permitted_units,HCD-reported permitted units,06097,Sonoma,2025,2025-12-31,annual,1903.0,housing units,,CA_HCD_APR,HCD-APR-through-2025,2026-08-08T18:25:52Z,dc0c6c52468ffe95159a7ac7e2d85569f2e28640451e90455cc13b3d4cf73da6,published,Jurisdiction-reported building permits aggregated to county by The Bay Outlook. Reused from the verified Version 1.1 evidence layer.,comparable_within_series
income_targeted_production,hcd_apr_vli_permitted_units,HCD-reported VLI permitted units,06001,Alameda,2025,2025-12-31,annual,1110.0,housing units,,CA_HCD_APR,HCD-APR-through-2025,2026-08-08T18:25:52Z,dc0c6c52468ffe95159a7ac7e2d85569f2e28640451e90455cc13b3d4cf73da6,published,Jurisdiction-reported building permits aggregated to county by The Bay Outlook. Reused from the verified Version 1.1 evidence layer.,comparable_within_series
income_targeted_production,hcd_apr_vli_permitted_units,HCD-reported VLI permitted units,06013,Contra Costa,2025,2025-12-31,annual,455.0,housing units,,CA_HCD_APR,HCD-APR-through-2025,2026-08-08T18:25:52Z,dc0c6c52468ffe95159a7ac7e2d85569f2e28640451e90455cc13b3d4cf73da6,published,Jurisdiction-reported building permits aggregated to county by The Bay Outlook. Reused from the verified Version 1.1 evidence layer.,comparable_within_series
income_targeted_production,hcd_apr_vli_permitted_units,HCD-reported VLI permitted units,06041,Marin,2025,2025-12-31,annual,135.0,housing units,,CA_HCD_APR,HCD-APR-through-2025,2026-08-08T18:25:52Z,dc0c6c52468ffe95159a7ac7e2d85569f2e28640451e90455cc13b3d4cf73da6,published,Jurisdiction-reported building permits aggregated to county by The Bay Outlook. Reused from the verified Version 1.1 evidence layer.,comparable_within_series
income_targeted_production,hcd_apr_vli_permitted_units,HCD-reported VLI permitted units,06055,Napa,2025,2025-12-31,annual,35.0,housing units,,CA_HCD_APR,HCD-APR-through-2025,2026-08-08T18:25:52Z,dc0c6c52468ffe95159a7ac7e2d85569f2e28640451e90455cc13b3d4cf73da6,published,Jurisdiction-reported building permits aggregated to county by The Bay Outlook. Reused from the verified Version 1.1 evidence layer.,comparable_within_series
income_targeted_production,hcd_apr_vli_permitted_units,HCD-reported VLI permitted units,06075,San Francisco,2025,2025-12-31,annual,762.0,housing units,,CA_HCD_APR,HCD-APR-through-2025,2026-08-08T18:25:52Z,dc0c6c52468ffe95159a7ac7e2d85569f2e28640451e90455cc13b3d4cf73da6,published,Jurisdiction-reported building permits aggregated to county by The Bay Outlook. Reused from the verified Version 1.1 evidence layer.,comparable_within_series
income_targeted_production,hcd_apr_vli_permitted_units,HCD-reported VLI permitted units,06081,San Mateo,2025,2025-12-31,annual,673.0,housing units,,CA_HCD_APR,HCD-APR-through-2025,2026-08-08T18:25:52Z,dc0c6c52468ffe95159a7ac7e2d85569f2e28640451e90455cc13b3d4cf73da6,published,Jurisdiction-reported building permits aggregated to county by The Bay Outlook. Reused from the verified Version 1.1 evidence layer.,comparable_within_series
income_targeted_production,hcd_apr_vli_permitted_units,HCD-reported VLI permitted units,06085,Santa Clara,2025,2025-12-31,annual,1169.0,housing units,,CA_HCD_APR,HCD-APR-through-2025,2026-08-08T18:25:52Z,dc0c6c52468ffe95159a7ac7e2d85569f2e28640451e90455cc13b3d4cf73da6,published,Jurisdiction-reported building permits aggregated to county by The Bay Outlook. Reused from the verified Version 1.1 evidence layer.,comparable_within_series
income_targeted_production,hcd_apr_vli_permitted_units,HCD-reported VLI permitted units,06095,Solano,2025,2025-12-31,annual,117.0,housing units,,CA_HCD_APR,HCD-APR-through-2025,2026-08-08T18:25:52Z,dc0c6c52468ffe95159a7ac7e2d85569f2e28640451e90455cc13b3d4cf73da6,published,Jurisdiction-reported building permits aggregated to county by The Bay Outlook. Reused from the verified Version 1.1 evidence layer.,comparable_within_series
income_targeted_production,hcd_apr_vli_permitted_units,HCD-reported VLI permitted units,06097,Sonoma,2025,2025-12-31,annual,394.0,housing units,,CA_HCD_APR,HCD-APR-through-2025,2026-08-08T18:25:52Z,dc0c6c52468ffe95159a7ac7e2d85569f2e28640451e90455cc13b3d4cf73da6,published,Jurisdiction-reported building permits aggregated to county by The Bay Outlook. Reused from the verified Version 1.1 evidence layer.,comparable_within_series
income_targeted_production,rhna_target_above_mod_units,Sixth-cycle RHNA above-moderate-income allocation,06001,Alameda,sixth cycle,2031-01-31,planning cycle,37362.0,housing units,,CA_HCD_RHNA,HCD-RHNA-sixth-cycle,2026-08-08T18:25:52Z,0e9ecad539daa8ffa467b43016b48304b55517a8dd2800bd1bf5c590a387217a,sum of jurisdiction allocations within county,"Allocation is a planning target, not a completed or occupied unit count.",planning_target_not_observed_supply
income_targeted_production,rhna_target_above_mod_units,Sixth-cycle RHNA above-moderate-income allocation,06013,Contra Costa,sixth cycle,2031-01-31,planning cycle,20205.0,housing units,,CA_HCD_RHNA,HCD-RHNA-sixth-cycle,2026-08-08T18:25:52Z,0e9ecad539daa8ffa467b43016b48304b55517a8dd2800bd1bf5c590a387217a,sum of jurisdiction allocations within county,"Allocation is a planning target, not a completed or occupied unit count.",planning_target_not_observed_supply
income_targeted_production,rhna_target_above_mod_units,Sixth-cycle RHNA above-moderate-income allocation,06041,Marin,sixth cycle,2031-01-31,planning cycle,5652.0,housing units,,CA_HCD_RHNA,HCD-RHNA-sixth-cycle,2026-08-08T18:25:52Z,0e9ecad539daa8ffa467b43016b48304b55517a8dd2800bd1bf5c590a387217a,sum of jurisdiction allocations within county,"Allocation is a planning target, not a completed or occupied unit count.",planning_target_not_observed_supply
income_targeted_production,rhna_target_above_mod_units,Sixth-cycle RHNA above-moderate-income allocation,06055,Napa,sixth cycle,2031-01-31,planning cycle,1477.0,housing units,,CA_HCD_RHNA,HCD-RHNA-sixth-cycle,2026-08-08T18:25:52Z,0e9ecad539daa8ffa467b43016b48304b55517a8dd2800bd1bf5c590a387217a,sum of jurisdiction allocations within county,"Allocation is a planning target, not a completed or occupied unit count.",planning_target_not_observed_supply
income_targeted_production,rhna_target_above_mod_units,Sixth-cycle RHNA above-moderate-income allocation,06075,San Francisco,sixth cycle,2031-01-31,planning cycle,35471.0,housing units,,CA_HCD_RHNA,HCD-RHNA-sixth-cycle,2026-08-08T18:25:52Z,0e9ecad539daa8ffa467b43016b48304b55517a8dd2800bd1bf5c590a387217a,sum of jurisdiction allocations within county,"Allocation is a planning target, not a completed or occupied unit count.",planning_target_not_observed_supply
income_targeted_production,rhna_target_above_mod_units,Sixth-cycle RHNA above-moderate-income allocation,06081,San Mateo,sixth cycle,2031-01-31,planning cycle,20531.0,housing units,,CA_HCD_RHNA,HCD-RHNA-sixth-cycle,2026-08-08T18:25:52Z,0e9ecad539daa8ffa467b43016b48304b55517a8dd2800bd1bf5c590a387217a,sum of jurisdiction allocations within county,"Allocation is a planning target, not a completed or occupied unit count.",planning_target_not_observed_supply
income_targeted_production,rhna_target_above_mod_units,Sixth-cycle RHNA above-moderate-income allocation,06085,Santa Clara,sixth cycle,2031-01-31,planning cycle,56728.0,housing units,,CA_HCD_RHNA,HCD-RHNA-sixth-cycle,2026-08-08T18:25:52Z,0e9ecad539daa8ffa467b43016b48304b55517a8dd2800bd1bf5c590a387217a,sum of jurisdiction allocations within county,"Allocation is a planning target, not a completed or occupied unit count.",planning_target_not_observed_supply
income_targeted_production,rhna_target_above_mod_units,Sixth-cycle RHNA above-moderate-income allocation,06095,Solano,sixth cycle,2031-01-31,planning cycle,4745.0,housing units,,CA_HCD_RHNA,HCD-RHNA-sixth-cycle,2026-08-08T18:25:52Z,0e9ecad539daa8ffa467b43016b48304b55517a8dd2800bd1bf5c590a387217a,sum of jurisdiction allocations within county,"Allocation is a planning target, not a completed or occupied unit count.",planning_target_not_observed_supply
income_targeted_production,rhna_target_above_mod_units,Sixth-cycle RHNA above-moderate-income allocation,06097,Sonoma,sixth cycle,2031-01-31,planning cycle,5959.0,housing units,,CA_HCD_RHNA,HCD-RHNA-sixth-cycle,2026-08-08T18:25:52Z,0e9ecad539daa8ffa467b43016b48304b55517a8dd2800bd1bf5c590a387217a,sum of jurisdiction allocations within county,"Allocation is a planning target, not a completed or occupied unit count.",planning_target_not_observed_supply
income_targeted_production,rhna_target_li_units,Sixth-cycle RHNA low-income allocation,06001,Alameda,sixth cycle,2031-01-31,planning cycle,13591.0,housing units,,CA_HCD_RHNA,HCD-RHNA-sixth-cycle,2026-08-08T18:25:52Z,0e9ecad539daa8ffa467b43016b48304b55517a8dd2800bd1bf5c590a387217a,sum of jurisdiction allocations within county,"Allocation is a planning target, not a completed or occupied unit count.",planning_target_not_observed_supply
income_targeted_production,rhna_target_li_units,Sixth-cycle RHNA low-income allocation,06013,Contra Costa,sixth cycle,2031-01-31,planning cycle,7685.0,housing units,,CA_HCD_RHNA,HCD-RHNA-sixth-cycle,2026-08-08T18:25:52Z,0e9ecad539daa8ffa467b43016b48304b55517a8dd2800bd1bf5c590a387217a,sum of jurisdiction allocations within county,"Allocation is a planning target, not a completed or occupied unit count.",planning_target_not_observed_supply
income_targeted_production,rhna_target_li_units,Sixth-cycle RHNA low-income allocation,06041,Marin,sixth cycle,2031-01-31,planning cycle,2400.0,housing units,,CA_HCD_RHNA,HCD-RHNA-sixth-cycle,2026-08-08T18:25:52Z,0e9ecad539daa8ffa467b43016b48304b55517a8dd2800bd1bf5c590a387217a,sum of jurisdiction allocations within county,"Allocation is a planning target, not a completed or occupied unit count.",planning_target_not_observed_supply
income_targeted_production,rhna_target_li_units,Sixth-cycle RHNA low-income allocation,06055,Napa,sixth cycle,2031-01-31,planning cycle,658.0,housing units,,CA_HCD_RHNA,HCD-RHNA-sixth-cycle,2026-08-08T18:25:52Z,0e9ecad539daa8ffa467b43016b48304b55517a8dd2800bd1bf5c590a387217a,sum of jurisdiction allocations within county,"Allocation is a planning target, not a completed or occupied unit count.",planning_target_not_observed_supply
income_targeted_production,rhna_target_li_units,Sixth-cycle RHNA low-income allocation,06075,San Francisco,sixth cycle,2031-01-31,planning cycle,12014.0,housing units,,CA_HCD_RHNA,HCD-RHNA-sixth-cycle,2026-08-08T18:25:52Z,0e9ecad539daa8ffa467b43016b48304b55517a8dd2800bd1bf5c590a387217a,sum of jurisdiction allocations within county,"Allocation is a planning target, not a completed or occupied unit count.",planning_target_not_observed_supply
income_targeted_production,rhna_target_li_units,Sixth-cycle RHNA low-income allocation,06081,San Mateo,sixth cycle,2031-01-31,planning cycle,7023.0,housing units,,CA_HCD_RHNA,HCD-RHNA-sixth-cycle,2026-08-08T18:25:52Z,0e9ecad539daa8ffa467b43016b48304b55517a8dd2800bd1bf5c590a387217a,sum of jurisdiction allocations within county,"Allocation is a planning target, not a completed or occupied unit count.",planning_target_not_observed_supply
income_targeted_production,rhna_target_li_units,Sixth-cycle RHNA low-income allocation,06085,Santa Clara,sixth cycle,2031-01-31,planning cycle,18607.0,housing units,,CA_HCD_RHNA,HCD-RHNA-sixth-cycle,2026-08-08T18:25:52Z,0e9ecad539daa8ffa467b43016b48304b55517a8dd2800bd1bf5c590a387217a,sum of jurisdiction allocations within county,"Allocation is a planning target, not a completed or occupied unit count.",planning_target_not_observed_supply
income_targeted_production,rhna_target_li_units,Sixth-cycle RHNA low-income allocation,06095,Solano,sixth cycle,2031-01-31,planning cycle,1612.0,housing units,,CA_HCD_RHNA,HCD-RHNA-sixth-cycle,2026-08-08T18:25:52Z,0e9ecad539daa8ffa467b43016b48304b55517a8dd2800bd1bf5c590a387217a,sum of jurisdiction allocations within county,"Allocation is a planning target, not a completed or occupied unit count.",planning_target_not_observed_supply
income_targeted_production,rhna_target_li_units,Sixth-cycle RHNA low-income allocation,06097,Sonoma,sixth cycle,2031-01-31,planning cycle,2302.0,housing units,,CA_HCD_RHNA,HCD-RHNA-sixth-cycle,2026-08-08T18:25:52Z,0e9ecad539daa8ffa467b43016b48304b55517a8dd2800bd1bf5c590a387217a,sum of jurisdiction allocations within county,"Allocation is a planning target, not a completed or occupied unit count.",planning_target_not_observed_supply
income_targeted_production,rhna_target_mod_units,Sixth-cycle RHNA moderate-income allocation,06001,Alameda,sixth cycle,2031-01-31,planning cycle,14438.0,housing units,,CA_HCD_RHNA,HCD-RHNA-sixth-cycle,2026-08-08T18:25:52Z,0e9ecad539daa8ffa467b43016b48304b55517a8dd2800bd1bf5c590a387217a,sum of jurisdiction allocations within county,"Allocation is a planning target, not a completed or occupied unit count.",planning_target_not_observed_supply
income_targeted_production,rhna_target_mod_units,Sixth-cycle RHNA moderate-income allocation,06013,Contra Costa,sixth cycle,2031-01-31,planning cycle,7807.0,housing units,,CA_HCD_RHNA,HCD-RHNA-sixth-cycle,2026-08-08T18:25:52Z,0e9ecad539daa8ffa467b43016b48304b55517a8dd2800bd1bf5c590a387217a,sum of jurisdiction allocations within county,"Allocation is a planning target, not a completed or occupied unit count.",planning_target_not_observed_supply
income_targeted_production,rhna_target_mod_units,Sixth-cycle RHNA moderate-income allocation,06041,Marin,sixth cycle,2031-01-31,planning cycle,2182.0,housing units,,CA_HCD_RHNA,HCD-RHNA-sixth-cycle,2026-08-08T18:25:52Z,0e9ecad539daa8ffa467b43016b48304b55517a8dd2800bd1bf5c590a387217a,sum of jurisdiction allocations within county,"Allocation is a planning target, not a completed or occupied unit count.",planning_target_not_observed_supply
income_targeted_production,rhna_target_mod_units,Sixth-cycle RHNA moderate-income allocation,06055,Napa,sixth cycle,2031-01-31,planning cycle,571.0,housing units,,CA_HCD_RHNA,HCD-RHNA-sixth-cycle,2026-08-08T18:25:52Z,0e9ecad539daa8ffa467b43016b48304b55517a8dd2800bd1bf5c590a387217a,sum of jurisdiction allocations within county,"Allocation is a planning target, not a completed or occupied unit count.",planning_target_not_observed_supply
income_targeted_production,rhna_target_mod_units,Sixth-cycle RHNA moderate-income allocation,06075,San Francisco,sixth cycle,2031-01-31,planning cycle,13717.0,housing units,,CA_HCD_RHNA,HCD-RHNA-sixth-cycle,2026-08-08T18:25:52Z,0e9ecad539daa8ffa467b43016b48304b55517a8dd2800bd1bf5c590a387217a,sum of jurisdiction allocations within county,"Allocation is a planning target, not a completed or occupied unit count.",planning_target_not_observed_supply
income_targeted_production,rhna_target_mod_units,Sixth-cycle RHNA moderate-income allocation,06081,San Mateo,sixth cycle,2031-01-31,planning cycle,7937.0,housing units,,CA_HCD_RHNA,HCD-RHNA-sixth-cycle,2026-08-08T18:25:52Z,0e9ecad539daa8ffa467b43016b48304b55517a8dd2800bd1bf5c590a387217a,sum of jurisdiction allocations within county,"Allocation is a planning target, not a completed or occupied unit count.",planning_target_not_observed_supply
income_targeted_production,rhna_target_mod_units,Sixth-cycle RHNA moderate-income allocation,06085,Santa Clara,sixth cycle,2031-01-31,planning cycle,21926.0,housing units,,CA_HCD_RHNA,HCD-RHNA-sixth-cycle,2026-08-08T18:25:52Z,0e9ecad539daa8ffa467b43016b48304b55517a8dd2800bd1bf5c590a387217a,sum of jurisdiction allocations within county,"Allocation is a planning target, not a completed or occupied unit count.",planning_target_not_observed_supply
income_targeted_production,rhna_target_mod_units,Sixth-cycle RHNA moderate-income allocation,06095,Solano,sixth cycle,2031-01-31,planning cycle,1832.0,housing units,,CA_HCD_RHNA,HCD-RHNA-sixth-cycle,2026-08-08T18:25:52Z,0e9ecad539daa8ffa467b43016b48304b55517a8dd2800bd1bf5c590a387217a,sum of jurisdiction allocations within county,"Allocation is a planning target, not a completed or occupied unit count.",planning_target_not_observed_supply
income_targeted_production,rhna_target_mod_units,Sixth-cycle RHNA moderate-income allocation,06097,Sonoma,sixth cycle,2031-01-31,planning cycle,2302.0,housing units,,CA_HCD_RHNA,HCD-RHNA-sixth-cycle,2026-08-08T18:25:52Z,0e9ecad539daa8ffa467b43016b48304b55517a8dd2800bd1bf5c590a387217a,sum of jurisdiction allocations within county,"Allocation is a planning target, not a completed or occupied unit count.",planning_target_not_observed_supply
income_targeted_production,rhna_target_vli_units,Sixth-cycle RHNA very-low-income allocation,06001,Alameda,sixth cycle,2031-01-31,planning cycle,23606.0,housing units,,CA_HCD_RHNA,HCD-RHNA-sixth-cycle,2026-08-08T18:25:52Z,0e9ecad539daa8ffa467b43016b48304b55517a8dd2800bd1bf5c590a387217a,sum of jurisdiction allocations within county,"Allocation is a planning target, not a completed or occupied unit count.",planning_target_not_observed_supply
income_targeted_production,rhna_target_vli_units,Sixth-cycle RHNA very-low-income allocation,06013,Contra Costa,sixth cycle,2031-01-31,planning cycle,13346.0,housing units,,CA_HCD_RHNA,HCD-RHNA-sixth-cycle,2026-08-08T18:25:52Z,0e9ecad539daa8ffa467b43016b48304b55517a8dd2800bd1bf5c590a387217a,sum of jurisdiction allocations within county,"Allocation is a planning target, not a completed or occupied unit count.",planning_target_not_observed_supply
income_targeted_production,rhna_target_vli_units,Sixth-cycle RHNA very-low-income allocation,06041,Marin,sixth cycle,2031-01-31,planning cycle,4171.0,housing units,,CA_HCD_RHNA,HCD-RHNA-sixth-cycle,2026-08-08T18:25:52Z,0e9ecad539daa8ffa467b43016b48304b55517a8dd2800bd1bf5c590a387217a,sum of jurisdiction allocations within county,"Allocation is a planning target, not a completed or occupied unit count.",planning_target_not_observed_supply
income_targeted_production,rhna_target_vli_units,Sixth-cycle RHNA very-low-income allocation,06055,Napa,sixth cycle,2031-01-31,planning cycle,1138.0,housing units,,CA_HCD_RHNA,HCD-RHNA-sixth-cycle,2026-08-08T18:25:52Z,0e9ecad539daa8ffa467b43016b48304b55517a8dd2800bd1bf5c590a387217a,sum of jurisdiction allocations within county,"Allocation is a planning target, not a completed or occupied unit count.",planning_target_not_observed_supply
income_targeted_production,rhna_target_vli_units,Sixth-cycle RHNA very-low-income allocation,06075,San Francisco,sixth cycle,2031-01-31,planning cycle,20867.0,housing units,,CA_HCD_RHNA,HCD-RHNA-sixth-cycle,2026-08-08T18:25:52Z,0e9ecad539daa8ffa467b43016b48304b55517a8dd2800bd1bf5c590a387217a,sum of jurisdiction allocations within county,"Allocation is a planning target, not a completed or occupied unit count.",planning_target_not_observed_supply
income_targeted_production,rhna_target_vli_units,Sixth-cycle RHNA very-low-income allocation,06081,San Mateo,sixth cycle,2031-01-31,planning cycle,12196.0,housing units,,CA_HCD_RHNA,HCD-RHNA-sixth-cycle,2026-08-08T18:25:52Z,0e9ecad539daa8ffa467b43016b48304b55517a8dd2800bd1bf5c590a387217a,sum of jurisdiction allocations within county,"Allocation is a planning target, not a completed or occupied unit count.",planning_target_not_observed_supply
income_targeted_production,rhna_target_vli_units,Sixth-cycle RHNA very-low-income allocation,06085,Santa Clara,sixth cycle,2031-01-31,planning cycle,32316.0,housing units,,CA_HCD_RHNA,HCD-RHNA-sixth-cycle,2026-08-08T18:25:52Z,0e9ecad539daa8ffa467b43016b48304b55517a8dd2800bd1bf5c590a387217a,sum of jurisdiction allocations within county,"Allocation is a planning target, not a completed or occupied unit count.",planning_target_not_observed_supply
income_targeted_production,rhna_target_vli_units,Sixth-cycle RHNA very-low-income allocation,06095,Solano,sixth cycle,2031-01-31,planning cycle,2803.0,housing units,,CA_HCD_RHNA,HCD-RHNA-sixth-cycle,2026-08-08T18:25:52Z,0e9ecad539daa8ffa467b43016b48304b55517a8dd2800bd1bf5c590a387217a,sum of jurisdiction allocations within county,"Allocation is a planning target, not a completed or occupied unit count.",planning_target_not_observed_supply
income_targeted_production,rhna_target_vli_units,Sixth-cycle RHNA very-low-income allocation,06097,Sonoma,sixth cycle,2031-01-31,planning cycle,3999.0,housing units,,CA_HCD_RHNA,HCD-RHNA-sixth-cycle,2026-08-08T18:25:52Z,0e9ecad539daa8ffa467b43016b48304b55517a8dd2800bd1bf5c590a387217a,sum of jurisdiction allocations within county,"Allocation is a planning target, not a completed or occupied unit count.",planning_target_not_observed_supply
worker_housing_access,fmr_1br,HUD Fair Market Rent — 1-bedroom,06001,Alameda,FY2026,2026-09-30,federal fiscal year,2385.0,current dollars per month,,HUD_FMR,HUD-FMR-FY2026-revised-effective-2026-05-21,2026-08-08T22:58:45Z,0b130fd046c7bedbee5d206ab55654d390d27da423ff22e307e0698fbb56ad9c,published,"HUD FMR area: Oakland-Fremont, CA HUD Metro FMR Area. FMR is a rent standard, not the median asking rent for this county alone.",hud_area_value_assigned_to_county
worker_housing_access,fmr_1br,HUD Fair Market Rent — 1-bedroom,06013,Contra Costa,FY2026,2026-09-30,federal fiscal year,2385.0,current dollars per month,,HUD_FMR,HUD-FMR-FY2026-revised-effective-2026-05-21,2026-08-08T22:58:45Z,0b130fd046c7bedbee5d206ab55654d390d27da423ff22e307e0698fbb56ad9c,published,"HUD FMR area: Oakland-Fremont, CA HUD Metro FMR Area. FMR is a rent standard, not the median asking rent for this county alone.",hud_area_value_assigned_to_county
worker_housing_access,fmr_1br,HUD Fair Market Rent — 1-bedroom,06041,Marin,FY2026,2026-09-30,federal fiscal year,2977.0,current dollars per month,,HUD_FMR,HUD-FMR-FY2026-revised-effective-2026-05-21,2026-08-08T22:58:45Z,0b130fd046c7bedbee5d206ab55654d390d27da423ff22e307e0698fbb56ad9c,published,"HUD FMR area: San Francisco, CA HUD Metro FMR Area. FMR is a rent standard, not the median asking rent for this county alone.",hud_area_value_assigned_to_county
worker_housing_access,fmr_1br,HUD Fair Market Rent — 1-bedroom,06055,Napa,FY2026,2026-09-30,federal fiscal year,2526.0,current dollars per month,,HUD_FMR,HUD-FMR-FY2026-revised-effective-2026-05-21,2026-08-08T22:58:45Z,0b130fd046c7bedbee5d206ab55654d390d27da423ff22e307e0698fbb56ad9c,published,"HUD FMR area: Napa, CA MSA. FMR is a rent standard, not the median asking rent for this county alone.",hud_area_value_assigned_to_county
worker_housing_access,fmr_1br,HUD Fair Market Rent — 1-bedroom,06075,San Francisco,FY2026,2026-09-30,federal fiscal year,2977.0,current dollars per month,,HUD_FMR,HUD-FMR-FY2026-revised-effective-2026-05-21,2026-08-08T22:58:45Z,0b130fd046c7bedbee5d206ab55654d390d27da423ff22e307e0698fbb56ad9c,published,"HUD FMR area: San Francisco, CA HUD Metro FMR Area. FMR is a rent standard, not the median asking rent for this county alone.",hud_area_value_assigned_to_county
worker_housing_access,fmr_1br,HUD Fair Market Rent — 1-bedroom,06081,San Mateo,FY2026,2026-09-30,federal fiscal year,2977.0,current dollars per month,,HUD_FMR,HUD-FMR-FY2026-revised-effective-2026-05-21,2026-08-08T22:58:45Z,0b130fd046c7bedbee5d206ab55654d390d27da423ff22e307e0698fbb56ad9c,published,"HUD FMR area: San Francisco, CA HUD Metro FMR Area. FMR is a rent standard, not the median asking rent for this county alone.",hud_area_value_assigned_to_county
worker_housing_access,fmr_1br,HUD Fair Market Rent — 1-bedroom,06085,Santa Clara,FY2026,2026-09-30,federal fiscal year,2982.0,current dollars per month,,HUD_FMR,HUD-FMR-FY2026-revised-effective-2026-05-21,2026-08-08T22:58:45Z,0b130fd046c7bedbee5d206ab55654d390d27da423ff22e307e0698fbb56ad9c,published,"HUD FMR area: San Jose-Sunnyvale-Santa Clara, CA HUD Metro FMR Area. FMR is a rent standard, not the median asking rent for this county alone.",hud_area_value_assigned_to_county
worker_housing_access,fmr_1br,HUD Fair Market Rent — 1-bedroom,06095,Solano,FY2026,2026-09-30,federal fiscal year,1705.0,current dollars per month,,HUD_FMR,HUD-FMR-FY2026-revised-effective-2026-05-21,2026-08-08T22:58:45Z,0b130fd046c7bedbee5d206ab55654d390d27da423ff22e307e0698fbb56ad9c,published,"HUD FMR area: Vallejo, CA MSA. FMR is a rent standard, not the median asking rent for this county alone.",hud_area_value_assigned_to_county
worker_housing_access,fmr_1br,HUD Fair Market Rent — 1-bedroom,06097,Sonoma,FY2026,2026-09-30,federal fiscal year,2155.0,current dollars per month,,HUD_FMR,HUD-FMR-FY2026-revised-effective-2026-05-21,2026-08-08T22:58:45Z,0b130fd046c7bedbee5d206ab55654d390d27da423ff22e307e0698fbb56ad9c,published,"HUD FMR area: Santa Rosa-Petaluma, CA MSA. FMR is a rent standard, not the median asking rent for this county alone.",hud_area_value_assigned_to_county
worker_housing_access,fmr_2br,HUD Fair Market Rent — 2-bedroom,06001,Alameda,FY2026,2026-09-30,federal fiscal year,2912.0,current dollars per month,,HUD_FMR,HUD-FMR-FY2026-revised-effective-2026-05-21,2026-08-08T22:58:45Z,0b130fd046c7bedbee5d206ab55654d390d27da423ff22e307e0698fbb56ad9c,published,"HUD FMR area: Oakland-Fremont, CA HUD Metro FMR Area. FMR is a rent standard, not the median asking rent for this county alone.",hud_area_value_assigned_to_county
worker_housing_access,fmr_2br,HUD Fair Market Rent — 2-bedroom,06013,Contra Costa,FY2026,2026-09-30,federal fiscal year,2912.0,current dollars per month,,HUD_FMR,HUD-FMR-FY2026-revised-effective-2026-05-21,2026-08-08T22:58:45Z,0b130fd046c7bedbee5d206ab55654d390d27da423ff22e307e0698fbb56ad9c,published,"HUD FMR area: Oakland-Fremont, CA HUD Metro FMR Area. FMR is a rent standard, not the median asking rent for this county alone.",hud_area_value_assigned_to_county
worker_housing_access,fmr_2br,HUD Fair Market Rent — 2-bedroom,06041,Marin,FY2026,2026-09-30,federal fiscal year,3604.0,current dollars per month,,HUD_FMR,HUD-FMR-FY2026-revised-effective-2026-05-21,2026-08-08T22:58:45Z,0b130fd046c7bedbee5d206ab55654d390d27da423ff22e307e0698fbb56ad9c,published,"HUD FMR area: San Francisco, CA HUD Metro FMR Area. FMR is a rent standard, not the median asking rent for this county alone.",hud_area_value_assigned_to_county
worker_housing_access,fmr_2br,HUD Fair Market Rent — 2-bedroom,06055,Napa,FY2026,2026-09-30,federal fiscal year,3315.0,current dollars per month,,HUD_FMR,HUD-FMR-FY2026-revised-effective-2026-05-21,2026-08-08T22:58:45Z,0b130fd046c7bedbee5d206ab55654d390d27da423ff22e307e0698fbb56ad9c,published,"HUD FMR area: Napa, CA MSA. FMR is a rent standard, not the median asking rent for this county alone.",hud_area_value_assigned_to_county
worker_housing_access,fmr_2br,HUD Fair Market Rent — 2-bedroom,06075,San Francisco,FY2026,2026-09-30,federal fiscal year,3604.0,current dollars per month,,HUD_FMR,HUD-FMR-FY2026-revised-effective-2026-05-21,2026-08-08T22:58:45Z,0b130fd046c7bedbee5d206ab55654d390d27da423ff22e307e0698fbb56ad9c,published,"HUD FMR area: San Francisco, CA HUD Metro FMR Area. FMR is a rent standard, not the median asking rent for this county alone.",hud_area_value_assigned_to_county
worker_housing_access,fmr_2br,HUD Fair Market Rent — 2-bedroom,06081,San Mateo,FY2026,2026-09-30,federal fiscal year,3604.0,current dollars per month,,HUD_FMR,HUD-FMR-FY2026-revised-effective-2026-05-21,2026-08-08T22:58:45Z,0b130fd046c7bedbee5d206ab55654d390d27da423ff22e307e0698fbb56ad9c,published,"HUD FMR area: San Francisco, CA HUD Metro FMR Area. FMR is a rent standard, not the median asking rent for this county alone.",hud_area_value_assigned_to_county
worker_housing_access,fmr_2br,HUD Fair Market Rent — 2-bedroom,06085,Santa Clara,FY2026,2026-09-30,federal fiscal year,3483.0,current dollars per month,,HUD_FMR,HUD-FMR-FY2026-revised-effective-2026-05-21,2026-08-08T22:58:45Z,0b130fd046c7bedbee5d206ab55654d390d27da423ff22e307e0698fbb56ad9c,published,"HUD FMR area: San Jose-Sunnyvale-Santa Clara, CA HUD Metro FMR Area. FMR is a rent standard, not the median asking rent for this county alone.",hud_area_value_assigned_to_county
worker_housing_access,fmr_2br,HUD Fair Market Rent — 2-bedroom,06095,Solano,FY2026,2026-09-30,federal fiscal year,2178.0,current dollars per month,,HUD_FMR,HUD-FMR-FY2026-revised-effective-2026-05-21,2026-08-08T22:58:45Z,0b130fd046c7bedbee5d206ab55654d390d27da423ff22e307e0698fbb56ad9c,published,"HUD FMR area: Vallejo, CA MSA. FMR is a rent standard, not the median asking rent for this county alone.",hud_area_value_assigned_to_county
worker_housing_access,fmr_2br,HUD Fair Market Rent — 2-bedroom,06097,Sonoma,FY2026,2026-09-30,federal fiscal year,2827.0,current dollars per month,,HUD_FMR,HUD-FMR-FY2026-revised-effective-2026-05-21,2026-08-08T22:58:45Z,0b130fd046c7bedbee5d206ab55654d390d27da423ff22e307e0698fbb56ad9c,published,"HUD FMR area: Santa Rosa-Petaluma, CA MSA. FMR is a rent standard, not the median asking rent for this county alone.",hud_area_value_assigned_to_county
worker_housing_access,income_required_1br_fmr,Annual income required for 1-bedroom FMR at 30% of income,06001,Alameda,FY2026,2026-09-30,federal fiscal year,95400.0,current dollars per year,,HUD_FMR,HUD-FMR-FY2026-revised-effective-2026-05-21,2026-08-08T22:58:45Z,0b130fd046c7bedbee5d206ab55654d390d27da423ff22e307e0698fbb56ad9c,12 × 1-bedroom monthly FMR divided by 0.30,"Descriptive affordability benchmark; it does not account for household size, taxes, benefits, or work hours.",hud_area_value_assigned_to_county
worker_housing_access,income_required_1br_fmr,Annual income required for 1-bedroom FMR at 30% of income,06013,Contra Costa,FY2026,2026-09-30,federal fiscal year,95400.0,current dollars per year,,HUD_FMR,HUD-FMR-FY2026-revised-effective-2026-05-21,2026-08-08T22:58:45Z,0b130fd046c7bedbee5d206ab55654d390d27da423ff22e307e0698fbb56ad9c,12 × 1-bedroom monthly FMR divided by 0.30,"Descriptive affordability benchmark; it does not account for household size, taxes, benefits, or work hours.",hud_area_value_assigned_to_county
worker_housing_access,income_required_1br_fmr,Annual income required for 1-bedroom FMR at 30% of income,06041,Marin,FY2026,2026-09-30,federal fiscal year,119080.0,current dollars per year,,HUD_FMR,HUD-FMR-FY2026-revised-effective-2026-05-21,2026-08-08T22:58:45Z,0b130fd046c7bedbee5d206ab55654d390d27da423ff22e307e0698fbb56ad9c,12 × 1-bedroom monthly FMR divided by 0.30,"Descriptive affordability benchmark; it does not account for household size, taxes, benefits, or work hours.",hud_area_value_assigned_to_county
worker_housing_access,income_required_1br_fmr,Annual income required for 1-bedroom FMR at 30% of income,06055,Napa,FY2026,2026-09-30,federal fiscal year,101040.0,current dollars per year,,HUD_FMR,HUD-FMR-FY2026-revised-effective-2026-05-21,2026-08-08T22:58:45Z,0b130fd046c7bedbee5d206ab55654d390d27da423ff22e307e0698fbb56ad9c,12 × 1-bedroom monthly FMR divided by 0.30,"Descriptive affordability benchmark; it does not account for household size, taxes, benefits, or work hours.",hud_area_value_assigned_to_county
worker_housing_access,income_required_1br_fmr,Annual income required for 1-bedroom FMR at 30% of income,06075,San Francisco,FY2026,2026-09-30,federal fiscal year,119080.0,current dollars per year,,HUD_FMR,HUD-FMR-FY2026-revised-effective-2026-05-21,2026-08-08T22:58:45Z,0b130fd046c7bedbee5d206ab55654d390d27da423ff22e307e0698fbb56ad9c,12 × 1-bedroom monthly FMR divided by 0.30,"Descriptive affordability benchmark; it does not account for household size, taxes, benefits, or work hours.",hud_area_value_assigned_to_county
worker_housing_access,income_required_1br_fmr,Annual income required for 1-bedroom FMR at 30% of income,06081,San Mateo,FY2026,2026-09-30,federal fiscal year,119080.0,current dollars per year,,HUD_FMR,HUD-FMR-FY2026-revised-effective-2026-05-21,2026-08-08T22:58:45Z,0b130fd046c7bedbee5d206ab55654d390d27da423ff22e307e0698fbb56ad9c,12 × 1-bedroom monthly FMR divided by 0.30,"Descriptive affordability benchmark; it does not account for household size, taxes, benefits, or work hours.",hud_area_value_assigned_to_county
worker_housing_access,income_required_1br_fmr,Annual income required for 1-bedroom FMR at 30% of income,06085,Santa Clara,FY2026,2026-09-30,federal fiscal year,119280.0,current dollars per year,,HUD_FMR,HUD-FMR-FY2026-revised-effective-2026-05-21,2026-08-08T22:58:45Z,0b130fd046c7bedbee5d206ab55654d390d27da423ff22e307e0698fbb56ad9c,12 × 1-bedroom monthly FMR divided by 0.30,"Descriptive affordability benchmark; it does not account for household size, taxes, benefits, or work hours.",hud_area_value_assigned_to_county
worker_housing_access,income_required_1br_fmr,Annual income required for 1-bedroom FMR at 30% of income,06095,Solano,FY2026,2026-09-30,federal fiscal year,68200.0,current dollars per year,,HUD_FMR,HUD-FMR-FY2026-revised-effective-2026-05-21,2026-08-08T22:58:45Z,0b130fd046c7bedbee5d206ab55654d390d27da423ff22e307e0698fbb56ad9c,12 × 1-bedroom monthly FMR divided by 0.30,"Descriptive affordability benchmark; it does not account for household size, taxes, benefits, or work hours.",hud_area_value_assigned_to_county
worker_housing_access,income_required_1br_fmr,Annual income required for 1-bedroom FMR at 30% of income,06097,Sonoma,FY2026,2026-09-30,federal fiscal year,86200.0,current dollars per year,,HUD_FMR,HUD-FMR-FY2026-revised-effective-2026-05-21,2026-08-08T22:58:45Z,0b130fd046c7bedbee5d206ab55654d390d27da423ff22e307e0698fbb56ad9c,12 × 1-bedroom monthly FMR divided by 0.30,"Descriptive affordability benchmark; it does not account for household size, taxes, benefits, or work hours.",hud_area_value_assigned_to_county
worker_housing_access,income_required_2br_fmr,Annual income required for 2-bedroom FMR at 30% of income,06001,Alameda,FY2026,2026-09-30,federal fiscal year,116480.0,current dollars per year,,HUD_FMR,HUD-FMR-FY2026-revised-effective-2026-05-21,2026-08-08T22:58:45Z,0b130fd046c7bedbee5d206ab55654d390d27da423ff22e307e0698fbb56ad9c,12 × 2-bedroom monthly FMR divided by 0.30,"Descriptive affordability benchmark; it does not account for household size, taxes, benefits, or work hours.",hud_area_value_assigned_to_county
worker_housing_access,income_required_2br_fmr,Annual income required for 2-bedroom FMR at 30% of income,06013,Contra Costa,FY2026,2026-09-30,federal fiscal year,116480.0,current dollars per year,,HUD_FMR,HUD-FMR-FY2026-revised-effective-2026-05-21,2026-08-08T22:58:45Z,0b130fd046c7bedbee5d206ab55654d390d27da423ff22e307e0698fbb56ad9c,12 × 2-bedroom monthly FMR divided by 0.30,"Descriptive affordability benchmark; it does not account for household size, taxes, benefits, or work hours.",hud_area_value_assigned_to_county
worker_housing_access,income_required_2br_fmr,Annual income required for 2-bedroom FMR at 30% of income,06041,Marin,FY2026,2026-09-30,federal fiscal year,144160.0,current dollars per year,,HUD_FMR,HUD-FMR-FY2026-revised-effective-2026-05-21,2026-08-08T22:58:45Z,0b130fd046c7bedbee5d206ab55654d390d27da423ff22e307e0698fbb56ad9c,12 × 2-bedroom monthly FMR divided by 0.30,"Descriptive affordability benchmark; it does not account for household size, taxes, benefits, or work hours.",hud_area_value_assigned_to_county
worker_housing_access,income_required_2br_fmr,Annual income required for 2-bedroom FMR at 30% of income,06055,Napa,FY2026,2026-09-30,federal fiscal year,132600.0,current dollars per year,,HUD_FMR,HUD-FMR-FY2026-revised-effective-2026-05-21,2026-08-08T22:58:45Z,0b130fd046c7bedbee5d206ab55654d390d27da423ff22e307e0698fbb56ad9c,12 × 2-bedroom monthly FMR divided by 0.30,"Descriptive affordability benchmark; it does not account for household size, taxes, benefits, or work hours.",hud_area_value_assigned_to_county
worker_housing_access,income_required_2br_fmr,Annual income required for 2-bedroom FMR at 30% of income,06075,San Francisco,FY2026,2026-09-30,federal fiscal year,144160.0,current dollars per year,,HUD_FMR,HUD-FMR-FY2026-revised-effective-2026-05-21,2026-08-08T22:58:45Z,0b130fd046c7bedbee5d206ab55654d390d27da423ff22e307e0698fbb56ad9c,12 × 2-bedroom monthly FMR divided by 0.30,"Descriptive affordability benchmark; it does not account for household size, taxes, benefits, or work hours.",hud_area_value_assigned_to_county
worker_housing_access,income_required_2br_fmr,Annual income required for 2-bedroom FMR at 30% of income,06081,San Mateo,FY2026,2026-09-30,federal fiscal year,144160.0,current dollars per year,,HUD_FMR,HUD-FMR-FY2026-revised-effective-2026-05-21,2026-08-08T22:58:45Z,0b130fd046c7bedbee5d206ab55654d390d27da423ff22e307e0698fbb56ad9c,12 × 2-bedroom monthly FMR divided by 0.30,"Descriptive affordability benchmark; it does not account for household size, taxes, benefits, or work hours.",hud_area_value_assigned_to_county
worker_housing_access,income_required_2br_fmr,Annual income required for 2-bedroom FMR at 30% of income,06085,Santa Clara,FY2026,2026-09-30,federal fiscal year,139320.0,current dollars per year,,HUD_FMR,HUD-FMR-FY2026-revised-effective-2026-05-21,2026-08-08T22:58:45Z,0b130fd046c7bedbee5d206ab55654d390d27da423ff22e307e0698fbb56ad9c,12 × 2-bedroom monthly FMR divided by 0.30,"Descriptive affordability benchmark; it does not account for household size, taxes, benefits, or work hours.",hud_area_value_assigned_to_county
worker_housing_access,income_required_2br_fmr,Annual income required for 2-bedroom FMR at 30% of income,06095,Solano,FY2026,2026-09-30,federal fiscal year,87120.0,current dollars per year,,HUD_FMR,HUD-FMR-FY2026-revised-effective-2026-05-21,2026-08-08T22:58:45Z,0b130fd046c7bedbee5d206ab55654d390d27da423ff22e307e0698fbb56ad9c,12 × 2-bedroom monthly FMR divided by 0.30,"Descriptive affordability benchmark; it does not account for household size, taxes, benefits, or work hours.",hud_area_value_assigned_to_county
worker_housing_access,income_required_2br_fmr,Annual income required for 2-bedroom FMR at 30% of income,06097,Sonoma,FY2026,2026-09-30,federal fiscal year,113080.0,current dollars per year,,HUD_FMR,HUD-FMR-FY2026-revised-effective-2026-05-21,2026-08-08T22:58:45Z,0b130fd046c7bedbee5d206ab55654d390d27da423ff22e307e0698fbb56ad9c,12 × 2-bedroom monthly FMR divided by 0.30,"Descriptive affordability benchmark; it does not account for household size, taxes, benefits, or work hours.",hud_area_value_assigned_to_county
worker_housing_access,median_worker_earnings,Median annual earnings for people age 16+ with earnings,06001,Alameda,2024,2024-12-31,annual five-year estimate,67563.0,current dollars per year,1111.0,CENSUS_ACS5_BULK,ACS5-2024-B20002,2026-08-08T22:58:45Z,4236f185c48a5751147b8ec107b76b5f01a7a0f9197c70ed7d35aa1a234a0f7f,published,County median for people age 16 and over with earnings; not occupation-specific and not household income.,comparable_within_series
worker_housing_access,median_worker_earnings,Median annual earnings for people age 16+ with earnings,06013,Contra Costa,2024,2024-12-31,annual five-year estimate,62019.0,current dollars per year,691.0,CENSUS_ACS5_BULK,ACS5-2024-B20002,2026-08-08T22:58:45Z,4236f185c48a5751147b8ec107b76b5f01a7a0f9197c70ed7d35aa1a234a0f7f,published,County median for people age 16 and over with earnings; not occupation-specific and not household income.,comparable_within_series
worker_housing_access,median_worker_earnings,Median annual earnings for people age 16+ with earnings,06041,Marin,2024,2024-12-31,annual five-year estimate,70296.0,current dollars per year,2457.0,CENSUS_ACS5_BULK,ACS5-2024-B20002,2026-08-08T22:58:45Z,4236f185c48a5751147b8ec107b76b5f01a7a0f9197c70ed7d35aa1a234a0f7f,published,County median for people age 16 and over with earnings; not occupation-specific and not household income.,comparable_within_series
worker_housing_access,median_worker_earnings,Median annual earnings for people age 16+ with earnings,06055,Napa,2024,2024-12-31,annual five-year estimate,54249.0,current dollars per year,1255.0,CENSUS_ACS5_BULK,ACS5-2024-B20002,2026-08-08T22:58:45Z,4236f185c48a5751147b8ec107b76b5f01a7a0f9197c70ed7d35aa1a234a0f7f,published,County median for people age 16 and over with earnings; not occupation-specific and not household income.,comparable_within_series
worker_housing_access,median_worker_earnings,Median annual earnings for people age 16+ with earnings,06075,San Francisco,2024,2024-12-31,annual five-year estimate,85287.0,current dollars per year,1409.0,CENSUS_ACS5_BULK,ACS5-2024-B20002,2026-08-08T22:58:45Z,4236f185c48a5751147b8ec107b76b5f01a7a0f9197c70ed7d35aa1a234a0f7f,published,County median for people age 16 and over with earnings; not occupation-specific and not household income.,comparable_within_series
worker_housing_access,median_worker_earnings,Median annual earnings for people age 16+ with earnings,06081,San Mateo,2024,2024-12-31,annual five-year estimate,73899.0,current dollars per year,1162.0,CENSUS_ACS5_BULK,ACS5-2024-B20002,2026-08-08T22:58:45Z,4236f185c48a5751147b8ec107b76b5f01a7a0f9197c70ed7d35aa1a234a0f7f,published,County median for people age 16 and over with earnings; not occupation-specific and not household income.,comparable_within_series
worker_housing_access,median_worker_earnings,Median annual earnings for people age 16+ with earnings,06085,Santa Clara,2024,2024-12-31,annual five-year estimate,77278.0,current dollars per year,1071.0,CENSUS_ACS5_BULK,ACS5-2024-B20002,2026-08-08T22:58:45Z,4236f185c48a5751147b8ec107b76b5f01a7a0f9197c70ed7d35aa1a234a0f7f,published,County median for people age 16 and over with earnings; not occupation-specific and not household income.,comparable_within_series
worker_housing_access,median_worker_earnings,Median annual earnings for people age 16+ with earnings,06095,Solano,2024,2024-12-31,annual five-year estimate,51197.0,current dollars per year,905.0,CENSUS_ACS5_BULK,ACS5-2024-B20002,2026-08-08T22:58:45Z,4236f185c48a5751147b8ec107b76b5f01a7a0f9197c70ed7d35aa1a234a0f7f,published,County median for people age 16 and over with earnings; not occupation-specific and not household income.,comparable_within_series
worker_housing_access,median_worker_earnings,Median annual earnings for people age 16+ with earnings,06097,Sonoma,2024,2024-12-31,annual five-year estimate,52062.0,current dollars per year,862.0,CENSUS_ACS5_BULK,ACS5-2024-B20002,2026-08-08T22:58:45Z,4236f185c48a5751147b8ec107b76b5f01a7a0f9197c70ed7d35aa1a234a0f7f,published,County median for people age 16 and over with earnings; not occupation-specific and not household income.,comparable_within_series
worker_housing_access,median_worker_earnings_coverage_1br_pct,Median worker earnings as share of income required for 1-bedroom FMR,06001,Alameda,FY2026,2026-09-30,federal fiscal year,70.82075471698113,percent,,CENSUS_ACS5_BULK;HUD_FMR,ACS5-2024-B20002;HUD-FMR-FY2026-revised-effective-2026-05-21,2026-08-08T22:58:45Z,4236f185c48a5751147b8ec107b76b5f01a7a0f9197c70ed7d35aa1a234a0f7f;0b130fd046c7bedbee5d206ab55654d390d27da423ff22e307e0698fbb56ad9c,ACS 2024 median earnings divided by annual income required for FY2026 1-bedroom FMR,Comparison joins overlapping ACS 2019–2024 earnings with an FY2026 rent standard; it is not occupation-specific.,acs_2024_compared_with_fy2026_fmr
worker_housing_access,median_worker_earnings_coverage_1br_pct,Median worker earnings as share of income required for 1-bedroom FMR,06013,Contra Costa,FY2026,2026-09-30,federal fiscal year,65.00943396226415,percent,,CENSUS_ACS5_BULK;HUD_FMR,ACS5-2024-B20002;HUD-FMR-FY2026-revised-effective-2026-05-21,2026-08-08T22:58:45Z,4236f185c48a5751147b8ec107b76b5f01a7a0f9197c70ed7d35aa1a234a0f7f;0b130fd046c7bedbee5d206ab55654d390d27da423ff22e307e0698fbb56ad9c,ACS 2024 median earnings divided by annual income required for FY2026 1-bedroom FMR,Comparison joins overlapping ACS 2019–2024 earnings with an FY2026 rent standard; it is not occupation-specific.,acs_2024_compared_with_fy2026_fmr
worker_housing_access,median_worker_earnings_coverage_1br_pct,Median worker earnings as share of income required for 1-bedroom FMR,06041,Marin,FY2026,2026-09-30,federal fiscal year,59.03258313738663,percent,,CENSUS_ACS5_BULK;HUD_FMR,ACS5-2024-B20002;HUD-FMR-FY2026-revised-effective-2026-05-21,2026-08-08T22:58:45Z,4236f185c48a5751147b8ec107b76b5f01a7a0f9197c70ed7d35aa1a234a0f7f;0b130fd046c7bedbee5d206ab55654d390d27da423ff22e307e0698fbb56ad9c,ACS 2024 median earnings divided by annual income required for FY2026 1-bedroom FMR,Comparison joins overlapping ACS 2019–2024 earnings with an FY2026 rent standard; it is not occupation-specific.,acs_2024_compared_with_fy2026_fmr
worker_housing_access,median_worker_earnings_coverage_1br_pct,Median worker earnings as share of income required for 1-bedroom FMR,06055,Napa,FY2026,2026-09-30,federal fiscal year,53.69061757719715,percent,,CENSUS_ACS5_BULK;HUD_FMR,ACS5-2024-B20002;HUD-FMR-FY2026-revised-effective-2026-05-21,2026-08-08T22:58:45Z,4236f185c48a5751147b8ec107b76b5f01a7a0f9197c70ed7d35aa1a234a0f7f;0b130fd046c7bedbee5d206ab55654d390d27da423ff22e307e0698fbb56ad9c,ACS 2024 median earnings divided by annual income required for FY2026 1-bedroom FMR,Comparison joins overlapping ACS 2019–2024 earnings with an FY2026 rent standard; it is not occupation-specific.,acs_2024_compared_with_fy2026_fmr
worker_housing_access,median_worker_earnings_coverage_1br_pct,Median worker earnings as share of income required for 1-bedroom FMR,06075,San Francisco,FY2026,2026-09-30,federal fiscal year,71.62159892509237,percent,,CENSUS_ACS5_BULK;HUD_FMR,ACS5-2024-B20002;HUD-FMR-FY2026-revised-effective-2026-05-21,2026-08-08T22:58:45Z,4236f185c48a5751147b8ec107b76b5f01a7a0f9197c70ed7d35aa1a234a0f7f;0b130fd046c7bedbee5d206ab55654d390d27da423ff22e307e0698fbb56ad9c,ACS 2024 median earnings divided by annual income required for FY2026 1-bedroom FMR,Comparison joins overlapping ACS 2019–2024 earnings with an FY2026 rent standard; it is not occupation-specific.,acs_2024_compared_with_fy2026_fmr
worker_housing_access,median_worker_earnings_coverage_1br_pct,Median worker earnings as share of income required for 1-bedroom FMR,06081,San Mateo,FY2026,2026-09-30,federal fiscal year,62.05828014779979,percent,,CENSUS_ACS5_BULK;HUD_FMR,ACS5-2024-B20002;HUD-FMR-FY2026-revised-effective-2026-05-21,2026-08-08T22:58:45Z,4236f185c48a5751147b8ec107b76b5f01a7a0f9197c70ed7d35aa1a234a0f7f;0b130fd046c7bedbee5d206ab55654d390d27da423ff22e307e0698fbb56ad9c,ACS 2024 median earnings divided by annual income required for FY2026 1-bedroom FMR,Comparison joins overlapping ACS 2019–2024 earnings with an FY2026 rent standard; it is not occupation-specific.,acs_2024_compared_with_fy2026_fmr
worker_housing_access,median_worker_earnings_coverage_1br_pct,Median worker earnings as share of income required for 1-bedroom FMR,06085,Santa Clara,FY2026,2026-09-30,federal fiscal year,64.78705566733736,percent,,CENSUS_ACS5_BULK;HUD_FMR,ACS5-2024-B20002;HUD-FMR-FY2026-revised-effective-2026-05-21,2026-08-08T22:58:45Z,4236f185c48a5751147b8ec107b76b5f01a7a0f9197c70ed7d35aa1a234a0f7f;0b130fd046c7bedbee5d206ab55654d390d27da423ff22e307e0698fbb56ad9c,ACS 2024 median earnings divided by annual income required for FY2026 1-bedroom FMR,Comparison joins overlapping ACS 2019–2024 earnings with an FY2026 rent standard; it is not occupation-specific.,acs_2024_compared_with_fy2026_fmr
worker_housing_access,median_worker_earnings_coverage_1br_pct,Median worker earnings as share of income required for 1-bedroom FMR,06095,Solano,FY2026,2026-09-30,federal fiscal year,75.06891495601174,percent,,CENSUS_ACS5_BULK;HUD_FMR,ACS5-2024-B20002;HUD-FMR-FY2026-revised-effective-2026-05-21,2026-08-08T22:58:45Z,4236f185c48a5751147b8ec107b76b5f01a7a0f9197c70ed7d35aa1a234a0f7f;0b130fd046c7bedbee5d206ab55654d390d27da423ff22e307e0698fbb56ad9c,ACS 2024 median earnings divided by annual income required for FY2026 1-bedroom FMR,Comparison joins overlapping ACS 2019–2024 earnings with an FY2026 rent standard; it is not occupation-specific.,acs_2024_compared_with_fy2026_fmr
worker_housing_access,median_worker_earnings_coverage_1br_pct,Median worker earnings as share of income required for 1-bedroom FMR,06097,Sonoma,FY2026,2026-09-30,federal fiscal year,60.39675174013921,percent,,CENSUS_ACS5_BULK;HUD_FMR,ACS5-2024-B20002;HUD-FMR-FY2026-revised-effective-2026-05-21,2026-08-08T22:58:45Z,4236f185c48a5751147b8ec107b76b5f01a7a0f9197c70ed7d35aa1a234a0f7f;0b130fd046c7bedbee5d206ab55654d390d27da423ff22e307e0698fbb56ad9c,ACS 2024 median earnings divided by annual income required for FY2026 1-bedroom FMR,Comparison joins overlapping ACS 2019–2024 earnings with an FY2026 rent standard; it is not occupation-specific.,acs_2024_compared_with_fy2026_fmr
worker_housing_access,median_worker_earnings_coverage_2br_pct,Median worker earnings as share of income required for 2-bedroom FMR,06001,Alameda,FY2026,2026-09-30,federal fiscal year,58.003949175824175,percent,,CENSUS_ACS5_BULK;HUD_FMR,ACS5-2024-B20002;HUD-FMR-FY2026-revised-effective-2026-05-21,2026-08-08T22:58:45Z,4236f185c48a5751147b8ec107b76b5f01a7a0f9197c70ed7d35aa1a234a0f7f;0b130fd046c7bedbee5d206ab55654d390d27da423ff22e307e0698fbb56ad9c,ACS 2024 median earnings divided by annual income required for FY2026 2-bedroom FMR,Comparison joins overlapping ACS 2019–2024 earnings with an FY2026 rent standard; it is not occupation-specific.,acs_2024_compared_with_fy2026_fmr
worker_housing_access,median_worker_earnings_coverage_2br_pct,Median worker earnings as share of income required for 2-bedroom FMR,06013,Contra Costa,FY2026,2026-09-30,federal fiscal year,53.24433379120879,percent,,CENSUS_ACS5_BULK;HUD_FMR,ACS5-2024-B20002;HUD-FMR-FY2026-revised-effective-2026-05-21,2026-08-08T22:58:45Z,4236f185c48a5751147b8ec107b76b5f01a7a0f9197c70ed7d35aa1a234a0f7f;0b130fd046c7bedbee5d206ab55654d390d27da423ff22e307e0698fbb56ad9c,ACS 2024 median earnings divided by annual income required for FY2026 2-bedroom FMR,Comparison joins overlapping ACS 2019–2024 earnings with an FY2026 rent standard; it is not occupation-specific.,acs_2024_compared_with_fy2026_fmr
worker_housing_access,median_worker_earnings_coverage_2br_pct,Median worker earnings as share of income required for 2-bedroom FMR,06041,Marin,FY2026,2026-09-30,federal fiscal year,48.762486126526085,percent,,CENSUS_ACS5_BULK;HUD_FMR,ACS5-2024-B20002;HUD-FMR-FY2026-revised-effective-2026-05-21,2026-08-08T22:58:45Z,4236f185c48a5751147b8ec107b76b5f01a7a0f9197c70ed7d35aa1a234a0f7f;0b130fd046c7bedbee5d206ab55654d390d27da423ff22e307e0698fbb56ad9c,ACS 2024 median earnings divided by annual income required for FY2026 2-bedroom FMR,Comparison joins overlapping ACS 2019–2024 earnings with an FY2026 rent standard; it is not occupation-specific.,acs_2024_compared_with_fy2026_fmr
worker_housing_access,median_worker_earnings_coverage_2br_pct,Median worker earnings as share of income required for 2-bedroom FMR,06055,Napa,FY2026,2026-09-30,federal fiscal year,40.911764705882355,percent,,CENSUS_ACS5_BULK;HUD_FMR,ACS5-2024-B20002;HUD-FMR-FY2026-revised-effective-2026-05-21,2026-08-08T22:58:45Z,4236f185c48a5751147b8ec107b76b5f01a7a0f9197c70ed7d35aa1a234a0f7f;0b130fd046c7bedbee5d206ab55654d390d27da423ff22e307e0698fbb56ad9c,ACS 2024 median earnings divided by annual income required for FY2026 2-bedroom FMR,Comparison joins overlapping ACS 2019–2024 earnings with an FY2026 rent standard; it is not occupation-specific.,acs_2024_compared_with_fy2026_fmr
worker_housing_access,median_worker_earnings_coverage_2br_pct,Median worker earnings as share of income required for 2-bedroom FMR,06075,San Francisco,FY2026,2026-09-30,federal fiscal year,59.16134850166481,percent,,CENSUS_ACS5_BULK;HUD_FMR,ACS5-2024-B20002;HUD-FMR-FY2026-revised-effective-2026-05-21,2026-08-08T22:58:45Z,4236f185c48a5751147b8ec107b76b5f01a7a0f9197c70ed7d35aa1a234a0f7f;0b130fd046c7bedbee5d206ab55654d390d27da423ff22e307e0698fbb56ad9c,ACS 2024 median earnings divided by annual income required for FY2026 2-bedroom FMR,Comparison joins overlapping ACS 2019–2024 earnings with an FY2026 rent standard; it is not occupation-specific.,acs_2024_compared_with_fy2026_fmr
worker_housing_access,median_worker_earnings_coverage_2br_pct,Median worker earnings as share of income required for 2-bedroom FMR,06081,San Mateo,FY2026,2026-09-30,federal fiscal year,51.26179245283019,percent,,CENSUS_ACS5_BULK;HUD_FMR,ACS5-2024-B20002;HUD-FMR-FY2026-revised-effective-2026-05-21,2026-08-08T22:58:45Z,4236f185c48a5751147b8ec107b76b5f01a7a0f9197c70ed7d35aa1a234a0f7f;0b130fd046c7bedbee5d206ab55654d390d27da423ff22e307e0698fbb56ad9c,ACS 2024 median earnings divided by annual income required for FY2026 2-bedroom FMR,Comparison joins overlapping ACS 2019–2024 earnings with an FY2026 rent standard; it is not occupation-specific.,acs_2024_compared_with_fy2026_fmr
worker_housing_access,median_worker_earnings_coverage_2br_pct,Median worker earnings as share of income required for 2-bedroom FMR,06085,Santa Clara,FY2026,2026-09-30,federal fiscal year,55.46798736721217,percent,,CENSUS_ACS5_BULK;HUD_FMR,ACS5-2024-B20002;HUD-FMR-FY2026-revised-effective-2026-05-21,2026-08-08T22:58:45Z,4236f185c48a5751147b8ec107b76b5f01a7a0f9197c70ed7d35aa1a234a0f7f;0b130fd046c7bedbee5d206ab55654d390d27da423ff22e307e0698fbb56ad9c,ACS 2024 median earnings divided by annual income required for FY2026 2-bedroom FMR,Comparison joins overlapping ACS 2019–2024 earnings with an FY2026 rent standard; it is not occupation-specific.,acs_2024_compared_with_fy2026_fmr
worker_housing_access,median_worker_earnings_coverage_2br_pct,Median worker earnings as share of income required for 2-bedroom FMR,06095,Solano,FY2026,2026-09-30,federal fiscal year,58.76606978879706,percent,,CENSUS_ACS5_BULK;HUD_FMR,ACS5-2024-B20002;HUD-FMR-FY2026-revised-effective-2026-05-21,2026-08-08T22:58:45Z,4236f185c48a5751147b8ec107b76b5f01a7a0f9197c70ed7d35aa1a234a0f7f;0b130fd046c7bedbee5d206ab55654d390d27da423ff22e307e0698fbb56ad9c,ACS 2024 median earnings divided by annual income required for FY2026 2-bedroom FMR,Comparison joins overlapping ACS 2019–2024 earnings with an FY2026 rent standard; it is not occupation-specific.,acs_2024_compared_with_fy2026_fmr
worker_housing_access,median_worker_earnings_coverage_2br_pct,Median worker earnings as share of income required for 2-bedroom FMR,06097,Sonoma,FY2026,2026-09-30,federal fiscal year,46.0399717014503,percent,,CENSUS_ACS5_BULK;HUD_FMR,ACS5-2024-B20002;HUD-FMR-FY2026-revised-effective-2026-05-21,2026-08-08T22:58:45Z,4236f185c48a5751147b8ec107b76b5f01a7a0f9197c70ed7d35aa1a234a0f7f;0b130fd046c7bedbee5d206ab55654d390d27da423ff22e307e0698fbb56ad9c,ACS 2024 median earnings divided by annual income required for FY2026 2-bedroom FMR,Comparison joins overlapping ACS 2019–2024 earnings with an FY2026 rent standard; it is not occupation-specific.,acs_2024_compared_with_fy2026_fmr
worker_housing_access,monthly_affordability_gap_1br,Monthly gap between 1-bedroom FMR and 30% of median worker earnings,06001,Alameda,FY2026,2026-09-30,federal fiscal year,695.9250000000002,current dollars per month,,CENSUS_ACS5_BULK;HUD_FMR,ACS5-2024-B20002;HUD-FMR-FY2026-revised-effective-2026-05-21,2026-08-08T22:58:45Z,4236f185c48a5751147b8ec107b76b5f01a7a0f9197c70ed7d35aa1a234a0f7f;0b130fd046c7bedbee5d206ab55654d390d27da423ff22e307e0698fbb56ad9c,FY2026 1-bedroom FMR minus 30% of ACS 2024 median annual earnings divided by 12,Positive values indicate the rent standard exceeds 30% of median individual earnings; no work-hour assumption is used.,acs_2024_compared_with_fy2026_fmr
worker_housing_access,monthly_affordability_gap_1br,Monthly gap between 1-bedroom FMR and 30% of median worker earnings,06013,Contra Costa,FY2026,2026-09-30,federal fiscal year,834.5249999999999,current dollars per month,,CENSUS_ACS5_BULK;HUD_FMR,ACS5-2024-B20002;HUD-FMR-FY2026-revised-effective-2026-05-21,2026-08-08T22:58:45Z,4236f185c48a5751147b8ec107b76b5f01a7a0f9197c70ed7d35aa1a234a0f7f;0b130fd046c7bedbee5d206ab55654d390d27da423ff22e307e0698fbb56ad9c,FY2026 1-bedroom FMR minus 30% of ACS 2024 median annual earnings divided by 12,Positive values indicate the rent standard exceeds 30% of median individual earnings; no work-hour assumption is used.,acs_2024_compared_with_fy2026_fmr
worker_housing_access,monthly_affordability_gap_1br,Monthly gap between 1-bedroom FMR and 30% of median worker earnings,06041,Marin,FY2026,2026-09-30,federal fiscal year,1219.6000000000001,current dollars per month,,CENSUS_ACS5_BULK;HUD_FMR,ACS5-2024-B20002;HUD-FMR-FY2026-revised-effective-2026-05-21,2026-08-08T22:58:45Z,4236f185c48a5751147b8ec107b76b5f01a7a0f9197c70ed7d35aa1a234a0f7f;0b130fd046c7bedbee5d206ab55654d390d27da423ff22e307e0698fbb56ad9c,FY2026 1-bedroom FMR minus 30% of ACS 2024 median annual earnings divided by 12,Positive values indicate the rent standard exceeds 30% of median individual earnings; no work-hour assumption is used.,acs_2024_compared_with_fy2026_fmr
worker_housing_access,monthly_affordability_gap_1br,Monthly gap between 1-bedroom FMR and 30% of median worker earnings,06055,Napa,FY2026,2026-09-30,federal fiscal year,1169.775,current dollars per month,,CENSUS_ACS5_BULK;HUD_FMR,ACS5-2024-B20002;HUD-FMR-FY2026-revised-effective-2026-05-21,2026-08-08T22:58:45Z,4236f185c48a5751147b8ec107b76b5f01a7a0f9197c70ed7d35aa1a234a0f7f;0b130fd046c7bedbee5d206ab55654d390d27da423ff22e307e0698fbb56ad9c,FY2026 1-bedroom FMR minus 30% of ACS 2024 median annual earnings divided by 12,Positive values indicate the rent standard exceeds 30% of median individual earnings; no work-hour assumption is used.,acs_2024_compared_with_fy2026_fmr
worker_housing_access,monthly_affordability_gap_1br,Monthly gap between 1-bedroom FMR and 30% of median worker earnings,06075,San Francisco,FY2026,2026-09-30,federal fiscal year,844.8250000000003,current dollars per month,,CENSUS_ACS5_BULK;HUD_FMR,ACS5-2024-B20002;HUD-FMR-FY2026-revised-effective-2026-05-21,2026-08-08T22:58:45Z,4236f185c48a5751147b8ec107b76b5f01a7a0f9197c70ed7d35aa1a234a0f7f;0b130fd046c7bedbee5d206ab55654d390d27da423ff22e307e0698fbb56ad9c,FY2026 1-bedroom FMR minus 30% of ACS 2024 median annual earnings divided by 12,Positive values indicate the rent standard exceeds 30% of median individual earnings; no work-hour assumption is used.,acs_2024_compared_with_fy2026_fmr
worker_housing_access,monthly_affordability_gap_1br,Monthly gap between 1-bedroom FMR and 30% of median worker earnings,06081,San Mateo,FY2026,2026-09-30,federal fiscal year,1129.5249999999999,current dollars per month,,CENSUS_ACS5_BULK;HUD_FMR,ACS5-2024-B20002;HUD-FMR-FY2026-revised-effective-2026-05-21,2026-08-08T22:58:45Z,4236f185c48a5751147b8ec107b76b5f01a7a0f9197c70ed7d35aa1a234a0f7f;0b130fd046c7bedbee5d206ab55654d390d27da423ff22e307e0698fbb56ad9c,FY2026 1-bedroom FMR minus 30% of ACS 2024 median annual earnings divided by 12,Positive values indicate the rent standard exceeds 30% of median individual earnings; no work-hour assumption is used.,acs_2024_compared_with_fy2026_fmr
worker_housing_access,monthly_affordability_gap_1br,Monthly gap between 1-bedroom FMR and 30% of median worker earnings,06085,Santa Clara,FY2026,2026-09-30,federal fiscal year,1050.0500000000002,current dollars per month,,CENSUS_ACS5_BULK;HUD_FMR,ACS5-2024-B20002;HUD-FMR-FY2026-revised-effective-2026-05-21,2026-08-08T22:58:45Z,4236f185c48a5751147b8ec107b76b5f01a7a0f9197c70ed7d35aa1a234a0f7f;0b130fd046c7bedbee5d206ab55654d390d27da423ff22e307e0698fbb56ad9c,FY2026 1-bedroom FMR minus 30% of ACS 2024 median annual earnings divided by 12,Positive values indicate the rent standard exceeds 30% of median individual earnings; no work-hour assumption is used.,acs_2024_compared_with_fy2026_fmr
worker_housing_access,monthly_affordability_gap_1br,Monthly gap between 1-bedroom FMR and 30% of median worker earnings,06095,Solano,FY2026,2026-09-30,federal fiscal year,425.07500000000005,current dollars per month,,CENSUS_ACS5_BULK;HUD_FMR,ACS5-2024-B20002;HUD-FMR-FY2026-revised-effective-2026-05-21,2026-08-08T22:58:45Z,4236f185c48a5751147b8ec107b76b5f01a7a0f9197c70ed7d35aa1a234a0f7f;0b130fd046c7bedbee5d206ab55654d390d27da423ff22e307e0698fbb56ad9c,FY2026 1-bedroom FMR minus 30% of ACS 2024 median annual earnings divided by 12,Positive values indicate the rent standard exceeds 30% of median individual earnings; no work-hour assumption is used.,acs_2024_compared_with_fy2026_fmr
worker_housing_access,monthly_affordability_gap_1br,Monthly gap between 1-bedroom FMR and 30% of median worker earnings,06097,Sonoma,FY2026,2026-09-30,federal fiscal year,853.45,current dollars per month,,CENSUS_ACS5_BULK;HUD_FMR,ACS5-2024-B20002;HUD-FMR-FY2026-revised-effective-2026-05-21,2026-08-08T22:58:45Z,4236f185c48a5751147b8ec107b76b5f01a7a0f9197c70ed7d35aa1a234a0f7f;0b130fd046c7bedbee5d206ab55654d390d27da423ff22e307e0698fbb56ad9c,FY2026 1-bedroom FMR minus 30% of ACS 2024 median annual earnings divided by 12,Positive values indicate the rent standard exceeds 30% of median individual earnings; no work-hour assumption is used.,acs_2024_compared_with_fy2026_fmr
worker_housing_access,monthly_affordability_gap_2br,Monthly gap between 2-bedroom FMR and 30% of median worker earnings,06001,Alameda,FY2026,2026-09-30,federal fiscal year,1222.9250000000002,current dollars per month,,CENSUS_ACS5_BULK;HUD_FMR,ACS5-2024-B20002;HUD-FMR-FY2026-revised-effective-2026-05-21,2026-08-08T22:58:45Z,4236f185c48a5751147b8ec107b76b5f01a7a0f9197c70ed7d35aa1a234a0f7f;0b130fd046c7bedbee5d206ab55654d390d27da423ff22e307e0698fbb56ad9c,FY2026 2-bedroom FMR minus 30% of ACS 2024 median annual earnings divided by 12,Positive values indicate the rent standard exceeds 30% of median individual earnings; no work-hour assumption is used.,acs_2024_compared_with_fy2026_fmr
worker_housing_access,monthly_affordability_gap_2br,Monthly gap between 2-bedroom FMR and 30% of median worker earnings,06013,Contra Costa,FY2026,2026-09-30,federal fiscal year,1361.5249999999999,current dollars per month,,CENSUS_ACS5_BULK;HUD_FMR,ACS5-2024-B20002;HUD-FMR-FY2026-revised-effective-2026-05-21,2026-08-08T22:58:45Z,4236f185c48a5751147b8ec107b76b5f01a7a0f9197c70ed7d35aa1a234a0f7f;0b130fd046c7bedbee5d206ab55654d390d27da423ff22e307e0698fbb56ad9c,FY2026 2-bedroom FMR minus 30% of ACS 2024 median annual earnings divided by 12,Positive values indicate the rent standard exceeds 30% of median individual earnings; no work-hour assumption is used.,acs_2024_compared_with_fy2026_fmr
worker_housing_access,monthly_affordability_gap_2br,Monthly gap between 2-bedroom FMR and 30% of median worker earnings,06041,Marin,FY2026,2026-09-30,federal fiscal year,1846.6000000000001,current dollars per month,,CENSUS_ACS5_BULK;HUD_FMR,ACS5-2024-B20002;HUD-FMR-FY2026-revised-effective-2026-05-21,2026-08-08T22:58:45Z,4236f185c48a5751147b8ec107b76b5f01a7a0f9197c70ed7d35aa1a234a0f7f;0b130fd046c7bedbee5d206ab55654d390d27da423ff22e307e0698fbb56ad9c,FY2026 2-bedroom FMR minus 30% of ACS 2024 median annual earnings divided by 12,Positive values indicate the rent standard exceeds 30% of median individual earnings; no work-hour assumption is used.,acs_2024_compared_with_fy2026_fmr
worker_housing_access,monthly_affordability_gap_2br,Monthly gap between 2-bedroom FMR and 30% of median worker earnings,06055,Napa,FY2026,2026-09-30,federal fiscal year,1958.775,current dollars per month,,CENSUS_ACS5_BULK;HUD_FMR,ACS5-2024-B20002;HUD-FMR-FY2026-revised-effective-2026-05-21,2026-08-08T22:58:45Z,4236f185c48a5751147b8ec107b76b5f01a7a0f9197c70ed7d35aa1a234a0f7f;0b130fd046c7bedbee5d206ab55654d390d27da423ff22e307e0698fbb56ad9c,FY2026 2-bedroom FMR minus 30% of ACS 2024 median annual earnings divided by 12,Positive values indicate the rent standard exceeds 30% of median individual earnings; no work-hour assumption is used.,acs_2024_compared_with_fy2026_fmr
worker_housing_access,monthly_affordability_gap_2br,Monthly gap between 2-bedroom FMR and 30% of median worker earnings,06075,San Francisco,FY2026,2026-09-30,federal fiscal year,1471.8250000000003,current dollars per month,,CENSUS_ACS5_BULK;HUD_FMR,ACS5-2024-B20002;HUD-FMR-FY2026-revised-effective-2026-05-21,2026-08-08T22:58:45Z,4236f185c48a5751147b8ec107b76b5f01a7a0f9197c70ed7d35aa1a234a0f7f;0b130fd046c7bedbee5d206ab55654d390d27da423ff22e307e0698fbb56ad9c,FY2026 2-bedroom FMR minus 30% of ACS 2024 median annual earnings divided by 12,Positive values indicate the rent standard exceeds 30% of median individual earnings; no work-hour assumption is used.,acs_2024_compared_with_fy2026_fmr
worker_housing_access,monthly_affordability_gap_2br,Monthly gap between 2-bedroom FMR and 30% of median worker earnings,06081,San Mateo,FY2026,2026-09-30,federal fiscal year,1756.5249999999999,current dollars per month,,CENSUS_ACS5_BULK;HUD_FMR,ACS5-2024-B20002;HUD-FMR-FY2026-revised-effective-2026-05-21,2026-08-08T22:58:45Z,4236f185c48a5751147b8ec107b76b5f01a7a0f9197c70ed7d35aa1a234a0f7f;0b130fd046c7bedbee5d206ab55654d390d27da423ff22e307e0698fbb56ad9c,FY2026 2-bedroom FMR minus 30% of ACS 2024 median annual earnings divided by 12,Positive values indicate the rent standard exceeds 30% of median individual earnings; no work-hour assumption is used.,acs_2024_compared_with_fy2026_fmr
worker_housing_access,monthly_affordability_gap_2br,Monthly gap between 2-bedroom FMR and 30% of median worker earnings,06085,Santa Clara,FY2026,2026-09-30,federal fiscal year,1551.0500000000002,current dollars per month,,CENSUS_ACS5_BULK;HUD_FMR,ACS5-2024-B20002;HUD-FMR-FY2026-revised-effective-2026-05-21,2026-08-08T22:58:45Z,4236f185c48a5751147b8ec107b76b5f01a7a0f9197c70ed7d35aa1a234a0f7f;0b130fd046c7bedbee5d206ab55654d390d27da423ff22e307e0698fbb56ad9c,FY2026 2-bedroom FMR minus 30% of ACS 2024 median annual earnings divided by 12,Positive values indicate the rent standard exceeds 30% of median individual earnings; no work-hour assumption is used.,acs_2024_compared_with_fy2026_fmr
worker_housing_access,monthly_affordability_gap_2br,Monthly gap between 2-bedroom FMR and 30% of median worker earnings,06095,Solano,FY2026,2026-09-30,federal fiscal year,898.075,current dollars per month,,CENSUS_ACS5_BULK;HUD_FMR,ACS5-2024-B20002;HUD-FMR-FY2026-revised-effective-2026-05-21,2026-08-08T22:58:45Z,4236f185c48a5751147b8ec107b76b5f01a7a0f9197c70ed7d35aa1a234a0f7f;0b130fd046c7bedbee5d206ab55654d390d27da423ff22e307e0698fbb56ad9c,FY2026 2-bedroom FMR minus 30% of ACS 2024 median annual earnings divided by 12,Positive values indicate the rent standard exceeds 30% of median individual earnings; no work-hour assumption is used.,acs_2024_compared_with_fy2026_fmr
worker_housing_access,monthly_affordability_gap_2br,Monthly gap between 2-bedroom FMR and 30% of median worker earnings,06097,Sonoma,FY2026,2026-09-30,federal fiscal year,1525.45,current dollars per month,,CENSUS_ACS5_BULK;HUD_FMR,ACS5-2024-B20002;HUD-FMR-FY2026-revised-effective-2026-05-21,2026-08-08T22:58:45Z,4236f185c48a5751147b8ec107b76b5f01a7a0f9197c70ed7d35aa1a234a0f7f;0b130fd046c7bedbee5d206ab55654d390d27da423ff22e307e0698fbb56ad9c,FY2026 2-bedroom FMR minus 30% of ACS 2024 median annual earnings divided by 12,Positive values indicate the rent standard exceeds 30% of median individual earnings; no work-hour assumption is used.,acs_2024_compared_with_fy2026_fmr
